INFO:__main__:Starting Jewish businesses database scrape for pages 401-1013...
INFO:__main__:Total pages to scrape: 613
INFO:__main__:This is the FINAL BATCH to complete the entire database extraction!
INFO:__main__:Using cached content for https://www2.hu-berlin.de/djgb/public/en/find?q=&fq=&sort=unternehmenasc&page=401
INFO:__main__:Extracted: Hansa-Apotheke Dr. Siegmund Danziger ()
INFO:__main__:Using cached content for https://www2.hu-berlin.de/djgb/public/en/find?q=&fq=&sort=unternehmenasc&page=402
INFO:__main__:Using cached content for https://www2.hu-berlin.de/djgb/public/en/find?q=&fq=&sort=unternehmenasc&page=403
INFO:__main__:Extracted: Hansa-Mützenfabrikation Julius Fabian ()
INFO:__main__:Extracted: Harf & Co (trade)
INFO:__main__:Extracted: Harry Goldberg (trade)
INFO:__main__:Extracted: Hansen Bang ()
INFO:__main__:Extracted: Harik & Co GmbH ()
INFO:__main__:Extracted: Harry Goldschmidt (trade)
INFO:__main__:Extracted: Hansjacob Bornstein ()
INFO:__main__:Extracted: Harke & Leiser GmbH ()
INFO:__main__:Extracted: Harry Jeidels ()
INFO:__main__:Extracted: Hapran Handelsgesellschaft praktischer Neuheiten mbH ()
INFO:__main__:Extracted: Harris Herrenausstattungs-GmbH ()
INFO:__main__:Extracted: Harry Lewy ()
INFO:__main__:Extracted: Harat Export GmbH ()
INFO:__main__:Extracted: Harry Bermann & Co Röhrenhandlung (trade)
INFO:__main__:Extracted: Harry Lindenstädt (trade)
INFO:__main__:Extracted: Hardenberg-Apotheke Martin Hermel Oberstabsapotheker a. D. ()
INFO:__main__:Extracted: Harry Breitbarth Zweigniederlassung Berlin ()
INFO:__main__:Extracted: Harry Loschinski ()
INFO:__main__:Extracted: Hardy & Co GmbH (trade)
INFO:__main__:Extracted: Harry Cohn ()
INFO:__main__:Extracted: Harry Maaß (trade)
INFO:__main__:Extracted: Hardy & Co Zweigniederlassung Berlin ()
INFO:__main__:Extracted: Harry Danziger (trade)
INFO:__main__:Extracted: Harry Oschinsky ()
INFO:__main__:Extracted: Hardy Hypotheken-Treuhand GmbH ()
INFO:__main__:Extracted: Harry Ehrlich Werkzeugmaschinen- u. Eisenhandel ()
INFO:__main__:Extracted: Harry Fabian Vermittlung von Geschäfsverkäufen, Grundstücken, Hypothekenkrediten ()
INFO:__main__:Extracted: Harry Pessen ()
INFO:__main__:Extracted 10 businesses from https://www2.hu-berlin.de/djgb/public/en/find?q=&fq=&sort=unternehmenasc&page=402
INFO:__main__:Extracted 10 businesses from https://www2.hu-berlin.de/djgb/public/en/find?q=&fq=&sort=unternehmenasc&page=401
INFO:__main__:Extracted: Harry Walter ()
INFO:__main__:Completed https://www2.hu-berlin.de/djgb/public/en/find?q=&fq=&sort=unternehmenasc&page=402: 10 businesses
INFO:__main__:Extracted 10 businesses from https://www2.hu-berlin.de/djgb/public/en/find?q=&fq=&sort=unternehmenasc&page=403
INFO:__main__:Using cached content for https://www2.hu-berlin.de/djgb/public/en/find?q=&fq=&sort=unternehmenasc&page=405
INFO:__main__:Using cached content for https://www2.hu-berlin.de/djgb/public/en/find?q=&fq=&sort=unternehmenasc&page=406
INFO:__main__:Extracted: Haus an der Bayerischenstraße GmbH (services)
INFO:__main__:Extracted: Hecht, Pfeiffer & Co GmbH ()
INFO:__main__:Using cached content for https://www2.hu-berlin.de/djgb/public/en/find?q=&fq=&sort=unternehmenasc&page=404
INFO:__main__:Extracted: Haus und Land Grundstücks-AG (services)
INFO:__main__:Extracted: Hedwig Baerwald ()
INFO:__main__:Extracted: Hartmann & Co (trade)
INFO:__main__:Extracted: Hauser & Rubinstein (trade)
INFO:__main__:Extracted: Hedwig Gruenbaum ()
INFO:__main__:Extracted: Hartmann & Klempner ()
INFO:__main__:Extracted: Hausverwertungsgesellschaft Pragereck mbH (trade)
INFO:__main__:Extracted: Hedwig Heymann (trade)
INFO:__main__:Extracted: Hartmann & Klempner GmbH (industry)
INFO:__main__:Extracted: Havelländische Grundstücksverwertungsgesellschaft mbH (trade)
INFO:__main__:Extracted: Hedwig Jaißle ()
INFO:__main__:Extracted: Hartog & Co ()
INFO:__main__:Extracted: Haw-Propellerbau GmbH (industry)
INFO:__main__:Extracted: Hedwig Koh ()
INFO:__main__:Extracted: Hartog Frank & Co GmbH (trade)
INFO:__main__:Extracted: Hch. Heilbronn (trade)
INFO:__main__:Extracted: Hedwig Oelsner ()
INFO:__main__:Extracted: Hartung, AG Berliner Eisengießerei und Gußstahlfabrik ()
INFO:__main__:Extracted: Hebräischer Verlag Menorah GmbH (industry)
INFO:__main__:Extracted: Hedwig Wyngaard ()
INFO:__main__:Extracted: Haschi-Fabrik Hans Schindler (industry)
INFO:__main__:Extracted: Hecht & Noher ()
INFO:__main__:Extracted: Hedyra Neuheiten Herstellungs- und Vetriebs-GmbH (industry)
INFO:__main__:Extracted: Hauer, Würzburger & Co KGaA (trade)
INFO:__main__:Extracted: Hecht & Reiwith ()
INFO:__main__:Extracted: Heilborn, Richard ()
INFO:__main__:Extracted: Haus Europa Drogerien- und Parfümerienbedarfsgesellschaft mbH (trade)
INFO:__main__:Extracted 10 businesses from https://www2.hu-berlin.de/djgb/public/en/find?q=&fq=&sort=unternehmenasc&page=405
INFO:__main__:Extracted 10 businesses from https://www2.hu-berlin.de/djgb/public/en/find?q=&fq=&sort=unternehmenasc&page=406
INFO:__main__:Extracted: Haus Preußenpark Grundstücksgesellschaft GmbH (trade)
INFO:__main__:Extracted 10 businesses from https://www2.hu-berlin.de/djgb/public/en/find?q=&fq=&sort=unternehmenasc&page=404
INFO:__main__:Using cached content for https://www2.hu-berlin.de/djgb/public/en/find?q=&fq=&sort=unternehmenasc&page=408
INFO:__main__:Using cached content for https://www2.hu-berlin.de/djgb/public/en/find?q=&fq=&sort=unternehmenasc&page=407
INFO:__main__:Using cached content for https://www2.hu-berlin.de/djgb/public/en/find?q=&fq=&sort=unternehmenasc&page=409
INFO:__main__:Extracted: Hein, Wilde & Co (trade)
INFO:__main__:Extracted: Heilbronner & Schreiber GmbH ()
INFO:__main__:Extracted: Heinco Herren-Ausstattungs-Magazin Heinrich Cohn (trade)
INFO:__main__:Extracted: Heinrich Badt ()
INFO:__main__:Extracted: Heilbrunn, Werner und Helmuth Tischauer ()
INFO:__main__:Extracted: Heinemann & Co ()
INFO:__main__:Extracted: Heinrich Baer (services)
INFO:__main__:Extracted: Heimann Falk (trade)
INFO:__main__:Extracted: Heinisch & Co (trade)
INFO:__main__:Extracted: Heinrich Beermann & Co (trade)
INFO:__main__:Extracted: Heimann Jacobowski ()
INFO:__main__:Extracted: Heinitz & Seckelson ()
INFO:__main__:Extracted: Heinrich Bickel & Co (industry)
INFO:__main__:Extracted: Heimann Kallmann ()
INFO:__main__:Extracted: Heinr. Eisler Annoncen-Expeditions-AG, Zweigniederlassung Berlin ()
INFO:__main__:Extracted: Heinrich Bielschowsky ()
INFO:__main__:Extracted: Heimann Podolski (trade)
INFO:__main__:Extracted: Heinrich & Kirstein ()
INFO:__main__:Extracted: Heinrich Blumenthal (trade)
INFO:__main__:Extracted: Heimann, Fritz ()
INFO:__main__:Extracted: Heinrich Abrahamsohn Kunstverlag (handicraft)
INFO:__main__:Extracted: Heinrich Brieger (trade)
INFO:__main__:Extracted: Heimbau- und Wirtschafts-GmbH ()
INFO:__main__:Extracted: Heinrich Adler (trade)
INFO:__main__:Extracted: Heinrich Buchholz & Co (trade)
INFO:__main__:Extracted: Hein & Co GmbH ()
INFO:__main__:Extracted: Heinrich Apisdorf ()
INFO:__main__:Extracted: Heinrich Bukofzer ()
INFO:__main__:Extracted: Hein & Kreisle GmbH ()
INFO:__main__:Extracted 10 businesses from https://www2.hu-berlin.de/djgb/public/en/find?q=&fq=&sort=unternehmenasc&page=408
INFO:__main__:Extracted: Heinrich Busse ()
INFO:__main__:Extracted 10 businesses from https://www2.hu-berlin.de/djgb/public/en/find?q=&fq=&sort=unternehmenasc&page=407
INFO:__main__:Extracted 10 businesses from https://www2.hu-berlin.de/djgb/public/en/find?q=&fq=&sort=unternehmenasc&page=409
INFO:__main__:Using cached content for https://www2.hu-berlin.de/djgb/public/en/find?q=&fq=&sort=unternehmenasc&page=410
INFO:__main__:Using cached content for https://www2.hu-berlin.de/djgb/public/en/find?q=&fq=&sort=unternehmenasc&page=412
INFO:__main__:Extracted: Heinrich Jolles & Co (trade)
INFO:__main__:Extracted: Heinrich Kamm ()
INFO:__main__:Using cached content for https://www2.hu-berlin.de/djgb/public/en/find?q=&fq=&sort=unternehmenasc&page=411
INFO:__main__:Extracted: Heinrich Katz (trade)
INFO:__main__:Extracted: Heinrich Katz Fabrikvertretungen (trade)
INFO:__main__:Extracted: Heinrich Gartenberg (trade)
INFO:__main__:Extracted: Heinrich Genuit sen. ()
INFO:__main__:Extracted: Heinrich Graetzer (trade)
INFO:__main__:Extracted: Heinrich Knap (trade)
INFO:__main__:Extracted: Heinrich Knoller ()
INFO:__main__:Extracted: Heinrich Koeppler (trade)
INFO:__main__:Extracted: Heinrich Kohl ()
INFO:__main__:Extracted: Heinrich Kopplowitz ()
INFO:__main__:Extracted: Heinrich Dembitzer's Möbelniederlage (trade)
INFO:__main__:Extracted: Heinrich Kornicker ()
INFO:__main__:Extracted: Heinrich Dreyfuss (trade)
INFO:__main__:Extracted: Heinrich E. Simon ()
INFO:__main__:Extracted: Heinrich Grunwald ()
INFO:__main__:Extracted: Heinrich Haas & Co (trade)
INFO:__main__:Extracted: Heinrich Elias & Co (industry)
INFO:__main__:Extracted: Heinrich Hanauer ()
INFO:__main__:Extracted 10 businesses from https://www2.hu-berlin.de/djgb/public/en/find?q=&fq=&sort=unternehmenasc&page=412
INFO:__main__:Extracted: Heinrich Ernsthaft (trade)
INFO:__main__:Extracted: Heinrich Herz GmbH (trade)
INFO:__main__:Extracted: Heinrich Hirschfeld KG (trade)
INFO:__main__:Extracted: Heinrich Ferster ()
INFO:__main__:Extracted: Heinrich Hoffmann jr. ()
INFO:__main__:Using cached content for https://www2.hu-berlin.de/djgb/public/en/find?q=&fq=&sort=unternehmenasc&page=413
INFO:__main__:Extracted: Heinrich Finkelstein (trade)
INFO:__main__:Extracted: Heinrich J. Storckmann GmbH ()
INFO:__main__:Extracted: Heinrich Fleckmann ()
INFO:__main__:Extracted: Heinrich Koschminski, Apotheker, Drogen u. Chemikalien (trade)
INFO:__main__:Extracted 10 businesses from https://www2.hu-berlin.de/djgb/public/en/find?q=&fq=&sort=unternehmenasc&page=411
INFO:__main__:Extracted: Heinrich Flink ()
INFO:__main__:Extracted: Heinrich Laufer (trade)
INFO:__main__:Extracted: Heinrich Färber & Sohn ()
INFO:__main__:Extracted: Heinrich Lewinski (trade)
INFO:__main__:Extracted 10 businesses from https://www2.hu-berlin.de/djgb/public/en/find?q=&fq=&sort=unternehmenasc&page=410
INFO:__main__:Extracted: Heinrich Loewenheim ()
INFO:__main__:Extracted: Heinrich Mendelssohn (trade)
INFO:__main__:Extracted: Heinrich Meyer ()
INFO:__main__:Extracted: Heinrich Michaelis Apotheker (trade)
INFO:__main__:Using cached content for https://www2.hu-berlin.de/djgb/public/en/find?q=&fq=&sort=unternehmenasc&page=414
INFO:__main__:Extracted: Heinrich Nager (trade)
INFO:__main__:Using cached content for https://www2.hu-berlin.de/djgb/public/en/find?q=&fq=&sort=unternehmenasc&page=415
INFO:__main__:Extracted: Heinrich Perl ()
INFO:__main__:Extracted: Heinrich Opitz (trade)
INFO:__main__:Extracted: Heinrich Simmenauer (trade)
INFO:__main__:Extracted: Heinrich Reizenstein ()
INFO:__main__:Extracted: Heinrich Ries (trade)
INFO:__main__:Extracted: Heinrich Peiser Likörfabrik ()
INFO:__main__:Extracted: Heinrich Rosenberg ()
INFO:__main__:Extracted 10 businesses from https://www2.hu-berlin.de/djgb/public/en/find?q=&fq=&sort=unternehmenasc&page=413
INFO:__main__:Extracted: Heinrich Spanier (trade)
INFO:__main__:Extracted: Heinrich Rosenthal (trade)
INFO:__main__:Extracted: Heinrich Spritzer (trade)
INFO:__main__:Extracted: Heinrich Scharf ()
INFO:__main__:Extracted: Heinrich Steinbrecher Tabakwaren-Großhandlung ()
INFO:__main__:Extracted: Heinrich Schlanger (industry)
INFO:__main__:Extracted: Heinrich Steiner ()
INFO:__main__:Extracted: Heinrich Schneidemühl GmbH (trade)
INFO:__main__:Using cached content for https://www2.hu-berlin.de/djgb/public/en/find?q=&fq=&sort=unternehmenasc&page=416
INFO:__main__:Extracted: Heinrich Stenger ()
INFO:__main__:Extracted: Heinrich Seiden (trade)
INFO:__main__:Extracted: Heinrich Stenger & Co (trade)
INFO:__main__:Extracted: Heinrich Wollenberg ()
INFO:__main__:Extracted: Heinrich Seidenberg ()
INFO:__main__:Extracted: Heinrich Süßmann (trade)
INFO:__main__:Extracted: Heinrich Zander (industry)
INFO:__main__:Extracted 10 businesses from https://www2.hu-berlin.de/djgb/public/en/find?q=&fq=&sort=unternehmenasc&page=414
INFO:__main__:Extracted: Heinrich Wolf (trade)
INFO:__main__:Extracted: Heinrich Zeida ()
INFO:__main__:Extracted: Heinrich Wolff, in Firma Leopold Wolff ()
INFO:__main__:Extracted: Heinz Adam ()
INFO:__main__:Extracted 10 businesses from https://www2.hu-berlin.de/djgb/public/en/find?q=&fq=&sort=unternehmenasc&page=415
INFO:__main__:Extracted: Heinz Arzt ()
INFO:__main__:Extracted: Heinz Gayer ()
INFO:__main__:Extracted: Heinz Glückauf & Co ()
INFO:__main__:Extracted: Heinz H. Neumann ()
INFO:__main__:Extracted: Heinz Kirstein ()
INFO:__main__:Extracted: Heinz Lilienthal (trade)
INFO:__main__:Extracted 10 businesses from https://www2.hu-berlin.de/djgb/public/en/find?q=&fq=&sort=unternehmenasc&page=416
INFO:__main__:Using cached content for https://www2.hu-berlin.de/djgb/public/en/find?q=&fq=&sort=unternehmenasc&page=417
INFO:__main__:Extracted: Heinz Lindenberg (trade)
INFO:__main__:Using cached content for https://www2.hu-berlin.de/djgb/public/en/find?q=&fq=&sort=unternehmenasc&page=419
INFO:__main__:Extracted: Heinz Machol, Civ.-Ing., Gutachter ()
INFO:__main__:Extracted: Hellmuth Koeppe Nachf. Adressenverlag ()
INFO:__main__:Extracted: Heinz Nathanson ()
INFO:__main__:Using cached content for https://www2.hu-berlin.de/djgb/public/en/find?q=&fq=&sort=unternehmenasc&page=418
INFO:__main__:Extracted: Hellthaler & Stegel (industry)
INFO:__main__:Extracted: Heinz Propper ()
INFO:__main__:Extracted: Hektor-Drogerie ()
INFO:__main__:Extracted: Helmuth Bernhard Automobilmaterial engros ()
INFO:__main__:Extracted: Heinz Salomon (trade)
INFO:__main__:Extracted: Helena Grundstückserwerbsgesellschaft mbH (trade)
INFO:__main__:Extracted: Helmuth Meyer Speditions- u. Assekuranzbüro (services)
INFO:__main__:Extracted: Heinz Salomon Bekleidungsgesellschaft mbH ()
INFO:__main__:Extracted: Helene Krokowski ()
INFO:__main__:Extracted: Helphand ()
INFO:__main__:Extracted: Heinz Schwabe, Elektro-Radio-Großhandlung ()
INFO:__main__:Extracted: Helene Lederer ()
INFO:__main__:Extracted: Helro ()
INFO:__main__:Extracted: Heinz Stern & Co ()
INFO:__main__:Extracted: Helfer & Kahn (trade)
INFO:__main__:Extracted: Hemden-Held GmbH ()
INFO:__main__:Extracted: Heißmangel-Meyer ()
INFO:__main__:Extracted: Helfft & Friedländer ()
INFO:__main__:Extracted: Hemdenmatz GmbH (industry)
INFO:__main__:Extracted: Hektor Grundstücksgesellschaft mbH (trade)
INFO:__main__:Extracted: Helga Mayer-Landauer ()
INFO:__main__:Extracted: Hemdenpracht ()
INFO:__main__:Extracted 10 businesses from https://www2.hu-berlin.de/djgb/public/en/find?q=&fq=&sort=unternehmenasc&page=417
INFO:__main__:Extracted: Hella Krebs (trade)
INFO:__main__:Extracted: Hendlisch & Cie ()
INFO:__main__:Extracted: Heller & Steinhagen ()
INFO:__main__:Extracted 10 businesses from https://www2.hu-berlin.de/djgb/public/en/find?q=&fq=&sort=unternehmenasc&page=419
INFO:__main__:Extracted: Hellmuth Anders ()
INFO:__main__:Extracted 10 businesses from https://www2.hu-berlin.de/djgb/public/en/find?q=&fq=&sort=unternehmenasc&page=418
INFO:__main__:Using cached content for https://www2.hu-berlin.de/djgb/public/en/find?q=&fq=&sort=unternehmenasc&page=420
INFO:__main__:Extracted: Henni Bloch ()
INFO:__main__:Extracted: Henri Hoyer GmbH ()
INFO:__main__:Extracted: Henriette Frischer ()
INFO:__main__:Extracted: Henriette Jacobi (industry)
INFO:__main__:Extracted: Henriette Levy Strick- und Nähmaschinen ()
INFO:__main__:Extracted: Henry Brody, Vertreter auswärtiger Häuser (trade)
INFO:__main__:Using cached content for https://www2.hu-berlin.de/djgb/public/en/find?q=&fq=&sort=unternehmenasc&page=421
INFO:__main__:Extracted: Henry Dresel & Co GmbH (trade)
INFO:__main__:Using cached content for https://www2.hu-berlin.de/djgb/public/en/find?q=&fq=&sort=unternehmenasc&page=422
INFO:__main__:Extracted: Henry Wittkower (trade)
INFO:__main__:Extracted: Henry Ehrenberg & Co (trade)
INFO:__main__:Extracted: Herbert Gottlieb ()
INFO:__main__:Extracted: Hentschke, Buchholz & Co ()
INFO:__main__:Extracted: Henry Michaelis (trade)
INFO:__main__:Extracted: Herbert Hamel ()
INFO:__main__:Extracted: Hera Textil Herbert Altmann ()
INFO:__main__:Extracted: Henry Pels & Cie (trade)
INFO:__main__:Extracted: Herbert Hauer Fabrikation von Gummimänteln ()
INFO:__main__:Extracted: Heraklit Grundstücksverwertungs-AG (trade)
INFO:__main__:Extracted 10 businesses from https://www2.hu-berlin.de/djgb/public/en/find?q=&fq=&sort=unternehmenasc&page=420
INFO:__main__:Extracted: Herbert J. Heilbronner ()
INFO:__main__:Extracted: Herbert & Georg Elias ()
INFO:__main__:Extracted: Herbert Jonassohn ()
INFO:__main__:Extracted: Herbert Altmann ()
INFO:__main__:Extracted: Herbert Katz & Jacob Katz ()
INFO:__main__:Extracted: Herbert Benatt (trade)
INFO:__main__:Extracted: Herbert Labandter ()
INFO:__main__:Extracted: Herbert Berendt ()
INFO:__main__:Using cached content for https://www2.hu-berlin.de/djgb/public/en/find?q=&fq=&sort=unternehmenasc&page=423
INFO:__main__:Extracted: Herbert Lehmann & Co ()
INFO:__main__:Extracted: Herbert Bergmann (industry)
INFO:__main__:Extracted: Herbert Liebenthal ()
INFO:__main__:Extracted: Herbert Levy (trade)
INFO:__main__:Extracted: Herbert Eppenstein ()
INFO:__main__:Extracted: Herbert Michel (trade)
INFO:__main__:Extracted: Herbert Levy ()
INFO:__main__:Extracted 10 businesses from https://www2.hu-berlin.de/djgb/public/en/find?q=&fq=&sort=unternehmenasc&page=421
INFO:__main__:Extracted: Herbert Nachemstein ()
INFO:__main__:Extracted 10 businesses from https://www2.hu-berlin.de/djgb/public/en/find?q=&fq=&sort=unternehmenasc&page=422
INFO:__main__:Extracted: Herbert Peiser ()
INFO:__main__:Extracted: Herbert Putter ()
INFO:__main__:Extracted: Herbert Ragowski ( Rogowski) ()
INFO:__main__:Extracted: Herbert Riffa ()
INFO:__main__:Extracted: Herbert Rosenau ()
INFO:__main__:Extracted: Herbert Samuel (trade)
INFO:__main__:Extracted: Herbert Scheerer ()
INFO:__main__:Extracted 10 businesses from https://www2.hu-berlin.de/djgb/public/en/find?q=&fq=&sort=unternehmenasc&page=423
INFO:__main__:Using cached content for https://www2.hu-berlin.de/djgb/public/en/find?q=&fq=&sort=unternehmenasc&page=425
INFO:__main__:Extracted: Hermann Anhang, Autobedarfs-Großhandlung ()
INFO:__main__:Using cached content for https://www2.hu-berlin.de/djgb/public/en/find?q=&fq=&sort=unternehmenasc&page=424
INFO:__main__:Using cached content for https://www2.hu-berlin.de/djgb/public/en/find?q=&fq=&sort=unternehmenasc&page=426
INFO:__main__:Extracted: Hermann Arnsdorff GmbH ()
INFO:__main__:Extracted: Herbert Staudemeyer ()
INFO:__main__:Extracted: Hermann Bloch (trade)
INFO:__main__:Extracted: Hermann Baer (trade)
INFO:__main__:Extracted: Herbert Tyrasch (trade)
INFO:__main__:Extracted: Hermann Blum (trade)
INFO:__main__:Extracted: Hermann Barkowsky ()
INFO:__main__:Extracted: Herer & Co (trade)
INFO:__main__:Extracted: Hermann Bodenheimer (trade)
INFO:__main__:Extracted: Hermann Baß ()
INFO:__main__:Extracted: Herm. Winsberg (trade)
INFO:__main__:Extracted: Hermann Brandes & Co (trade)
INFO:__main__:Extracted: Hermann Bernsohn (trade)
INFO:__main__:Extracted: Hermann  Illmann ()
INFO:__main__:Extracted: Hermann Braun (industry)
INFO:__main__:Extracted: Hermann Bettauer (trade)
INFO:__main__:Extracted: Hermann & Kuttner ()
INFO:__main__:Extracted: Hermann Brender ()
INFO:__main__:Extracted: Hermann Bibo ()
INFO:__main__:Extracted: Hermann Adam Damenconfection (trade)
INFO:__main__:Extracted: Hermann Bursch (trade)
INFO:__main__:Extracted: Hermann Bierer ()
INFO:__main__:Extracted: Hermann Adler ()
INFO:__main__:Extracted: Hermann Cohn (trade)
INFO:__main__:Extracted: Hermann Bleiberg ()
INFO:__main__:Extracted: Hermann Alexander Jacoby (trade)
INFO:__main__:Extracted: Hermann Cohn sr. (trade)
INFO:__main__:Extracted 10 businesses from https://www2.hu-berlin.de/djgb/public/en/find?q=&fq=&sort=unternehmenasc&page=425
INFO:__main__:Extracted: Hermann Anders (trade)
INFO:__main__:Extracted: Hermann Czollek (trade)
INFO:__main__:Extracted 10 businesses from https://www2.hu-berlin.de/djgb/public/en/find?q=&fq=&sort=unternehmenasc&page=424
INFO:__main__:Extracted 10 businesses from https://www2.hu-berlin.de/djgb/public/en/find?q=&fq=&sort=unternehmenasc&page=426
INFO:__main__:Using cached content for https://www2.hu-berlin.de/djgb/public/en/find?q=&fq=&sort=unternehmenasc&page=428
INFO:__main__:Extracted: Hermann Feibusch (trade)
INFO:__main__:Extracted: Hermann Felbel ()
INFO:__main__:Extracted: Hermann Frank ()
INFO:__main__:Extracted: Hermann Friedlaender Kinder-Confection (trade)
INFO:__main__:Extracted: Hermann Friedländer sen. (industry)
INFO:__main__:Extracted: Hermann Friedmann (trade)
INFO:__main__:Extracted: Hermann Fränkel & Co (trade)
INFO:__main__:Extracted: Hermann Gabriel (trade)
INFO:__main__:Extracted: Hermann Garz ()
INFO:__main__:Extracted: Hermann Gerber ()
INFO:__main__:Extracted 10 businesses from https://www2.hu-berlin.de/djgb/public/en/find?q=&fq=&sort=unternehmenasc&page=428
INFO:__main__:Using cached content for https://www2.hu-berlin.de/djgb/public/en/find?q=&fq=&sort=unternehmenasc&page=427
INFO:__main__:Using cached content for https://www2.hu-berlin.de/djgb/public/en/find?q=&fq=&sort=unternehmenasc&page=429
INFO:__main__:Extracted: Hermann Dobrin (trade)
INFO:__main__:Extracted: Hermann Gerber & Co (handicraft)
INFO:__main__:Extracted: Hermann Doht ()
INFO:__main__:Extracted: Hermann Gerson (trade)
INFO:__main__:Using cached content for https://www2.hu-berlin.de/djgb/public/en/find?q=&fq=&sort=unternehmenasc&page=430
INFO:__main__:Extracted: Hermann Edelmann Chemische Erzeugnisse ()
INFO:__main__:Extracted: Hermann Gewerz ()
INFO:__main__:Extracted: Hermann Goldschmidt (trade)
INFO:__main__:Extracted: Hermann Eichhorn Nachf. ()
INFO:__main__:Extracted: Hermann Glaser ()
INFO:__main__:Extracted: Hermann Goldschmidt Textil ()
INFO:__main__:Extracted: Hermann Einhorn (trade)
INFO:__main__:Extracted: Hermann Glass ()
INFO:__main__:Extracted: Hermann Gornick Nachf. (trade)
INFO:__main__:Extracted: Hermann Eisenberg ()
INFO:__main__:Extracted: Hermann Goldberg (trade)
INFO:__main__:Extracted: Hermann Großmann ()
INFO:__main__:Extracted: Hermann Eisner Moderne Herren-Bekleidung für Beamte u. Angestellte (trade)
INFO:__main__:Extracted: Hermann Goldberg & Co ()
INFO:__main__:Extracted: Hermann Gutfreund ()
INFO:__main__:Extracted: Hermann Elkan ()
INFO:__main__:Extracted: Hermann Goldberg & Co GmbH (trade)
INFO:__main__:Extracted: Hermann Gutmann (trade)
INFO:__main__:Extracted: Hermann Elkeles Getreide-Futtermittel GmbH (trade)
INFO:__main__:Extracted: Hermann Goldkraut (trade)
INFO:__main__:Extracted: Hermann H. Nagel ()
INFO:__main__:Extracted: Hermann Engel ()
INFO:__main__:Extracted: Hermann Goldmann Agentur für Bekleidungsstoffe ()
INFO:__main__:Extracted: Hermann H. Schwarz (trade)
INFO:__main__:Extracted 10 businesses from https://www2.hu-berlin.de/djgb/public/en/find?q=&fq=&sort=unternehmenasc&page=427
INFO:__main__:Extracted 10 businesses from https://www2.hu-berlin.de/djgb/public/en/find?q=&fq=&sort=unternehmenasc&page=429
INFO:__main__:Extracted: Hermann Heimann (trade)
INFO:__main__:Extracted: Hermann Heumann ()
INFO:__main__:Extracted 10 businesses from https://www2.hu-berlin.de/djgb/public/en/find?q=&fq=&sort=unternehmenasc&page=430
INFO:__main__:Using cached content for https://www2.hu-berlin.de/djgb/public/en/find?q=&fq=&sort=unternehmenasc&page=431
INFO:__main__:Extracted: Hermann Heymann (trade)
INFO:__main__:Extracted: Hermann Heymann, Confektionsstoffe (trade)
INFO:__main__:Extracted: Hermann Hiller ()
INFO:__main__:Extracted: Hermann Hirsch Nachf. (trade)
INFO:__main__:Extracted: Hermann Hirschfeld (trade)
INFO:__main__:Using cached content for https://www2.hu-berlin.de/djgb/public/en/find?q=&fq=&sort=unternehmenasc&page=432
INFO:__main__:Extracted: Hermann Holzer ()
INFO:__main__:Extracted: Hermann Joel (trade)
INFO:__main__:Extracted: Hermann Ikenberg Band, Seiden, Sammt engros u. detail ()
INFO:__main__:Using cached content for https://www2.hu-berlin.de/djgb/public/en/find?q=&fq=&sort=unternehmenasc&page=433
INFO:__main__:Extracted: Hermann Jontofsohn ()
INFO:__main__:Extracted: Hermann J. Hahlo ()
INFO:__main__:Extracted: Hermann Leder (trade)
INFO:__main__:Extracted: Hermann Josefowicz & Co ()
INFO:__main__:Extracted: Hermann Jacobson ()
INFO:__main__:Extracted: Hermann Leisner ()
INFO:__main__:Extracted: Hermann Joseph ()
INFO:__main__:Extracted: Hermann Jacoby Nf. (trade)
INFO:__main__:Extracted: Hermann Lesser Manufakturwaren ()
INFO:__main__:Extracted: Hermann Kahn ()
INFO:__main__:Extracted 10 businesses from https://www2.hu-berlin.de/djgb/public/en/find?q=&fq=&sort=unternehmenasc&page=431
INFO:__main__:Extracted: Hermann Lesser Wirkwaren (trade)
INFO:__main__:Extracted: Hermann Kramarski (trade)
INFO:__main__:Extracted: Hermann Lesser jr. (trade)
INFO:__main__:Extracted: Hermann Krawitz & Co (trade)
INFO:__main__:Extracted: Hermann Levy ()
INFO:__main__:Extracted: Hermann Krumm ()
INFO:__main__:Extracted: Hermann Levy GmbH ()
INFO:__main__:Extracted: Hermann Krumnow (trade)
INFO:__main__:Extracted: Hermann Levy Juwelen u. Uhren Engros Export (trade)
INFO:__main__:Extracted: Hermann Kurnik - Bürobedarf - Buchdruckerei - Stempel (trade)
INFO:__main__:Using cached content for https://www2.hu-berlin.de/djgb/public/en/find?q=&fq=&sort=unternehmenasc&page=434
INFO:__main__:Extracted: Hermann Lewkowicz & Else Lewkowicz ()
INFO:__main__:Extracted 10 businesses from https://www2.hu-berlin.de/djgb/public/en/find?q=&fq=&sort=unternehmenasc&page=432
INFO:__main__:Extracted: Hermann Loewy (industry)
INFO:__main__:Extracted: Hermann Lipschütz ()
INFO:__main__:Extracted: Hermann Löwinger ()
INFO:__main__:Extracted 10 businesses from https://www2.hu-berlin.de/djgb/public/en/find?q=&fq=&sort=unternehmenasc&page=433
INFO:__main__:Extracted: Hermann Machol ()
INFO:__main__:Extracted: Hermann Mandel (trade)
INFO:__main__:Extracted: Hermann Marcus (trade)
INFO:__main__:Extracted: Hermann Masur (trade)
INFO:__main__:Extracted: Hermann Metzger Nachfl. Inh. S. & L Kadisch ()
INFO:__main__:Extracted: Hermann Meyer & Co AG ()
INFO:__main__:Extracted: Hermann Michaelis ()
INFO:__main__:Extracted: Hermann Michel Verlagsbuchhandlung & Großantiquariat (industry)
INFO:__main__:Extracted 10 businesses from https://www2.hu-berlin.de/djgb/public/en/find?q=&fq=&sort=unternehmenasc&page=434
INFO:__main__:Using cached content for https://www2.hu-berlin.de/djgb/public/en/find?q=&fq=&sort=unternehmenasc&page=435
INFO:__main__:Extracted: Hermann Militscher (trade)
INFO:__main__:Extracted: Hermann Mund (trade)
INFO:__main__:Extracted: Hermann Müller Textilwaren engros ()
INFO:__main__:Extracted: Hermann Münster Inh. Max Friedlaender (services)
INFO:__main__:Extracted: Hermann Oppenheim junior (industry)
INFO:__main__:Extracted: Hermann Pastor, Parfümerie-Import ()
INFO:__main__:Extracted: Hermann Perelmutter ()
INFO:__main__:Extracted: Hermann Petzal (trade)
INFO:__main__:Extracted: Hermann Pfeffer ()
INFO:__main__:Extracted: Hermann Pieck ()
INFO:__main__:Extracted 10 businesses from https://www2.hu-berlin.de/djgb/public/en/find?q=&fq=&sort=unternehmenasc&page=435
INFO:__main__:Using cached content for https://www2.hu-berlin.de/djgb/public/en/find?q=&fq=&sort=unternehmenasc&page=436
INFO:__main__:Extracted: Hermann Piehl Nachfolger Inh. Salo Bergmann ()
INFO:__main__:Using cached content for https://www2.hu-berlin.de/djgb/public/en/find?q=&fq=&sort=unternehmenasc&page=437
INFO:__main__:Extracted: Hermann Posner (industry)
INFO:__main__:Using cached content for https://www2.hu-berlin.de/djgb/public/en/find?q=&fq=&sort=unternehmenasc&page=438
INFO:__main__:Extracted: Hermann Rosenthal & Co (trade)
INFO:__main__:Extracted: Hermann Prager (trade)
INFO:__main__:Extracted: Hermann Sello GmbH ()
INFO:__main__:Extracted: Hermann Rosenzweig (trade)
INFO:__main__:Extracted: Hermann Presch (trade)
INFO:__main__:Extracted: Hermann Silberstein (trade)
INFO:__main__:Extracted: Hermann Rubensohn (trade)
INFO:__main__:Extracted: Hermann Rasenack Nachf. (industry)
INFO:__main__:Extracted: Hermann Sontag Nchf. GmbH (trade)
INFO:__main__:Extracted: Hermann Sachs Getreide-Kommission (trade)
INFO:__main__:Extracted: Hermann Reininger ()
INFO:__main__:Extracted: Hermann Spiegel (trade)
INFO:__main__:Extracted: Hermann Sachs Nachf. B. Schallmach ()
INFO:__main__:Extracted: Hermann Ringel & Co, Herren-, Burschen- und Jünglingskonfektion ()
INFO:__main__:Extracted: Hermann Tietz ()
INFO:__main__:Extracted: Hermann Sack, juristische Fachbuchhandlung mbH (trade)
INFO:__main__:Extracted: Hermann Rosen & Stern ()
INFO:__main__:Extracted: Hermann Tworoger (trade)
INFO:__main__:Extracted: Hermann Salomonski ()
INFO:__main__:Extracted: Hermann Rosenberg ()
INFO:__main__:Extracted: Hermann Türckfeld ()
INFO:__main__:Extracted: Hermann Schaffrainski (trade)
INFO:__main__:Extracted: Hermann Rosenmann ()
INFO:__main__:Extracted: Hermann Ury (trade)
INFO:__main__:Extracted: Hermann Schneeweiß (trade)
INFO:__main__:Extracted 10 businesses from https://www2.hu-berlin.de/djgb/public/en/find?q=&fq=&sort=unternehmenasc&page=436
INFO:__main__:Extracted: Hermann Vandsburger ()
INFO:__main__:Extracted: Hermann Schwersenzer (industry)
INFO:__main__:Extracted: Hermann Vortrefflich (trade)
INFO:__main__:Extracted 10 businesses from https://www2.hu-berlin.de/djgb/public/en/find?q=&fq=&sort=unternehmenasc&page=437
INFO:__main__:Extracted 10 businesses from https://www2.hu-berlin.de/djgb/public/en/find?q=&fq=&sort=unternehmenasc&page=438
INFO:__main__:Using cached content for https://www2.hu-berlin.de/djgb/public/en/find?q=&fq=&sort=unternehmenasc&page=439
INFO:__main__:Using cached content for https://www2.hu-berlin.de/djgb/public/en/find?q=&fq=&sort=unternehmenasc&page=440
INFO:__main__:Using cached content for https://www2.hu-berlin.de/djgb/public/en/find?q=&fq=&sort=unternehmenasc&page=441
INFO:__main__:Extracted: Hermann Wallach ()
INFO:__main__:Extracted: Hermann und Hugo Raphaelsohn (trade)
INFO:__main__:Extracted: Herrenbekleidung Fortschritt Max Schönthal (trade)
INFO:__main__:Extracted: Hermann Weinberger & Gebr. Weinberger ()
INFO:__main__:Extracted: Hermann-Apotheke Leopold Freudenthal ()
INFO:__main__:Extracted: Herrenkleiderfabrik F. F. Bernhard Sokol-Eisenstein ()
INFO:__main__:Extracted: Hermann Weinwurm ()
INFO:__main__:Extracted: Hermanns & Froitzheim (trade)
INFO:__main__:Extracted: Herrenkleidung Brunnenstraße 181 Regina Gottschalk ()
INFO:__main__:Extracted: Hermann Weiß (trade)
INFO:__main__:Extracted: Hermes Inseraten-Expedition GmbH (services)
INFO:__main__:Extracted: Herrko Salis & Matthias ()
INFO:__main__:Extracted: Hermann Werner Kohlengroßhandlung ()
INFO:__main__:Extracted: Herold Mottek (trade)
INFO:__main__:Extracted: Herrmann & Co Lederfabrik-Niederlage ()
INFO:__main__:Extracted: Hermann Winterberger ()
INFO:__main__:Extracted: Herold Plakat GmbH (services)
INFO:__main__:Extracted: Herrmann & Kovács (trade)
INFO:__main__:Extracted: Hermann Zankier ()
INFO:__main__:Extracted: Herren u. Knabenbekleidung Diamant Georg Tannenzapf (trade)
INFO:__main__:Extracted: Herrmann & Passarge GmbH (trade)
INFO:__main__:Extracted: Hermann Zellermayer (trade)
INFO:__main__:Extracted: Herren- und Knabenbekleidung Rekord Spiegel & Co ()
INFO:__main__:Extracted: Herrmann Adam ()
INFO:__main__:Extracted: Hermann Zernik ()
INFO:__main__:Extracted: Herren-Kleider-Fabrik Samuel Schwartzkopf ()
INFO:__main__:Extracted: Herrmann Berlak (trade)
INFO:__main__:Extracted: Hermann und Hertha Hirschberg ()
INFO:__main__:Extracted: Herrenartikel Metropol Sally Bukofzer (trade)
INFO:__main__:Extracted: Herrmann Ebenstein (trade)
INFO:__main__:Extracted 10 businesses from https://www2.hu-berlin.de/djgb/public/en/find?q=&fq=&sort=unternehmenasc&page=439
INFO:__main__:Extracted 10 businesses from https://www2.hu-berlin.de/djgb/public/en/find?q=&fq=&sort=unternehmenasc&page=440
INFO:__main__:Extracted 10 businesses from https://www2.hu-berlin.de/djgb/public/en/find?q=&fq=&sort=unternehmenasc&page=441
INFO:__main__:Using cached content for https://www2.hu-berlin.de/djgb/public/en/find?q=&fq=&sort=unternehmenasc&page=442
INFO:__main__:Using cached content for https://www2.hu-berlin.de/djgb/public/en/find?q=&fq=&sort=unternehmenasc&page=443
INFO:__main__:Using cached content for https://www2.hu-berlin.de/djgb/public/en/find?q=&fq=&sort=unternehmenasc&page=444
INFO:__main__:Extracted: Herrmann Emil Wedel ()
INFO:__main__:Extracted: Herrnberg, Walter ()
INFO:__main__:Extracted: Hertha Koller ()
INFO:__main__:Extracted: Herrmann Frankenstein (industry)
INFO:__main__:Extracted: Hersch Schipper ()
INFO:__main__:Extracted: Hertha Pommer ()
INFO:__main__:Extracted: Herrmann Gerson Spezialstrumpfgeschäft GmbH ()
INFO:__main__:Extracted: Hersch Schönhorn ()
INFO:__main__:Extracted: Hertha Rosenthal ()
INFO:__main__:Extracted: Herrmann Heymann Hutfabrik ()
INFO:__main__:Extracted: Herschel Gutschein ()
INFO:__main__:Extracted: Herz & Meinberg (trade)
INFO:__main__:Extracted: Herrmann Hoffmann ()
INFO:__main__:Extracted: Herschlowitz & Schäfler Eier-Geflügel-Handels-AG ()
INFO:__main__:Extracted: Herz-Röcke Cäcilie Herz ()
INFO:__main__:Extracted: Herrmann Hurwitz & Co (industry)
INFO:__main__:Extracted: Herta Barra ()
INFO:__main__:Extracted: Herzberg, Berthold ()
INFO:__main__:Extracted: Herrmann Schlesinger & Co ()
INFO:__main__:Extracted: Herta Bramm ()
INFO:__main__:Extracted: Herzberg, Erwin ()
INFO:__main__:Extracted: Herrmann, Arthur ()
INFO:__main__:Extracted: Herta Frankenstein ()
INFO:__main__:Extracted: Herzfeld & Petzall (trade)
INFO:__main__:Extracted: Herrmann, Straus & Co (trade)
INFO:__main__:Extracted: Herta Pinschewer ()
INFO:__main__:Extracted: Herzfeld, Walter ()
INFO:__main__:Extracted: Herrmann, van der Linden & Co (trade)
INFO:__main__:Extracted: Herta Salomon, Salon Herta ()
INFO:__main__:Extracted: Herzog & Co (trade)
INFO:__main__:Extracted 10 businesses from https://www2.hu-berlin.de/djgb/public/en/find?q=&fq=&sort=unternehmenasc&page=442
INFO:__main__:Extracted 10 businesses from https://www2.hu-berlin.de/djgb/public/en/find?q=&fq=&sort=unternehmenasc&page=443
INFO:__main__:Extracted 10 businesses from https://www2.hu-berlin.de/djgb/public/en/find?q=&fq=&sort=unternehmenasc&page=444
INFO:__main__:Using cached content for https://www2.hu-berlin.de/djgb/public/en/find?q=&fq=&sort=unternehmenasc&page=446
INFO:__main__:Using cached content for https://www2.hu-berlin.de/djgb/public/en/find?q=&fq=&sort=unternehmenasc&page=445
INFO:__main__:Extracted: Heymann, Walter ()
INFO:__main__:Extracted: Heymann, Weck & Josephs (trade)
INFO:__main__:Extracted: Heynemann, Selmar ()
INFO:__main__:Extracted: Heß & Bauchwitz AG (trade)
INFO:__main__:Extracted: Heß & Co Strumpfwaren & Trikotagen ()
INFO:__main__:Extracted: Heß & Dörr-Julius Goldmann ()
INFO:__main__:Extracted: Heß & Rom GmbH ()
INFO:__main__:Extracted: Hielscher & Co ()
INFO:__main__:Extracted: Hess Hemden ()
INFO:__main__:Extracted: Hildegard Jacobi ()
INFO:__main__:Using cached content for https://www2.hu-berlin.de/djgb/public/en/find?q=&fq=&sort=unternehmenasc&page=447
INFO:__main__:Extracted: Hesse & Kramer (industry)
INFO:__main__:Extracted: Hildesia GmbH Lack- und Farbenfabrikation (trade)
INFO:__main__:Extracted: Hindenburg-Apotheke Max Förster ()
INFO:__main__:Extracted: Hessenberger ()
INFO:__main__:Extracted 10 businesses from https://www2.hu-berlin.de/djgb/public/en/find?q=&fq=&sort=unternehmenasc&page=446
INFO:__main__:Extracted: Hinz-Fabrik, GmbH (trade)
INFO:__main__:Extracted: Hete Bachmann ()
INFO:__main__:Extracted: Hirsch & Blaschke ()
INFO:__main__:Extracted: Hetra Gesellschaft für Hebezeuge u. Transportgeräte Erich Bloch u. Co ()
INFO:__main__:Extracted: Hirsch & Süßkind (trade)
INFO:__main__:Extracted: Heydel ()
INFO:__main__:Extracted: Hirsch Apotheke Carl Herzog (trade)
INFO:__main__:Extracted: Heymann & Lippmann (trade)
INFO:__main__:Extracted: Hirsch Dintenfaß ()
INFO:__main__:Extracted: Heymann Mahler (trade)
INFO:__main__:Extracted: Hirsch Ehrlich (trade)
INFO:__main__:Using cached content for https://www2.hu-berlin.de/djgb/public/en/find?q=&fq=&sort=unternehmenasc&page=448
INFO:__main__:Extracted: Heymann Meyer (trade)
INFO:__main__:Extracted: Hirsch Kornblüth (trade)
INFO:__main__:Extracted: Hirsch Machtinger ()
INFO:__main__:Extracted: Heymann Müller Inh. A. Müller (trade)
INFO:__main__:Extracted: Hirsch Kupfer- und Messingwerke AG ()
INFO:__main__:Extracted: Hirsch Schönberg (trade)
INFO:__main__:Extracted 10 businesses from https://www2.hu-berlin.de/djgb/public/en/find?q=&fq=&sort=unternehmenasc&page=445
INFO:__main__:Extracted: Hirsch Leimann ()
INFO:__main__:Extracted: Hirsch Solländer ()
INFO:__main__:Extracted 10 businesses from https://www2.hu-berlin.de/djgb/public/en/find?q=&fq=&sort=unternehmenasc&page=447
INFO:__main__:Extracted: Hirsch Wellner (trade)
INFO:__main__:Extracted: Hirsch, Kupfer- und Messingwerke AG ()
INFO:__main__:Extracted: Hirsch, Revisions-Gesellschaft mbH (services)
INFO:__main__:Extracted: Hirschberg Häutehandels-GmbH (trade)
INFO:__main__:Extracted: Hirschberg, Eugen ()
INFO:__main__:Using cached content for https://www2.hu-berlin.de/djgb/public/en/find?q=&fq=&sort=unternehmenasc&page=449
INFO:__main__:Extracted: Hirschberg, Leo ()
INFO:__main__:Extracted: Hirschbruh ()
INFO:__main__:Extracted 10 businesses from https://www2.hu-berlin.de/djgb/public/en/find?q=&fq=&sort=unternehmenasc&page=448
INFO:__main__:Using cached content for https://www2.hu-berlin.de/djgb/public/en/find?q=&fq=&sort=unternehmenasc&page=450
INFO:__main__:Extracted: Hirschfeld, Alexander ()
INFO:__main__:Extracted: Hirschfeld, Bernhard ()
INFO:__main__:Extracted: Hirschowitz und Baumann ()
INFO:__main__:Extracted: Hirschwald'sche Buchhandlung (trade)
INFO:__main__:Extracted: Hirschweh Gürtel- und Hosenträger-Fabrikation Magarete Hirschweh ()
INFO:__main__:Extracted: Hisa-Film-Vertriebs-GmbH (trade)
INFO:__main__:Extracted: Hoch- und Siedlungsbau-AG Husag ()
INFO:__main__:Extracted: Hochhaus & Klein GmbH (trade)
INFO:__main__:Extracted: Hochplatz-Apotheke Max Rynarzewski ()
INFO:__main__:Extracted: Hochschul-Apotheke u. Drogenhandlung Jacob Jacobsohn ()
INFO:__main__:Extracted 10 businesses from https://www2.hu-berlin.de/djgb/public/en/find?q=&fq=&sort=unternehmenasc&page=449
INFO:__main__:Extracted: Hodaco Damenmäntelfabrikation GmbH ()
INFO:__main__:Extracted: Hoffmann, Alex ()
INFO:__main__:Extracted: Hofjäger Lichtspiele GmbH (services)
INFO:__main__:Extracted: Hohenstaufen Grundstücks-Verwaltungs-Gesellschaft mbH ()
INFO:__main__:Extracted: Hohenstaufen-Apotheke Inhaber Martin Proskauer ()
INFO:__main__:Extracted: Hohenstein & Fehlan ()
INFO:__main__:Extracted: Hohenzollern Apotheke Friedr. Koch Nachf. Apotheker Max Friedländer ()
INFO:__main__:Extracted: Hohenzollern Apotheke Siegfried Falk ()
INFO:__main__:Extracted: Hohenzollern Kunstgewerbehaus H. Hirschwald Inhaber: Friedmann & Weber (trade)
INFO:__main__:Using cached content for https://www2.hu-berlin.de/djgb/public/en/find?q=&fq=&sort=unternehmenasc&page=452
INFO:__main__:Using cached content for https://www2.hu-berlin.de/djgb/public/en/find?q=&fq=&sort=unternehmenasc&page=451
INFO:__main__:Extracted: Hokanson & Hirschfeld, Buttergroßhandlung GmbH ()
INFO:__main__:Extracted: Hopf & Co ()
INFO:__main__:Extracted: Holländer, Emanuel ()
INFO:__main__:Extracted 10 businesses from https://www2.hu-berlin.de/djgb/public/en/find?q=&fq=&sort=unternehmenasc&page=450
INFO:__main__:Extracted: Hopp & Peiser ()
INFO:__main__:Extracted: Holz & Jacobsohn (industry)
INFO:__main__:Extracted: Hoppe's Möbelfabrik & Lager (trade)
INFO:__main__:Extracted: Holzagentur Kaphan GmbH (trade)
INFO:__main__:Extracted: Hoppe's Möbellager KG ()
INFO:__main__:Extracted: Holzbearbeitungsfabrik Heinrich Zuckermann (industry)
INFO:__main__:Extracted: Hornung & Scheibner ()
INFO:__main__:Extracted: Holzhandelsgesellschaft Baer mbH ()
INFO:__main__:Using cached content for https://www2.hu-berlin.de/djgb/public/en/find?q=&fq=&sort=unternehmenasc&page=453
INFO:__main__:Extracted: Horodisch & Marx GmbH ()
INFO:__main__:Extracted: Holzhandlung Herbert Schäfer ()
INFO:__main__:Extracted: Hortensia Gartenbaubetrieb GmbH ()
INFO:__main__:Extracted: Hotel Spittelmarkt Martha und Felix Michelsohn (services)
INFO:__main__:Extracted: Holzindustrie Wittkowsky GmbH (industry)
INFO:__main__:Extracted: Horwitz, James ()
INFO:__main__:Extracted: Hotel Stadt Nürnberg ()
INFO:__main__:Extracted: Holzplatten-Import-Gesellschaft Brown & Rosenblum ()
INFO:__main__:Extracted: Hospitalia Arzt- & Krankenhausbedarf Harry Zerkowski ()
INFO:__main__:Extracted: Hotel Stadt Nürnberg, Inh. Karl Kantorowicz ()
INFO:__main__:Extracted: Holzverwertung Kurt Rojek & Co, GmbH ()
INFO:__main__:Extracted: Hotel 'König von Portugal' ()
INFO:__main__:Extracted: Hotel-Gesellschaft Alexanderplatz mbH ()
INFO:__main__:Extracted: Honnet & Holdheim GmbH (trade)
INFO:__main__:Extracted 10 businesses from https://www2.hu-berlin.de/djgb/public/en/find?q=&fq=&sort=unternehmenasc&page=452
INFO:__main__:Extracted: Hotel-Pension Pragerhaus Kravetz, Gautscher & Co (services)
INFO:__main__:Extracted: Hufeland Apotheke Ludwig Pabst (trade)
INFO:__main__:Extracted 10 businesses from https://www2.hu-berlin.de/djgb/public/en/find?q=&fq=&sort=unternehmenasc&page=451
INFO:__main__:Extracted: Huga Benzin Vertrieb Isidor Neumann ()
INFO:__main__:Using cached content for https://www2.hu-berlin.de/djgb/public/en/find?q=&fq=&sort=unternehmenasc&page=454
INFO:__main__:Extracted: Hugo Adam (trade)
INFO:__main__:Extracted: Hugo Ascher Damenbekleidungsgesellschaft mbH ()
INFO:__main__:Extracted: Hugo Adler ()
INFO:__main__:Extracted: Hugo Baruch & Cie (handicraft)
INFO:__main__:Extracted: Hugo Ahronfeld (trade)
INFO:__main__:Using cached content for https://www2.hu-berlin.de/djgb/public/en/find?q=&fq=&sort=unternehmenasc&page=455
INFO:__main__:Extracted: Hugo Becker ()
INFO:__main__:Extracted 10 businesses from https://www2.hu-berlin.de/djgb/public/en/find?q=&fq=&sort=unternehmenasc&page=453
INFO:__main__:Extracted: Hugo Dobrin ()
INFO:__main__:Extracted: Hugo Bergmann ()
INFO:__main__:Extracted: Hugo Ehrlich ()
INFO:__main__:Extracted: Hugo Bernstein (trade)
INFO:__main__:Extracted: Hugo Eisenstadt ()
INFO:__main__:Using cached content for https://www2.hu-berlin.de/djgb/public/en/find?q=&fq=&sort=unternehmenasc&page=456
INFO:__main__:Extracted: Hugo Bethke-Roedel & Vetter AG (trade)
INFO:__main__:Extracted: Hugo Feder (trade)
INFO:__main__:Extracted: Hugo Hamm (trade)
INFO:__main__:Extracted: Hugo Bing (trade)
INFO:__main__:Extracted: Hugo Feibelsohn ()
INFO:__main__:Extracted: Hugo Hellinger ()
INFO:__main__:Extracted: Hugo Bornstein (trade)
INFO:__main__:Extracted: Hugo Feibelsohn GmbH (trade)
INFO:__main__:Extracted: Hugo Herrmann & Co (trade)
INFO:__main__:Extracted: Hugo Cohn Herren-Moden (trade)
INFO:__main__:Extracted: Hugo Frey ()
INFO:__main__:Extracted: Hugo Herz Stickerei Atelier (trade)
INFO:__main__:Extracted: Hugo Deußen ()
INFO:__main__:Extracted: Hugo Frommer (trade)
INFO:__main__:Extracted: Hugo Herzer & Co (trade)
INFO:__main__:Extracted 10 businesses from https://www2.hu-berlin.de/djgb/public/en/find?q=&fq=&sort=unternehmenasc&page=454
INFO:__main__:Extracted: Hugo Gottheiner ()
INFO:__main__:Extracted: Hugo Heymann ()
INFO:__main__:Extracted: Hugo Haas, Sport- und Regenbekleidung ()
INFO:__main__:Extracted: Hugo Hirsch (trade)
INFO:__main__:Extracted 10 businesses from https://www2.hu-berlin.de/djgb/public/en/find?q=&fq=&sort=unternehmenasc&page=455
INFO:__main__:Extracted: Hugo Hirschfeld ()
INFO:__main__:Using cached content for https://www2.hu-berlin.de/djgb/public/en/find?q=&fq=&sort=unternehmenasc&page=457
INFO:__main__:Extracted: Hugo Hopp ()
INFO:__main__:Extracted: Hugo Ivers (trade)
INFO:__main__:Extracted: Hugo Jacoby GmbH (trade)
INFO:__main__:Extracted 10 businesses from https://www2.hu-berlin.de/djgb/public/en/find?q=&fq=&sort=unternehmenasc&page=456
INFO:__main__:Using cached content for https://www2.hu-berlin.de/djgb/public/en/find?q=&fq=&sort=unternehmenasc&page=458
INFO:__main__:Extracted: Hugo Karo Producten Handlung engros ()
INFO:__main__:Extracted: Hugo Lesser (trade)
INFO:__main__:Extracted: Hugo Kastellan (trade)
INFO:__main__:Extracted: Hugo Lewin (trade)
INFO:__main__:Extracted: Hugo Krebs (trade)
INFO:__main__:Using cached content for https://www2.hu-berlin.de/djgb/public/en/find?q=&fq=&sort=unternehmenasc&page=459
INFO:__main__:Extracted: Hugo Liebenthal (handicraft)
INFO:__main__:Extracted: Hugo Krolik & Wolf (trade)
INFO:__main__:Extracted: Hugo Liebenwalde (trade)
INFO:__main__:Extracted: Hugo Neuburger (trade)
INFO:__main__:Extracted: Hugo Krotoschiner ()
INFO:__main__:Extracted: Hugo Littmann ()
INFO:__main__:Extracted: Hugo Neumark (trade)
INFO:__main__:Extracted: Hugo Kuntz (trade)
INFO:__main__:Extracted: Hugo Loewi (trade)
INFO:__main__:Extracted: Hugo Oppenheim & Sohn ()
INFO:__main__:Extracted: Hugo Laub ()
INFO:__main__:Extracted: Hugo Loewy (industry)
INFO:__main__:Extracted: Hugo Messer ()
INFO:__main__:Extracted: Hugo Paradies (trade)
INFO:__main__:Extracted: Hugo Meyer ()
INFO:__main__:Extracted: Hugo Podiebrad ()
INFO:__main__:Extracted: Hugo Lehmann (trade)
INFO:__main__:Extracted: Hugo Nathan (trade)
INFO:__main__:Extracted: Hugo Riegner (trade)
INFO:__main__:Extracted: Hugo Leidert (trade)
INFO:__main__:Extracted 10 businesses from https://www2.hu-berlin.de/djgb/public/en/find?q=&fq=&sort=unternehmenasc&page=458
INFO:__main__:Extracted: Hugo Riesenfeld (trade)
INFO:__main__:Extracted 10 businesses from https://www2.hu-berlin.de/djgb/public/en/find?q=&fq=&sort=unternehmenasc&page=457
INFO:__main__:Extracted: Hugo Roberg (trade)
INFO:__main__:Extracted: Hugo Rosenblatt ()
INFO:__main__:Extracted: Hugo Rosenfeld sr. (industry)
INFO:__main__:Extracted 10 businesses from https://www2.hu-berlin.de/djgb/public/en/find?q=&fq=&sort=unternehmenasc&page=459
INFO:__main__:Using cached content for https://www2.hu-berlin.de/djgb/public/en/find?q=&fq=&sort=unternehmenasc&page=460
INFO:__main__:Using cached content for https://www2.hu-berlin.de/djgb/public/en/find?q=&fq=&sort=unternehmenasc&page=462
INFO:__main__:Extracted: Hugo Rosenthal ()
INFO:__main__:Extracted: Hugo Rosenthal Textil-AG (trade)
INFO:__main__:Extracted: Hulda Berendt ()
INFO:__main__:Extracted: Hugo Samter ()
INFO:__main__:Extracted: Hugo Schendel ()
INFO:__main__:Using cached content for https://www2.hu-berlin.de/djgb/public/en/find?q=&fq=&sort=unternehmenasc&page=461
INFO:__main__:Extracted: Hugo Schwarz (trade)
INFO:__main__:Extracted: Hugo Schüler (trade)
INFO:__main__:Extracted: Hulda Lewin ()
INFO:__main__:Extracted: Hugo Streisand (trade)
INFO:__main__:Extracted: Hugo Sensch ()
INFO:__main__:Extracted: Hulda Rosenkranz ()
INFO:__main__:Extracted: Hugo Unger (trade)
INFO:__main__:Extracted: Hugo Sieburth ()
INFO:__main__:Extracted: Humboldt Apotheke Dr. Otto Lusch (trade)
INFO:__main__:Extracted: Hugo Warschauer & Ascher (trade)
INFO:__main__:Extracted: Hugo Singermann Nachf. ()
INFO:__main__:Extracted: Hundebad Charlottenburg ()
INFO:__main__:Extracted: Hugo Wasservogel ()
INFO:__main__:Extracted: Hugo Speyer (trade)
INFO:__main__:Extracted: Hundesalon ()
INFO:__main__:Extracted: Hugo Wittenberg ()
INFO:__main__:Extracted 10 businesses from https://www2.hu-berlin.de/djgb/public/en/find?q=&fq=&sort=unternehmenasc&page=460
INFO:__main__:Extracted: Hurtig & Jacob ()
INFO:__main__:Extracted: Hugo Wolffheim & Co (trade)
INFO:__main__:Extracted: Hurwitz ()
INFO:__main__:Extracted: Hugo Woyda Papiergroßhandlung, Stanzerei und Tütenfabrik, gegr. 1911 ()
INFO:__main__:Extracted: Hurwitz & Sohn ()
INFO:__main__:Extracted: Hugo Woyda Waren-Ein- und Verkaufsgesellschaft mbH (trade)
INFO:__main__:Using cached content for https://www2.hu-berlin.de/djgb/public/en/find?q=&fq=&sort=unternehmenasc&page=463
INFO:__main__:Extracted: Hut Reich Martha Reich ()
INFO:__main__:Extracted: Hugo Zickel (trade)
INFO:__main__:Extracted: Hutbazar Deutscher Sport Julius Lewy (Hutsport) ()
INFO:__main__:Extracted 10 businesses from https://www2.hu-berlin.de/djgb/public/en/find?q=&fq=&sort=unternehmenasc&page=462
INFO:__main__:Extracted: Hugo Zimmt ()
INFO:__main__:Extracted: Hutfabrik Grotehenn & Co GmbH ()
INFO:__main__:Extracted 10 businesses from https://www2.hu-berlin.de/djgb/public/en/find?q=&fq=&sort=unternehmenasc&page=461
INFO:__main__:Extracted: Huthaus Norden James Levy (trade)
INFO:__main__:Using cached content for https://www2.hu-berlin.de/djgb/public/en/find?q=&fq=&sort=unternehmenasc&page=464
INFO:__main__:Extracted: Huthaus Rekord Samuel Horowitz (trade)
INFO:__main__:Extracted: Häuser-Verwaltungs-Büro Eliner GmbH (services)
INFO:__main__:Extracted: Hutsalon der Dame, Hella Krebs ()
INFO:__main__:Extracted: Häuserverwaltung Friedrich Mandelik ()
INFO:__main__:Extracted: Hutschnecker & Co (trade)
INFO:__main__:Extracted: Häuserverwaltungsbüro Fischheimer & Co ()
INFO:__main__:Using cached content for https://www2.hu-berlin.de/djgb/public/en/find?q=&fq=&sort=unternehmenasc&page=465
INFO:__main__:Extracted: Hutten-Apotheke Otto Nebel ()
INFO:__main__:Extracted: Hönig & Pin (trade)
INFO:__main__:Extracted: I. Basser & Co (trade)
INFO:__main__:Extracted: Hutterer ()
INFO:__main__:Extracted: Hönigsberg Zelt & Co GmbH ()
INFO:__main__:Extracted: I. Becker & Co ()
INFO:__main__:Extracted: Hydrocarbon AG für chemische Produkte ()
INFO:__main__:Extracted: Hör & Kaeshagen ()
INFO:__main__:Extracted: I. Davidowicz ()
INFO:__main__:Extracted: Hygienische Kleiderpflege Motzstr. ()
INFO:__main__:Extracted: Hüttenwerke C. Wilh. Kayser & Co Niederschöneweide AG ()
INFO:__main__:Extracted: I. Ebstein & Co (trade)
INFO:__main__:Extracted 10 businesses from https://www2.hu-berlin.de/djgb/public/en/find?q=&fq=&sort=unternehmenasc&page=463
INFO:__main__:Extracted: Hüttenwerke Tempelhof A. Meyer (industry)
INFO:__main__:Extracted: I. Furmanek ()
INFO:__main__:Extracted: I. Andermann GmbH (trade)
INFO:__main__:Extracted: I. Gutmann jr. (trade)
INFO:__main__:Extracted: I. Baer (trade)
INFO:__main__:Extracted: I. Isler (trade)
INFO:__main__:Extracted 10 businesses from https://www2.hu-berlin.de/djgb/public/en/find?q=&fq=&sort=unternehmenasc&page=464
INFO:__main__:Extracted: I. Karger (trade)
INFO:__main__:Using cached content for https://www2.hu-berlin.de/djgb/public/en/find?q=&fq=&sort=unternehmenasc&page=466
INFO:__main__:Extracted: I. Kleinmann (trade)
INFO:__main__:Extracted: I. Levy (trade)
INFO:__main__:Extracted 10 businesses from https://www2.hu-berlin.de/djgb/public/en/find?q=&fq=&sort=unternehmenasc&page=465
INFO:__main__:Extracted: I. Lindenstraus, Gumbinnen, Zweigniederlassung Berlin (trade)
INFO:__main__:Extracted: I. Preuß (trade)
INFO:__main__:Extracted: I. Schmalinski (trade)
INFO:__main__:Extracted: I. Simon Neumann (trade)
INFO:__main__:Extracted: I. Unger (trade)
INFO:__main__:Extracted: I. Zimet & Co (industry)
INFO:__main__:Extracted: Ibsopa Grundstückserwerbsges. mbH (trade)
INFO:__main__:Extracted: Ida Fischmann ()
INFO:__main__:Extracted: Ida Kovacs - Wiener Modeartikel ()
INFO:__main__:Extracted: Ida Stern ()
INFO:__main__:Extracted 10 businesses from https://www2.hu-berlin.de/djgb/public/en/find?q=&fq=&sort=unternehmenasc&page=466
INFO:__main__:Using cached content for https://www2.hu-berlin.de/djgb/public/en/find?q=&fq=&sort=unternehmenasc&page=467
INFO:__main__:Extracted: Ida Weile (trade)
INFO:__main__:Extracted: Ignatz Cohn Getreide und Bankkommission (trade)
INFO:__main__:Using cached content for https://www2.hu-berlin.de/djgb/public/en/find?q=&fq=&sort=unternehmenasc&page=468
INFO:__main__:Extracted: Ignatz Eichner (trade)
INFO:__main__:Using cached content for https://www2.hu-berlin.de/djgb/public/en/find?q=&fq=&sort=unternehmenasc&page=469
INFO:__main__:Extracted: Ignatz Sello (trade)
INFO:__main__:Extracted: Ignatz Guttmann ()
INFO:__main__:Extracted: Ilse Levy ()
INFO:__main__:Extracted: Ignatz Straus & Co ()
INFO:__main__:Extracted: Ignatz Hantke & Co (trade)
INFO:__main__:Extracted: Ilse Schiftan ()
INFO:__main__:Extracted: Ignatz Warschawski ()
INFO:__main__:Extracted: Ignatz Kallmann (trade)
INFO:__main__:Extracted: Immanuel Apotheke Max Grünwald ()
INFO:__main__:Extracted: Ignaz Ansbach ()
INFO:__main__:Extracted: Ignatz Lindenberg (trade)
INFO:__main__:Extracted: Immobilien- und Reklame-GmbH (trade)
INFO:__main__:Extracted: Ignaz Cohn ()
INFO:__main__:Extracted: Ignatz Meumann ()
INFO:__main__:Extracted: Immunitas Gesellschaft für Anstaltsbedarf mbH (trade)
INFO:__main__:Extracted: Ignaz Rosenbaum (industry)
INFO:__main__:Extracted: Ignatz Pincus & Co (trade)
INFO:__main__:Extracted: Imperator-Metallwaren-Fabrik AG ()
INFO:__main__:Extracted: Ildefons Auerbach (trade)
INFO:__main__:Extracted: Ignatz Schindler (trade)
INFO:__main__:Extracted: Impex Hermann Gadiel Import Export ()
INFO:__main__:Extracted: Ilkra Zigaretten-Großvertrieb Ilse Kräuter ()
INFO:__main__:Extracted 10 businesses from https://www2.hu-berlin.de/djgb/public/en/find?q=&fq=&sort=unternehmenasc&page=467
INFO:__main__:Extracted: Index Industrie-Export Heinz Wendriner ()
INFO:__main__:Extracted: Illes Heimann ()
INFO:__main__:Extracted: Indien-Export Paul Hollaender (trade)
INFO:__main__:Extracted: Ilse Caro ()
INFO:__main__:Extracted: Industria, Blechwaaren-Fabrik GmbH (trade)
INFO:__main__:Extracted 10 businesses from https://www2.hu-berlin.de/djgb/public/en/find?q=&fq=&sort=unternehmenasc&page=468
INFO:__main__:Extracted 10 businesses from https://www2.hu-berlin.de/djgb/public/en/find?q=&fq=&sort=unternehmenasc&page=469
INFO:__main__:Using cached content for https://www2.hu-berlin.de/djgb/public/en/find?q=&fq=&sort=unternehmenasc&page=470
INFO:__main__:Using cached content for https://www2.hu-berlin.de/djgb/public/en/find?q=&fq=&sort=unternehmenasc&page=471
INFO:__main__:Extracted: Industria-Treuhandverwaltung AG ()
INFO:__main__:Extracted: Industrie- u. Handels-Verlag Berthold Hirschberg (industry)
INFO:__main__:Extracted: Industrie- und Exportcompagnie GmbH (trade)
INFO:__main__:Extracted: Industrie- und Privat-Bank AG (trade)
INFO:__main__:Extracted: Industrie-Conzern AG (industry)
INFO:__main__:Extracted: Industrie-Verwaltungs- und Revisions-Gesellschaft mbH ()
INFO:__main__:Extracted: Industriebedarf Falk & Co (trade)
INFO:__main__:Extracted: Industriehaus Wilmersdorferstraße GmbH (trade)
INFO:__main__:Extracted: Industriehaus am Rosenthalertor GmbH (trade)
INFO:__main__:Extracted: Ingbüro Levin Baugesellschaft mbH ()
INFO:__main__:Extracted 10 businesses from https://www2.hu-berlin.de/djgb/public/en/find?q=&fq=&sort=unternehmenasc&page=470
INFO:__main__:Extracted: Ingeborg, Eva, Rosenthal ()
INFO:__main__:Using cached content for https://www2.hu-berlin.de/djgb/public/en/find?q=&fq=&sort=unternehmenasc&page=472
INFO:__main__:Extracted: Ingenieurbureau Alexander Subkis (services)
INFO:__main__:Extracted: Ingenieurbüro Diplom-Ingenieur Hermann Erhard Axelrad (services)
INFO:__main__:Extracted: Internationale Handelsbank KGaA ()
INFO:__main__:Extracted: Ingenieurbüro West ()
INFO:__main__:Extracted: Internationale Sammel- und Uebersee-Verkehrs-GmbH ()
INFO:__main__:Using cached content for https://www2.hu-berlin.de/djgb/public/en/find?q=&fq=&sort=unternehmenasc&page=473
INFO:__main__:Extracted: Inlandbank AG (trade)
INFO:__main__:Extracted: Internationaler Adressenverlag Max Henning (industry)
INFO:__main__:Extracted: Irving Mandel ()
INFO:__main__:Extracted: Installations- und technische Handels-GmbH (handicraft)
INFO:__main__:Extracted: Internationales Speditions-Bureau Brokerhoff & Lipschütz GmbH (services)
INFO:__main__:Extracted: Isaac Herz (trade)
INFO:__main__:Extracted: Installations-Zentrale Alexander Kahn (handicraft)
INFO:__main__:Extracted: Internationales Speditions-Bureau Georg Silberstein & Co ()
INFO:__main__:Extracted: Isaac Joseph ()
INFO:__main__:Extracted: Institut Tem-Po ()
INFO:__main__:Extracted: Intrator Schimmel & Co Eier-Import u. Exportgeschäft (trade)
INFO:__main__:Extracted: Isaac Spiegel (trade)
INFO:__main__:Extracted: Interessengemeinschaft von Bauhandwerkern und Lieferfirmen der früheren Fritz Klein AG GmbH ()
INFO:__main__:Extracted: Invention Gesellschaft für Verwaltung und Verwertung chemisch-technischer Patente GmbH (services)
INFO:__main__:Extracted: Isaacsohn & Maaß (trade)
INFO:__main__:Extracted: Internationale Apotheke Hermann Heuer (trade)
INFO:__main__:Extracted: Investment Handels- und Beteiligungsgesellschaft mbH (trade)
INFO:__main__:Extracted: Isaak ()
INFO:__main__:Extracted 10 businesses from https://www2.hu-berlin.de/djgb/public/en/find?q=&fq=&sort=unternehmenasc&page=471
INFO:__main__:Extracted: Iris-Schuhbesohlung ()
INFO:__main__:Extracted: Isaak Alster, Pelzwarengeschäft ()
INFO:__main__:Extracted: Irma Blumann ()
INFO:__main__:Extracted: Isaak Joseph Fondsmakler (trade)
INFO:__main__:Extracted 10 businesses from https://www2.hu-berlin.de/djgb/public/en/find?q=&fq=&sort=unternehmenasc&page=472
INFO:__main__:Extracted: Isaak Klibanow ()
INFO:__main__:Extracted: Isaak Lewin (trade)
INFO:__main__:Extracted 10 businesses from https://www2.hu-berlin.de/djgb/public/en/find?q=&fq=&sort=unternehmenasc&page=473
INFO:__main__:Using cached content for https://www2.hu-berlin.de/djgb/public/en/find?q=&fq=&sort=unternehmenasc&page=474
INFO:__main__:Extracted: Isaak Reitzes ()
INFO:__main__:Extracted: Isaak Schenk (trade)
INFO:__main__:Extracted: Isaak Silberbuch (trade)
INFO:__main__:Extracted: Isaak Strauß Rohstoffe für die Textil- und Papierfabrikation ()
INFO:__main__:Extracted: Isaak Zoellner (industry)
INFO:__main__:Extracted: Isabella Bick ()
INFO:__main__:Extracted: Isac Grünfeld (industry)
INFO:__main__:Extracted: Isack Fliegler ()
INFO:__main__:Extracted: Isak Hutterer (trade)
INFO:__main__:Extracted: Isak Kleiner (trade)
INFO:__main__:Extracted 10 businesses from https://www2.hu-berlin.de/djgb/public/en/find?q=&fq=&sort=unternehmenasc&page=474
INFO:__main__:Using cached content for https://www2.hu-berlin.de/djgb/public/en/find?q=&fq=&sort=unternehmenasc&page=475
INFO:__main__:Using cached content for https://www2.hu-berlin.de/djgb/public/en/find?q=&fq=&sort=unternehmenasc&page=476
INFO:__main__:Extracted: Isak Szydlow, Geflügel- und Lebensmittelhandlung ()
INFO:__main__:Extracted: Isidor Eisner, Vertreter ()
INFO:__main__:Extracted: Isak Wolf ()
INFO:__main__:Using cached content for https://www2.hu-berlin.de/djgb/public/en/find?q=&fq=&sort=unternehmenasc&page=477
INFO:__main__:Extracted: Isidor Glaser (trade)
INFO:__main__:Extracted: Isenburg & Levin (trade)
INFO:__main__:Extracted: Isidor Koebner (trade)
INFO:__main__:Extracted: Isidor Glaß ()
INFO:__main__:Extracted: Isep Osthandelsgesellschaft mbH ()
INFO:__main__:Extracted: Isidor Kormis ()
INFO:__main__:Extracted: Isidor Goldemann (trade)
INFO:__main__:Extracted: Isidor Abrahamson (trade)
INFO:__main__:Extracted: Isidor Lewin (trade)
INFO:__main__:Extracted: Isidor Gotthilf (trade)
INFO:__main__:Extracted: Isidor Alexander ()
INFO:__main__:Extracted: Isidor Lindenbaum (trade)
INFO:__main__:Extracted: Isidor Gotthilf, Holzgroßhandlung ()
INFO:__main__:Extracted: Isidor Altmann (trade)
INFO:__main__:Extracted: Isidor Löwy ()
INFO:__main__:Extracted: Isidor Hofbauer (trade)
INFO:__main__:Extracted: Isidor Bendit (industry)
INFO:__main__:Extracted: Isidor Meisner (trade)
INFO:__main__:Extracted: Isidor Jacobson (industry)
INFO:__main__:Extracted: Isidor Covo (trade)
INFO:__main__:Extracted: Isidor Meyer (trade)
INFO:__main__:Extracted: Isidor Jakubowicz ()
INFO:__main__:Extracted: Isidor Dobrin's Conditorei (services)
INFO:__main__:Extracted: Isidor Nußbaum ()
INFO:__main__:Extracted: Isidor Kielbik Import und Export (trade)
INFO:__main__:Extracted 10 businesses from https://www2.hu-berlin.de/djgb/public/en/find?q=&fq=&sort=unternehmenasc&page=475
INFO:__main__:Extracted: Isidor Reich (trade)
INFO:__main__:Extracted 10 businesses from https://www2.hu-berlin.de/djgb/public/en/find?q=&fq=&sort=unternehmenasc&page=476
INFO:__main__:Extracted: Isidor Sally (industry)
INFO:__main__:Extracted 10 businesses from https://www2.hu-berlin.de/djgb/public/en/find?q=&fq=&sort=unternehmenasc&page=477
INFO:__main__:Using cached content for https://www2.hu-berlin.de/djgb/public/en/find?q=&fq=&sort=unternehmenasc&page=478
INFO:__main__:Using cached content for https://www2.hu-berlin.de/djgb/public/en/find?q=&fq=&sort=unternehmenasc&page=479
INFO:__main__:Extracted: Isidor Salomon AG ()
INFO:__main__:Extracted: Isidor Schnapek ()
INFO:__main__:Extracted: Isidor Schreter (trade)
INFO:__main__:Extracted: Isidor Schwalbe ()
INFO:__main__:Extracted: Isidor Sommerfeld (trade)
INFO:__main__:Extracted: Isidor Spiegel (trade)
INFO:__main__:Extracted: Isidor Süßkind ()
INFO:__main__:Extracted: Isidor Tikotzky ()
INFO:__main__:Extracted: Isidor Wechsler (trade)
INFO:__main__:Extracted: Isidor Wollstein (trade)
INFO:__main__:Extracted 10 businesses from https://www2.hu-berlin.de/djgb/public/en/find?q=&fq=&sort=unternehmenasc&page=478
INFO:__main__:Extracted: Isidor Zöllner (trade)
INFO:__main__:Using cached content for https://www2.hu-berlin.de/djgb/public/en/find?q=&fq=&sort=unternehmenasc&page=480
INFO:__main__:Extracted: Ismar Ksinski ()
INFO:__main__:Extracted: Israel Kuczynski ()
INFO:__main__:Extracted: Ismar Schlesinger Buchdruckerei (industry)
INFO:__main__:Extracted: Israel M. Merel (trade)
INFO:__main__:Using cached content for https://www2.hu-berlin.de/djgb/public/en/find?q=&fq=&sort=unternehmenasc&page=481
INFO:__main__:Extracted: Ison Marcus (industry)
INFO:__main__:Extracted: Israel Nachmann (trade)
INFO:__main__:Extracted: Itzig Swerdlin Sackgroßhandlung (trade)
INFO:__main__:Extracted: Isr. Schmidt Söhne ()
INFO:__main__:Extracted: Israel Reich (trade)
INFO:__main__:Extracted: Ivan Lesser (trade)
INFO:__main__:Extracted: Israel Baron (trade)
INFO:__main__:Extracted: Israel Tannenwald ()
INFO:__main__:Extracted: Ivan Schönfeld & Co (trade)
INFO:__main__:Extracted: Israel Bezner (trade)
INFO:__main__:Extracted: Israel Wahlfisch ()
INFO:__main__:Extracted: Iveline-Sport-Mäntel Hugo Levi ()
INFO:__main__:Extracted: Israel Feldmann ()
INFO:__main__:Extracted: Israel Wolff ()
INFO:__main__:Extracted: Iwan Fritzler ()
INFO:__main__:Extracted: Israel Frankfurt (trade)
INFO:__main__:Extracted: Israel-Frister AG Verkaufsgesellschaft der vereinigten Fabriken für Beleuchtungskörper, Heiz- und Kochapparate ()
INFO:__main__:Extracted: Izydor Wurzel Tabakwarengroßhandlung ()
INFO:__main__:Extracted: Israel Goldstein (trade)
INFO:__main__:Extracted: Israelski & Robinson AG ()
INFO:__main__:Extracted: J. & B. Musa (trade)
INFO:__main__:Extracted 10 businesses from https://www2.hu-berlin.de/djgb/public/en/find?q=&fq=&sort=unternehmenasc&page=479
INFO:__main__:Extracted: Italiener, Jenö ()
INFO:__main__:Extracted: J. & P. Salamon (trade)
INFO:__main__:Extracted 10 businesses from https://www2.hu-berlin.de/djgb/public/en/find?q=&fq=&sort=unternehmenasc&page=480
INFO:__main__:Extracted: J. & S. Ginsberg ()
INFO:__main__:Extracted: J. & S. Goldschmidt & Co (trade)
INFO:__main__:Extracted 10 businesses from https://www2.hu-berlin.de/djgb/public/en/find?q=&fq=&sort=unternehmenasc&page=481
INFO:__main__:Using cached content for https://www2.hu-berlin.de/djgb/public/en/find?q=&fq=&sort=unternehmenasc&page=482
INFO:__main__:Extracted: J. & S. Löwenstein (trade)
INFO:__main__:Using cached content for https://www2.hu-berlin.de/djgb/public/en/find?q=&fq=&sort=unternehmenasc&page=483
INFO:__main__:Extracted: J. & W. Hauser Wäschefabrik GmbH ()
INFO:__main__:Using cached content for https://www2.hu-berlin.de/djgb/public/en/find?q=&fq=&sort=unternehmenasc&page=484
INFO:__main__:Extracted: J. & W. Herz ()
INFO:__main__:Extracted: J. Baruch Kunstverlag (handicraft)
INFO:__main__:Extracted: J. A. Gilka AG (industry)
INFO:__main__:Extracted: J. C. Dierke Nachf. (trade)
INFO:__main__:Extracted: J. Baumann & Sohn ()
INFO:__main__:Extracted: J. Adler & Co ()
INFO:__main__:Extracted: J. C. Lutter (Weingroßhandlung) AG ()
INFO:__main__:Extracted: J. Bekier ()
INFO:__main__:Extracted: J. Adler junr. & Co Gesellschaft für chemische Industrie mbH (industry)
INFO:__main__:Extracted: J. C. Pfaff AG ()
INFO:__main__:Extracted: J. Bellmann & Co, Zweigniederlassung Berlin ()
INFO:__main__:Extracted: J. Adler junr. Frankfurt a. M. Zweigniederlassung Berlin (trade)
INFO:__main__:Extracted: J. C. Pfaff Aktiengesellschaft und Trunk & Co ()
INFO:__main__:Extracted: J. Berger AG ()
INFO:__main__:Extracted: J. Altschul & Co (trade)
INFO:__main__:Extracted: J. C. Pfaff und Trunck & Co Fabrik-Betriebsgesellschaft mbH (trade)
INFO:__main__:Extracted: J. Biermann (industry)
INFO:__main__:Extracted: J. Anton Alexander ()
INFO:__main__:Extracted: J. Cukiermann ()
INFO:__main__:Extracted: J. Brann Röhrengeschäft (trade)
INFO:__main__:Extracted: J. Aron (trade)
INFO:__main__:Extracted: J. Cyfer ()
INFO:__main__:Extracted: J. Brieger ()
INFO:__main__:Extracted 10 businesses from https://www2.hu-berlin.de/djgb/public/en/find?q=&fq=&sort=unternehmenasc&page=482
INFO:__main__:Extracted: J. Cynamon ()
INFO:__main__:Extracted: J. Brisgelsky ()
INFO:__main__:Extracted: J. Danziger (trade)
INFO:__main__:Extracted: J. Brzezinski ()
INFO:__main__:Extracted: J. Davis Nathusius (trade)
INFO:__main__:Extracted 10 businesses from https://www2.hu-berlin.de/djgb/public/en/find?q=&fq=&sort=unternehmenasc&page=483
INFO:__main__:Using cached content for https://www2.hu-berlin.de/djgb/public/en/find?q=&fq=&sort=unternehmenasc&page=485
INFO:__main__:Extracted 10 businesses from https://www2.hu-berlin.de/djgb/public/en/find?q=&fq=&sort=unternehmenasc&page=484
INFO:__main__:Extracted: J. Dobschiner ()
INFO:__main__:Extracted: J. Dresdner Nachfolger (trade)
INFO:__main__:Extracted: J. Dreyfus & Co ()
INFO:__main__:Extracted: J. Duchowny ()
INFO:__main__:Extracted: J. Eichenberg AG für Wäschefabrikation (industry)
INFO:__main__:Extracted: J. Erdberg ()
INFO:__main__:Extracted: J. Feige ()
INFO:__main__:Extracted: J. Felix & Mannaberg ()
INFO:__main__:Extracted: J. Flichter ()
INFO:__main__:Extracted: J. Fritz Lemle ()
INFO:__main__:Extracted 10 businesses from https://www2.hu-berlin.de/djgb/public/en/find?q=&fq=&sort=unternehmenasc&page=485
INFO:__main__:Using cached content for https://www2.hu-berlin.de/djgb/public/en/find?q=&fq=&sort=unternehmenasc&page=486
INFO:__main__:Using cached content for https://www2.hu-berlin.de/djgb/public/en/find?q=&fq=&sort=unternehmenasc&page=487
INFO:__main__:Extracted: J. Gerber & Co ()
INFO:__main__:Using cached content for https://www2.hu-berlin.de/djgb/public/en/find?q=&fq=&sort=unternehmenasc&page=488
INFO:__main__:Extracted: J. Hauswirth ()
INFO:__main__:Extracted: J. Gnadenfeld (trade)
INFO:__main__:Extracted: J. Kaufmann (trade)
INFO:__main__:Extracted: J. Hillel (trade)
INFO:__main__:Extracted: J. Goldfarb ()
INFO:__main__:Extracted: J. Klonower in Firma S. David / S. David ()
INFO:__main__:Extracted: J. Hirschhorn AG (industry)
INFO:__main__:Extracted: J. Goldmann ()
INFO:__main__:Extracted: J. Kosterlitz (trade)
INFO:__main__:Extracted: J. Hoffmann & Co ()
INFO:__main__:Extracted: J. Goldschmiedt & Co ()
INFO:__main__:Extracted: J. Kristan GmbH (industry)
INFO:__main__:Extracted: J. Kurt Kranz (trade)
INFO:__main__:Extracted: J. Kuschlewski & Blumenthal (trade)
INFO:__main__:Extracted: J. Königsberger & Co (trade)
INFO:__main__:Extracted: J. L. Deutsch & Sohn (trade)
INFO:__main__:Extracted: J. Hohenstein & Co ()
INFO:__main__:Extracted: J. L. Toczek Nachfl. ()
INFO:__main__:Extracted: J. Gradhandt ()
INFO:__main__:Extracted: J. Horwitz & Co ()
INFO:__main__:Extracted: J. Landsberger (trade)
INFO:__main__:Extracted: J. H. Schwarzschild & Co (trade)
INFO:__main__:Extracted: J. J. Caro (trade)
INFO:__main__:Extracted 10 businesses from https://www2.hu-berlin.de/djgb/public/en/find?q=&fq=&sort=unternehmenasc&page=488
INFO:__main__:Extracted: J. H. Waßer (trade)
INFO:__main__:Extracted: J. Jacobinski (trade)
INFO:__main__:Extracted: J. Halberstadt ()
INFO:__main__:Extracted: J. Jurke & Co (trade)
INFO:__main__:Extracted: J. Kalmus ()
INFO:__main__:Extracted 10 businesses from https://www2.hu-berlin.de/djgb/public/en/find?q=&fq=&sort=unternehmenasc&page=487
INFO:__main__:Extracted: J. Hammer, GmbH, Zweigniederlassung Berlin ()
INFO:__main__:Extracted 10 businesses from https://www2.hu-berlin.de/djgb/public/en/find?q=&fq=&sort=unternehmenasc&page=486
INFO:__main__:Using cached content for https://www2.hu-berlin.de/djgb/public/en/find?q=&fq=&sort=unternehmenasc&page=489
INFO:__main__:Using cached content for https://www2.hu-berlin.de/djgb/public/en/find?q=&fq=&sort=unternehmenasc&page=490
INFO:__main__:Extracted: J. Lasch & Sohn ()
INFO:__main__:Extracted: J. M. Grünwald (trade)
INFO:__main__:Extracted: J. Lauffer & Co Kurzwaren Engros ()
INFO:__main__:Extracted: J. M. Israel (trade)
INFO:__main__:Extracted: J. Lazarus GmbH ()
INFO:__main__:Using cached content for https://www2.hu-berlin.de/djgb/public/en/find?q=&fq=&sort=unternehmenasc&page=491
INFO:__main__:Extracted: J. Maierzak ()
INFO:__main__:Extracted: J. Levy & Co (trade)
INFO:__main__:Extracted: J. Michael & Co (trade)
INFO:__main__:Extracted: J. Marcus (I. Marcus) ()
INFO:__main__:Extracted: J. Levy & Co Vereinigte Hut Compagnie (trade)
INFO:__main__:Extracted: J. Michel & Co (trade)
INFO:__main__:Extracted: J. Margoninsky ()
INFO:__main__:Extracted: J. Levy & Sohn ()
INFO:__main__:Extracted: J. Moritz Rosenthal (trade)
INFO:__main__:Extracted: J. Menkes ()
INFO:__main__:Extracted: J. Lewin & Co GmbH ()
INFO:__main__:Extracted: J. Munderstein ()
INFO:__main__:Extracted: J. Mersand ()
INFO:__main__:Extracted: J. Lewinski & Co ()
INFO:__main__:Extracted: J. Nemeth ()
INFO:__main__:Extracted: J. Metz & Co ()
INFO:__main__:Extracted: J. Lianda ()
INFO:__main__:Extracted: J. Neumann AG (trade)
INFO:__main__:Extracted: J. Meyer & Co (industry)
INFO:__main__:Extracted: J. Loewenherz (trade)
INFO:__main__:Extracted: J. Oehl (trade)
INFO:__main__:Extracted: J. Meyerhof (trade)
INFO:__main__:Extracted 10 businesses from https://www2.hu-berlin.de/djgb/public/en/find?q=&fq=&sort=unternehmenasc&page=489
INFO:__main__:Extracted: J. Oskar Träger (trade)
INFO:__main__:Extracted 10 businesses from https://www2.hu-berlin.de/djgb/public/en/find?q=&fq=&sort=unternehmenasc&page=490
INFO:__main__:Extracted: J. Pakuscher ()
INFO:__main__:Extracted: J. Pasch (trade)
INFO:__main__:Extracted 10 businesses from https://www2.hu-berlin.de/djgb/public/en/find?q=&fq=&sort=unternehmenasc&page=491
INFO:__main__:Using cached content for https://www2.hu-berlin.de/djgb/public/en/find?q=&fq=&sort=unternehmenasc&page=493
INFO:__main__:Using cached content for https://www2.hu-berlin.de/djgb/public/en/find?q=&fq=&sort=unternehmenasc&page=492
INFO:__main__:Extracted: J. Sander Nachfg., Fabrik für Badeöfen, Spültische und Zinkwaschgefäße GmbH ()
INFO:__main__:Extracted: J. Pincus Söhne GmbH ()
INFO:__main__:Extracted: J. Schabschin ()
INFO:__main__:Using cached content for https://www2.hu-berlin.de/djgb/public/en/find?q=&fq=&sort=unternehmenasc&page=494
INFO:__main__:Extracted: J. Polak Apparatebau Aktiengesellschaft Ipag (industry)
INFO:__main__:Extracted: J. Schawetz, Pelzwaren GmbH ()
INFO:__main__:Extracted: J. Prilutzky ()
INFO:__main__:Extracted: J. Stamm ()
INFO:__main__:Extracted: J. Schindler & Sohn ()
INFO:__main__:Extracted: J. Prochownik (trade)
INFO:__main__:Extracted: J. Stargardt (trade)
INFO:__main__:Extracted: J. Schneider & Co GmbH ()
INFO:__main__:Extracted: J. Radel ()
INFO:__main__:Extracted: J. Strelitz (trade)
INFO:__main__:Extracted: J. Schwabe & Co ()
INFO:__main__:Extracted: J. Ritoff & Co (trade)
INFO:__main__:Extracted: J. Tauber (trade)
INFO:__main__:Extracted: J. Schwandt (industry)
INFO:__main__:Extracted: J. Rosenbaum (trade)
INFO:__main__:Extracted: J. Themal (trade)
INFO:__main__:Extracted: J. Schwersenz & Sohn (trade)
INFO:__main__:Extracted: J. Rothstein Söhne (trade)
INFO:__main__:Extracted: J. Treuherz & Curth ()
INFO:__main__:Extracted: J. Segalowitsch ()
INFO:__main__:Extracted: J. Salomon & Co (trade)
INFO:__main__:Extracted: J. Tützer & Co (industry)
INFO:__main__:Extracted: J. Sochaczewer (trade)
INFO:__main__:Extracted: J. Salomonis GmbH ()
INFO:__main__:Extracted: J. Uscherowitz ()
INFO:__main__:Extracted 10 businesses from https://www2.hu-berlin.de/djgb/public/en/find?q=&fq=&sort=unternehmenasc&page=493
INFO:__main__:Extracted 10 businesses from https://www2.hu-berlin.de/djgb/public/en/find?q=&fq=&sort=unternehmenasc&page=492
INFO:__main__:Extracted: J. Volkowitz ()
INFO:__main__:Extracted: J. Wallach (trade)
INFO:__main__:Extracted 10 businesses from https://www2.hu-berlin.de/djgb/public/en/find?q=&fq=&sort=unternehmenasc&page=494
INFO:__main__:Using cached content for https://www2.hu-berlin.de/djgb/public/en/find?q=&fq=&sort=unternehmenasc&page=495
INFO:__main__:Using cached content for https://www2.hu-berlin.de/djgb/public/en/find?q=&fq=&sort=unternehmenasc&page=497
INFO:__main__:Extracted: J. Wedel & Co ()
INFO:__main__:Using cached content for https://www2.hu-berlin.de/djgb/public/en/find?q=&fq=&sort=unternehmenasc&page=496
INFO:__main__:Extracted: Jacob Bärenholz (trade)
INFO:__main__:Extracted: Jacob Chankin ()
INFO:__main__:Extracted: Jacob & Richter - Siegmund Strauß jr., Vereinigte Spitzenhäuser AG ()
INFO:__main__:Extracted: Jacob Claassen ()
INFO:__main__:Extracted: J. Weissler ()
INFO:__main__:Extracted: Jacob & Valentin ()
INFO:__main__:Extracted: Jacob Cohn Lederhandlung (trade)
INFO:__main__:Extracted: J. Wolf Ingenieur Verkaufszentrale GmbH ()
INFO:__main__:Extracted: Jacob A. Seligmann & Co AG (industry)
INFO:__main__:Extracted: Jacob Cohn Wild, Geflügel, Eier (trade)
INFO:__main__:Extracted: Jablonski & Co KG (trade)
INFO:__main__:Extracted: Jacob Abraham (trade)
INFO:__main__:Extracted: Jacob Dreifus & Co ()
INFO:__main__:Extracted: Jack Hölzer ()
INFO:__main__:Extracted: Jacob Bergoffen ()
INFO:__main__:Extracted: Jacob Edler ()
INFO:__main__:Extracted: Jack Moschkowitz ()
INFO:__main__:Extracted: Jacob Blumenfeld (trade)
INFO:__main__:Extracted: Jacob Ehrlich GmbH ()
INFO:__main__:Extracted: Jacob & Bornstädt ()
INFO:__main__:Extracted: Jacob Blücher Lebensmittel-Groß- und Kleinhandel ()
INFO:__main__:Extracted: Jacob Freudenheim Inh. Martin Sommerfeld (trade)
INFO:__main__:Extracted: Jacob & Mannheim (trade)
INFO:__main__:Extracted: Jacob Bock (trade)
INFO:__main__:Extracted: Jacob Färber (trade)
INFO:__main__:Extracted: Jacob & Marcus (trade)
INFO:__main__:Extracted: Jacob Braude Lederkommission engros (trade)
INFO:__main__:Extracted 10 businesses from https://www2.hu-berlin.de/djgb/public/en/find?q=&fq=&sort=unternehmenasc&page=497
INFO:__main__:Extracted: Jacob & Richter ()
INFO:__main__:Extracted: Jacob Buchmann ()
INFO:__main__:Extracted 10 businesses from https://www2.hu-berlin.de/djgb/public/en/find?q=&fq=&sort=unternehmenasc&page=495
INFO:__main__:Extracted 10 businesses from https://www2.hu-berlin.de/djgb/public/en/find?q=&fq=&sort=unternehmenasc&page=496
INFO:__main__:Using cached content for https://www2.hu-berlin.de/djgb/public/en/find?q=&fq=&sort=unternehmenasc&page=498
INFO:__main__:Extracted: Jacob Goldbaum (trade)
INFO:__main__:Extracted: Jacob Grubner (handicraft)
INFO:__main__:Extracted: Jacob Herrmann (trade)
INFO:__main__:Using cached content for https://www2.hu-berlin.de/djgb/public/en/find?q=&fq=&sort=unternehmenasc&page=499
INFO:__main__:Extracted: Jacob Hirsch Hypotheken & Grundbesitz ()
INFO:__main__:Using cached content for https://www2.hu-berlin.de/djgb/public/en/find?q=&fq=&sort=unternehmenasc&page=500
INFO:__main__:Extracted: Jacob Lewinsohn, Darmhandlung Import & Export ()
INFO:__main__:Extracted: Jacob Instrator ()
INFO:__main__:Extracted: Jacob Ritterband (trade)
INFO:__main__:Extracted: Jacob Liebermann (trade)
INFO:__main__:Extracted: Jacob Jacobsohn (trade)
INFO:__main__:Extracted: Jacob Rosenberg ()
INFO:__main__:Extracted: Jacob Lindemann ()
INFO:__main__:Extracted: Jacob Jonas ()
INFO:__main__:Extracted: Jacob Sack ()
INFO:__main__:Extracted: Jacob Marcus ()
INFO:__main__:Extracted: Jacob Judey ()
INFO:__main__:Extracted: Jacob Schreiber ()
INFO:__main__:Extracted: Jacob Moses ()
INFO:__main__:Extracted: Jacob Koffer ()
INFO:__main__:Extracted: Jacob Schwarzschild (trade)
INFO:__main__:Extracted: Jacob Neumark (trade)
INFO:__main__:Extracted: Jacob Levy (trade)
INFO:__main__:Extracted: Jacob Stein ()
INFO:__main__:Extracted: Jacob Pasch (trade)
INFO:__main__:Extracted 10 businesses from https://www2.hu-berlin.de/djgb/public/en/find?q=&fq=&sort=unternehmenasc&page=498
INFO:__main__:Extracted: Jacob W. Rosen ()
INFO:__main__:Extracted: Jacob Pelziger (trade)
INFO:__main__:Extracted: Jacob Wasserzug (trade)
INFO:__main__:Extracted: Jacob Philipsborn ()
INFO:__main__:Extracted: Jacob Weinstein ()
INFO:__main__:Extracted: Jacob Reiss ()
INFO:__main__:Extracted: Jacob Wolff (trade)
INFO:__main__:Extracted 10 businesses from https://www2.hu-berlin.de/djgb/public/en/find?q=&fq=&sort=unternehmenasc&page=499
INFO:__main__:Extracted 10 businesses from https://www2.hu-berlin.de/djgb/public/en/find?q=&fq=&sort=unternehmenasc&page=500
INFO:__main__:Using cached content for https://www2.hu-berlin.de/djgb/public/en/find?q=&fq=&sort=unternehmenasc&page=501
INFO:__main__:Using cached content for https://www2.hu-berlin.de/djgb/public/en/find?q=&fq=&sort=unternehmenasc&page=502
INFO:__main__:Extracted: Jacob Zander (trade)
INFO:__main__:Extracted: Jacobson & Co ()
INFO:__main__:Extracted: Jacob, Gertrud, verehel. Rosenbaum ()
INFO:__main__:Using cached content for https://www2.hu-berlin.de/djgb/public/en/find?q=&fq=&sort=unternehmenasc&page=503
INFO:__main__:Extracted: Jacoby, Fritz ()
INFO:__main__:Extracted: Jacob, Mathilde ()
INFO:__main__:Extracted: Jacques Zimmt ()
INFO:__main__:Extracted: Jacques Blumenthal (trade)
INFO:__main__:Extracted: Jacobi & Schmidt (trade)
INFO:__main__:Extracted: Jacquier & Securius ()
INFO:__main__:Extracted: Jacques Borchardt ()
INFO:__main__:Extracted: Jacobi Frida ()
INFO:__main__:Extracted: Jaffa & Levin (trade)
INFO:__main__:Extracted: Jacques Finkenstein (trade)
INFO:__main__:Extracted: Jacobowitz & Co Eierhandlung ()
INFO:__main__:Extracted: Jaffetty Perlen Wladimir Lipowetzky ()
INFO:__main__:Extracted: Jacques Kuschnitzky (trade)
INFO:__main__:Extracted: Jacobsen, Iwan ()
INFO:__main__:Extracted: Jakob & Josef Köppel ()
INFO:__main__:Extracted: Jacques Leibholz & Co (trade)
INFO:__main__:Extracted: Jacobsohn, Emmy ()
INFO:__main__:Extracted: Jakob Barasch (industry)
INFO:__main__:Extracted: Jacques Littmann ()
INFO:__main__:Extracted: Jacobsohn, Hedwig ()
INFO:__main__:Extracted: Jakob Berglas Bankgeschäft (trade)
INFO:__main__:Extracted: Jacques Mayer ()
INFO:__main__:Extracted: Jacobsohn, Siegfried ()
INFO:__main__:Extracted: Jakob Braner, Bankgeschäft (trade)
INFO:__main__:Extracted: Jacques Rosenberg & Co (trade)
INFO:__main__:Extracted 10 businesses from https://www2.hu-berlin.de/djgb/public/en/find?q=&fq=&sort=unternehmenasc&page=501
INFO:__main__:Extracted: Jakob Freier ()
INFO:__main__:Extracted 10 businesses from https://www2.hu-berlin.de/djgb/public/en/find?q=&fq=&sort=unternehmenasc&page=502
INFO:__main__:Extracted: Jakob Gerber (trade)
INFO:__main__:Extracted 10 businesses from https://www2.hu-berlin.de/djgb/public/en/find?q=&fq=&sort=unternehmenasc&page=503
INFO:__main__:Using cached content for https://www2.hu-berlin.de/djgb/public/en/find?q=&fq=&sort=unternehmenasc&page=504
INFO:__main__:Using cached content for https://www2.hu-berlin.de/djgb/public/en/find?q=&fq=&sort=unternehmenasc&page=506
INFO:__main__:Extracted: Jakob Gesang (trade)
INFO:__main__:Extracted: Jalkut GmbH (industry)
INFO:__main__:Extracted: Jakob Goteswilen (trade)
INFO:__main__:Using cached content for https://www2.hu-berlin.de/djgb/public/en/find?q=&fq=&sort=unternehmenasc&page=505
INFO:__main__:Extracted: Jalousien-Keuschen ()
INFO:__main__:Extracted: Jakob Hirschberg (trade)
INFO:__main__:Extracted: Jakob Poezter ()
INFO:__main__:Extracted: Jalousien-Stein ()
INFO:__main__:Extracted: Jakob Kellner ()
INFO:__main__:Extracted: Jakob Saudel ()
INFO:__main__:Extracted: James Aron ()
INFO:__main__:Extracted: Jakob Kohane ()
INFO:__main__:Extracted: Jakob Schidlow ()
INFO:__main__:Extracted: James Baer & Co (trade)
INFO:__main__:Extracted: Jakob Kut (trade)
INFO:__main__:Extracted: Jakob Setzka ()
INFO:__main__:Extracted: James Dresdner (trade)
INFO:__main__:Extracted: Jakob Last (trade)
INFO:__main__:Extracted: Jakob Sokal ()
INFO:__main__:Extracted: James Goßmann ()
INFO:__main__:Extracted: Jakob Markus ()
INFO:__main__:Extracted: Jakob Mulwidson ()
INFO:__main__:Extracted: Jakob Stecher ()
INFO:__main__:Extracted: Jakob Penner ()
INFO:__main__:Extracted: James Gutmann (industry)
INFO:__main__:Extracted: Jakob Zellermayer (trade)
INFO:__main__:Extracted 10 businesses from https://www2.hu-berlin.de/djgb/public/en/find?q=&fq=&sort=unternehmenasc&page=504
INFO:__main__:Extracted: James Isaac ()
INFO:__main__:Extracted: Jakobowski & Cohen (trade)
INFO:__main__:Extracted: James Joseph (trade)
INFO:__main__:Extracted: Jakobus, Adolf ()
INFO:__main__:Extracted 10 businesses from https://www2.hu-berlin.de/djgb/public/en/find?q=&fq=&sort=unternehmenasc&page=506
INFO:__main__:Extracted: Jakow Trachtenberg Verlag (industry)
INFO:__main__:Extracted 10 businesses from https://www2.hu-berlin.de/djgb/public/en/find?q=&fq=&sort=unternehmenasc&page=505
INFO:__main__:Using cached content for https://www2.hu-berlin.de/djgb/public/en/find?q=&fq=&sort=unternehmenasc&page=507
INFO:__main__:Extracted: James Katzmann ()
INFO:__main__:Extracted: James Kauffmann Beleuchtungsartikel (industry)
INFO:__main__:Extracted: James Löwenstein (trade)
INFO:__main__:Extracted: James Magnus (trade)
INFO:__main__:Extracted: James Rahmig (handicraft)
INFO:__main__:Extracted: James Schlesinger ()
INFO:__main__:Using cached content for https://www2.hu-berlin.de/djgb/public/en/find?q=&fq=&sort=unternehmenasc&page=508
INFO:__main__:Extracted: James Schmetz (trade)
INFO:__main__:Using cached content for https://www2.hu-berlin.de/djgb/public/en/find?q=&fq=&sort=unternehmenasc&page=509
INFO:__main__:Extracted: Jankiel Rosenberg ()
INFO:__main__:Extracted: James Schwersenz & Petzal Bankkommission (trade)
INFO:__main__:Extracted: Jastrow, Klara ()
INFO:__main__:Extracted: Janowitz & Spielmann ()
INFO:__main__:Extracted: James Simon ()
INFO:__main__:Extracted: Jean Caminer (trade)
INFO:__main__:Extracted: Japhet, Sundheimer & Co (trade)
INFO:__main__:Extracted: Jankel Sack ()
INFO:__main__:Extracted: Jean Guthmann & Co GmbH (trade)
INFO:__main__:Extracted: Jaques Marcussohn (trade)
INFO:__main__:Extracted 10 businesses from https://www2.hu-berlin.de/djgb/public/en/find?q=&fq=&sort=unternehmenasc&page=507
INFO:__main__:Extracted: Jean J. Heilbrunn (industry)
INFO:__main__:Extracted: Jaques Rosenthal ()
INFO:__main__:Extracted: Jean Lessler (trade)
INFO:__main__:Extracted: Jarislowsky & Co (trade)
INFO:__main__:Extracted: Jean Popper (trade)
INFO:__main__:Extracted: Jaromir Herz ()
INFO:__main__:Extracted: Jean Schulmeister (trade)
INFO:__main__:Extracted: Jaroslaw's Erste Glimmerwaaren-Fabrik in Berlin ()
INFO:__main__:Extracted: Jean Schwersenz ()
INFO:__main__:Extracted: Jaso Grundstücks-GmbH (trade)
INFO:__main__:Using cached content for https://www2.hu-berlin.de/djgb/public/en/find?q=&fq=&sort=unternehmenasc&page=510
INFO:__main__:Extracted: Jeanette Robes Fantasie Johanna Spitzer ()
INFO:__main__:Extracted: Jason Kunstanstalt für Reklame Jacoby & Sohn KG ()
INFO:__main__:Extracted: Jechiel Schneid ()
INFO:__main__:Extracted: Jellenick ()
INFO:__main__:Extracted 10 businesses from https://www2.hu-berlin.de/djgb/public/en/find?q=&fq=&sort=unternehmenasc&page=508
INFO:__main__:Extracted 10 businesses from https://www2.hu-berlin.de/djgb/public/en/find?q=&fq=&sort=unternehmenasc&page=509
INFO:__main__:Extracted: Jennie-Moden Eugenia Kriczewska ()
INFO:__main__:Extracted: Jenny Helmrich ()
INFO:__main__:Extracted: Jenny Jacoby & Selly Haase ()
INFO:__main__:Extracted: Jenny Kohn ()
INFO:__main__:Extracted: Jenny Unger ()
INFO:__main__:Extracted: Jenny Zickel (trade)
INFO:__main__:Extracted: Jersey-Club Adolf Casper ()
INFO:__main__:Extracted: Jersey-Club Margot Freudenberg ()
INFO:__main__:Extracted: Jersey-Club Paul Weinberg ()
INFO:__main__:Extracted 10 businesses from https://www2.hu-berlin.de/djgb/public/en/find?q=&fq=&sort=unternehmenasc&page=510
INFO:__main__:Using cached content for https://www2.hu-berlin.de/djgb/public/en/find?q=&fq=&sort=unternehmenasc&page=512
INFO:__main__:Using cached content for https://www2.hu-berlin.de/djgb/public/en/find?q=&fq=&sort=unternehmenasc&page=513
INFO:__main__:Using cached content for https://www2.hu-berlin.de/djgb/public/en/find?q=&fq=&sort=unternehmenasc&page=511
INFO:__main__:Extracted: Joel Kleczewski ()
INFO:__main__:Extracted: Johanna Silberstein (geb. Obersky) ()
INFO:__main__:Extracted: Jesim Garbuny ()
INFO:__main__:Extracted: Joel Mayer GmbH (trade)
INFO:__main__:Extracted: Johannes Behrendt, GmbH ()
INFO:__main__:Extracted: Jetty Behrendt ()
INFO:__main__:Extracted: Joelsohn & Smolinsky (trade)
INFO:__main__:Extracted: John Busch ()
INFO:__main__:Extracted: Joachim Hermann Tworoger (trade)
INFO:__main__:Extracted: Joh. Borck ()
INFO:__main__:Extracted: John Jesersky Holzhandlung ()
INFO:__main__:Extracted: Joachim Koppel (trade)
INFO:__main__:Extracted: Johanna Friedländer ()
INFO:__main__:Extracted: Jomi Vertriebsgesellschaft für elektrische Apparate mbH (trade)
INFO:__main__:Extracted: Joachim Koppel, Metallgießerei GmbH (industry)
INFO:__main__:Extracted: Johanna Jacoby ()
INFO:__main__:Extracted: Jonas Adler (trade)
INFO:__main__:Extracted: Joachim Schönberg ()
INFO:__main__:Extracted: Johanna Koehler-Kraftfahrzeug- und Teile-Vertrieb, Inh. Curt Birnholz ()
INFO:__main__:Extracted: Jonas Bing Zweigniederlassung Berlin ()
INFO:__main__:Extracted: Joachimsohn & Weißenberg (trade)
INFO:__main__:Extracted: Johanna Levin ()
INFO:__main__:Extracted: Jonas Salzmann ()
INFO:__main__:Extracted: Jockey Club Hermann Fürstenthal ()
INFO:__main__:Extracted: Johanna Münzer ()
INFO:__main__:Extracted: Jonas Schlesinger GmbH ()
INFO:__main__:Extracted: Joe Lautin ()
INFO:__main__:Extracted: Johanna Rawack ()
INFO:__main__:Extracted: Jonaß & Co AG ()
INFO:__main__:Extracted: Joe Straßner GmbH (trade)
INFO:__main__:Extracted 10 businesses from https://www2.hu-berlin.de/djgb/public/en/find?q=&fq=&sort=unternehmenasc&page=512
INFO:__main__:Extracted 10 businesses from https://www2.hu-berlin.de/djgb/public/en/find?q=&fq=&sort=unternehmenasc&page=513
INFO:__main__:Extracted 10 businesses from https://www2.hu-berlin.de/djgb/public/en/find?q=&fq=&sort=unternehmenasc&page=511
INFO:__main__:Using cached content for https://www2.hu-berlin.de/djgb/public/en/find?q=&fq=&sort=unternehmenasc&page=516
INFO:__main__:Extracted: Josef Glowinski ()
INFO:__main__:Using cached content for https://www2.hu-berlin.de/djgb/public/en/find?q=&fq=&sort=unternehmenasc&page=514
INFO:__main__:Extracted: Josef Gonzer ()
INFO:__main__:Using cached content for https://www2.hu-berlin.de/djgb/public/en/find?q=&fq=&sort=unternehmenasc&page=515
INFO:__main__:Extracted: Jongla Krawattenfabrik AG (industry)
INFO:__main__:Extracted: Josef Hirschberg ()
INFO:__main__:Extracted: Josef Bacharach, Hersfeld mit Zweigniederlassung in Berlin ()
INFO:__main__:Extracted: Jopse (oder Jopfe?) & Co ()
INFO:__main__:Extracted: Josef Honig (trade)
INFO:__main__:Extracted: Josef Baermann & Co ()
INFO:__main__:Extracted: Jordan & Blumenfeld ()
INFO:__main__:Extracted: Josef J. Pan, Berlin-Gablonz (industry)
INFO:__main__:Extracted: Josef Baran ()
INFO:__main__:Extracted: Joro Pfeifenmanufaktur Josef Rothstein (industry)
INFO:__main__:Extracted: Josef Jacobowitz ()
INFO:__main__:Extracted: Josef Beiner ()
INFO:__main__:Extracted: Jos. Brasch (trade)
INFO:__main__:Extracted: Josef Juliusburger ()
INFO:__main__:Extracted: Josef Berthóty GmbH (industry)
INFO:__main__:Extracted: Jos. Ritterband ()
INFO:__main__:Extracted: Josef Kamerling & Co (trade)
INFO:__main__:Extracted: Josef Ehrlich ()
INFO:__main__:Extracted: Jos. Steinberg GmbH (industry)
INFO:__main__:Extracted: Josef Kleinschmidt (trade)
INFO:__main__:Extracted: Josef Elias ()
INFO:__main__:Extracted: Josef & Eduard Schulhof ()
INFO:__main__:Extracted: Josef Lamm ()
INFO:__main__:Extracted: Josef Fischmann ()
INFO:__main__:Extracted: Josef Antel (trade)
INFO:__main__:Extracted 10 businesses from https://www2.hu-berlin.de/djgb/public/en/find?q=&fq=&sort=unternehmenasc&page=516
INFO:__main__:Extracted: Josef Fleischer (industry)
INFO:__main__:Extracted: Josef Apfelbaum (trade)
INFO:__main__:Extracted: Josef Friedländer (trade)
INFO:__main__:Extracted 10 businesses from https://www2.hu-berlin.de/djgb/public/en/find?q=&fq=&sort=unternehmenasc&page=514
INFO:__main__:Extracted 10 businesses from https://www2.hu-berlin.de/djgb/public/en/find?q=&fq=&sort=unternehmenasc&page=515
INFO:__main__:Using cached content for https://www2.hu-berlin.de/djgb/public/en/find?q=&fq=&sort=unternehmenasc&page=517
INFO:__main__:Using cached content for https://www2.hu-berlin.de/djgb/public/en/find?q=&fq=&sort=unternehmenasc&page=519
INFO:__main__:Using cached content for https://www2.hu-berlin.de/djgb/public/en/find?q=&fq=&sort=unternehmenasc&page=518
INFO:__main__:Extracted: Josef Landau Butter und Eier Versandhaus (trade)
INFO:__main__:Extracted: Josef Schreiber (trade)
INFO:__main__:Extracted: Josef Landsberger ()
INFO:__main__:Extracted: Josef Rappaport & Sohn Textilwaren ()
INFO:__main__:Extracted: Josef Schustermann, Adressen-Verlag ()
INFO:__main__:Extracted: Josef Laufbaum ()
INFO:__main__:Extracted: Josef Robinsohn (trade)
INFO:__main__:Extracted: Josef Schweitzer (trade)
INFO:__main__:Extracted: Josef Lieber (trade)
INFO:__main__:Extracted: Josef Roßbach (trade)
INFO:__main__:Extracted: Josef Simon (trade)
INFO:__main__:Extracted: Josef Luster ()
INFO:__main__:Extracted: Josef Rubin (trade)
INFO:__main__:Extracted: Josef Singer Verlag, AG (industry)
INFO:__main__:Extracted: Josef Mendelssohn (trade)
INFO:__main__:Extracted: Josef Sack (trade)
INFO:__main__:Extracted: Josef Steinberg Roßhaarzieherei (industry)
INFO:__main__:Extracted: Josef Meyer Kleider ()
INFO:__main__:Extracted: Josef Sand ()
INFO:__main__:Extracted: Josef Szarvas ()
INFO:__main__:Extracted: Josef Neuberger ()
INFO:__main__:Extracted: Josef Schimek ()
INFO:__main__:Extracted: Josef Wachsner & Co ()
INFO:__main__:Extracted: Josef Neufeld jr. (trade)
INFO:__main__:Extracted: Josef Schmalz & Co, GmbH ()
INFO:__main__:Extracted: Josef Weißenberg ()
INFO:__main__:Extracted: Josef Praschma Nachflg. R. Nachtlicht (industry)
INFO:__main__:Extracted: Josef Schmiedermayer ()
INFO:__main__:Extracted: Josefine Marcus ()
INFO:__main__:Extracted 10 businesses from https://www2.hu-berlin.de/djgb/public/en/find?q=&fq=&sort=unternehmenasc&page=517
INFO:__main__:Extracted: Josef Schmiedl ()
INFO:__main__:Extracted 10 businesses from https://www2.hu-berlin.de/djgb/public/en/find?q=&fq=&sort=unternehmenasc&page=519
INFO:__main__:Extracted 10 businesses from https://www2.hu-berlin.de/djgb/public/en/find?q=&fq=&sort=unternehmenasc&page=518
INFO:__main__:Using cached content for https://www2.hu-berlin.de/djgb/public/en/find?q=&fq=&sort=unternehmenasc&page=522
INFO:__main__:Extracted: Joseph Jankelowitz (trade)
INFO:__main__:Using cached content for https://www2.hu-berlin.de/djgb/public/en/find?q=&fq=&sort=unternehmenasc&page=521
INFO:__main__:Extracted: Joseph Jastrow (industry)
INFO:__main__:Using cached content for https://www2.hu-berlin.de/djgb/public/en/find?q=&fq=&sort=unternehmenasc&page=520
INFO:__main__:Extracted: Joseph Dreyfuß (trade)
INFO:__main__:Extracted: Joseph Jolowicz (trade)
INFO:__main__:Extracted: Joseli Joseph Eiligoulaschwili ()
INFO:__main__:Extracted: Joseph Fraenkel Baugeschäft AG ()
INFO:__main__:Extracted: Joseph Kober (trade)
INFO:__main__:Extracted: Joseph & Oppenheim GmbH ()
INFO:__main__:Extracted: Joseph Friedlich ()
INFO:__main__:Extracted: Joseph Lehrs (trade)
INFO:__main__:Extracted: Joseph Abend ()
INFO:__main__:Extracted: Joseph Friedländer, Sachverständiger ()
INFO:__main__:Extracted: Joseph Lewin (trade)
INFO:__main__:Extracted: Joseph Altmann, Bankgeschäft ()
INFO:__main__:Extracted: Joseph Funke & Sohn ()
INFO:__main__:Extracted: Joseph Metz Blumen- und Federnfabrikation (industry)
INFO:__main__:Extracted: Joseph Aufseher, Mechel Halle, Marcus Haber (46 Jahre), Aron Tepper (35 Jahre) ()
INFO:__main__:Extracted: Joseph Grünbaum ()
INFO:__main__:Extracted: Joseph Meyer (trade)
INFO:__main__:Extracted: Joseph Behr (trade)
INFO:__main__:Extracted: Joseph Hecht Vertretung für Gummiwaren ()
INFO:__main__:Extracted: Joseph Rosenblüth, in Firma Elektromotor Alexander ()
INFO:__main__:Extracted: Joseph Behrendt ()
INFO:__main__:Extracted: Joseph Jacobi Nachf. AG (industry)
INFO:__main__:Extracted: Joseph Rosenstock ()
INFO:__main__:Extracted: Joseph Botshaim ()
INFO:__main__:Extracted: Joseph Jacobi Nachf. GmbH ()
INFO:__main__:Extracted 10 businesses from https://www2.hu-berlin.de/djgb/public/en/find?q=&fq=&sort=unternehmenasc&page=522
INFO:__main__:Extracted: Joseph Chaim & Olitzki Filiale Steglitz Inh. Isidor Kober (trade)
INFO:__main__:Extracted: Joseph Jacobus (trade)
INFO:__main__:Extracted: Joseph Cohn & Co (trade)
INFO:__main__:Extracted 10 businesses from https://www2.hu-berlin.de/djgb/public/en/find?q=&fq=&sort=unternehmenasc&page=521
INFO:__main__:Extracted 10 businesses from https://www2.hu-berlin.de/djgb/public/en/find?q=&fq=&sort=unternehmenasc&page=520
INFO:__main__:Using cached content for https://www2.hu-berlin.de/djgb/public/en/find?q=&fq=&sort=unternehmenasc&page=523
INFO:__main__:Using cached content for https://www2.hu-berlin.de/djgb/public/en/find?q=&fq=&sort=unternehmenasc&page=524
INFO:__main__:Extracted: Joseph Sawady ()
INFO:__main__:Extracted: Joseph Zenober Häuser Verwaltungs, Instandsetzungs- und Immobilienbüro (trade)
INFO:__main__:Extracted: Joseph Schaefer (trade)
INFO:__main__:Using cached content for https://www2.hu-berlin.de/djgb/public/en/find?q=&fq=&sort=unternehmenasc&page=525
INFO:__main__:Extracted: Joseph, Adolf ()
INFO:__main__:Extracted: Joseph Schaul ()
INFO:__main__:Extracted: Jul. Tauber GmbH ()
INFO:__main__:Extracted: Josua Friedlaender (trade)
INFO:__main__:Extracted: Joseph Siedner (trade)
INFO:__main__:Extracted: Jules Lang (trade)
INFO:__main__:Extracted: Juan Casparius ()
INFO:__main__:Extracted: Joseph Spiero ()
INFO:__main__:Extracted: Julian Arendt ()
INFO:__main__:Extracted: Jubelski & Co, Herren- und Knabenkleiderfabrikation GmbH ()
INFO:__main__:Extracted: Joseph Stern (trade)
INFO:__main__:Extracted: Julian Arendt ()
INFO:__main__:Extracted: Jubelski & Cohen Knaben- Jünglings- und Burschenkleidung (trade)
INFO:__main__:Extracted: Joseph Sternberg ()
INFO:__main__:Extracted: Julian Berlak (trade)
INFO:__main__:Extracted: Jugend-Moden GmbH ()
INFO:__main__:Extracted: Joseph Treitel (trade)
INFO:__main__:Extracted: Julian Levy (trade)
INFO:__main__:Extracted: Juhre & Elencwajg ()
INFO:__main__:Extracted: Joseph Weiss ()
INFO:__main__:Extracted: Julian Maschkowsky (trade)
INFO:__main__:Extracted: Jul. Hahn (trade)
INFO:__main__:Extracted: Joseph Wilkow & Co ()
INFO:__main__:Extracted: Julian Salomonski ()
INFO:__main__:Extracted: Jul. Hecht & Co (trade)
INFO:__main__:Extracted 10 businesses from https://www2.hu-berlin.de/djgb/public/en/find?q=&fq=&sort=unternehmenasc&page=523
INFO:__main__:Extracted: Julian Thursch ()
INFO:__main__:Extracted 10 businesses from https://www2.hu-berlin.de/djgb/public/en/find?q=&fq=&sort=unternehmenasc&page=524
INFO:__main__:Extracted: Julie Brasch ()
INFO:__main__:Extracted 10 businesses from https://www2.hu-berlin.de/djgb/public/en/find?q=&fq=&sort=unternehmenasc&page=525
INFO:__main__:Using cached content for https://www2.hu-berlin.de/djgb/public/en/find?q=&fq=&sort=unternehmenasc&page=526
INFO:__main__:Extracted: Julius & Josef Lewin Tilsit ZN Berlin ()
INFO:__main__:Using cached content for https://www2.hu-berlin.de/djgb/public/en/find?q=&fq=&sort=unternehmenasc&page=528
INFO:__main__:Extracted: Julius Abraham (trade)
INFO:__main__:Using cached content for https://www2.hu-berlin.de/djgb/public/en/find?q=&fq=&sort=unternehmenasc&page=527
INFO:__main__:Extracted: Julius Buchsbaum ()
INFO:__main__:Extracted: Julius Ahronheim (trade)
INFO:__main__:Extracted: Julius Berlowitz ()
INFO:__main__:Extracted: Julius Caminer Berliner Leibchenhosen-Fabrik ()
INFO:__main__:Extracted: Julius Anker ()
INFO:__main__:Extracted: Julius Blacharz ()
INFO:__main__:Extracted: Julius Cohn (trade)
INFO:__main__:Extracted: Julius Arnheim (trade)
INFO:__main__:Extracted: Julius Bleyer ()
INFO:__main__:Extracted: Julius Dambitsch (trade)
INFO:__main__:Extracted: Julius Ascher (industry)
INFO:__main__:Extracted: Julius Bloch (trade)
INFO:__main__:Extracted: Julius Davidsohn (trade)
INFO:__main__:Extracted: Julius Autor (trade)
INFO:__main__:Extracted: Julius Boldes (industry)
INFO:__main__:Extracted: Julius Dresdner (trade)
INFO:__main__:Extracted: Julius Baruchsohn, in Firma: Kleiderpflege Hilda ()
INFO:__main__:Extracted: Julius Borchardt (trade)
INFO:__main__:Extracted: Julius Eifermann ()
INFO:__main__:Extracted: Julius Bendix Söhne (trade)
INFO:__main__:Extracted: Julius Bormaß & Co (industry)
INFO:__main__:Extracted: Julius Eimer Textilwaren-Agenturen (trade)
INFO:__main__:Extracted: Julius Bendix Söhne Leinen Gesellschaft mbH ()
INFO:__main__:Extracted: Julius Brann GmbH ()
INFO:__main__:Extracted: Julius Engländer ()
INFO:__main__:Extracted 10 businesses from https://www2.hu-berlin.de/djgb/public/en/find?q=&fq=&sort=unternehmenasc&page=526
INFO:__main__:Extracted: Julius Brettner (trade)
INFO:__main__:Extracted: Julius Fabian Deutsche Marmorwaren (trade)
INFO:__main__:Extracted: Julius Brummer (industry)
INFO:__main__:Extracted 10 businesses from https://www2.hu-berlin.de/djgb/public/en/find?q=&fq=&sort=unternehmenasc&page=528
INFO:__main__:Extracted 10 businesses from https://www2.hu-berlin.de/djgb/public/en/find?q=&fq=&sort=unternehmenasc&page=527
INFO:__main__:Using cached content for https://www2.hu-berlin.de/djgb/public/en/find?q=&fq=&sort=unternehmenasc&page=529
INFO:__main__:Extracted: Julius Fabisch (trade)
INFO:__main__:Using cached content for https://www2.hu-berlin.de/djgb/public/en/find?q=&fq=&sort=unternehmenasc&page=530
INFO:__main__:Extracted: Julius Falkenstein (trade)
INFO:__main__:Extracted: Julius Haas (trade)
INFO:__main__:Extracted: Julius Friedländer Schokoladen- und Zuckerwaren en gros ()
INFO:__main__:Using cached content for https://www2.hu-berlin.de/djgb/public/en/find?q=&fq=&sort=unternehmenasc&page=531
INFO:__main__:Extracted: Julius Hammer ()
INFO:__main__:Extracted: Julius Gadiel (trade)
INFO:__main__:Extracted: Julius Handt ()
INFO:__main__:Extracted: Julius Heymann Blusenfabrik (industry)
INFO:__main__:Extracted: Julius Gensler (trade)
INFO:__main__:Extracted: Julius Hartmann ()
INFO:__main__:Extracted: Julius Heß & Greger (trade)
INFO:__main__:Extracted: Julius Goldberg (trade)
INFO:__main__:Extracted: Julius Hartstein ()
INFO:__main__:Extracted: Julius Hirsch Fondsmakler (trade)
INFO:__main__:Extracted: Julius Goldemann (trade)
INFO:__main__:Extracted: Julius Haskel (trade)
INFO:__main__:Extracted: Julius Hirsch Mühlenwerke ()
INFO:__main__:Completed https://www2.hu-berlin.de/djgb/public/en/find?q=&fq=&sort=unternehmenasc&page=401: 10 businesses
INFO:__main__:Extracted: Julius Goldschmidt (trade)
INFO:__main__:Extracted: Julius Heimann ()
INFO:__main__:Extracted: Julius Hirschberg (trade)
INFO:__main__:Extracted: Julius Goldschmidt Bank - Commissionsgeschäft (trade)
INFO:__main__:Extracted: Julius Heller & Co GmbH ()
INFO:__main__:Extracted: Julius Hirschmann ()
INFO:__main__:Extracted: Julius Goldstein jr. (trade)
INFO:__main__:Extracted: Julius Henschel ()
INFO:__main__:Extracted: Julius Husch (trade)
INFO:__main__:Extracted 10 businesses from https://www2.hu-berlin.de/djgb/public/en/find?q=&fq=&sort=unternehmenasc&page=529
INFO:__main__:Extracted: Julius Heskel (trade)
INFO:__main__:Extracted: Julius Israel jr. ()
INFO:__main__:Extracted 10 businesses from https://www2.hu-berlin.de/djgb/public/en/find?q=&fq=&sort=unternehmenasc&page=530
INFO:__main__:Extracted: Julius J. Mayer ()
INFO:__main__:Extracted: Julius Jacobson (industry)
INFO:__main__:Extracted 10 businesses from https://www2.hu-berlin.de/djgb/public/en/find?q=&fq=&sort=unternehmenasc&page=531
INFO:__main__:Using cached content for https://www2.hu-berlin.de/djgb/public/en/find?q=&fq=&sort=unternehmenasc&page=533
INFO:__main__:Using cached content for https://www2.hu-berlin.de/djgb/public/en/find?q=&fq=&sort=unternehmenasc&page=534
INFO:__main__:Using cached content for https://www2.hu-berlin.de/djgb/public/en/find?q=&fq=&sort=unternehmenasc&page=532
INFO:__main__:Extracted: Julius Kiwi (industry)
INFO:__main__:Extracted: Julius Kroll ()
INFO:__main__:Extracted: Julius Jeidel ()
INFO:__main__:Extracted: Julius Klein (trade)
INFO:__main__:Extracted: Julius Kronheim (industry)
INFO:__main__:Extracted: Julius Josef Löwenberg (trade)
INFO:__main__:Extracted: Julius Klipstein ()
INFO:__main__:Extracted: Julius Krucz (trade)
INFO:__main__:Extracted: Julius Joseph (trade)
INFO:__main__:Extracted: Julius Knopf Nutzholzhandlung (trade)
INFO:__main__:Extracted: Julius Kurcz Mehl- und Hülsenfucht-Vertriebs-GmbH (trade)
INFO:__main__:Extracted: Julius Joseph & Co (trade)
INFO:__main__:Extracted: Julius Kobylinski (trade)
INFO:__main__:Extracted: Julius Lennhoff ()
INFO:__main__:Extracted: Julius Josephsohn ()
INFO:__main__:Extracted: Julius Kochmann (trade)
INFO:__main__:Extracted: Julius Levin (trade)
INFO:__main__:Extracted: Julius Katten (trade)
INFO:__main__:Extracted: Julius Kohn & Co (trade)
INFO:__main__:Extracted: Julius Levy (industry)
INFO:__main__:Extracted: Julius Katz ()
INFO:__main__:Extracted: Julius Kollenscher (trade)
INFO:__main__:Extracted: Julius Lewinnek ()
INFO:__main__:Extracted: Julius Kaufmann ()
INFO:__main__:Extracted: Julius Krakauer Mediz.-pharm. Präparate (trade)
INFO:__main__:Extracted: Julius Lilienthal (services)
INFO:__main__:Extracted: Julius Kaufmann Bankgeschäft ()
INFO:__main__:Extracted: Julius Krakauer Nachf. ()
INFO:__main__:Extracted: Julius Linnemann (trade)
INFO:__main__:Extracted: Julius Keidanski (trade)
INFO:__main__:Extracted 10 businesses from https://www2.hu-berlin.de/djgb/public/en/find?q=&fq=&sort=unternehmenasc&page=533
INFO:__main__:Extracted 10 businesses from https://www2.hu-berlin.de/djgb/public/en/find?q=&fq=&sort=unternehmenasc&page=534
INFO:__main__:Extracted 10 businesses from https://www2.hu-berlin.de/djgb/public/en/find?q=&fq=&sort=unternehmenasc&page=532
INFO:__main__:Using cached content for https://www2.hu-berlin.de/djgb/public/en/find?q=&fq=&sort=unternehmenasc&page=536
INFO:__main__:Using cached content for https://www2.hu-berlin.de/djgb/public/en/find?q=&fq=&sort=unternehmenasc&page=537
INFO:__main__:Extracted: Julius Löwenthal (trade)
INFO:__main__:Using cached content for https://www2.hu-berlin.de/djgb/public/en/find?q=&fq=&sort=unternehmenasc&page=535
INFO:__main__:Extracted: Julius M. Bier AG (trade)
INFO:__main__:Extracted: Julius Markus (industry)
INFO:__main__:Extracted: Julius Littmann ()
INFO:__main__:Extracted: Julius M. Bier GmbH in Liqu. (services)
INFO:__main__:Extracted: Julius Mayer (trade)
INFO:__main__:Extracted: Julius Loeb ()
INFO:__main__:Extracted: Julius M. Sachs (trade)
INFO:__main__:Extracted: Julius Meyer (trade)
INFO:__main__:Extracted: Julius Loeb Rauchwaren und Pelzkonfektion ()
INFO:__main__:Extracted: Julius Maier & Co Herrenwäschefabrik ()
INFO:__main__:Extracted: Julius Meyer Handelsvertreter und Kommissionär ()
INFO:__main__:Extracted: Julius Loewenberg (trade)
INFO:__main__:Extracted: Julius Manasse (trade)
INFO:__main__:Extracted: Julius Meyer Kleider ()
INFO:__main__:Extracted: Julius Loewenstein ()
INFO:__main__:Extracted: Julius Mannes (trade)
INFO:__main__:Extracted: Julius Michaelis ()
INFO:__main__:Extracted: Julius Loewenstein Vertretung ()
INFO:__main__:Extracted: Julius Marcus (trade)
INFO:__main__:Extracted: Julius Michaelis GmbH ()
INFO:__main__:Extracted: Julius Loewenthal ()
INFO:__main__:Extracted: Julius Marcus Damen-Mäntel-Confection engros-export (trade)
INFO:__main__:Extracted: Julius Moser (trade)
INFO:__main__:Extracted: Julius Lorsch (trade)
INFO:__main__:Extracted: Julius Margoninsky (industry)
INFO:__main__:Extracted: Julius Moser Papier- und Bindfadengroßhandlung ()
INFO:__main__:Extracted: Julius Löbenstein ()
INFO:__main__:Extracted 10 businesses from https://www2.hu-berlin.de/djgb/public/en/find?q=&fq=&sort=unternehmenasc&page=536
INFO:__main__:Extracted: Julius Nawratzki (trade)
INFO:__main__:Extracted: Julius Löwenhaar Möbel en gros (trade)
INFO:__main__:Extracted 10 businesses from https://www2.hu-berlin.de/djgb/public/en/find?q=&fq=&sort=unternehmenasc&page=537
INFO:__main__:Extracted 10 businesses from https://www2.hu-berlin.de/djgb/public/en/find?q=&fq=&sort=unternehmenasc&page=535
INFO:__main__:Using cached content for https://www2.hu-berlin.de/djgb/public/en/find?q=&fq=&sort=unternehmenasc&page=540
INFO:__main__:Extracted: Julius Rosenthal Tuchhandlung en gros und Lombardirung von Textilwaren (trade)
INFO:__main__:Using cached content for https://www2.hu-berlin.de/djgb/public/en/find?q=&fq=&sort=unternehmenasc&page=538
INFO:__main__:Using cached content for https://www2.hu-berlin.de/djgb/public/en/find?q=&fq=&sort=unternehmenasc&page=539
INFO:__main__:Extracted: Julius Rosenthal jr. (trade)
INFO:__main__:Extracted: Julius Nelson & Co ()
INFO:__main__:Extracted: Julius Rapp (trade)
INFO:__main__:Extracted: Julius Rost (trade)
INFO:__main__:Extracted: Julius Neumann & Co (trade)
INFO:__main__:Extracted: Julius Rausch (trade)
INFO:__main__:Extracted: Julius Rothmann (trade)
INFO:__main__:Extracted: Julius Oppenheimer Agentur und Kommission (trade)
INFO:__main__:Extracted: Julius Ries AG für Textilunternehmungen ()
INFO:__main__:Extracted: Julius Sachs (trade)
INFO:__main__:Extracted: Julius Oswald & Co GmbH ()
INFO:__main__:Extracted: Julius Robitschek Agentur u. Commission ()
INFO:__main__:Extracted: Julius Sachs & Co ()
INFO:__main__:Extracted: Julius Peyser ()
INFO:__main__:Extracted: Julius Rose Mehl engros (trade)
INFO:__main__:Extracted: Julius Sachs junior (trade)
INFO:__main__:Extracted: Julius Pieck (trade)
INFO:__main__:Extracted: Julius Rosenbaum (trade)
INFO:__main__:Extracted: Julius Saenger ()
INFO:__main__:Extracted: Julius Pinner ()
INFO:__main__:Extracted: Julius Rosenberg (trade)
INFO:__main__:Extracted: Julius Sand (trade)
INFO:__main__:Extracted: Julius Prager & Georg Prager ()
INFO:__main__:Extracted: Julius Rosenstrauch ()
INFO:__main__:Extracted: Julius Sandmann & Co (trade)
INFO:__main__:Extracted: Julius Prochownick (trade)
INFO:__main__:Extracted: Julius Rosenthal ()
INFO:__main__:Extracted 10 businesses from https://www2.hu-berlin.de/djgb/public/en/find?q=&fq=&sort=unternehmenasc&page=540
INFO:__main__:Extracted: Julius Püttmann ()
INFO:__main__:Extracted: Julius Rosenthal Geschäftsbücher und Kontorbedarf GmbH (trade)
INFO:__main__:Extracted 10 businesses from https://www2.hu-berlin.de/djgb/public/en/find?q=&fq=&sort=unternehmenasc&page=538
INFO:__main__:Extracted 10 businesses from https://www2.hu-berlin.de/djgb/public/en/find?q=&fq=&sort=unternehmenasc&page=539
INFO:__main__:Using cached content for https://www2.hu-berlin.de/djgb/public/en/find?q=&fq=&sort=unternehmenasc&page=541
INFO:__main__:Using cached content for https://www2.hu-berlin.de/djgb/public/en/find?q=&fq=&sort=unternehmenasc&page=543
INFO:__main__:Using cached content for https://www2.hu-berlin.de/djgb/public/en/find?q=&fq=&sort=unternehmenasc&page=542
INFO:__main__:Extracted: Julius Schimmel & Co ()
INFO:__main__:Extracted: Julius Wiener Nachf. ()
INFO:__main__:Extracted: Julius Strauß Knopfmanufaktur (industry)
INFO:__main__:Extracted: Julius Schlesinger (trade)
INFO:__main__:Extracted: Julius Wiener Nachf. GmbH ()
INFO:__main__:Extracted: Julius Taucher ()
INFO:__main__:Extracted: Julius Scholem ()
INFO:__main__:Extracted: Julius Woyda (industry)
INFO:__main__:Extracted: Julius Treister, Immobilien ()
INFO:__main__:Extracted: Julius Schürmann ()
INFO:__main__:Extracted: Julius Zehden (trade)
INFO:__main__:Extracted: Julius Tuchler (trade)
INFO:__main__:Extracted: Julius Seifer Pelzwarenhaus (trade)
INFO:__main__:Extracted: Julius Zielinski ()
INFO:__main__:Extracted: Julius Victor (trade)
INFO:__main__:Extracted: Julius Silberlicht ()
INFO:__main__:Extracted: Julius und Adolf Loewenberg ()
INFO:__main__:Extracted: Julius W. Cohn (trade)
INFO:__main__:Extracted: Julius Sonnenberg (trade)
INFO:__main__:Extracted: Jurmann GmbH ()
INFO:__main__:Extracted: Julius W. Fabian (industry)
INFO:__main__:Extracted: Julius Springer (industry)
INFO:__main__:Extracted: Justin Lehmann (trade)
INFO:__main__:Extracted: Julius Wachsberger (industry)
INFO:__main__:Extracted: Julius Stern (trade)
INFO:__main__:Extracted: Juwelen Leihhaus Rakowski & Scheinholz ()
INFO:__main__:Extracted: Julius Weigert ()
INFO:__main__:Extracted: Julius Strauss (trade)
INFO:__main__:Extracted: Juwelen- Gold- Silberwarengeschäft A. Rosenfeld, GmbH (handicraft)
INFO:__main__:Extracted: Julius Weizenblüth ()
INFO:__main__:Extracted 10 businesses from https://www2.hu-berlin.de/djgb/public/en/find?q=&fq=&sort=unternehmenasc&page=541
INFO:__main__:Extracted 10 businesses from https://www2.hu-berlin.de/djgb/public/en/find?q=&fq=&sort=unternehmenasc&page=543
INFO:__main__:Extracted 10 businesses from https://www2.hu-berlin.de/djgb/public/en/find?q=&fq=&sort=unternehmenasc&page=542
INFO:__main__:Using cached content for https://www2.hu-berlin.de/djgb/public/en/find?q=&fq=&sort=unternehmenasc&page=545
INFO:__main__:Using cached content for https://www2.hu-berlin.de/djgb/public/en/find?q=&fq=&sort=unternehmenasc&page=544
INFO:__main__:Extracted: K. Brager & Janowsky (trade)
INFO:__main__:Extracted: K. Loebenstein (trade)
INFO:__main__:Extracted: K. Müller & Matheus ()
INFO:__main__:Extracted: K. O. Sylvester & Co GmbH ()
INFO:__main__:Extracted: K. Schulz, vormals: W. Finger ()
INFO:__main__:Extracted: K. V. G. Kleidervertriebsgesellschaft Gebrüder Sklarek (trade)
INFO:__main__:Extracted: K. u. P. Kreklow ()
INFO:__main__:Extracted: Kabaret der Komiker GmbH 'KadeKo' (services)
INFO:__main__:Extracted: Kabra, Handelsgesellschaft für chemische Produkte mbH (trade)
INFO:__main__:Extracted: Kaet & Brockwitz ()
INFO:__main__:Extracted 10 businesses from https://www2.hu-berlin.de/djgb/public/en/find?q=&fq=&sort=unternehmenasc&page=545
INFO:__main__:Extracted: Juwelen-Handelsgesellschaft Feldmann & Lesnik (handicraft)
INFO:__main__:Extracted: Juwelenhandel Louis Lewin (trade)
INFO:__main__:Extracted: Jüdel Laufer ()
INFO:__main__:Extracted: Jüdische Darlehnskasse GmbH (trade)
INFO:__main__:Extracted: Jüdische Landarbeit GmbH (services)
INFO:__main__:Extracted: Jüdische Rundschau GmbH (industry)
INFO:__main__:Extracted: Jüdische Telegraphen-Agentur GmbH (services)
INFO:__main__:Extracted: Jüdischer Kreditverein für Handel und Gewerbe eGmbH (trade)
INFO:__main__:Extracted: Jüdischer Verlag GmbH (industry)
INFO:__main__:Extracted: Jülicher Apotheke Paul Mehse ()
INFO:__main__:Extracted 10 businesses from https://www2.hu-berlin.de/djgb/public/en/find?q=&fq=&sort=unternehmenasc&page=544
INFO:__main__:Using cached content for https://www2.hu-berlin.de/djgb/public/en/find?q=&fq=&sort=unternehmenasc&page=546
INFO:__main__:Extracted: Kaffee zum Wiener ()
INFO:__main__:Extracted: Kaffee-Vertrieb Georg Benjamin ()
INFO:__main__:Extracted: Kahan Vermögensverwaltung GmbH (trade)
INFO:__main__:Extracted: Kahn & Kahn GmbH ()
INFO:__main__:Extracted: Kahn, Herxheimer & Co (trade)
INFO:__main__:Extracted: Kahn, Weil & Cie (trade)
INFO:__main__:Extracted: Kaiser & Co ()
INFO:__main__:Extracted: Kaiser & Pachale ()
INFO:__main__:Extracted: Kaiser Friedrich Apotheke Dr. Ernst Silten ()
INFO:__main__:Extracted: Kaiserdamm-Bau-AG (trade)
INFO:__main__:Extracted 10 businesses from https://www2.hu-berlin.de/djgb/public/en/find?q=&fq=&sort=unternehmenasc&page=546
INFO:__main__:Using cached content for https://www2.hu-berlin.de/djgb/public/en/find?q=&fq=&sort=unternehmenasc&page=548
INFO:__main__:Extracted: Kalman Weiss (trade)
INFO:__main__:Using cached content for https://www2.hu-berlin.de/djgb/public/en/find?q=&fq=&sort=unternehmenasc&page=549
INFO:__main__:Using cached content for https://www2.hu-berlin.de/djgb/public/en/find?q=&fq=&sort=unternehmenasc&page=547
INFO:__main__:Extracted: Kaminski & Leser (industry)
INFO:__main__:Extracted: Kant-Garagenpalast Louis Serlin ()
INFO:__main__:Extracted: Kamm-Bloch Ella Bloch ()
INFO:__main__:Extracted: Kajo-Weinstuben-Betriebe GmbH (services)
INFO:__main__:Extracted: Kant-Möbelhaus Jacob Schapira (trade)
INFO:__main__:Extracted: Kammerich-Werke AG (industry)
INFO:__main__:Extracted: Kakadu-Weinstuben Dagobert Tichauer ()
INFO:__main__:Extracted: Kanter & Mohr (industry)
INFO:__main__:Extracted: Kammerjäger Moses ()
INFO:__main__:Extracted: Kakadu-Weinstuben KG Dagobert Tichauer (services)
INFO:__main__:Extracted: Kaphan, Georg ()
INFO:__main__:Extracted: Kammerjäger Simon ()
INFO:__main__:Extracted: Kalenscher, Heymann ()
INFO:__main__:Extracted: Kappler & Co ()
INFO:__main__:Extracted: Kammerjägerei Girrolin ()
INFO:__main__:Extracted: Kallmann & Falk (trade)
INFO:__main__:Extracted: Karfunkelstein, Ernst ()
INFO:__main__:Extracted: Kannenberg & Vielhauer GmbH ()
INFO:__main__:Extracted: Kallmann & Rosenbaum (trade)
INFO:__main__:Extracted: Kargel ()
INFO:__main__:Extracted: Kanold & Grüneberg (trade)
INFO:__main__:Extracted: Kallmann & Rosenbaum GmbH ()
INFO:__main__:Extracted: Karl & Co GmbH ()
INFO:__main__:Extracted: Kant Hotel Emil Schneider ()
INFO:__main__:Extracted: Kallmann und Co (trade)
INFO:__main__:Extracted: Karl & Josef Kleinmann (industry)
INFO:__main__:Extracted 10 businesses from https://www2.hu-berlin.de/djgb/public/en/find?q=&fq=&sort=unternehmenasc&page=548
INFO:__main__:Extracted: Kallmanns süße Ecke Feinste Süßkost Martin Kallmann (trade)
INFO:__main__:Extracted: Karl Abrahamowsky ()
INFO:__main__:Extracted: Kalman Cohn ()
INFO:__main__:Extracted 10 businesses from https://www2.hu-berlin.de/djgb/public/en/find?q=&fq=&sort=unternehmenasc&page=549
INFO:__main__:Extracted 10 businesses from https://www2.hu-berlin.de/djgb/public/en/find?q=&fq=&sort=unternehmenasc&page=547
INFO:__main__:Using cached content for https://www2.hu-berlin.de/djgb/public/en/find?q=&fq=&sort=unternehmenasc&page=550
INFO:__main__:Using cached content for https://www2.hu-berlin.de/djgb/public/en/find?q=&fq=&sort=unternehmenasc&page=551
INFO:__main__:Extracted: Karl Blattmann ()
INFO:__main__:Using cached content for https://www2.hu-berlin.de/djgb/public/en/find?q=&fq=&sort=unternehmenasc&page=552
INFO:__main__:Extracted: Karl Herzberg & Co ()
INFO:__main__:Extracted: Karl Bosse ()
INFO:__main__:Extracted: Karl Ruben Elektrische Neuheiten GmbH (trade)
INFO:__main__:Extracted: Karl Herzog ()
INFO:__main__:Extracted: Karl Braun Eisen- und Röhrenhandlung ()
INFO:__main__:Extracted: Karl Samuelsdorff (industry)
INFO:__main__:Extracted: Karl Hornung ()
INFO:__main__:Extracted: Karl Cohn (trade)
INFO:__main__:Extracted: Karl Silberstein (trade)
INFO:__main__:Extracted: Karl Kutschera ()
INFO:__main__:Extracted: Karl Dietrich Schreibmaschinen-Automaten ()
INFO:__main__:Extracted: Karl Wahaschaff ()
INFO:__main__:Extracted: Karl Köhler & Co Literarischer Verlag ()
INFO:__main__:Extracted: Karl Eisemann ()
INFO:__main__:Extracted: Karl Weisel (trade)
INFO:__main__:Extracted: Karl Lewinnek (trade)
INFO:__main__:Extracted: Karl Freudenthal (trade)
INFO:__main__:Extracted: Karl Weiß ()
INFO:__main__:Extracted: Karl Loewensohn ()
INFO:__main__:Extracted: Karl Glückauf Buchstabenfabrik-Reklamewerkstätte ()
INFO:__main__:Extracted: Karlsbader Mineralwasserversendung Löbel Schottländer Vertriebsgesellschaft mbH (trade)
INFO:__main__:Extracted: Karl Presch ()
INFO:__main__:Extracted: Karl Hartmann & Co GmbH ()
INFO:__main__:Extracted: Karos Karl Rosenthal ()
INFO:__main__:Extracted: Karl Presch junior ()
INFO:__main__:Extracted: Karl Heimann Koffer & Lederwaren (trade)
INFO:__main__:Extracted: Karplus & Herzberger (industry)
INFO:__main__:Extracted: Karl Reinke ()
INFO:__main__:Extracted 10 businesses from https://www2.hu-berlin.de/djgb/public/en/find?q=&fq=&sort=unternehmenasc&page=550
INFO:__main__:Extracted: Kartro-AG (trade)
INFO:__main__:Extracted 10 businesses from https://www2.hu-berlin.de/djgb/public/en/find?q=&fq=&sort=unternehmenasc&page=551
INFO:__main__:Extracted 10 businesses from https://www2.hu-berlin.de/djgb/public/en/find?q=&fq=&sort=unternehmenasc&page=552
INFO:__main__:Using cached content for https://www2.hu-berlin.de/djgb/public/en/find?q=&fq=&sort=unternehmenasc&page=553
INFO:__main__:Using cached content for https://www2.hu-berlin.de/djgb/public/en/find?q=&fq=&sort=unternehmenasc&page=554
INFO:__main__:Extracted: Kasper & Isaacsohn (trade)
INFO:__main__:Using cached content for https://www2.hu-berlin.de/djgb/public/en/find?q=&fq=&sort=unternehmenasc&page=555
INFO:__main__:Extracted: Kaufhaus Gebrüder Leyser (trade)
INFO:__main__:Extracted: Katakombe Kabarett GmbH ()
INFO:__main__:Extracted: Kaufhaus Moritz Unger (trade)
INFO:__main__:Extracted: Kaufhaus Glückshof Sally Levy (trade)
INFO:__main__:Extracted: Katz & Goldstein Berliner Kredit & Versand Gesellschaft Kagol (trade)
INFO:__main__:Extracted: Kaufhaus Moses Wolfenstein (trade)
INFO:__main__:Extracted: Kaufhaus Hermann Bry ()
INFO:__main__:Extracted: Katz, Regina geb. Hirsch ()
INFO:__main__:Extracted: Kaufhaus Paul Held Nachf. GmbH ()
INFO:__main__:Extracted: Kaufhaus Hermann Herzog (trade)
INFO:__main__:Extracted: Katzenstein & Co (trade)
INFO:__main__:Extracted: Kaufhaus Robert Schmidt (trade)
INFO:__main__:Extracted: Kaufhaus Lamm GmbH ()
INFO:__main__:Extracted: Kaufhaus Adolf Ehrlich (trade)
INFO:__main__:Extracted: Kaufhaus Südende Leopold Jontofsohn ()
INFO:__main__:Extracted: Kaufhaus Leo Bry (trade)
INFO:__main__:Extracted: Kaufhaus Arthur Rosendorff (trade)
INFO:__main__:Extracted: Kaufhaus Tegel Heinrich Tannenzapf ()
INFO:__main__:Extracted: Kaufhaus Leo Meyer (trade)
INFO:__main__:Extracted: Kaufhaus Felix Richter GmbH ()
INFO:__main__:Extracted: Kaufhaus Theodor Kirschbaum (trade)
INFO:__main__:Extracted: Kaufhaus M. Feidt Nachflg. ()
INFO:__main__:Extracted: Kaufhaus Felix Richter KG ()
INFO:__main__:Extracted: Kaufhaus Wrangelstraße GmbH (trade)
INFO:__main__:Extracted: Kaufhaus Modern Willi Schlein ()
INFO:__main__:Extracted: Kaufhaus Friedenau Oskar Goldstein (trade)
INFO:__main__:Extracted: Kaufhaus des Westens GmbH (trade)
INFO:__main__:Extracted: Kaufhaus Moritz Feidt (trade)
INFO:__main__:Extracted 10 businesses from https://www2.hu-berlin.de/djgb/public/en/find?q=&fq=&sort=unternehmenasc&page=553
INFO:__main__:Extracted: Kaufmann & Co (trade)
INFO:__main__:Extracted 10 businesses from https://www2.hu-berlin.de/djgb/public/en/find?q=&fq=&sort=unternehmenasc&page=554
INFO:__main__:Extracted 10 businesses from https://www2.hu-berlin.de/djgb/public/en/find?q=&fq=&sort=unternehmenasc&page=555
INFO:__main__:Using cached content for https://www2.hu-berlin.de/djgb/public/en/find?q=&fq=&sort=unternehmenasc&page=557
INFO:__main__:Using cached content for https://www2.hu-berlin.de/djgb/public/en/find?q=&fq=&sort=unternehmenasc&page=556
INFO:__main__:Extracted: Keller & Furch (trade)
INFO:__main__:Using cached content for https://www2.hu-berlin.de/djgb/public/en/find?q=&fq=&sort=unternehmenasc&page=558
INFO:__main__:Extracted: Kaufmann & Goldschmidt ()
INFO:__main__:Extracted: Keller & Reiner GmbH (trade)
INFO:__main__:Extracted: Kimelman & Schmidt, Ingenieure ()
INFO:__main__:Extracted: Kaufmann & Meyer ()
INFO:__main__:Extracted: Kempinski Export und Hotel GmbH ()
INFO:__main__:Extracted: Kinematographie Jacob Schatzow (trade)
INFO:__main__:Extracted: Kaufmann & Wolffenstein ()
INFO:__main__:Extracted: Keramos Gesellschaft für Bau- und Industriebedarf mbH (trade)
INFO:__main__:Extracted: Kingsway Werkzeugmaschinen GmbH ()
INFO:__main__:Extracted: Kaulsdorfer Parzellierungsgesellschaft mbH (trade)
INFO:__main__:Extracted: Keren. Tora Wa Awoda f. Deutschland, Fonds der religiös-zionistischen Jugend ()
INFO:__main__:Extracted: Kino GmbH, Tegel-Berlin ()
INFO:__main__:Extracted: Kaumheimer & Aal (trade)
INFO:__main__:Extracted: Kersten & Tuteur ()
INFO:__main__:Extracted: Kino am Heinrichplatz Alfred Löwenthal ()
INFO:__main__:Extracted: Kavalier-Klub Hugo Samuel (services)
INFO:__main__:Extracted: Kettler & Jehle ()
INFO:__main__:Extracted: Kino für Jedermann GmbH (services)
INFO:__main__:Extracted: Kawe Wellpappenfabrik Karl Welzel & Co GmbH (industry)
INFO:__main__:Extracted: Kgl. Priv. Löwen-Apotheke Dr. Wilhelm Silberstein ()
INFO:__main__:Extracted: Kirchstein ()
INFO:__main__:Extracted: Keiser & Schmidt ()
INFO:__main__:Extracted: Kgl. Priv. Löwen-Apotheke und Homöopath. Central-Apotheke Adolf Fraenkel ()
INFO:__main__:Extracted: Kiriacarbon Sigmund R. Kiriasefer ()
INFO:__main__:Extracted: Keitelmann Hermann ()
INFO:__main__:Extracted: Kiefe & Huller (trade)
INFO:__main__:Extracted: Kirschstein & Blumenfeld (industry)
INFO:__main__:Extracted: Keks-Fabrik Wilhelm Oppenheim (industry)
INFO:__main__:Extracted 10 businesses from https://www2.hu-berlin.de/djgb/public/en/find?q=&fq=&sort=unternehmenasc&page=557
INFO:__main__:Extracted: Kirschstein & Michaelis ()
INFO:__main__:Extracted 10 businesses from https://www2.hu-berlin.de/djgb/public/en/find?q=&fq=&sort=unternehmenasc&page=556
INFO:__main__:Extracted 10 businesses from https://www2.hu-berlin.de/djgb/public/en/find?q=&fq=&sort=unternehmenasc&page=558
INFO:__main__:Using cached content for https://www2.hu-berlin.de/djgb/public/en/find?q=&fq=&sort=unternehmenasc&page=560
INFO:__main__:Extracted: Klaus Ascher ()
INFO:__main__:Using cached content for https://www2.hu-berlin.de/djgb/public/en/find?q=&fq=&sort=unternehmenasc&page=561
INFO:__main__:Using cached content for https://www2.hu-berlin.de/djgb/public/en/find?q=&fq=&sort=unternehmenasc&page=559
INFO:__main__:Extracted: Klebverschluß-Gesellschaft Herzheim & Co KG (trade)
INFO:__main__:Extracted: Kleinmann & Wolff ()
INFO:__main__:Extracted: Kiwan Weizenblut ()
INFO:__main__:Extracted: Kleiderkammer der Jüd. Reformgem. Berlin ()
INFO:__main__:Extracted: Kleinpreis GmbH ()
INFO:__main__:Extracted: Kiwe Windholz, Mech. Herren-Kleiderfabrik ()
INFO:__main__:Extracted: Kleiderstoffe Espe GmbH (trade)
INFO:__main__:Extracted: Kleist, Molly ()
INFO:__main__:Extracted: Klapper & Co GmbH ()
INFO:__main__:Extracted: Klein & Bornstein ()
INFO:__main__:Extracted: Kleist-Drogerie Oskar Schmaltz (trade)
INFO:__main__:Extracted: Klapper, Wäschefabrik ()
INFO:__main__:Extracted: Klein & Cie ()
INFO:__main__:Extracted: Kleist-Papierhandlung ()
INFO:__main__:Extracted: Klara Andermann ()
INFO:__main__:Extracted: Klein & Fessel (trade)
INFO:__main__:Extracted: Kleyer & Hirschfeld (industry)
INFO:__main__:Extracted: Klara Löwenthal ()
INFO:__main__:Extracted: Klein & Hodin Säcke Fabrikation und Großhandlung ()
INFO:__main__:Extracted: Klibanow ()
INFO:__main__:Extracted: Klara Polnauer ()
INFO:__main__:Extracted: Klein & Leiter ()
INFO:__main__:Extracted: Klopfer & Langer, Inh. Wilhelm Klopfer ()
INFO:__main__:Extracted: Klasko Pelzmoden GmbH (trade)
INFO:__main__:Extracted: Klein-Bestener Kieswerke GmbH (industry)
INFO:__main__:Extracted: Kloster-Apotheke Signe Ohnstein ()
INFO:__main__:Extracted: Klasse-Kleidung GmbH (K.K.) ()
INFO:__main__:Extracted 10 businesses from https://www2.hu-berlin.de/djgb/public/en/find?q=&fq=&sort=unternehmenasc&page=560
INFO:__main__:Extracted: Klugmann & Co ()
INFO:__main__:Extracted: Klaus & Co ()
INFO:__main__:Extracted 10 businesses from https://www2.hu-berlin.de/djgb/public/en/find?q=&fq=&sort=unternehmenasc&page=561
INFO:__main__:Extracted 10 businesses from https://www2.hu-berlin.de/djgb/public/en/find?q=&fq=&sort=unternehmenasc&page=559
INFO:__main__:Using cached content for https://www2.hu-berlin.de/djgb/public/en/find?q=&fq=&sort=unternehmenasc&page=562
INFO:__main__:Extracted: Klute und Füting ()
INFO:__main__:Using cached content for https://www2.hu-berlin.de/djgb/public/en/find?q=&fq=&sort=unternehmenasc&page=564
INFO:__main__:Extracted: Knauth & Co ()
INFO:__main__:Using cached content for https://www2.hu-berlin.de/djgb/public/en/find?q=&fq=&sort=unternehmenasc&page=563
INFO:__main__:Extracted: Konfektion u. Schuhwaren Frieda Löwenthal ()
INFO:__main__:Extracted: Konfiserie 'Kino-Wittelsbach' ()
INFO:__main__:Extracted: Knize & Comp ()
INFO:__main__:Extracted: Knoller, Jakob ()
INFO:__main__:Extracted: Knopp, Arnold ()
INFO:__main__:Extracted: Kobro Webwaren Kost & Brown (trade)
INFO:__main__:Extracted: Konrad Messerschmidt (trade)
INFO:__main__:Extracted: Kohlenhof GmbH (trade)
INFO:__main__:Extracted: Koller & Co GmbH ()
INFO:__main__:Extracted: Konrad Portner ()
INFO:__main__:Extracted: Kohn & Dreyfuß (trade)
INFO:__main__:Extracted: Komet-Meyer Ing. Richard Meyer (industry)
INFO:__main__:Extracted: Konrad Wang (trade)
INFO:__main__:Extracted: Kohn, Kurt ()
INFO:__main__:Extracted: Kommandanten-Apotheke E. Taeschner ()
INFO:__main__:Extracted: Konstantinowsky & Just ()
INFO:__main__:Extracted: Koken, Alice geb. Krohn ()
INFO:__main__:Extracted: Kommissionsgesellschaft William Cohn & Co (trade)
INFO:__main__:Extracted: Kontorbedarf GmbH ()
INFO:__main__:Extracted 10 businesses from https://www2.hu-berlin.de/djgb/public/en/find?q=&fq=&sort=unternehmenasc&page=562
INFO:__main__:Extracted: Kommissionswaren-Vertriebs-GmbH (trade)
INFO:__main__:Extracted: Kopp & Joseph (trade)
INFO:__main__:Extracted: Konditorei Adler am Wittenbergplatz Sigmund Adler (services)
INFO:__main__:Extracted: Koppel & Bäcker GmbH ()
INFO:__main__:Extracted: Konditorei G. Albrecht ()
INFO:__main__:Extracted: Koppel & Co Bankgeschäft ()
INFO:__main__:Extracted: Konditorei Hansa GmbH ()
INFO:__main__:Extracted 10 businesses from https://www2.hu-berlin.de/djgb/public/en/find?q=&fq=&sort=unternehmenasc&page=564
INFO:__main__:Using cached content for https://www2.hu-berlin.de/djgb/public/en/find?q=&fq=&sort=unternehmenasc&page=565
INFO:__main__:Extracted: Konditorei Postel ()
INFO:__main__:Extracted: Koppel, Edith ()
INFO:__main__:Extracted: Konfektion Erich Friedeberger (trade)
INFO:__main__:Extracted: Koppel, Josef Erich ()
INFO:__main__:Extracted 10 businesses from https://www2.hu-berlin.de/djgb/public/en/find?q=&fq=&sort=unternehmenasc&page=563
INFO:__main__:Extracted: Koppel, Max ()
INFO:__main__:Using cached content for https://www2.hu-berlin.de/djgb/public/en/find?q=&fq=&sort=unternehmenasc&page=566
INFO:__main__:Extracted: Korngold u. Pienkny Schürzenfabrikation ()
INFO:__main__:Extracted: Korsetthaus Eva Bernstein (trade)
INFO:__main__:Extracted: Kosmos-Betriebe GmbH (industry)
INFO:__main__:Extracted: Korsettsalon Ilen ()
INFO:__main__:Using cached content for https://www2.hu-berlin.de/djgb/public/en/find?q=&fq=&sort=unternehmenasc&page=567
INFO:__main__:Extracted: Kota-Lederwaren ()
INFO:__main__:Extracted: Kosmagros Großhandlung für kosmetischen und Parfümerie-Bedarf Inhaber Boris Charogorodski ()
INFO:__main__:Extracted: Kratz & Co (trade)
INFO:__main__:Extracted: Krafag, Kraftfahrzeug-Finanzierungs-GmbH ()
INFO:__main__:Extracted: Kosmetikschule Wilner ()
INFO:__main__:Extracted: Krawatten-Union Rewald & Greiffenhagen, Berenhaut & Anker KG (industry)
INFO:__main__:Extracted: Kraft & Lewin ()
INFO:__main__:Extracted: Kosmos Gesellschaft für internationalen Austausch industrieller Erfahrungen mbH (services)
INFO:__main__:Extracted: Krebs & Co GmbH ()
INFO:__main__:Extracted: Kraft & Lewin Nachfolger KG ()
INFO:__main__:Extracted: Kosmos Realitäten und Verwaltungs-AG (services)
INFO:__main__:Extracted: Krebs, Stickerei ()
INFO:__main__:Extracted: Kraft, Leo ()
INFO:__main__:Extracted 10 businesses from https://www2.hu-berlin.de/djgb/public/en/find?q=&fq=&sort=unternehmenasc&page=565
INFO:__main__:Extracted: Kredithaus Anders Moses Lautmann (trade)
INFO:__main__:Extracted: Krakau & Hesse ()
INFO:__main__:Extracted: Kreisel, Siegesmund ()
INFO:__main__:Extracted: Kramer, Auguste, geb. Pannwitz ()
INFO:__main__:Extracted: Kreml Tee GmbH (trade)
INFO:__main__:Extracted: Krankenversicherungsschutz GmbH (trade)
INFO:__main__:Extracted: Krepp-Papier-Fabrik Moritz Nelken ()
INFO:__main__:Using cached content for https://www2.hu-berlin.de/djgb/public/en/find?q=&fq=&sort=unternehmenasc&page=568
INFO:__main__:Extracted: Krappek & Rothschild (industry)
INFO:__main__:Extracted: Krifa-Versandbücherei Richard Mannheim (trade)
INFO:__main__:Extracted: Kristall-Haus Leo Gluskinos ()
INFO:__main__:Extracted 10 businesses from https://www2.hu-berlin.de/djgb/public/en/find?q=&fq=&sort=unternehmenasc&page=566
INFO:__main__:Extracted: Kripke, Dr. Speier & Co ()
INFO:__main__:Extracted: Kroch, Josef ()
INFO:__main__:Extracted 10 businesses from https://www2.hu-berlin.de/djgb/public/en/find?q=&fq=&sort=unternehmenasc&page=567
INFO:__main__:Extracted: Krohn & Unger ()
INFO:__main__:Extracted: Kronen-Apotheke - Homöopathische Zentral-Apotheke Inhaber Fritz Freuthal ()
INFO:__main__:Extracted: Kronen-Apotheke Max Thiele ()
INFO:__main__:Extracted: Kronen-Drogerie Apotheker Caspar Flüs (trade)
INFO:__main__:Extracted: Kronenburg Hausverwaltungs und Grunderwerbsaktiengesellschaft (services)
INFO:__main__:Extracted: Kroner & Co ()
INFO:__main__:Using cached content for https://www2.hu-berlin.de/djgb/public/en/find?q=&fq=&sort=unternehmenasc&page=569
INFO:__main__:Extracted: Kronheim & Lehr ()
INFO:__main__:Using cached content for https://www2.hu-berlin.de/djgb/public/en/find?q=&fq=&sort=unternehmenasc&page=570
INFO:__main__:Extracted: Kruse Madsen ()
INFO:__main__:Extracted: Krucz & Zöllner ()
INFO:__main__:Extracted: Kunstgewerbliche Industrie GmbH (trade)
INFO:__main__:Extracted: Krämer, Clara ()
INFO:__main__:Extracted 10 businesses from https://www2.hu-berlin.de/djgb/public/en/find?q=&fq=&sort=unternehmenasc&page=568
INFO:__main__:Extracted: Kunstharz-Presserei Carl Germer ()
INFO:__main__:Extracted: Krüger & Strauß ()
INFO:__main__:Extracted: Kunstmöbel-Werkstätten Max Lewy, Architekt (trade)
INFO:__main__:Extracted: Ksana Sophie Kagan ()
INFO:__main__:Extracted: Kunststoff GmbH (industry)
INFO:__main__:Extracted: Kuchen-und Keksbäckerei Bergmann ()
INFO:__main__:Extracted: Kunstverlag David Loeser (industry)
INFO:__main__:Extracted: Kugel & Messinger ()
INFO:__main__:Extracted: Kuntze & Teicher (industry)
INFO:__main__:Using cached content for https://www2.hu-berlin.de/djgb/public/en/find?q=&fq=&sort=unternehmenasc&page=571
INFO:__main__:Extracted: Kukuk, Lichtspielhaus, GmbH (services)
INFO:__main__:Extracted: Kunze & Fröhlich GmbH (trade)
INFO:__main__:Extracted: Kurfürstendamm Apotheke Emil Ziegelitz (trade)
INFO:__main__:Extracted: Kullak & Levy ()
INFO:__main__:Extracted: Kupfer-Import-GmbH (trade)
INFO:__main__:Extracted: Kurfürsteneck ()
INFO:__main__:Extracted: Kunstanstalt Sally Voremberg ()
INFO:__main__:Extracted: Kupferberg & Pinkus (trade)
INFO:__main__:Extracted: Kurhaus Cladow Karl Kutschera ()
INFO:__main__:Extracted: Kunstgewerbehaus Kaiserdamm ()
INFO:__main__:Extracted: Kurfürsten-Apotheke B. Liebenthal ()
INFO:__main__:Extracted: Kurniker & Co Groß Berliner Glas- und Messing-Putzanstalt Reform ()
INFO:__main__:Extracted 10 businesses from https://www2.hu-berlin.de/djgb/public/en/find?q=&fq=&sort=unternehmenasc&page=569
INFO:__main__:Extracted 10 businesses from https://www2.hu-berlin.de/djgb/public/en/find?q=&fq=&sort=unternehmenasc&page=570
INFO:__main__:Extracted: Kurt Adler ()
INFO:__main__:Extracted: Kurt Albert Schmidt, Metallhandelsgesellschaft mbH ()
INFO:__main__:Extracted: Kurt Ansbach (trade)
INFO:__main__:Extracted: Kurt Aronheim ()
INFO:__main__:Extracted: Kurt Asch (trade)
INFO:__main__:Extracted: Kurt Baendel ()
INFO:__main__:Extracted 10 businesses from https://www2.hu-berlin.de/djgb/public/en/find?q=&fq=&sort=unternehmenasc&page=571
INFO:__main__:Using cached content for https://www2.hu-berlin.de/djgb/public/en/find?q=&fq=&sort=unternehmenasc&page=573
INFO:__main__:Extracted: Kurt Gerechter ()
INFO:__main__:Using cached content for https://www2.hu-berlin.de/djgb/public/en/find?q=&fq=&sort=unternehmenasc&page=574
INFO:__main__:Extracted: Kurt Goldschmidt (trade)
INFO:__main__:Using cached content for https://www2.hu-berlin.de/djgb/public/en/find?q=&fq=&sort=unternehmenasc&page=572
INFO:__main__:Extracted: Kurt Haurwitz (trade)
INFO:__main__:Extracted: Kurt Gottschalk ()
INFO:__main__:Extracted: Kurt Baendel ()
INFO:__main__:Extracted: Kurt Helmrich & Co ()
INFO:__main__:Extracted: Kurt Grischkat ()
INFO:__main__:Extracted: Kurt Beerwald ()
INFO:__main__:Extracted: Kurt Herzog ()
INFO:__main__:Extracted: Kurt Gruber ()
INFO:__main__:Extracted: Kurt Bieber ()
INFO:__main__:Extracted: Kurt Kaminsky Getreide- und Mehlagentur (trade)
INFO:__main__:Extracted: Kurt Grünberg Bauausführungen GmbH ()
INFO:__main__:Extracted: Kurt Brauer ()
INFO:__main__:Extracted: Kurt Lachs (trade)
INFO:__main__:Extracted: Kurt Gumpert ()
INFO:__main__:Extracted: Kurt Bütow (trade)
INFO:__main__:Extracted: Kurt Landsberger ()
INFO:__main__:Extracted: Kurt Hahn (trade)
INFO:__main__:Extracted: Kurt Cohn ()
INFO:__main__:Extracted: Kurt Levy ()
INFO:__main__:Extracted: Kurt Halpert Kartoffelgroßhandlung ()
INFO:__main__:Extracted: Kurt Dreeßen ()
INFO:__main__:Extracted: Kurt Lewinsohn & Co (trade)
INFO:__main__:Extracted: Kurt Happek (trade)
INFO:__main__:Extracted: Kurt Fiebach ()
INFO:__main__:Extracted: Kurt Lewkowicz (industry)
INFO:__main__:Extracted 10 businesses from https://www2.hu-berlin.de/djgb/public/en/find?q=&fq=&sort=unternehmenasc&page=573
INFO:__main__:Extracted: Kurt Fuchs Trinkhalmfabrik Furor ()
INFO:__main__:Extracted: Kurt Lindemann-Juwelier ()
INFO:__main__:Extracted: Kurt Gehr ()
INFO:__main__:Extracted 10 businesses from https://www2.hu-berlin.de/djgb/public/en/find?q=&fq=&sort=unternehmenasc&page=574
INFO:__main__:Extracted 10 businesses from https://www2.hu-berlin.de/djgb/public/en/find?q=&fq=&sort=unternehmenasc&page=572
INFO:__main__:Using cached content for https://www2.hu-berlin.de/djgb/public/en/find?q=&fq=&sort=unternehmenasc&page=577
INFO:__main__:Using cached content for https://www2.hu-berlin.de/djgb/public/en/find?q=&fq=&sort=unternehmenasc&page=575
INFO:__main__:Extracted: Kurtisa Mäntel Kurt Isaksohn ()
INFO:__main__:Using cached content for https://www2.hu-berlin.de/djgb/public/en/find?q=&fq=&sort=unternehmenasc&page=576
INFO:__main__:Extracted: Kurt Lipman-Wulf ()
INFO:__main__:Extracted: Kurz, Siegbert ()
INFO:__main__:Extracted: Kurt Lisser Reklame ()
INFO:__main__:Extracted: Kurt Ruppin (trade)
INFO:__main__:Extracted: Kurze & Co Nachfolger ()
INFO:__main__:Extracted: Kurt Loewenstein (trade)
INFO:__main__:Extracted: Kurt Saalfeld ()
INFO:__main__:Extracted: Kurzwaren-Großhandlung Walter Levy ()
INFO:__main__:Extracted: Kurt Löwenstein, Schuhhaus, später Schuhhaus Schulz, danach Schuhhaus Schulz Nachf. ()
INFO:__main__:Extracted: Kurt Schenkolewski ()
INFO:__main__:Extracted: Kuttner, Erich ()
INFO:__main__:Extracted: Kurt Marcus ()
INFO:__main__:Extracted: Kurt Seldis (trade)
INFO:__main__:Extracted: Käte Feilchenfeld ()
INFO:__main__:Extracted: Kurt Marcuse ()
INFO:__main__:Extracted: Kurt Stephan Autofuhrwesen ()
INFO:__main__:Extracted: Käte Helmig ()
INFO:__main__:Extracted: Kurt Mosler (trade)
INFO:__main__:Extracted: Kurt Strauß ()
INFO:__main__:Extracted: Käte Kovács ()
INFO:__main__:Extracted: Kurt Neuwahl ()
INFO:__main__:Extracted: Kurt Wedell Radiogroßhandlung ()
INFO:__main__:Extracted: Kätscher, Krause & Co (trade)
INFO:__main__:Extracted: Kurt Pinner, Vertreter der Firma Pototzky & Co ()
INFO:__main__:Extracted: Kurt Windmüller (trade)
INFO:__main__:Extracted: König, Loeb & Co ()
INFO:__main__:Extracted: Kurt Prochownick (trade)
INFO:__main__:Extracted: Kurt Zempelburg (trade)
INFO:__main__:Extracted 10 businesses from https://www2.hu-berlin.de/djgb/public/en/find?q=&fq=&sort=unternehmenasc&page=577
INFO:__main__:Extracted 10 businesses from https://www2.hu-berlin.de/djgb/public/en/find?q=&fq=&sort=unternehmenasc&page=575
INFO:__main__:Extracted: Kurt Zoozmann Kursmakler (trade)
INFO:__main__:Extracted 10 businesses from https://www2.hu-berlin.de/djgb/public/en/find?q=&fq=&sort=unternehmenasc&page=576
INFO:__main__:Using cached content for https://www2.hu-berlin.de/djgb/public/en/find?q=&fq=&sort=unternehmenasc&page=579
INFO:__main__:Using cached content for https://www2.hu-berlin.de/djgb/public/en/find?q=&fq=&sort=unternehmenasc&page=578
INFO:__main__:Extracted: Küchen-Himmel Joseph Himmel (trade)
INFO:__main__:Extracted: Kühlhallen-Kraftwerk GmbH (industry)
INFO:__main__:Extracted: Kürschnerei Braumark ()
INFO:__main__:Extracted: L. & A. Wolffgang (trade)
INFO:__main__:Extracted: L. & J. Gundermann (industry)
INFO:__main__:Extracted: L. & J. Seligsohn (trade)
INFO:__main__:Extracted: L. & W. Warschauer ()
INFO:__main__:Using cached content for https://www2.hu-berlin.de/djgb/public/en/find?q=&fq=&sort=unternehmenasc&page=580
INFO:__main__:Extracted: Königin Luise Apotheke Dr. phil. Carl Valentin Stroever Inhaber Kurt Altmann ()
INFO:__main__:Extracted: L. A. V. Latein-Amerikanischer Verlag GmbH (industry)
INFO:__main__:Extracted: L. Cohn & Co (trade)
INFO:__main__:Extracted: Königl. Privileg. Elefanten-Apotheke Dr. Richard Hoffbauer (trade)
INFO:__main__:Extracted: L. Casper (trade)
INFO:__main__:Extracted: L. Deßin (trade)
INFO:__main__:Extracted: Königlich 1740 priv. Apotheke zum schwarzen Adler Alfred Kary ()
INFO:__main__:Extracted: L. Cohn (trade)
INFO:__main__:Extracted: L. Elsbach & v. Nordheim (trade)
INFO:__main__:Extracted: Königlich Privilegierte Berlinische Zeitung von Staats- und gelehrten Sachen, Vossische Zeitung. Im Verlage Vossischer Erben GmbH (trade)
INFO:__main__:Extracted 10 businesses from https://www2.hu-berlin.de/djgb/public/en/find?q=&fq=&sort=unternehmenasc&page=579
INFO:__main__:Extracted: L. Ettisch ()
INFO:__main__:Extracted: Königliche priv. Adlerapotheke Otto Doehl Nachf. Inhaber Apotheker Julius Siegmann ()
INFO:__main__:Extracted: L. Goldberg (trade)
INFO:__main__:Extracted: Königsberger & Co ()
INFO:__main__:Extracted: L. Goldschmidt & Co ()
INFO:__main__:Extracted: Königsberger & Lichtenhein (trade)
INFO:__main__:Extracted: L. H. Markwald (trade)
INFO:__main__:Extracted: Königsfeld & Co GmbH (trade)
INFO:__main__:Extracted: L. Hahn (trade)
INFO:__main__:Extracted: Königshof Grundstückserwerbs- und Verwertungs-GmbH (trade)
INFO:__main__:Using cached content for https://www2.hu-berlin.de/djgb/public/en/find?q=&fq=&sort=unternehmenasc&page=581
INFO:__main__:Extracted: L. Haurwitz & Co. GmbH ()
INFO:__main__:Extracted: Köstra Grunderwerbsaktiengesellschaft (services)
INFO:__main__:Extracted: L. Herold GmbH ()
INFO:__main__:Extracted: L. Hermann Judey ()
INFO:__main__:Extracted 10 businesses from https://www2.hu-berlin.de/djgb/public/en/find?q=&fq=&sort=unternehmenasc&page=578
INFO:__main__:Extracted: L. Hirschberg (trade)
INFO:__main__:Extracted 10 businesses from https://www2.hu-berlin.de/djgb/public/en/find?q=&fq=&sort=unternehmenasc&page=580
INFO:__main__:Extracted: L. J. Joachimsthal GmbH ()
INFO:__main__:Extracted: L. Katz u. Cie (trade)
INFO:__main__:Extracted: L. Kaufmann (trade)
INFO:__main__:Extracted: L. Lehmann (trade)
INFO:__main__:Extracted: L. Levy (trade)
INFO:__main__:Extracted: L. Lubitz-W.Hartmann (trade)
INFO:__main__:Extracted: L. Löwenstein (industry)
INFO:__main__:Extracted: L. Mayer & Ehrlich ()
INFO:__main__:Extracted 10 businesses from https://www2.hu-berlin.de/djgb/public/en/find?q=&fq=&sort=unternehmenasc&page=581
INFO:__main__:Using cached content for https://www2.hu-berlin.de/djgb/public/en/find?q=&fq=&sort=unternehmenasc&page=582
INFO:__main__:Extracted: L. Messer ()
INFO:__main__:Extracted: L. Meyer jr. ()
INFO:__main__:Extracted: L. Moses Fabrik für Gas- Wasser- u. Heizungs-Anlagen ()
INFO:__main__:Using cached content for https://www2.hu-berlin.de/djgb/public/en/find?q=&fq=&sort=unternehmenasc&page=584
INFO:__main__:Extracted: L. Nagoschiner (trade)
INFO:__main__:Using cached content for https://www2.hu-berlin.de/djgb/public/en/find?q=&fq=&sort=unternehmenasc&page=583
INFO:__main__:Extracted: L. W. Schneider & Co ()
INFO:__main__:Extracted: L. Neustadt (trade)
INFO:__main__:Extracted: L. S. Hirsch (trade)
INFO:__main__:Extracted: L. Wittenberg (trade)
INFO:__main__:Extracted: L. Pakuscher (handicraft)
INFO:__main__:Extracted: L. S. Rothschild (trade)
INFO:__main__:Extracted: L. Wolffberg, vormals Louis Hain ()
INFO:__main__:Extracted: L. Philipp & Co (trade)
INFO:__main__:Extracted: L. Saul (trade)
INFO:__main__:Extracted: L. Zippert (trade)
INFO:__main__:Extracted: L. Reimann (industry)
INFO:__main__:Extracted: L. Schlochauer & Co (trade)
INFO:__main__:Extracted: L. Zobel, Foto-Fix ()
INFO:__main__:Extracted: L. Rindsunski ()
INFO:__main__:Extracted: L. Schottlaender & Co GmbH ()
INFO:__main__:Extracted: La Florida ()
INFO:__main__:Extracted: L. Rosenbach & Sohn (trade)
INFO:__main__:Extracted: L. Senger (trade)
INFO:__main__:Extracted: La Reine d'Angleterre Pelzmoden GmbH (trade)
INFO:__main__:Extracted 10 businesses from https://www2.hu-berlin.de/djgb/public/en/find?q=&fq=&sort=unternehmenasc&page=582
INFO:__main__:Extracted: L. Silbermann & Cie. (trade)
INFO:__main__:Extracted: Laband, Stiehl & Co (trade)
INFO:__main__:Extracted: L. Sonntag ( weibl.) ()
INFO:__main__:Extracted: Labopharma Dr. Laboschin GmbH ()
INFO:__main__:Extracted: L. Thorner (industry)
INFO:__main__:Extracted: Laboratorium Champion ()
INFO:__main__:Extracted: L. Tockan (industry)
INFO:__main__:Extracted 10 businesses from https://www2.hu-berlin.de/djgb/public/en/find?q=&fq=&sort=unternehmenasc&page=584
INFO:__main__:Using cached content for https://www2.hu-berlin.de/djgb/public/en/find?q=&fq=&sort=unternehmenasc&page=585
INFO:__main__:Extracted 10 businesses from https://www2.hu-berlin.de/djgb/public/en/find?q=&fq=&sort=unternehmenasc&page=583
INFO:__main__:Extracted: Laboratorium Dr. Rossert GmbH (industry)
INFO:__main__:Extracted: Laboratorium Reumella Adolf Boas ()
INFO:__main__:Extracted: Laboratorium für Zahnprothese GmbH (services)
INFO:__main__:Extracted: Lachmann & Co (trade)
INFO:__main__:Extracted: Lachmann & Meyer (trade)
INFO:__main__:Extracted: Lachmann & Pincus ()
INFO:__main__:Extracted: Lachmann, Jungnickel & Co GmbH ()
INFO:__main__:Extracted: Lacteol Dr. Boucard GmbH (trade)
INFO:__main__:Extracted: Ladenbau Emil Heinicke AG GmbH (handicraft)
INFO:__main__:Extracted: Ladenbau-GmbH (handicraft)
INFO:__main__:Extracted 10 businesses from https://www2.hu-berlin.de/djgb/public/en/find?q=&fq=&sort=unternehmenasc&page=585
INFO:__main__:Using cached content for https://www2.hu-berlin.de/djgb/public/en/find?q=&fq=&sort=unternehmenasc&page=587
INFO:__main__:Extracted: Lange & Wüstenhagen ()
INFO:__main__:Extracted: Langer, Hellmuth ()
INFO:__main__:Extracted: Langweil, Richard ()
INFO:__main__:Extracted: Lapis AG für Baustoffhandel ()
INFO:__main__:Extracted: Lasar Gottlieb (trade)
INFO:__main__:Extracted: Laskau & Brandler ()
INFO:__main__:Extracted: Lasker & Rynarzewski (trade)
INFO:__main__:Extracted: Lauenburger Fleischzentrale ()
INFO:__main__:Extracted: Laupenmühlen & Co (trade)
INFO:__main__:Extracted: Laurisch, Baugesellschaft mbH (industry)
INFO:__main__:Extracted 10 businesses from https://www2.hu-berlin.de/djgb/public/en/find?q=&fq=&sort=unternehmenasc&page=587
INFO:__main__:Using cached content for https://www2.hu-berlin.de/djgb/public/en/find?q=&fq=&sort=unternehmenasc&page=586
INFO:__main__:Using cached content for https://www2.hu-berlin.de/djgb/public/en/find?q=&fq=&sort=unternehmenasc&page=588
INFO:__main__:Extracted: Lax & Löwenstein (trade)
INFO:__main__:Extracted: Lagro & Richter (industry)
INFO:__main__:Extracted: Lax, Herzberg & Co ()
INFO:__main__:Extracted: Lambert Horstmeier ()
INFO:__main__:Extracted: Lazard-Speyer-Elissen KGaA Niederlassung Berlin (trade)
INFO:__main__:Using cached content for https://www2.hu-berlin.de/djgb/public/en/find?q=&fq=&sort=unternehmenasc&page=589
INFO:__main__:Extracted: Landsberg Buch- und Kunsthandlung GmbH (handicraft)
INFO:__main__:Extracted: Lazarus Posen Wwe. (industry)
INFO:__main__:Extracted: Lecigran GmbH ()
INFO:__main__:Extracted: Landsberger & Bazar ()
INFO:__main__:Extracted: Lebach & Co ()
INFO:__main__:Extracted: Lederagentur Richard Goldmann (trade)
INFO:__main__:Extracted: Landsberger & Co ()
INFO:__main__:Extracted: Lebeg Hundekuchenfabrik GmbH (trade)
INFO:__main__:Extracted: Lederfabrik Alfred Popper Abteilung Portefeuille- & Möbelleder (industry)
INFO:__main__:Extracted: Landsberger Gebr. (industry)
INFO:__main__:Extracted: Lebensmittel-Engros-Handlung ()
INFO:__main__:Extracted: Ledigenheim der Jüdischen Gemeinde zu Berlin GmbH (services)
INFO:__main__:Extracted: Landshut & Co Buchdruckerei & Formularverlag (industry)
INFO:__main__:Extracted: Lebram & Wallach ()
INFO:__main__:Extracted: Leffmann & Loewenstein (trade)
INFO:__main__:Extracted: Lang & Mainz ()
INFO:__main__:Extracted: Lebrecht Beerwald ()
INFO:__main__:Extracted: Lehmann & Kronheim (trade)
INFO:__main__:Extracted: Lang, Martha ()
INFO:__main__:Extracted: Lechleitner & Co Installationsgeschäft (handicraft)
INFO:__main__:Extracted: Lehniner Drogerie, Kuschiel Taubin ()
INFO:__main__:Extracted: Lange & Gilberg (industry)
INFO:__main__:Extracted 10 businesses from https://www2.hu-berlin.de/djgb/public/en/find?q=&fq=&sort=unternehmenasc&page=588
INFO:__main__:Extracted: Lehr & Co ()
INFO:__main__:Extracted 10 businesses from https://www2.hu-berlin.de/djgb/public/en/find?q=&fq=&sort=unternehmenasc&page=586
INFO:__main__:Extracted: Leib Beigel und dessen Ehefrau Bayla geb. Sperling ()
INFO:__main__:Extracted: Leib Kufert ()
INFO:__main__:Extracted 10 businesses from https://www2.hu-berlin.de/djgb/public/en/find?q=&fq=&sort=unternehmenasc&page=589
INFO:__main__:Using cached content for https://www2.hu-berlin.de/djgb/public/en/find?q=&fq=&sort=unternehmenasc&page=590
INFO:__main__:Extracted: Leib Topf (trade)
INFO:__main__:Extracted: Leib Werner (trade)
INFO:__main__:Extracted: Leico Textil-GmbH (trade)
INFO:__main__:Extracted: Leih- und Sparverein Esra e GmbH ()
INFO:__main__:Extracted: Leih-Haus Martin Hirschberg (trade)
INFO:__main__:Extracted: Leih-Wäsche Iffland ()
INFO:__main__:Extracted: Leihaus Moritzpl. Oranienstr. 58a Samuel Goldmann ()
INFO:__main__:Extracted: Leihbibliothek Rose Maria Hoch ()
INFO:__main__:Extracted: Leihbibliothek am Nikolsburgerplatz ()
INFO:__main__:Using cached content for https://www2.hu-berlin.de/djgb/public/en/find?q=&fq=&sort=unternehmenasc&page=592
INFO:__main__:Extracted: Leihhaus David Rosenberg (trade)
INFO:__main__:Using cached content for https://www2.hu-berlin.de/djgb/public/en/find?q=&fq=&sort=unternehmenasc&page=591
INFO:__main__:Extracted: Leiser Fabrikations- und Handels-GmbH ()
INFO:__main__:Extracted 10 businesses from https://www2.hu-berlin.de/djgb/public/en/find?q=&fq=&sort=unternehmenasc&page=590
INFO:__main__:Extracted: Leihhaus Hugo Kaufmann ()
INFO:__main__:Extracted: Leiser Gerszanowicz ()
INFO:__main__:Extracted: Leihhaus Kosmos GmbH ()
INFO:__main__:Extracted: Leiser Grundleger ()
INFO:__main__:Extracted: Leihhaus Nürnbergerstr. Abram Rosenfeld (trade)
INFO:__main__:Extracted: Leiser Kranzler (trade)
INFO:__main__:Extracted: Leihhaus Rosenthaler Thor Gebr. Goldstein Inh. Josef Goldstein (trade)
INFO:__main__:Extracted: Leiser Masur (trade)
INFO:__main__:Using cached content for https://www2.hu-berlin.de/djgb/public/en/find?q=&fq=&sort=unternehmenasc&page=593
INFO:__main__:Extracted: Leihhaus am Dönhoffplatz Gertrud Loewensohn ()
INFO:__main__:Extracted: Leiser Nowikas Immobilien ()
INFO:__main__:Extracted: Lemer & Co Pelzplattenfabrikation ()
INFO:__main__:Extracted: Leihhaus des Westens Ernst Oschinski (trade)
INFO:__main__:Extracted: Leiserowicz & Co ()
INFO:__main__:Extracted: Lemke & Co ()
INFO:__main__:Extracted: Leinen-Baumwollwaren Tuche & Futterstoffe en gros Max Herzog (trade)
INFO:__main__:Extracted: Leitz, der Laden für Bedarf und Luxus Karl Leitz ()
INFO:__main__:Extracted: Leo Alterthum Verlag (industry)
INFO:__main__:Extracted: Leipziger Pelzwaren Max Balsam (trade)
INFO:__main__:Extracted: Lemel Liebermann (trade)
INFO:__main__:Extracted: Leo Anger (trade)
INFO:__main__:Extracted: Leipziger, Julia ()
INFO:__main__:Extracted: Lemel Weinmann ()
INFO:__main__:Extracted: Leo Balnemones (trade)
INFO:__main__:Extracted: Leiser & Co GmbH ()
INFO:__main__:Extracted 10 businesses from https://www2.hu-berlin.de/djgb/public/en/find?q=&fq=&sort=unternehmenasc&page=592
INFO:__main__:Extracted: Leo Baruch & Co (trade)
INFO:__main__:Extracted 10 businesses from https://www2.hu-berlin.de/djgb/public/en/find?q=&fq=&sort=unternehmenasc&page=591
INFO:__main__:Extracted: Leo Bergmann ()
INFO:__main__:Extracted: Leo Bernhardt (trade)
INFO:__main__:Extracted: Leo Blatt ()
INFO:__main__:Extracted: Leo Bluhm (trade)
INFO:__main__:Extracted 10 businesses from https://www2.hu-berlin.de/djgb/public/en/find?q=&fq=&sort=unternehmenasc&page=593
INFO:__main__:Using cached content for https://www2.hu-berlin.de/djgb/public/en/find?q=&fq=&sort=unternehmenasc&page=594
INFO:__main__:Using cached content for https://www2.hu-berlin.de/djgb/public/en/find?q=&fq=&sort=unternehmenasc&page=595
INFO:__main__:Extracted: Leo Blumenthal (trade)
INFO:__main__:Extracted: Leo Dobschiner ()
INFO:__main__:Using cached content for https://www2.hu-berlin.de/djgb/public/en/find?q=&fq=&sort=unternehmenasc&page=596
INFO:__main__:Extracted: Leo Bohm (trade)
INFO:__main__:Extracted: Leo Falkenstein AG Polstermaterialien ()
INFO:__main__:Extracted: Leo Grünberg Lebensmittel Großhandlung Import und Export (trade)
INFO:__main__:Extracted: Leo Braun ()
INFO:__main__:Extracted: Leo Feist ()
INFO:__main__:Extracted: Leo Gumpert, Inhaber: Hugo Translateur ()
INFO:__main__:Extracted: Leo Brauner (trade)
INFO:__main__:Extracted: Leo Geisenberg ()
INFO:__main__:Extracted: Leo Habermann (trade)
INFO:__main__:Extracted: Leo Bromberger ()
INFO:__main__:Extracted: Leo Gluskinos (trade)
INFO:__main__:Extracted: Leo Henschel (trade)
INFO:__main__:Extracted: Leo Bäcker (trade)
INFO:__main__:Extracted: Leo Goldberger ()
INFO:__main__:Extracted: Leo Herzig & Co ()
INFO:__main__:Extracted: Leo Chaim (trade)
INFO:__main__:Extracted: Leo Goldschmidt Getreide und Bankkommissionen (trade)
INFO:__main__:Extracted: Leo Hirschler (industry)
INFO:__main__:Extracted: Leo Cohn (trade)
INFO:__main__:Extracted: Leo Gottschalk ()
INFO:__main__:Extracted: Leo Ingwer (Altmetall) & Erich Ingwer (Kohle) ()
INFO:__main__:Extracted: Leo Davidsohn (trade)
INFO:__main__:Extracted: Leo Gottschalk ()
INFO:__main__:Extracted: Leo Jacob (trade)
INFO:__main__:Extracted: Leo Davidsohn Getreide und Futtermittel Großhandlung (trade)
INFO:__main__:Extracted: Leo Groß ()
INFO:__main__:Extracted: Leo Jacobus ()
INFO:__main__:Extracted 10 businesses from https://www2.hu-berlin.de/djgb/public/en/find?q=&fq=&sort=unternehmenasc&page=594
INFO:__main__:Extracted 10 businesses from https://www2.hu-berlin.de/djgb/public/en/find?q=&fq=&sort=unternehmenasc&page=595
INFO:__main__:Extracted: Leo Jaffe (trade)
INFO:__main__:Extracted 10 businesses from https://www2.hu-berlin.de/djgb/public/en/find?q=&fq=&sort=unternehmenasc&page=596
INFO:__main__:Using cached content for https://www2.hu-berlin.de/djgb/public/en/find?q=&fq=&sort=unternehmenasc&page=599
INFO:__main__:Extracted: Leo Loewy ()
INFO:__main__:Using cached content for https://www2.hu-berlin.de/djgb/public/en/find?q=&fq=&sort=unternehmenasc&page=597
INFO:__main__:Extracted: Leo Manasse ()
INFO:__main__:Using cached content for https://www2.hu-berlin.de/djgb/public/en/find?q=&fq=&sort=unternehmenasc&page=598
INFO:__main__:Extracted: Leo Matlatzki (trade)
INFO:__main__:Extracted: Leo Josephsohn Nachf. ()
INFO:__main__:Extracted: Leo Lamm (trade)
INFO:__main__:Extracted: Leo Messinger (industry)
INFO:__main__:Extracted: Leo Kahan (trade)
INFO:__main__:Extracted: Leo Landau ()
INFO:__main__:Extracted: Leo Meyersohn (trade)
INFO:__main__:Extracted: Leo Kalb ()
INFO:__main__:Extracted: Leo Lechner (handicraft)
INFO:__main__:Extracted: Leo Michalowitz ()
INFO:__main__:Extracted: Leo Karpen ()
INFO:__main__:Extracted: Leo Lederhändler (trade)
INFO:__main__:Extracted: Leo Mondry (trade)
INFO:__main__:Extracted: Leo Katz (trade)
INFO:__main__:Extracted: Leo Lewinski ()
INFO:__main__:Extracted: Leo Moschkowitz ()
INFO:__main__:Extracted: Leo Kaufmann ()
INFO:__main__:Extracted: Leo Leß (trade)
INFO:__main__:Extracted: Leo Nußbaum GmbH (trade)
INFO:__main__:Extracted: Leo Kirschen ()
INFO:__main__:Extracted: Leo Libowski (trade)
INFO:__main__:Extracted: Leo Perl ()
INFO:__main__:Extracted: Leo Krus ()
INFO:__main__:Extracted: Leo Licht (trade)
INFO:__main__:Extracted 10 businesses from https://www2.hu-berlin.de/djgb/public/en/find?q=&fq=&sort=unternehmenasc&page=599
INFO:__main__:Extracted: Leo Krämer (trade)
INFO:__main__:Extracted: Leo Liepmannssohn Antiquariat (trade)
INFO:__main__:Extracted: Leo Lachmann ()
INFO:__main__:Extracted: Leo Loewenthal (industry)
INFO:__main__:Extracted 10 businesses from https://www2.hu-berlin.de/djgb/public/en/find?q=&fq=&sort=unternehmenasc&page=597
INFO:__main__:Extracted 10 businesses from https://www2.hu-berlin.de/djgb/public/en/find?q=&fq=&sort=unternehmenasc&page=598
INFO:__main__:Using cached content for https://www2.hu-berlin.de/djgb/public/en/find?q=&fq=&sort=unternehmenasc&page=600
INFO:__main__:Extracted: Leo Perlstein (trade)
INFO:__main__:Extracted: Leo Pietrkowski & Co ()
INFO:__main__:Extracted: Leo Presser ()
INFO:__main__:Extracted: Leo Pruschnowski ()
INFO:__main__:Extracted: Leo R. Dambitsch (trade)
INFO:__main__:Extracted: Leo Reissner (trade)
INFO:__main__:Extracted: Leo Rietzker ()
INFO:__main__:Extracted: Leo Rosenbaum ()
INFO:__main__:Extracted: Leo Rothschild ()
INFO:__main__:Extracted: Leo Schiffmanowitsch ()
INFO:__main__:Extracted 10 businesses from https://www2.hu-berlin.de/djgb/public/en/find?q=&fq=&sort=unternehmenasc&page=600
INFO:__main__:Using cached content for https://www2.hu-berlin.de/djgb/public/en/find?q=&fq=&sort=unternehmenasc&page=601
INFO:__main__:Using cached content for https://www2.hu-berlin.de/djgb/public/en/find?q=&fq=&sort=unternehmenasc&page=602
INFO:__main__:Extracted: Leo Wald ()
INFO:__main__:Extracted: Leo Schlesinger ()
INFO:__main__:Extracted: Leo Weinreb ()
INFO:__main__:Extracted: Leo Schleyer ()
INFO:__main__:Extracted: Leo Wjawmensky Bankkommissionsgeschäft (trade)
INFO:__main__:Using cached content for https://www2.hu-berlin.de/djgb/public/en/find?q=&fq=&sort=unternehmenasc&page=603
INFO:__main__:Extracted: Leo Schuster (handicraft)
INFO:__main__:Extracted: Leo Wolff Eisenhandlung (trade)
INFO:__main__:Extracted: Leon Berger ()
INFO:__main__:Extracted: Leo Schwarzmann ()
INFO:__main__:Extracted: Leo Wolff Pumpenvertrieb ()
INFO:__main__:Extracted: Leon Fenichl (trade)
INFO:__main__:Extracted: Leo Sello ()
INFO:__main__:Extracted: Leo Wollner ()
INFO:__main__:Extracted: Leon Fenichl GmbH (trade)
INFO:__main__:Extracted: Leo Silberstein (trade)
INFO:__main__:Extracted: Leo van Dam (industry)
INFO:__main__:Extracted: Leon Holzer ()
INFO:__main__:Extracted: Leo Smetana ()
INFO:__main__:Extracted: Leo-Michel Weiss ()
INFO:__main__:Extracted: Leon Kahané (trade)
INFO:__main__:Extracted: Leo Spagat (services)
INFO:__main__:Extracted: Leon Abermann ()
INFO:__main__:Extracted: Leon Klausner (trade)
INFO:__main__:Extracted: Leo Strauß (trade)
INFO:__main__:Extracted: Leon Balischansky (handicraft)
INFO:__main__:Extracted: Leon Lew (trade)
INFO:__main__:Extracted: Leo Taterka (trade)
INFO:__main__:Extracted 10 businesses from https://www2.hu-berlin.de/djgb/public/en/find?q=&fq=&sort=unternehmenasc&page=602
INFO:__main__:Extracted: Leon Marcus Damenhutfabrikation ()
INFO:__main__:Extracted 10 businesses from https://www2.hu-berlin.de/djgb/public/en/find?q=&fq=&sort=unternehmenasc&page=601
INFO:__main__:Extracted: Leon Picker GmbH ()
INFO:__main__:Extracted: Leon Rakowski ()
INFO:__main__:Extracted 10 businesses from https://www2.hu-berlin.de/djgb/public/en/find?q=&fq=&sort=unternehmenasc&page=603
INFO:__main__:Using cached content for https://www2.hu-berlin.de/djgb/public/en/find?q=&fq=&sort=unternehmenasc&page=605
INFO:__main__:Using cached content for https://www2.hu-berlin.de/djgb/public/en/find?q=&fq=&sort=unternehmenasc&page=606
INFO:__main__:Extracted: Leonor Kroner (trade)
INFO:__main__:Extracted: Leonor Poppelauer ()
INFO:__main__:Extracted: Leopold Ader Eier engros (trade)
INFO:__main__:Extracted: Leopold Baer (trade)
INFO:__main__:Extracted: Leopold Bauchwitz (trade)
INFO:__main__:Extracted: Leopold Brandt (trade)
INFO:__main__:Extracted: Leopold Buttermilch (trade)
INFO:__main__:Extracted: Leopold Caspary (trade)
INFO:__main__:Extracted: Leopold Cohn (trade)
INFO:__main__:Extracted: Leopold Cohnreich (trade)
INFO:__main__:Extracted 10 businesses from https://www2.hu-berlin.de/djgb/public/en/find?q=&fq=&sort=unternehmenasc&page=605
INFO:__main__:Using cached content for https://www2.hu-berlin.de/djgb/public/en/find?q=&fq=&sort=unternehmenasc&page=604
INFO:__main__:Extracted: Leopold Danielsohn (trade)
INFO:__main__:Extracted: Leon Schapira (trade)
INFO:__main__:Extracted: Leopold Domnauer GmbH ()
INFO:__main__:Extracted: Leon Véissid Orient-Teppich-Import ()
INFO:__main__:Extracted: Leopold Fash (trade)
INFO:__main__:Extracted: Leonhard Bloch (trade)
INFO:__main__:Extracted: Leopold Feigenbaum (trade)
INFO:__main__:Extracted: Leonhard Brasch (trade)
INFO:__main__:Using cached content for https://www2.hu-berlin.de/djgb/public/en/find?q=&fq=&sort=unternehmenasc&page=607
INFO:__main__:Extracted: Leopold Gadiel ()
INFO:__main__:Extracted: Leonhard Elkan Musterlager der Firma Ernst Wahlitz Turn-Teplitz-Wien ()
INFO:__main__:Extracted: Leopold Holländer (trade)
INFO:__main__:Extracted: Leopold Glaser (trade)
INFO:__main__:Extracted: Leonhard Neumann (trade)
INFO:__main__:Extracted: Leopold Honig (trade)
INFO:__main__:Extracted: Leopold Glaß (Glass) ()
INFO:__main__:Extracted: Leonhard Tietz AG ()
INFO:__main__:Extracted: Leopold Isaac ()
INFO:__main__:Extracted: Leopold Hanf (industry)
INFO:__main__:Extracted: Leonhard Wertheim (industry)
INFO:__main__:Extracted: Leopold Joachim ()
INFO:__main__:Extracted: Leopold Held (trade)
INFO:__main__:Extracted: Leonhard Zimmt (trade)
INFO:__main__:Extracted: Leopold Kahn ()
INFO:__main__:Extracted: Leopold Hirschowitz ()
INFO:__main__:Extracted: Leonie Sprinz ()
INFO:__main__:Extracted: Leopold Kaim & Co ()
INFO:__main__:Extracted 10 businesses from https://www2.hu-berlin.de/djgb/public/en/find?q=&fq=&sort=unternehmenasc&page=606
INFO:__main__:Extracted 10 businesses from https://www2.hu-berlin.de/djgb/public/en/find?q=&fq=&sort=unternehmenasc&page=604
INFO:__main__:Extracted: Leopold Karp (trade)
INFO:__main__:Extracted: Leopold Kaufmann Schürzen- & Kinder-Konfektion (trade)
INFO:__main__:Extracted: Leopold Klein ()
INFO:__main__:Extracted: Leopold Koenigsberger ()
INFO:__main__:Extracted 10 businesses from https://www2.hu-berlin.de/djgb/public/en/find?q=&fq=&sort=unternehmenasc&page=607
INFO:__main__:Using cached content for https://www2.hu-berlin.de/djgb/public/en/find?q=&fq=&sort=unternehmenasc&page=609
INFO:__main__:Extracted: Leopold Mendelsohn & Co GmbH (industry)
INFO:__main__:Using cached content for https://www2.hu-berlin.de/djgb/public/en/find?q=&fq=&sort=unternehmenasc&page=610
INFO:__main__:Extracted: Leopold Neisser (trade)
INFO:__main__:Using cached content for https://www2.hu-berlin.de/djgb/public/en/find?q=&fq=&sort=unternehmenasc&page=608
INFO:__main__:Extracted: Leopold Seligmann (industry)
INFO:__main__:Extracted: Leopold Nußbaum ()
INFO:__main__:Extracted: Leopold Koos ()
INFO:__main__:Extracted: Leopold Silberstein (trade)
INFO:__main__:Extracted: Leopold Obersitzko (trade)
INFO:__main__:Extracted: Leopold Laserson ()
INFO:__main__:Extracted: Leopold Singer ()
INFO:__main__:Extracted: Leopold Pelziger (industry)
INFO:__main__:Extracted: Leopold Lazarus (trade)
INFO:__main__:Extracted: Leopold Spitzer Geflügel-Import-GmbH (trade)
INFO:__main__:Extracted: Leopold Pinn ()
INFO:__main__:Extracted: Leopold Levy (industry)
INFO:__main__:Extracted: Leopold Stein ()
INFO:__main__:Extracted: Leopold Rausnitz ()
INFO:__main__:Extracted: Leopold Liebrecht GmbH ()
INFO:__main__:Extracted: Leopold Stern (industry)
INFO:__main__:Extracted: Leopold Rosenberg ()
INFO:__main__:Extracted: Leopold Lindemann ()
INFO:__main__:Extracted: Leopold Stiasny ()
INFO:__main__:Extracted: Leopold Rosenow (industry)
INFO:__main__:Extracted: Leopold Loewinsohn ()
INFO:__main__:Extracted: Leopold Süsskind Vertretungen (trade)
INFO:__main__:Extracted: Leopold Seeligmann (trade)
INFO:__main__:Extracted: Leopold Löwenstein ()
INFO:__main__:Extracted: Leopold Treitel (handicraft)
INFO:__main__:Extracted 10 businesses from https://www2.hu-berlin.de/djgb/public/en/find?q=&fq=&sort=unternehmenasc&page=609
INFO:__main__:Extracted: Leopold Markus ()
INFO:__main__:Extracted: Leopold Weiß ()
INFO:__main__:Extracted: Leopold Matthes ()
INFO:__main__:Extracted 10 businesses from https://www2.hu-berlin.de/djgb/public/en/find?q=&fq=&sort=unternehmenasc&page=610
INFO:__main__:Extracted 10 businesses from https://www2.hu-berlin.de/djgb/public/en/find?q=&fq=&sort=unternehmenasc&page=608
INFO:__main__:Using cached content for https://www2.hu-berlin.de/djgb/public/en/find?q=&fq=&sort=unternehmenasc&page=611
INFO:__main__:Extracted: Leopold Wolff (trade)
INFO:__main__:Extracted: Leopold Zeisel ()
INFO:__main__:Extracted: Leschziner & Co ()
INFO:__main__:Extracted: Lesezirkel Daheim ()
INFO:__main__:Extracted: Leske & Lehrer (trade)
INFO:__main__:Extracted: Leske & Stupecki (trade)
INFO:__main__:Extracted: Leske, Moritz ()
INFO:__main__:Extracted: Lesser & Korn (trade)
INFO:__main__:Extracted: Lesser & Salinger (trade)
INFO:__main__:Extracted: Lesser Baruch (trade)
INFO:__main__:Extracted 10 businesses from https://www2.hu-berlin.de/djgb/public/en/find?q=&fq=&sort=unternehmenasc&page=611
INFO:__main__:Using cached content for https://www2.hu-berlin.de/djgb/public/en/find?q=&fq=&sort=unternehmenasc&page=613
INFO:__main__:Using cached content for https://www2.hu-berlin.de/djgb/public/en/find?q=&fq=&sort=unternehmenasc&page=614
INFO:__main__:Using cached content for https://www2.hu-berlin.de/djgb/public/en/find?q=&fq=&sort=unternehmenasc&page=612
INFO:__main__:Extracted: Lewin & Dreyfuß KG ()
INFO:__main__:Extracted: Levy & Hanauer (industry)
INFO:__main__:Extracted: Lewin & Glück ()
INFO:__main__:Extracted: Lesser Levy (trade)
INFO:__main__:Extracted: Levy & Lehrhaupt ()
INFO:__main__:Extracted: Lewin, Gertrud ()
INFO:__main__:Extracted: Lesser, Nathan & Co ()
INFO:__main__:Extracted: Levy & Prober ()
INFO:__main__:Extracted: Lewin, Paul ()
INFO:__main__:Extracted: Lettner & Co (trade)
INFO:__main__:Extracted: Levy & Salinger (trade)
INFO:__main__:Extracted: Lewinnek & Schönlank (trade)
INFO:__main__:Extracted: Levator Hebezeug Fabrik Kurt Goldstein (industry)
INFO:__main__:Extracted: Levy & Wolfsohn (trade)
INFO:__main__:Extracted: Lewinnek & Schönlank (trade)
INFO:__main__:Extracted: Levator-Hebezeug-GmbH (trade)
INFO:__main__:Extracted: Levy, Hirsch Herbert ()
INFO:__main__:Extracted: Lewinnek-Modelle ()
INFO:__main__:Extracted: Leven Seide Karl Leven ()
INFO:__main__:Extracted: Levy, Leo ()
INFO:__main__:Extracted: Lewinski & Lewy ()
INFO:__main__:Extracted: Levi, Eisdiele und Geflügelhandlung ()
INFO:__main__:Extracted: Lewandowski, Lilli ()
INFO:__main__:Extracted: Lewinsky & Mayer ()
INFO:__main__:Extracted: Levi, Fleischer & Co KG (trade)
INFO:__main__:Extracted: Lewek Bachner ()
INFO:__main__:Extracted: Lewinsky, Isidor ()
INFO:__main__:Extracted: Levin & Co (trade)
INFO:__main__:Extracted: Lewi Fungerhut ()
INFO:__main__:Extracted 10 businesses from https://www2.hu-berlin.de/djgb/public/en/find?q=&fq=&sort=unternehmenasc&page=614
INFO:__main__:Extracted: Levinsohn Moritz ()
INFO:__main__:Extracted 10 businesses from https://www2.hu-berlin.de/djgb/public/en/find?q=&fq=&sort=unternehmenasc&page=613
INFO:__main__:Extracted 10 businesses from https://www2.hu-berlin.de/djgb/public/en/find?q=&fq=&sort=unternehmenasc&page=612
INFO:__main__:Using cached content for https://www2.hu-berlin.de/djgb/public/en/find?q=&fq=&sort=unternehmenasc&page=615
INFO:__main__:Extracted: Lewinsohn, Emma geb. Wilke ()
INFO:__main__:Using cached content for https://www2.hu-berlin.de/djgb/public/en/find?q=&fq=&sort=unternehmenasc&page=616
INFO:__main__:Using cached content for https://www2.hu-berlin.de/djgb/public/en/find?q=&fq=&sort=unternehmenasc&page=617
INFO:__main__:Extracted: Lewinsohn, Kartoffelhändler ()
INFO:__main__:Extracted: Lichtenstaedt, Max ()
INFO:__main__:Extracted: Lieber & Co GmbH (trade)
INFO:__main__:Extracted: Lewit & Wedel (trade)
INFO:__main__:Extracted: Lichtenstein ()
INFO:__main__:Extracted: Liebert & Co (trade)
INFO:__main__:Extracted: Lewy & Riese (trade)
INFO:__main__:Extracted: Lichtenstein & Mannheimer (trade)
INFO:__main__:Extracted: Liebert Steinberg & Co (trade)
INFO:__main__:Extracted: Lewy's Erben Terrain-Verwertungs-GmbH (trade)
INFO:__main__:Extracted: Lichtenstein, Hans ()
INFO:__main__:Extracted: Liebert, Alfred ()
INFO:__main__:Extracted: Leyco, Strick- und Wirkwaren GmbH (trade)
INFO:__main__:Extracted: Lichtenstein, Martha, geb. Perleberg (trade)
INFO:__main__:Extracted: Liebeskind, Adolf ()
INFO:__main__:Extracted: Leyser & Alterthum (trade)
INFO:__main__:Extracted: Lichter & Nachtigall ()
INFO:__main__:Extracted: Liebmann & Jacobson (trade)
INFO:__main__:Extracted: Leyser & Winterfeld (trade)
INFO:__main__:Extracted: Lichterfelder Adler Apotheke Hermann Meyer ()
INFO:__main__:Extracted: Liepmann & Ernst Landsberger ()
INFO:__main__:Extracted: Leyser, Fritz ()
INFO:__main__:Extracted: Lichthaus Mösch Erwin Mösch ()
INFO:__main__:Extracted: Liesegang & Co Baugesellschaft mbH ()
INFO:__main__:Extracted: Liberty-Haus Busse & Co ()
INFO:__main__:Extracted: Lidsky-Müller ()
INFO:__main__:Extracted: Likör und Weinhandlung Brauner Weg 100 Else Czwiklitzer ()
INFO:__main__:Extracted 10 businesses from https://www2.hu-berlin.de/djgb/public/en/find?q=&fq=&sort=unternehmenasc&page=615
INFO:__main__:Extracted: Liebenbaum, Eugenie ()
INFO:__main__:Extracted: Likörfabrikation und Weinhandlung Feuerstein u. Czwiklitzer ()
INFO:__main__:Extracted 10 businesses from https://www2.hu-berlin.de/djgb/public/en/find?q=&fq=&sort=unternehmenasc&page=616
INFO:__main__:Extracted 10 businesses from https://www2.hu-berlin.de/djgb/public/en/find?q=&fq=&sort=unternehmenasc&page=617
INFO:__main__:Using cached content for https://www2.hu-berlin.de/djgb/public/en/find?q=&fq=&sort=unternehmenasc&page=618
INFO:__main__:Extracted: Lilienthal & Samelson ()
INFO:__main__:Extracted: Lilli Aronheim, Vertreterin der Firma Sambach Edellikörfabrik GmbH ()
INFO:__main__:Extracted: Lilly Bielschowsky ()
INFO:__main__:Extracted: Lilly Jacobius (Lilli Jacobius) ()
INFO:__main__:Extracted: Lilly Silberstein, in Firma Stickerei Lehmann ()
INFO:__main__:Extracted: Lilly Stern ()
INFO:__main__:Extracted: Limba GmbH zur Herstellung alkoholfreier Getränke ()
INFO:__main__:Extracted: Linda Levy ()
INFO:__main__:Extracted: Lindemann & Co ()
INFO:__main__:Extracted: Lindemann & Lüdecke ()
INFO:__main__:Extracted 10 businesses from https://www2.hu-berlin.de/djgb/public/en/find?q=&fq=&sort=unternehmenasc&page=618
INFO:__main__:Using cached content for https://www2.hu-berlin.de/djgb/public/en/find?q=&fq=&sort=unternehmenasc&page=620
INFO:__main__:Using cached content for https://www2.hu-berlin.de/djgb/public/en/find?q=&fq=&sort=unternehmenasc&page=619
INFO:__main__:Extracted: Lissy Meyersohn, Familienheim Lietzensee ()
INFO:__main__:Extracted: Littauer & Boysen (industry)
INFO:__main__:Extracted: Littauer Nähmaschinen ()
INFO:__main__:Extracted: Litten & Finkelstein ()
INFO:__main__:Extracted: Litten, Benno ()
INFO:__main__:Extracted: Littmann & Co (trade)
INFO:__main__:Extracted: Littmann & Eichler ()
INFO:__main__:Extracted: Lloyd Gummimäntel GmbH (trade)
INFO:__main__:Extracted: Lloyd-Treuhand AG ()
INFO:__main__:Extracted: Locker & Aronovici (trade)
INFO:__main__:Extracted 10 businesses from https://www2.hu-berlin.de/djgb/public/en/find?q=&fq=&sort=unternehmenasc&page=620
INFO:__main__:Extracted: Lindner, Käte ()
INFO:__main__:Extracted: Lipman Brandstätter (trade)
INFO:__main__:Extracted: Lippmann & Friedländer ()
INFO:__main__:Extracted: Lippmann Ginsberg (trade)
INFO:__main__:Extracted: Lippmann GmbH Lampenfabrik (industry)
INFO:__main__:Extracted: Lipski, Ruth ()
INFO:__main__:Extracted: Liquidationskasse AG (trade)
INFO:__main__:Extracted: Lissauer & Rosenfeld (trade)
INFO:__main__:Extracted: Lisser & Stock GmbH ()
INFO:__main__:Extracted: Lissner Röcke Siegfried Lissner ()
INFO:__main__:Extracted 10 businesses from https://www2.hu-berlin.de/djgb/public/en/find?q=&fq=&sort=unternehmenasc&page=619
INFO:__main__:Using cached content for https://www2.hu-berlin.de/djgb/public/en/find?q=&fq=&sort=unternehmenasc&page=623
INFO:__main__:Extracted: Lorsch & Co Tüten- und Papier-Vertrieb ()
INFO:__main__:Using cached content for https://www2.hu-berlin.de/djgb/public/en/find?q=&fq=&sort=unternehmenasc&page=622
INFO:__main__:Extracted: Lortzing-Apotheke und Droguerie am Händelplatz Erhardt Otto ()
INFO:__main__:Using cached content for https://www2.hu-berlin.de/djgb/public/en/find?q=&fq=&sort=unternehmenasc&page=621
INFO:__main__:Extracted: Loewenthal & Levy ()
INFO:__main__:Extracted: Lothar Gongola ()
INFO:__main__:Extracted: Loeb & Sutheim ()
INFO:__main__:Extracted: Loewenthal, Anny ()
INFO:__main__:Extracted: Lothar Messow Erstes Linoleum- & Parkett-Bohner-Institut ()
INFO:__main__:Extracted: Loebmann & Singer (trade)
INFO:__main__:Extracted: Loewy & Kausch ()
INFO:__main__:Extracted: Lothar Meyer ()
INFO:__main__:Extracted: Loeser & Bielschowsky ()
INFO:__main__:Extracted: Lombard- und Leihhaus Winterfeldt Moritz Warschauer (trade)
INFO:__main__:Extracted: Lothar Rosenheimer (industry)
INFO:__main__:Extracted: Loeser & Bielschowsky AG ()
INFO:__main__:Extracted: London Style Fedor Grünthal ()
INFO:__main__:Extracted: Lotte Kahn-Faffer ()
INFO:__main__:Extracted: Loeser & Bielschowsky in Liquidation (trade)
INFO:__main__:Extracted: London-Club David Mendheim (trade)
INFO:__main__:Extracted: Louis Aronsohn ()
INFO:__main__:Extracted: Loeser & Wolff GmbH ()
INFO:__main__:Extracted: Lonny Wohlmann ()
INFO:__main__:Extracted: Louis B. Becher (trade)
INFO:__main__:Extracted: Loewe & Brann (trade)
INFO:__main__:Extracted: Lord-Krawatten Bernhard Berenhaut ()
INFO:__main__:Extracted: Louis Baszynski (trade)
INFO:__main__:Extracted: Loewenberg & Machscheves (trade)
INFO:__main__:Extracted: Lore Lilien ()
INFO:__main__:Extracted 10 businesses from https://www2.hu-berlin.de/djgb/public/en/find?q=&fq=&sort=unternehmenasc&page=623
INFO:__main__:Extracted: Loewensohn, Carl ()
INFO:__main__:Extracted: Lore Löwenstein ()
INFO:__main__:Extracted: Loewenstein & Hecht ()
INFO:__main__:Extracted 10 businesses from https://www2.hu-berlin.de/djgb/public/en/find?q=&fq=&sort=unternehmenasc&page=622
INFO:__main__:Extracted 10 businesses from https://www2.hu-berlin.de/djgb/public/en/find?q=&fq=&sort=unternehmenasc&page=621
INFO:__main__:Using cached content for https://www2.hu-berlin.de/djgb/public/en/find?q=&fq=&sort=unternehmenasc&page=624
INFO:__main__:Extracted: Louis Behrendt Alt-Militär-Effekten Großhandlung (trade)
INFO:__main__:Using cached content for https://www2.hu-berlin.de/djgb/public/en/find?q=&fq=&sort=unternehmenasc&page=626
INFO:__main__:Extracted: Louis Berndt Nchf. Bank-KGaA ()
INFO:__main__:Using cached content for https://www2.hu-berlin.de/djgb/public/en/find?q=&fq=&sort=unternehmenasc&page=625
INFO:__main__:Extracted: Louis Hirsch & Söhne (trade)
INFO:__main__:Extracted: Louis Borchardt ()
INFO:__main__:Extracted: Louis Cuten (trade)
INFO:__main__:Extracted: Louis Hoffmann (industry)
INFO:__main__:Extracted: Louis Borchardt Verlagsgesellschaft mbH (industry)
INFO:__main__:Extracted: Louis Dallmann (industry)
INFO:__main__:Extracted: Louis Jacobsohn (trade)
INFO:__main__:Extracted: Louis Borower Juwelen u. Schmuckwaren ()
INFO:__main__:Extracted: Louis Eisner (trade)
INFO:__main__:Extracted: Louis Joachim vorm. N. Mendelsohn ()
INFO:__main__:Extracted: Louis Brünneck ()
INFO:__main__:Extracted: Louis Freudenthal ()
INFO:__main__:Extracted: Louis Jordan & Nassau ()
INFO:__main__:Extracted: Louis Cohn (industry)
INFO:__main__:Extracted: Louis Fridberg Fondsmakler (trade)
INFO:__main__:Extracted: Louis Kayser ()
INFO:__main__:Extracted: Louis Cohn II (trade)
INFO:__main__:Extracted: Louis Goldstandt (industry)
INFO:__main__:Extracted: Louis L. Rabow (trade)
INFO:__main__:Extracted: Louis Cohn jr. GmbH (trade)
INFO:__main__:Extracted: Louis Groß (trade)
INFO:__main__:Extracted: Louis Lamm (trade)
INFO:__main__:Extracted: Louis Cohn jr. Nfg. (trade)
INFO:__main__:Extracted: Louis Hamburger & Co (trade)
INFO:__main__:Extracted: Louis Lewinsohn, Bücherbude-Britz ()
INFO:__main__:Extracted 10 businesses from https://www2.hu-berlin.de/djgb/public/en/find?q=&fq=&sort=unternehmenasc&page=624
INFO:__main__:Extracted: Louis Herzberg, Elegante Herrenmoden ()
INFO:__main__:Extracted: Louis Lichtenstein ()
INFO:__main__:Extracted: Louis Herzfeld (trade)
INFO:__main__:Extracted 10 businesses from https://www2.hu-berlin.de/djgb/public/en/find?q=&fq=&sort=unternehmenasc&page=626
INFO:__main__:Extracted 10 businesses from https://www2.hu-berlin.de/djgb/public/en/find?q=&fq=&sort=unternehmenasc&page=625
INFO:__main__:Using cached content for https://www2.hu-berlin.de/djgb/public/en/find?q=&fq=&sort=unternehmenasc&page=629
INFO:__main__:Using cached content for https://www2.hu-berlin.de/djgb/public/en/find?q=&fq=&sort=unternehmenasc&page=627
INFO:__main__:Extracted: Louis Schachmann (trade)
INFO:__main__:Using cached content for https://www2.hu-berlin.de/djgb/public/en/find?q=&fq=&sort=unternehmenasc&page=628
INFO:__main__:Extracted: Louis Senger ()
INFO:__main__:Extracted: Louis Littauer (industry)
INFO:__main__:Extracted: Louis Petri, Möbelfabrik (industry)
INFO:__main__:Extracted: Louis Spiegel (trade)
INFO:__main__:Extracted: Louis Loeffler ()
INFO:__main__:Extracted: Louis Philipsohn (trade)
INFO:__main__:Extracted: Louis Stern & Co GmbH ()
INFO:__main__:Extracted: Louis Loewenthal ()
INFO:__main__:Extracted: Louis Rosenberg ()
INFO:__main__:Extracted: Louis Wachsner & Co ()
INFO:__main__:Extracted: Louis Mandelbaum ()
INFO:__main__:Extracted: Louis Rosenthal & Co AG ()
INFO:__main__:Extracted: Louis Wagner (industry)
INFO:__main__:Extracted: Louis Marcus Verlagsbuchhandlung (industry)
INFO:__main__:Extracted: Louis Rosenthal jr. ()
INFO:__main__:Extracted: Louis Warschauer (trade)
INFO:__main__:Extracted: Louis Marx & Co (trade)
INFO:__main__:Extracted: Louis Rotholz ()
INFO:__main__:Extracted: Louis Wilhelm (trade)
INFO:__main__:Extracted: Louis Nethe (trade)
INFO:__main__:Extracted: Louis Ryschwalski (trade)
INFO:__main__:Extracted: Lucie Baer, Seifengroßhandlung ()
INFO:__main__:Extracted: Louis Nossek (trade)
INFO:__main__:Extracted: Louis Salomon (trade)
INFO:__main__:Extracted: Lucie Blumberg ()
INFO:__main__:Extracted: Louis Oppenheimer (trade)
INFO:__main__:Extracted: Louis Salomon Nachf. Inh.: Julius Weiß (trade)
INFO:__main__:Extracted 10 businesses from https://www2.hu-berlin.de/djgb/public/en/find?q=&fq=&sort=unternehmenasc&page=629
INFO:__main__:Extracted: Louis Peiser Söhne ()
INFO:__main__:Extracted: Louis Salomon vormals Willy Ferg GmbH (trade)
INFO:__main__:Extracted 10 businesses from https://www2.hu-berlin.de/djgb/public/en/find?q=&fq=&sort=unternehmenasc&page=627
INFO:__main__:Extracted 10 businesses from https://www2.hu-berlin.de/djgb/public/en/find?q=&fq=&sort=unternehmenasc&page=628
INFO:__main__:Using cached content for https://www2.hu-berlin.de/djgb/public/en/find?q=&fq=&sort=unternehmenasc&page=630
INFO:__main__:Extracted: Lucie Hartstein ()
INFO:__main__:Extracted: Ludmer & Tieger ()
INFO:__main__:Extracted: Ludwig & Robert Reichmann KG ()
INFO:__main__:Extracted: Ludwig Alexander ()
INFO:__main__:Extracted: Ludwig Baer (trade)
INFO:__main__:Extracted: Ludwig Baum (trade)
INFO:__main__:Extracted: Ludwig Bernstein (trade)
INFO:__main__:Extracted: Ludwig Bernstein & Co (trade)
INFO:__main__:Extracted: Ludwig Blau (trade)
INFO:__main__:Extracted: Ludwig Born (trade)
INFO:__main__:Extracted 10 businesses from https://www2.hu-berlin.de/djgb/public/en/find?q=&fq=&sort=unternehmenasc&page=630
INFO:__main__:Using cached content for https://www2.hu-berlin.de/djgb/public/en/find?q=&fq=&sort=unternehmenasc&page=631
INFO:__main__:Extracted: Ludwig Bowman (trade)
INFO:__main__:Using cached content for https://www2.hu-berlin.de/djgb/public/en/find?q=&fq=&sort=unternehmenasc&page=632
INFO:__main__:Extracted: Ludwig Brann & Sohn vorm. E. Wagner Nachf. ()
INFO:__main__:Extracted: Ludwig Grünthal (trade)
INFO:__main__:Extracted: Ludwig Cohn & Lewent ()
INFO:__main__:Extracted: Ludwig Gundermann (trade)
INFO:__main__:Using cached content for https://www2.hu-berlin.de/djgb/public/en/find?q=&fq=&sort=unternehmenasc&page=633
INFO:__main__:Extracted: Ludwig Cohn Leihhaus (trade)
INFO:__main__:Extracted: Ludwig Gutkind ()
INFO:__main__:Extracted: Ludwig Kadisch (trade)
INFO:__main__:Extracted: Ludwig Daniel (trade)
INFO:__main__:Extracted: Ludwig Hartheimer (trade)
INFO:__main__:Extracted: Ludwig Katzenellenbogen GmbH (trade)
INFO:__main__:Extracted: Ludwig Dreyfuß & Co (trade)
INFO:__main__:Extracted: Ludwig Hartwig & Söhne ()
INFO:__main__:Extracted: Ludwig Klinger Bank-Kommissionsgeschäft (trade)
INFO:__main__:Extracted: Ludwig Döblin (trade)
INFO:__main__:Extracted: Ludwig Heilborn ()
INFO:__main__:Extracted: Ludwig Konski Nachfolger Ignatz Bloch ()
INFO:__main__:Extracted: Ludwig Elsner Nachf. GmbH (trade)
INFO:__main__:Extracted: Ludwig Hirschberg (trade)
INFO:__main__:Extracted: Ludwig Kroh (trade)
INFO:__main__:Extracted: Ludwig Epstein (industry)
INFO:__main__:Extracted: Ludwig Hollerbusch (trade)
INFO:__main__:Extracted: Ludwig Lesser AG (trade)
INFO:__main__:Extracted: Ludwig Flach (trade)
INFO:__main__:Extracted: Ludwig Israelski ()
INFO:__main__:Extracted: Ludwig Lesser GmbH, Jugendliche Kleider ()
INFO:__main__:Extracted 10 businesses from https://www2.hu-berlin.de/djgb/public/en/find?q=&fq=&sort=unternehmenasc&page=631
INFO:__main__:Extracted: Ludwig Italiener (trade)
INFO:__main__:Extracted: Ludwig Levy ()
INFO:__main__:Extracted 10 businesses from https://www2.hu-berlin.de/djgb/public/en/find?q=&fq=&sort=unternehmenasc&page=632
INFO:__main__:Extracted: Ludwig Levy GmbH (industry)
INFO:__main__:Extracted: Ludwig Lichtenstädter (trade)
INFO:__main__:Extracted 10 businesses from https://www2.hu-berlin.de/djgb/public/en/find?q=&fq=&sort=unternehmenasc&page=633
INFO:__main__:Using cached content for https://www2.hu-berlin.de/djgb/public/en/find?q=&fq=&sort=unternehmenasc&page=635
INFO:__main__:Using cached content for https://www2.hu-berlin.de/djgb/public/en/find?q=&fq=&sort=unternehmenasc&page=636
INFO:__main__:Extracted: Ludwig Neumann & Co (industry)
INFO:__main__:Using cached content for https://www2.hu-berlin.de/djgb/public/en/find?q=&fq=&sort=unternehmenasc&page=634
INFO:__main__:Extracted: Ludwig Orenstein (trade)
INFO:__main__:Extracted: Ludwig Sabat (handicraft)
INFO:__main__:Extracted: Ludwig Loewenberg & Co ()
INFO:__main__:Extracted: Ludwig Pietrkowski (trade)
INFO:__main__:Extracted: Ludwig Sager (trade)
INFO:__main__:Extracted: Ludwig Manasse ()
INFO:__main__:Extracted: Ludwig R. Simon (trade)
INFO:__main__:Extracted: Ludwig Sallmayer ()
INFO:__main__:Extracted: Ludwig Mayer (trade)
INFO:__main__:Extracted: Ludwig Reichmann (trade)
INFO:__main__:Extracted: Ludwig Salomon (trade)
INFO:__main__:Extracted: Ludwig Meyer ()
INFO:__main__:Extracted: Ludwig Rieß (trade)
INFO:__main__:Extracted: Ludwig Schaefer ()
INFO:__main__:Extracted: Ludwig Meyersohn (industry)
INFO:__main__:Extracted: Ludwig Rosenblatt (trade)
INFO:__main__:Extracted: Ludwig Scherk (industry)
INFO:__main__:Extracted: Ludwig Misch (trade)
INFO:__main__:Extracted: Ludwig Rosenstock Metalle (trade)
INFO:__main__:Extracted: Ludwig Schönfeld (trade)
INFO:__main__:Extracted: Ludwig Moser ()
INFO:__main__:Extracted: Ludwig Rothschild (industry)
INFO:__main__:Extracted: Ludwig Schück & Hedwig Schück ()
INFO:__main__:Extracted: Ludwig Nehab (trade)
INFO:__main__:Extracted: Ludwig Rügheimer (trade)
INFO:__main__:Extracted: Ludwig Simon (trade)
INFO:__main__:Extracted: Ludwig Neulaender ()
INFO:__main__:Extracted 10 businesses from https://www2.hu-berlin.de/djgb/public/en/find?q=&fq=&sort=unternehmenasc&page=635
INFO:__main__:Extracted: Ludwig Sommerfeld ()
INFO:__main__:Extracted: Ludwig Neumann ()
INFO:__main__:Extracted 10 businesses from https://www2.hu-berlin.de/djgb/public/en/find?q=&fq=&sort=unternehmenasc&page=636
INFO:__main__:Extracted 10 businesses from https://www2.hu-berlin.de/djgb/public/en/find?q=&fq=&sort=unternehmenasc&page=634
INFO:__main__:Using cached content for https://www2.hu-berlin.de/djgb/public/en/find?q=&fq=&sort=unternehmenasc&page=638
INFO:__main__:Extracted: Ludwig Wiener (trade)
INFO:__main__:Extracted: Ludwig Wolken (trade)
INFO:__main__:Extracted: Lueck, Georg ()
INFO:__main__:Extracted: Luise Bamberger ()
INFO:__main__:Extracted: Luise Köhler (trade)
INFO:__main__:Extracted: Luisen Drogerie F. W. Sehrndt Nachf. Inh. Ludwig Begach ()
INFO:__main__:Extracted: Luisen-Apotheke H. Brandes ()
INFO:__main__:Extracted: Luisenstädtische Apotheke Artur Tichauer ()
INFO:__main__:Extracted: Luitpold Landmann ()
INFO:__main__:Extracted: Lukawäsche Heinz Goldschmidt (trade)
INFO:__main__:Extracted 10 businesses from https://www2.hu-berlin.de/djgb/public/en/find?q=&fq=&sort=unternehmenasc&page=638
INFO:__main__:Using cached content for https://www2.hu-berlin.de/djgb/public/en/find?q=&fq=&sort=unternehmenasc&page=639
INFO:__main__:Extracted: Lumen Grundstücks-GmbH ()
INFO:__main__:Extracted: Lumpenkeller ()
INFO:__main__:Extracted: Luna Lichtspiele Schöneberg GmbH (services)
INFO:__main__:Extracted: Luna Lichtspieltheater-Vertriebsgesellschaft mbH ()
INFO:__main__:Extracted: Luna Park Grundstücks-AG (services)
INFO:__main__:Extracted: Lunaterrassen Betriebsgesellschaft mbH (services)
INFO:__main__:Extracted: Lunda Metallgesellschaft mbH (industry)
INFO:__main__:Extracted: Lupu Solomon (trade)
INFO:__main__:Extracted: Lustig, Ottilie ()
INFO:__main__:Extracted: Lustrol Fabrikation chem. Techn. Produkte Sigismund Hochhaus ()
INFO:__main__:Extracted 10 businesses from https://www2.hu-berlin.de/djgb/public/en/find?q=&fq=&sort=unternehmenasc&page=639
INFO:__main__:Using cached content for https://www2.hu-berlin.de/djgb/public/en/find?q=&fq=&sort=unternehmenasc&page=637
INFO:__main__:Extracted: Ludwig Sonnenfeld & Co (trade)
INFO:__main__:Extracted: Ludwig Springer ()
INFO:__main__:Extracted: Ludwig Stargardt ()
INFO:__main__:Extracted: Ludwig Stein ()
INFO:__main__:Extracted: Ludwig Steinmetz (trade)
INFO:__main__:Extracted: Ludwig Stettenheimer ()
INFO:__main__:Extracted: Ludwig Wedell ()
INFO:__main__:Extracted: Ludwig Weiß Lederartikel (trade)
INFO:__main__:Extracted: Ludwig Weißblatt ()
INFO:__main__:Extracted: Ludwig Weyl (trade)
INFO:__main__:Extracted 10 businesses from https://www2.hu-berlin.de/djgb/public/en/find?q=&fq=&sort=unternehmenasc&page=637
INFO:__main__:Using cached content for https://www2.hu-berlin.de/djgb/public/en/find?q=&fq=&sort=unternehmenasc&page=640
INFO:__main__:Extracted: Lux & Co (trade)
INFO:__main__:Using cached content for https://www2.hu-berlin.de/djgb/public/en/find?q=&fq=&sort=unternehmenasc&page=642
INFO:__main__:Extracted: Luxor-Fabriken Otto Rechnitz (industry)
INFO:__main__:Using cached content for https://www2.hu-berlin.de/djgb/public/en/find?q=&fq=&sort=unternehmenasc&page=641
INFO:__main__:Extracted: M. & L. Grodzinski (trade)
INFO:__main__:Extracted: Lydia Hahlo ()
INFO:__main__:Extracted: Löwenstein & Koppel (trade)
INFO:__main__:Extracted: M. & L. Hausen (trade)
INFO:__main__:Extracted: Lysa Textilwaren GmbH (trade)
INFO:__main__:Extracted: Löwenthal & Friedländer (trade)
INFO:__main__:Extracted: M. & M. Alexander (trade)
INFO:__main__:Extracted: Löbel Wagner Getreide- Saaten- und Bankgeschäft ()
INFO:__main__:Extracted: Löwenthal & Kugelmann ()
INFO:__main__:Extracted: M. Alter & Co ()
INFO:__main__:Extracted: Löffl & Freter ()
INFO:__main__:Extracted: Löwenthal & Stenger ()
INFO:__main__:Extracted: M. Apt (trade)
INFO:__main__:Extracted: Löffler's Pelzhaus Israel Löffler (trade)
INFO:__main__:Extracted: Lützow-Apotheke Dr. Albert Lewy ()
INFO:__main__:Extracted: M. Aronheim & Co (trade)
INFO:__main__:Extracted: Lövin, Erna geb. Koslowski ()
INFO:__main__:Extracted: M. & A. Hahn (trade)
INFO:__main__:Extracted: M. Baum & Co (industry)
INFO:__main__:Extracted: Löwen-Apotheke Georg Heering ()
INFO:__main__:Extracted: M. & A. Holländer (industry)
INFO:__main__:Extracted: M. Biermann ()
INFO:__main__:Extracted: Löwenbrauerei - Böhmisches Brauhaus AG (industry)
INFO:__main__:Extracted: M. & A. Mendelsohn (trade)
INFO:__main__:Extracted: M. Birnhack & N. Weichselbaum ()
INFO:__main__:Extracted 10 businesses from https://www2.hu-berlin.de/djgb/public/en/find?q=&fq=&sort=unternehmenasc&page=640
INFO:__main__:Extracted: M. & E. Sommerfeld Tuchengrosgeschäft ()
INFO:__main__:Extracted: M. Boguslawski ()
INFO:__main__:Extracted: M. & E. Staub (trade)
INFO:__main__:Using cached content for https://www2.hu-berlin.de/djgb/public/en/find?q=&fq=&sort=unternehmenasc&page=643
INFO:__main__:Extracted 10 businesses from https://www2.hu-berlin.de/djgb/public/en/find?q=&fq=&sort=unternehmenasc&page=642
INFO:__main__:Extracted 10 businesses from https://www2.hu-berlin.de/djgb/public/en/find?q=&fq=&sort=unternehmenasc&page=641
INFO:__main__:Extracted: M. Bratt & Co ()
INFO:__main__:Extracted: M. Brilles ()
INFO:__main__:Extracted: M. Chanachowitz ()
INFO:__main__:Extracted: M. Conitzer & Söhne (trade)
INFO:__main__:Extracted: M. Cramer & Cie Agentur & Maklergeschäft (trade)
INFO:__main__:Extracted: M. Deutsch & Co ()
INFO:__main__:Extracted: M. E. G. Maschinenfabrik Erich Gimpel ()
INFO:__main__:Extracted: M. Eisemann & Co (trade)
INFO:__main__:Extracted: M. Fiedier ()
INFO:__main__:Extracted: M. Forell & Co (trade)
INFO:__main__:Extracted 10 businesses from https://www2.hu-berlin.de/djgb/public/en/find?q=&fq=&sort=unternehmenasc&page=643
INFO:__main__:Using cached content for https://www2.hu-berlin.de/djgb/public/en/find?q=&fq=&sort=unternehmenasc&page=644
INFO:__main__:Using cached content for https://www2.hu-berlin.de/djgb/public/en/find?q=&fq=&sort=unternehmenasc&page=646
INFO:__main__:Extracted: M. Friedländer & Co (trade)
INFO:__main__:Using cached content for https://www2.hu-berlin.de/djgb/public/en/find?q=&fq=&sort=unternehmenasc&page=645
INFO:__main__:Extracted: M. Holzer (trade)
INFO:__main__:Extracted: M. G. Posner ()
INFO:__main__:Extracted: M. Grünfeld & Co (trade)
INFO:__main__:Extracted: M. Horowitz & M. Silbiger ()
INFO:__main__:Extracted: M. Geißenberger & Söhne (trade)
INFO:__main__:Extracted: M. Gärtner ()
INFO:__main__:Extracted: M. J. Bodenstein GmbH (handicraft)
INFO:__main__:Extracted: M. Gersten & Schiff (trade)
INFO:__main__:Extracted: M. H. Nasch ()
INFO:__main__:Extracted: M. J. Teich (trade)
INFO:__main__:Extracted: M. Goldhirsch ()
INFO:__main__:Extracted: M. Hamburger (trade)
INFO:__main__:Extracted: M. Juda & Co GmbH (trade)
INFO:__main__:Extracted: M. Goldstein u. Co GmbH (trade)
INFO:__main__:Extracted: M. Hannes-Selmar Cohn GmbH ()
INFO:__main__:Extracted: M. K. Sternberg Spandau. Seit 1841 das Haus der guten Qualitäten (trade)
INFO:__main__:Extracted: M. Gonzer ()
INFO:__main__:Extracted: M. Hartenheim Nachf. Inh. Max Meyer (trade)
INFO:__main__:Extracted: M. Kahnemann jr. ()
INFO:__main__:Extracted: M. Gronich ()
INFO:__main__:Extracted: M. Hartlieb, Sachverständiger ()
INFO:__main__:Extracted: M. Kamermann & Co (trade)
INFO:__main__:Extracted: M. Grund (trade)
INFO:__main__:Extracted: M. Heydemann (trade)
INFO:__main__:Extracted: M. Kaphan & Co Holzvermittlungs-GmbH ()
INFO:__main__:Extracted: M. Grünberg Nachf. - Schoeneberg Inh. Hugo Cohn (trade)
INFO:__main__:Extracted: M. Hiller Nachf. AG (trade)
INFO:__main__:Extracted: M. Kempinski & Co (services)
INFO:__main__:Extracted 10 businesses from https://www2.hu-berlin.de/djgb/public/en/find?q=&fq=&sort=unternehmenasc&page=644
INFO:__main__:Extracted: M. Hochmann ()
INFO:__main__:Extracted 10 businesses from https://www2.hu-berlin.de/djgb/public/en/find?q=&fq=&sort=unternehmenasc&page=646
INFO:__main__:Extracted 10 businesses from https://www2.hu-berlin.de/djgb/public/en/find?q=&fq=&sort=unternehmenasc&page=645
INFO:__main__:Using cached content for https://www2.hu-berlin.de/djgb/public/en/find?q=&fq=&sort=unternehmenasc&page=647
INFO:__main__:Using cached content for https://www2.hu-berlin.de/djgb/public/en/find?q=&fq=&sort=unternehmenasc&page=649
INFO:__main__:Extracted: M. Kempinski & Co, Kempinski-Kaffee ()
INFO:__main__:Using cached content for https://www2.hu-berlin.de/djgb/public/en/find?q=&fq=&sort=unternehmenasc&page=648
INFO:__main__:Extracted: M. Loewy Wäscheverleih-Gesellschaft (services)
INFO:__main__:Extracted: M. Kimmelstiel & Co (trade)
INFO:__main__:Extracted: M. Lewin Mützenfabrik (industry)
INFO:__main__:Extracted: M. Lövinsohn (trade)
INFO:__main__:Extracted: M. Koppel ()
INFO:__main__:Extracted: M. Lewinski & Co (trade)
INFO:__main__:Extracted: M. Mayer & Wolf (trade)
INFO:__main__:Extracted: M. Krayn (industry)
INFO:__main__:Extracted: M. Leßmann ()
INFO:__main__:Extracted: M. Megiermann ()
INFO:__main__:Extracted: M. Kurz & Söhne Wäscheversand (trade)
INFO:__main__:Extracted: M. Lichtenstein Nchf. D. Cohn ()
INFO:__main__:Extracted: M. Meyerhof (trade)
INFO:__main__:Extracted: M. Laser (trade)
INFO:__main__:Extracted: M. Liebshardt & Co E. Saemann (trade)
INFO:__main__:Extracted: M. Michaelis & Co ()
INFO:__main__:Extracted: M. Laser, Splitter Tilsit Zweigniederlassung Berlin (industry)
INFO:__main__:Extracted: M. Liemann & Co ()
INFO:__main__:Extracted: M. Moldawsky & Co Landesprodukte & Mühlenfabrikate ()
INFO:__main__:Extracted: M. Leibholz ()
INFO:__main__:Extracted: M. Liemann & Co (trade)
INFO:__main__:Extracted: M. Murawin (Michael Murawin) ()
INFO:__main__:Extracted: M. Leon Rubinstein (trade)
INFO:__main__:Extracted: M. Liemann & Co Zigaretten-Vertrieb GmbH ()
INFO:__main__:Extracted: M. N. Nasch GmbH (trade)
INFO:__main__:Extracted: M. Lerner & Co (trade)
INFO:__main__:Extracted: M. Lissauer & Cie ZN Berlin (trade)
INFO:__main__:Extracted: M. Nawratzki Söhne ()
INFO:__main__:Extracted 10 businesses from https://www2.hu-berlin.de/djgb/public/en/find?q=&fq=&sort=unternehmenasc&page=647
INFO:__main__:Extracted: M. Loewenstern (trade)
INFO:__main__:Extracted 10 businesses from https://www2.hu-berlin.de/djgb/public/en/find?q=&fq=&sort=unternehmenasc&page=649
INFO:__main__:Extracted 10 businesses from https://www2.hu-berlin.de/djgb/public/en/find?q=&fq=&sort=unternehmenasc&page=648
INFO:__main__:Using cached content for https://www2.hu-berlin.de/djgb/public/en/find?q=&fq=&sort=unternehmenasc&page=652
INFO:__main__:Using cached content for https://www2.hu-berlin.de/djgb/public/en/find?q=&fq=&sort=unternehmenasc&page=651
INFO:__main__:Using cached content for https://www2.hu-berlin.de/djgb/public/en/find?q=&fq=&sort=unternehmenasc&page=650
INFO:__main__:Extracted: M. Sondheimer ()
INFO:__main__:Extracted: M. Ruben & Benedik ()
INFO:__main__:Extracted: M. Sonnenblick & Sohn ()
INFO:__main__:Extracted: M. Neufeld & Co ()
INFO:__main__:Extracted: M. Rudnik GmbH ()
INFO:__main__:Extracted: M. Sperling ()
INFO:__main__:Extracted: M. Neutuch ()
INFO:__main__:Extracted: M. Schauer (trade)
INFO:__main__:Extracted: M. Sperling Getreide-AG (trade)
INFO:__main__:Extracted: M. Oberzimmer ()
INFO:__main__:Extracted: M. Schlanger & Co Pelzkürschnerei und Pelzversand ()
INFO:__main__:Extracted: M. Straus & Co ()
INFO:__main__:Extracted: M. Oppenheim & Co (trade)
INFO:__main__:Extracted: M. Schmoller & Fabian ()
INFO:__main__:Extracted: M. Strauss (trade)
INFO:__main__:Extracted: M. Pauly (trade)
INFO:__main__:Extracted: M. Schopflocher & Söhne (trade)
INFO:__main__:Extracted: M. Taussig & Co (industry)
INFO:__main__:Extracted: M. Pech GmbH für sanitären Bedarf und Hygiene ()
INFO:__main__:Extracted: M. Schott & Co ()
INFO:__main__:Extracted: M. Wainstock & S. Arendt ()
INFO:__main__:Extracted: M. Ponikowsky & Co ()
INFO:__main__:Extracted: M. Seefeld & Co (trade)
INFO:__main__:Extracted: M. Waldberg ()
INFO:__main__:Extracted: M. Poppelauer (trade)
INFO:__main__:Extracted: M. Siegfried Weishaus (trade)
INFO:__main__:Extracted: M. Wilde (industry)
INFO:__main__:Extracted: M. Reich ()
INFO:__main__:Extracted: M. Silberblatt (industry)
INFO:__main__:Extracted 10 businesses from https://www2.hu-berlin.de/djgb/public/en/find?q=&fq=&sort=unternehmenasc&page=652
INFO:__main__:Extracted: M. Rosenthal Moderne Drucksachen ()
INFO:__main__:Extracted 10 businesses from https://www2.hu-berlin.de/djgb/public/en/find?q=&fq=&sort=unternehmenasc&page=651
INFO:__main__:Extracted 10 businesses from https://www2.hu-berlin.de/djgb/public/en/find?q=&fq=&sort=unternehmenasc&page=650
INFO:__main__:Using cached content for https://www2.hu-berlin.de/djgb/public/en/find?q=&fq=&sort=unternehmenasc&page=655
INFO:__main__:Using cached content for https://www2.hu-berlin.de/djgb/public/en/find?q=&fq=&sort=unternehmenasc&page=654
INFO:__main__:Using cached content for https://www2.hu-berlin.de/djgb/public/en/find?q=&fq=&sort=unternehmenasc&page=653
INFO:__main__:Extracted: Maiyor Frye ()
INFO:__main__:Extracted: Machol & Lewin (trade)
INFO:__main__:Extracted: Majestic Film GmbH ()
INFO:__main__:Extracted: M. Wolfsky & Co ()
INFO:__main__:Extracted: Maendl & Co (industry)
INFO:__main__:Extracted: Majnzer ()
INFO:__main__:Extracted: M. Wollner´s Möbeltischlerei Nachf. (handicraft)
INFO:__main__:Extracted: Maertin ()
INFO:__main__:Extracted: Makkabiah Transport-GmbH ()
INFO:__main__:Extracted: M. Wosner ()
INFO:__main__:Extracted: Magazin Fortuna Herbert Lewy ()
INFO:__main__:Extracted: Mal-Kah Zigarettenfabrik AG (industry)
INFO:__main__:Extracted: M. Wurzel & Sohn Mützenfabrikation (industry)
INFO:__main__:Extracted: Magnus Fraenkel (trade)
INFO:__main__:Extracted: Malerei Spiegel ()
INFO:__main__:Extracted: M. Zachart ()
INFO:__main__:Extracted: Magnus Goldschmidt (trade)
INFO:__main__:Extracted: Malik Verlag AG (industry)
INFO:__main__:Extracted: M. Zellermayer GmbH ()
INFO:__main__:Extracted: Magnus Marcus (trade)
INFO:__main__:Extracted: Malzbierbrauerei Groterjan & Co AG (trade)
INFO:__main__:Extracted: M. Zmigrod ()
INFO:__main__:Extracted: Magnus Nachum ()
INFO:__main__:Extracted: Malzfabrik Spandau GmbH (industry)
INFO:__main__:Extracted: Ma(x) Karo Rohstoffe für die Papier-Industrie ()
INFO:__main__:Extracted: Magnus, Benjamin David ()
INFO:__main__:Extracted: Mamlok & Söhne Wein und Spirituosen AG (trade)
INFO:__main__:Extracted: Maaß & Röhmann ()
INFO:__main__:Extracted: Maier Margulies (trade)
INFO:__main__:Extracted 10 businesses from https://www2.hu-berlin.de/djgb/public/en/find?q=&fq=&sort=unternehmenasc&page=655
INFO:__main__:Extracted: Macco-Wäscheversandhaus Schlüsselberg & Stub ()
INFO:__main__:Extracted 10 businesses from https://www2.hu-berlin.de/djgb/public/en/find?q=&fq=&sort=unternehmenasc&page=654
INFO:__main__:Extracted 10 businesses from https://www2.hu-berlin.de/djgb/public/en/find?q=&fq=&sort=unternehmenasc&page=653
INFO:__main__:Using cached content for https://www2.hu-berlin.de/djgb/public/en/find?q=&fq=&sort=unternehmenasc&page=657
INFO:__main__:Extracted: Mannheim & Wolff (trade)
INFO:__main__:Using cached content for https://www2.hu-berlin.de/djgb/public/en/find?q=&fq=&sort=unternehmenasc&page=658
INFO:__main__:Extracted: Mannheimer, Albert ()
INFO:__main__:Using cached content for https://www2.hu-berlin.de/djgb/public/en/find?q=&fq=&sort=unternehmenasc&page=656
INFO:__main__:Extracted: Marcus Israel Söhne ()
INFO:__main__:Extracted: Manole Rosenberg (trade)
INFO:__main__:Extracted: Mamlok, Messow & Hirschfeldt ()
INFO:__main__:Extracted: Marcus Lewin ()
INFO:__main__:Extracted: Manoli AG ()
INFO:__main__:Extracted: Mamlok, Messow & Hirschfeldt, Furniermesserei, GmbH ()
INFO:__main__:Extracted: Marcus Nagler ()
INFO:__main__:Extracted: Marcel Steinbach (trade)
INFO:__main__:Extracted: Mamroth & Brodda (trade)
INFO:__main__:Extracted: Marcus Treitel (trade)
INFO:__main__:Extracted: Marcus & Nathansen (trade)
INFO:__main__:Extracted: Manasse Hanfling gen. Burta (trade)
INFO:__main__:Extracted: Marcuse & Orbach GmbH (trade)
INFO:__main__:Extracted: Marcus & Rosenberg (trade)
INFO:__main__:Extracted: Mandl, Leopold ()
INFO:__main__:Extracted: Marcuse, Regina ()
INFO:__main__:Extracted: Marcus & Volkmar (trade)
INFO:__main__:Extracted: Manes & Co GmbH (trade)
INFO:__main__:Extracted: Marg. Krumnow ()
INFO:__main__:Extracted: Marcus Fleischmann (trade)
INFO:__main__:Extracted: Manfred Gruber ()
INFO:__main__:Extracted: Marg. Reichmann ()
INFO:__main__:Extracted: Marcus Frankenstein ()
INFO:__main__:Extracted: Manfred Leopold ()
INFO:__main__:Extracted: Manfred Schall (trade)
INFO:__main__:Extracted: Marga Hecht-Lubinski ()
INFO:__main__:Extracted: Mann & Scheidemann ()
INFO:__main__:Extracted 10 businesses from https://www2.hu-berlin.de/djgb/public/en/find?q=&fq=&sort=unternehmenasc&page=657
INFO:__main__:Extracted: Margarete Almus ()
INFO:__main__:Extracted 10 businesses from https://www2.hu-berlin.de/djgb/public/en/find?q=&fq=&sort=unternehmenasc&page=656
INFO:__main__:Extracted 10 businesses from https://www2.hu-berlin.de/djgb/public/en/find?q=&fq=&sort=unternehmenasc&page=658
INFO:__main__:Using cached content for https://www2.hu-berlin.de/djgb/public/en/find?q=&fq=&sort=unternehmenasc&page=661
INFO:__main__:Extracted: Marie Lichtenfeld ()
INFO:__main__:Completed https://www2.hu-berlin.de/djgb/public/en/find?q=&fq=&sort=unternehmenasc&page=403: 10 businesses
INFO:__main__:Extracted: Marie Lindenstädt Nachf. ()
INFO:__main__:Using cached content for https://www2.hu-berlin.de/djgb/public/en/find?q=&fq=&sort=unternehmenasc&page=659
INFO:__main__:Using cached content for https://www2.hu-berlin.de/djgb/public/en/find?q=&fq=&sort=unternehmenasc&page=660
INFO:__main__:Extracted: Marien-Apotheke Sonntag & Oelsner ()
INFO:__main__:Extracted: Margarete Bernstein (trade)
INFO:__main__:Extracted: Margarinefabrik Groß-Berlin GmbH ()
INFO:__main__:Extracted: Mariendorfer Gummiwarenfabrik GmbH (trade)
INFO:__main__:Extracted: Margarete Bornstein (trade)
INFO:__main__:Extracted: Margarno Destillerie Arnold Aron (trade)
INFO:__main__:Extracted: Mariendorfer Verlagsanstalt und Druckerei Hermann Wegner & Co (industry)
INFO:__main__:Extracted: Margarete Gerson, Bismarck-Photo (services)
INFO:__main__:Extracted: Marggraffs Rothe Apotheke Dr. Wilhelm Wartenberg ()
INFO:__main__:Extracted: Marion Grundstücksgesellschaft mbH (trade)
INFO:__main__:Extracted: Margarete Hirschfeld (trade)
INFO:__main__:Extracted: Margot Keßler ()
INFO:__main__:Extracted: Markel Friedmann ()
INFO:__main__:Extracted: Margarete Hurtig ()
INFO:__main__:Extracted: Margot Meth ()
INFO:__main__:Extracted: Markendorf & Ackermann ()
INFO:__main__:Extracted: Margarete Neuhoff ()
INFO:__main__:Extracted: Margraf & Co, GmbH (trade)
INFO:__main__:Extracted: Markendorf & Co ()
INFO:__main__:Extracted: Margarete Philippi ()
INFO:__main__:Extracted: Marianne Singer ()
INFO:__main__:Extracted: Markgrafen-Konditorei ()
INFO:__main__:Extracted: Margareten Apotheke Emil Hübner ()
INFO:__main__:Extracted: Mariannen-Apotheke Dr. Samuel Lachmann ()
INFO:__main__:Extracted 10 businesses from https://www2.hu-berlin.de/djgb/public/en/find?q=&fq=&sort=unternehmenasc&page=661
INFO:__main__:Extracted: Margareten Apotheke Konrad Lanzenberger ()
INFO:__main__:Extracted: Marie Auerbach ()
INFO:__main__:Extracted: Margarethe Meyer (Papier-Meyer) ()
INFO:__main__:Extracted: Marie Hüttel Steppdeckenfabrikation ()
INFO:__main__:Extracted 10 businesses from https://www2.hu-berlin.de/djgb/public/en/find?q=&fq=&sort=unternehmenasc&page=659
INFO:__main__:Extracted 10 businesses from https://www2.hu-berlin.de/djgb/public/en/find?q=&fq=&sort=unternehmenasc&page=660
INFO:__main__:Using cached content for https://www2.hu-berlin.de/djgb/public/en/find?q=&fq=&sort=unternehmenasc&page=662
INFO:__main__:Using cached content for https://www2.hu-berlin.de/djgb/public/en/find?q=&fq=&sort=unternehmenasc&page=664
INFO:__main__:Extracted: Markisen-Kilz ()
INFO:__main__:Extracted: Markmann & Jacoby ()
INFO:__main__:Extracted: Marksohn & Scheyer ()
INFO:__main__:Extracted: Marku. Solomon ()
INFO:__main__:Extracted: Markus Billet ()
INFO:__main__:Extracted: Markus Englaender (trade)
INFO:__main__:Extracted: Markus Frankenstein ()
INFO:__main__:Extracted: Markus Freiser (trade)
INFO:__main__:Extracted: Markus Isler ()
INFO:__main__:Extracted: Markus Kleinberger (trade)
INFO:__main__:Extracted 10 businesses from https://www2.hu-berlin.de/djgb/public/en/find?q=&fq=&sort=unternehmenasc&page=662
INFO:__main__:Using cached content for https://www2.hu-berlin.de/djgb/public/en/find?q=&fq=&sort=unternehmenasc&page=663
INFO:__main__:Extracted: Markus Wolkowitz ()
INFO:__main__:Extracted: Markus Zobel (trade)
INFO:__main__:Extracted: Markwald & Co in Liqu. (trade)
INFO:__main__:Extracted: Markwald & Scheidemann (industry)
INFO:__main__:Extracted: Markwald, Rosenthal & Kosterlitz Damenmäntel-Confetion (trade)
INFO:__main__:Extracted: Marot - Tabakfabrikate Max Rothschild (industry)
INFO:__main__:Extracted: Maroti & Freink GmbH (trade)
INFO:__main__:Extracted: Marowitz ()
INFO:__main__:Extracted: Marta Görtel (trade)
INFO:__main__:Extracted: Marta Seeligmann, in Firma Fleckweg ()
INFO:__main__:Extracted 10 businesses from https://www2.hu-berlin.de/djgb/public/en/find?q=&fq=&sort=unternehmenasc&page=664
INFO:__main__:Extracted: Markus Kreisberg ()
INFO:__main__:Extracted: Markus Last Textil-Rohstoffe ()
INFO:__main__:Extracted: Markus Löwenthal ()
INFO:__main__:Extracted: Markus M. Bach ()
INFO:__main__:Extracted: Markus Milet ()
INFO:__main__:Extracted: Markus Mondschein ()
INFO:__main__:Extracted: Markus Rebensaft (trade)
INFO:__main__:Extracted: Markus Reiter ()
INFO:__main__:Extracted: Markus Riesel ()
INFO:__main__:Extracted: Markus Schattner ()
INFO:__main__:Extracted 10 businesses from https://www2.hu-berlin.de/djgb/public/en/find?q=&fq=&sort=unternehmenasc&page=663
INFO:__main__:Using cached content for https://www2.hu-berlin.de/djgb/public/en/find?q=&fq=&sort=unternehmenasc&page=667
INFO:__main__:Extracted: Martin Besser ()
INFO:__main__:Extracted: Martin Blaustein (trade)
INFO:__main__:Extracted: Martin Brann ()
INFO:__main__:Extracted: Martin Brasch (trade)
INFO:__main__:Extracted: Martin Breslauer (trade)
INFO:__main__:Extracted: Martin Bukofzer (trade)
INFO:__main__:Extracted: Martin Cohn (trade)
INFO:__main__:Using cached content for https://www2.hu-berlin.de/djgb/public/en/find?q=&fq=&sort=unternehmenasc&page=666
INFO:__main__:Extracted: Martin Cohn Bankkommissionsgeschäft (trade)
INFO:__main__:Using cached content for https://www2.hu-berlin.de/djgb/public/en/find?q=&fq=&sort=unternehmenasc&page=665
INFO:__main__:Extracted: Martin David ()
INFO:__main__:Extracted: Martin Davidsohn ()
INFO:__main__:Extracted: Martha Ruppin ()
INFO:__main__:Extracted 10 businesses from https://www2.hu-berlin.de/djgb/public/en/find?q=&fq=&sort=unternehmenasc&page=667
INFO:__main__:Extracted: Marta Tischler ()
INFO:__main__:Extracted: Martha Siedner ()
INFO:__main__:Extracted: Martha Adler (services)
INFO:__main__:Extracted: Martha Thamm ()
INFO:__main__:Extracted: Martha Bucki ()
INFO:__main__:Extracted: Martin Abraham früher Bazar Wolfenstein ()
INFO:__main__:Extracted: Martha Eisenberg ( Maria Eisenberg) ()
INFO:__main__:Extracted: Martin Aronsohn ()
INFO:__main__:Using cached content for https://www2.hu-berlin.de/djgb/public/en/find?q=&fq=&sort=unternehmenasc&page=668
INFO:__main__:Extracted: Martha Grund (trade)
INFO:__main__:Extracted: Martin Baum (trade)
INFO:__main__:Extracted: Martin Feuerstein (trade)
INFO:__main__:Extracted: Martha Hirsch Fisch- und Krebs-Großhandlung ()
INFO:__main__:Extracted: Martin Becker ()
INFO:__main__:Extracted: Martin Friedeberg (trade)
INFO:__main__:Extracted: Martha Konicki (trade)
INFO:__main__:Extracted: Martin Bendix (trade)
INFO:__main__:Extracted: Martin Friedländer & Co ()
INFO:__main__:Extracted: Martha Ladewig ()
INFO:__main__:Extracted: Martin Berju (trade)
INFO:__main__:Extracted: Martin Glas ()
INFO:__main__:Extracted: Martha Lewinsky Wäsche und Schürzenfabrikation ()
INFO:__main__:Extracted: Martin Bernhold ()
INFO:__main__:Extracted: Martin Glück Bankcommission (trade)
INFO:__main__:Extracted: Martha Rosenthal ()
INFO:__main__:Extracted 10 businesses from https://www2.hu-berlin.de/djgb/public/en/find?q=&fq=&sort=unternehmenasc&page=666
INFO:__main__:Extracted: Martin Glücksmann (industry)
INFO:__main__:Extracted 10 businesses from https://www2.hu-berlin.de/djgb/public/en/find?q=&fq=&sort=unternehmenasc&page=665
INFO:__main__:Extracted: Martin Goldberg & Co (trade)
INFO:__main__:Extracted: Martin Gottliebsohn (trade)
INFO:__main__:Extracted: Martin Gottschalk (trade)
INFO:__main__:Extracted: Martin Guggenheim Fabrik für Beleuchtungsgegenstände AG (industry)
INFO:__main__:Extracted 10 businesses from https://www2.hu-berlin.de/djgb/public/en/find?q=&fq=&sort=unternehmenasc&page=668
INFO:__main__:Using cached content for https://www2.hu-berlin.de/djgb/public/en/find?q=&fq=&sort=unternehmenasc&page=669
INFO:__main__:Using cached content for https://www2.hu-berlin.de/djgb/public/en/find?q=&fq=&sort=unternehmenasc&page=671
INFO:__main__:Extracted: Martin Gülzow & Co (trade)
INFO:__main__:Using cached content for https://www2.hu-berlin.de/djgb/public/en/find?q=&fq=&sort=unternehmenasc&page=670
INFO:__main__:Extracted: Martin Günther GmbH ()
INFO:__main__:Extracted: Martin Kramarski ()
INFO:__main__:Extracted: Martin Kahn & Co GmbH ()
INFO:__main__:Extracted: Martin Hirschfeld (industry)
INFO:__main__:Extracted: Martin L. Cohn (trade)
INFO:__main__:Extracted: Martin Kalischer (trade)
INFO:__main__:Extracted: Martin Holzapfel (trade)
INFO:__main__:Extracted: Martin Langer (industry)
INFO:__main__:Extracted: Martin Kallmann (trade)
INFO:__main__:Extracted: Martin Horwitz ()
INFO:__main__:Extracted: Martin Lehmann (trade)
INFO:__main__:Extracted: Martin Kanter (trade)
INFO:__main__:Extracted: Martin J. Salomon & Co (industry)
INFO:__main__:Extracted: Martin Levy (trade)
INFO:__main__:Extracted: Martin Kantorowicz (trade)
INFO:__main__:Extracted: Martin Jacobson (trade)
INFO:__main__:Extracted: Martin Liebenwalde ()
INFO:__main__:Extracted: Martin Katz & Co (handicraft)
INFO:__main__:Extracted: Martin Jacoby (Martin Jacobi) ()
INFO:__main__:Extracted: Martin Liepmann (industry)
INFO:__main__:Extracted: Martin Kirschberg (trade)
INFO:__main__:Extracted: Martin Jaffe (trade)
INFO:__main__:Extracted: Martin Loewenthal & Co ()
INFO:__main__:Extracted: Martin Kleinecke Wieland-Apotheke ()
INFO:__main__:Extracted: Martin Jany Radiogroßhandel ()
INFO:__main__:Extracted: Martin Louis (trade)
INFO:__main__:Extracted: Martin Koeppel ()
INFO:__main__:Extracted 10 businesses from https://www2.hu-berlin.de/djgb/public/en/find?q=&fq=&sort=unternehmenasc&page=669
INFO:__main__:Extracted: Martin Lublinsky ()
INFO:__main__:Extracted: Martin Koster (trade)
INFO:__main__:Extracted 10 businesses from https://www2.hu-berlin.de/djgb/public/en/find?q=&fq=&sort=unternehmenasc&page=671
INFO:__main__:Extracted 10 businesses from https://www2.hu-berlin.de/djgb/public/en/find?q=&fq=&sort=unternehmenasc&page=670
INFO:__main__:Using cached content for https://www2.hu-berlin.de/djgb/public/en/find?q=&fq=&sort=unternehmenasc&page=674
INFO:__main__:Extracted: Martin Schiff - Marcus Nelken & Sohn (trade)
INFO:__main__:Using cached content for https://www2.hu-berlin.de/djgb/public/en/find?q=&fq=&sort=unternehmenasc&page=673
INFO:__main__:Extracted: Martin Schiff - Markus Nelken & Sohn (trade)
INFO:__main__:Using cached content for https://www2.hu-berlin.de/djgb/public/en/find?q=&fq=&sort=unternehmenasc&page=672
INFO:__main__:Extracted: Martin Moses (trade)
INFO:__main__:Extracted: Martin Schwersenz (trade)
INFO:__main__:Extracted: Martin Lücking Nflg. (trade)
INFO:__main__:Extracted: Martin Nathan ()
INFO:__main__:Extracted: Martin Solomon ()
INFO:__main__:Extracted: Martin M. Sternberg (trade)
INFO:__main__:Extracted: Martin Neumann (trade)
INFO:__main__:Extracted: Martin Sonntag (trade)
INFO:__main__:Extracted: Martin M. Sternberg Mehl- und Getreide-Großhandel ()
INFO:__main__:Extracted: Martin Neustadt & Co ()
INFO:__main__:Extracted: Martin Sternberg & Co (industry)
INFO:__main__:Extracted: Martin M. Sternburg Mehl- und Getreide-Großhandel GmbH ()
INFO:__main__:Extracted: Martin Philipsen ()
INFO:__main__:Extracted: Martin Striem ()
INFO:__main__:Extracted: Martin Marcuse (trade)
INFO:__main__:Extracted: Martin Pintus (trade)
INFO:__main__:Extracted: Martin Tichauer (trade)
INFO:__main__:Extracted: Martin Markus (trade)
INFO:__main__:Extracted: Martin Pollak (trade)
INFO:__main__:Extracted: Martin Treitel (trade)
INFO:__main__:Extracted: Martin Maschler (industry)
INFO:__main__:Extracted: Martin Rosenthal (trade)
INFO:__main__:Extracted: Martin Wangenheim (trade)
INFO:__main__:Extracted: Martin Mendelsohn Versicherungsdienst ()
INFO:__main__:Extracted: Martin Salinger (trade)
INFO:__main__:Extracted 10 businesses from https://www2.hu-berlin.de/djgb/public/en/find?q=&fq=&sort=unternehmenasc&page=674
INFO:__main__:Extracted: Martin Mendelssohn (trade)
INFO:__main__:Extracted: Martin Salomon Landesprodukte (trade)
INFO:__main__:Extracted: Martin Michaelis Cohn ()
INFO:__main__:Extracted 10 businesses from https://www2.hu-berlin.de/djgb/public/en/find?q=&fq=&sort=unternehmenasc&page=673
INFO:__main__:Extracted 10 businesses from https://www2.hu-berlin.de/djgb/public/en/find?q=&fq=&sort=unternehmenasc&page=672
INFO:__main__:Using cached content for https://www2.hu-berlin.de/djgb/public/en/find?q=&fq=&sort=unternehmenasc&page=675
INFO:__main__:Using cached content for https://www2.hu-berlin.de/djgb/public/en/find?q=&fq=&sort=unternehmenasc&page=677
INFO:__main__:Using cached content for https://www2.hu-berlin.de/djgb/public/en/find?q=&fq=&sort=unternehmenasc&page=676
INFO:__main__:Extracted: Martin Wittenberg in Firma Fuchs ()
INFO:__main__:Extracted: Max Abraham Bankkommissionsgeschäft (trade)
INFO:__main__:Extracted: Masting & Co ()
INFO:__main__:Extracted: Martin Würzburg ()
INFO:__main__:Extracted: Max Adam GmbH ()
INFO:__main__:Extracted: Matador-Film GmbH (industry)
INFO:__main__:Extracted: Martin Zander (trade)
INFO:__main__:Extracted: Max Albert Meyer (trade)
INFO:__main__:Extracted: Mathias Förster Wolga GmbH ()
INFO:__main__:Extracted: Martin Zwirner (trade)
INFO:__main__:Extracted: Max Alexander, Herrenmoden ()
INFO:__main__:Extracted: Matrazen-Industrie GmbH (industry)
INFO:__main__:Extracted: Marx & Sündermann ()
INFO:__main__:Extracted: Max Aris ()
INFO:__main__:Extracted: Mattissohn & Fiedler (industry)
INFO:__main__:Extracted: Marx, Hartl & Co (trade)
INFO:__main__:Extracted: Max Aronsohn (trade)
INFO:__main__:Extracted: Maurer & Bracht (trade)
INFO:__main__:Extracted: Maschinenfabrik Stöhr ()
INFO:__main__:Extracted: Max Ascher Bankkommission (trade)
INFO:__main__:Extracted: Mauritius-Verlag Ernst Mayer ()
INFO:__main__:Extracted: Maschinenoel Import Gesellschaft Foellner & Sachs (trade)
INFO:__main__:Extracted: Max Ascher Großhandel in Kleiderstoffen (trade)
INFO:__main__:Extracted: Max & Fritz Stammreich (trade)
INFO:__main__:Extracted: Massary Zigarettenfabrik GmbH (industry)
INFO:__main__:Extracted: Max Aufrichtig (trade)
INFO:__main__:Extracted: Max & J. Goldmann Luxusschuhfabrikation ()
INFO:__main__:Extracted: Masta-Schuhfabrik Maier Pomeranzblum (industry)
INFO:__main__:Extracted: Max Bank & Co (trade)
INFO:__main__:Extracted: Max A. Goldschmidt (trade)
INFO:__main__:Extracted 10 businesses from https://www2.hu-berlin.de/djgb/public/en/find?q=&fq=&sort=unternehmenasc&page=675
INFO:__main__:Extracted 10 businesses from https://www2.hu-berlin.de/djgb/public/en/find?q=&fq=&sort=unternehmenasc&page=677
INFO:__main__:Extracted 10 businesses from https://www2.hu-berlin.de/djgb/public/en/find?q=&fq=&sort=unternehmenasc&page=676
INFO:__main__:Using cached content for https://www2.hu-berlin.de/djgb/public/en/find?q=&fq=&sort=unternehmenasc&page=679
INFO:__main__:Using cached content for https://www2.hu-berlin.de/djgb/public/en/find?q=&fq=&sort=unternehmenasc&page=678
INFO:__main__:Extracted: Max Bank & Co Pelzwaren GmbH ()
INFO:__main__:Extracted: Max Bernstein, Vertreter der Würtembergischen Metallwarenfabrik ()
INFO:__main__:Extracted: Max Bauchwitz jr. (trade)
INFO:__main__:Using cached content for https://www2.hu-berlin.de/djgb/public/en/find?q=&fq=&sort=unternehmenasc&page=680
INFO:__main__:Extracted: Max Bertuch ()
INFO:__main__:Extracted: Max Beer ()
INFO:__main__:Extracted: Max Beuthner (trade)
INFO:__main__:Extracted: Max Breslauer (industry)
INFO:__main__:Extracted: Max Behrendt (trade)
INFO:__main__:Extracted: Max Beutner vorm. R. & C. v. Normann (industry)
INFO:__main__:Extracted: Max Brinitzer ()
INFO:__main__:Extracted: Max Berg & Co ()
INFO:__main__:Extracted: Max Bielschowsky (trade)
INFO:__main__:Extracted: Max Brisgelski ()
INFO:__main__:Extracted: Max Bergmann ()
INFO:__main__:Extracted: Max Blaustein Parfum-Import ()
INFO:__main__:Extracted: Max Buchholz, in Firma Elektro-Buchholz ()
INFO:__main__:Extracted: Max Berlfein ()
INFO:__main__:Extracted: Max Bloch & Co GmbH ()
INFO:__main__:Extracted: Max Bukofzer Getreide Futtermittel (trade)
INFO:__main__:Extracted: Max Berliner (trade)
INFO:__main__:Extracted: Max Blumenau (trade)
INFO:__main__:Extracted: Max Bürmann & Co (trade)
INFO:__main__:Extracted: Max Berliner, Bankkommission (trade)
INFO:__main__:Extracted: Max Boas ()
INFO:__main__:Extracted: Max Cohn Inh. Georg Hirschfeld ()
INFO:__main__:Extracted: Max Bernstein ()
INFO:__main__:Extracted: Max Bohne (trade)
INFO:__main__:Extracted: Max Coper ()
INFO:__main__:Extracted 10 businesses from https://www2.hu-berlin.de/djgb/public/en/find?q=&fq=&sort=unternehmenasc&page=678
INFO:__main__:Extracted 10 businesses from https://www2.hu-berlin.de/djgb/public/en/find?q=&fq=&sort=unternehmenasc&page=679
INFO:__main__:Extracted: Max D. Wolff (trade)
INFO:__main__:Extracted: Max David Getreide-Geschäft (trade)
INFO:__main__:Extracted 10 businesses from https://www2.hu-berlin.de/djgb/public/en/find?q=&fq=&sort=unternehmenasc&page=680
INFO:__main__:Using cached content for https://www2.hu-berlin.de/djgb/public/en/find?q=&fq=&sort=unternehmenasc&page=683
INFO:__main__:Extracted: Max Franken (trade)
INFO:__main__:Using cached content for https://www2.hu-berlin.de/djgb/public/en/find?q=&fq=&sort=unternehmenasc&page=681
INFO:__main__:Extracted: Max Frankenbach ()
INFO:__main__:Using cached content for https://www2.hu-berlin.de/djgb/public/en/find?q=&fq=&sort=unternehmenasc&page=682
INFO:__main__:Extracted: Max Davidsohn Käse-Engros (trade)
INFO:__main__:Extracted: Max Freidberg (trade)
INFO:__main__:Extracted: Max Fabisch & Co (industry)
INFO:__main__:Extracted: Max Dienstag ()
INFO:__main__:Extracted: Max Friede Linonformenfabrik (industry)
INFO:__main__:Extracted: Max Falck (handicraft)
INFO:__main__:Extracted: Max Dresdner (trade)
INFO:__main__:Extracted: Max Friedeberg (trade)
INFO:__main__:Extracted: Max Fichtmann ()
INFO:__main__:Extracted: Max Dresel (industry)
INFO:__main__:Extracted: Max Friedlaender Strauß-Apotheke (trade)
INFO:__main__:Extracted: Max Finkelstein u. Co Kohlenhandels-GmbH ()
INFO:__main__:Extracted: Max Dürfeldt & Co ()
INFO:__main__:Extracted: Max Friedländer ()
INFO:__main__:Extracted: Max Fischel's Konfektion ()
INFO:__main__:Extracted: Max Eger (trade)
INFO:__main__:Extracted: Max Fritsch (trade)
INFO:__main__:Extracted: Max Fleischer (trade)
INFO:__main__:Extracted: Max Eisenberg & Co (industry)
INFO:__main__:Extracted: Max Fuerst, Vertretungen (trade)
INFO:__main__:Extracted: Max Fluß GmbH ()
INFO:__main__:Extracted: Max Eisenstaedt Druckerei u. Papierhandlung ()
INFO:__main__:Extracted: Max Fürst GmbH ()
INFO:__main__:Extracted: Max Fraenkel Regierungs-Baumeister a. D. ()
INFO:__main__:Extracted: Max Elkan ()
INFO:__main__:Extracted 10 businesses from https://www2.hu-berlin.de/djgb/public/en/find?q=&fq=&sort=unternehmenasc&page=683
INFO:__main__:Extracted: Max Franck (trade)
INFO:__main__:Extracted: Max Epstein (trade)
INFO:__main__:Extracted: Max Frank jr. ()
INFO:__main__:Extracted 10 businesses from https://www2.hu-berlin.de/djgb/public/en/find?q=&fq=&sort=unternehmenasc&page=681
INFO:__main__:Extracted 10 businesses from https://www2.hu-berlin.de/djgb/public/en/find?q=&fq=&sort=unternehmenasc&page=682
INFO:__main__:Using cached content for https://www2.hu-berlin.de/djgb/public/en/find?q=&fq=&sort=unternehmenasc&page=684
INFO:__main__:Extracted: Max Giesen ()
INFO:__main__:Using cached content for https://www2.hu-berlin.de/djgb/public/en/find?q=&fq=&sort=unternehmenasc&page=686
INFO:__main__:Extracted: Max Glasberg ()
INFO:__main__:Using cached content for https://www2.hu-berlin.de/djgb/public/en/find?q=&fq=&sort=unternehmenasc&page=685
INFO:__main__:Extracted: Max Gutkind (trade)
INFO:__main__:Extracted: Max Glaser (trade)
INFO:__main__:Extracted: Max Grand & Co ()
INFO:__main__:Extracted: Max Guttmann (trade)
INFO:__main__:Extracted: Max Glaser Papiergroßhandlung ()
INFO:__main__:Extracted: Max Grebler (trade)
INFO:__main__:Extracted: Max Haase Buchdruckerei ()
INFO:__main__:Extracted: Max Gleitzmann (trade)
INFO:__main__:Extracted: Max Grebler & Co GmbH (trade)
INFO:__main__:Extracted: Max Halbreich ()
INFO:__main__:Extracted: Max Gold (trade)
INFO:__main__:Extracted: Max Grebler GmbH (trade)
INFO:__main__:Extracted: Max Harrwitz (trade)
INFO:__main__:Extracted: Max Goldberg ()
INFO:__main__:Extracted: Max Grodszinsky ()
INFO:__main__:Extracted: Max Heilbronner ()
INFO:__main__:Extracted: Max Goldmann (trade)
INFO:__main__:Extracted: Max Gronemann ()
INFO:__main__:Extracted: Max Heimann ()
INFO:__main__:Extracted: Max Goldner Kursmakler (trade)
INFO:__main__:Extracted: Max Groß ()
INFO:__main__:Extracted: Max Heller ()
INFO:__main__:Extracted: Max Goldstein Chocoladen & Zuckerwaren-engros (trade)
INFO:__main__:Extracted: Max Grunsfeld Wäschefabrik Textilwaren-Großhandel Inhaber Kurt Hartstein (trade)
INFO:__main__:Extracted: Max Hergershausen ()
INFO:__main__:Extracted 10 businesses from https://www2.hu-berlin.de/djgb/public/en/find?q=&fq=&sort=unternehmenasc&page=684
INFO:__main__:Extracted: Max Gundelfinger (trade)
INFO:__main__:Extracted: Max Herrscher ()
INFO:__main__:Extracted: Max Gutfeld (trade)
INFO:__main__:Extracted 10 businesses from https://www2.hu-berlin.de/djgb/public/en/find?q=&fq=&sort=unternehmenasc&page=686
INFO:__main__:Extracted 10 businesses from https://www2.hu-berlin.de/djgb/public/en/find?q=&fq=&sort=unternehmenasc&page=685
INFO:__main__:Using cached content for https://www2.hu-berlin.de/djgb/public/en/find?q=&fq=&sort=unternehmenasc&page=687
INFO:__main__:Extracted: Max Herzberg Agenturen (trade)
INFO:__main__:Using cached content for https://www2.hu-berlin.de/djgb/public/en/find?q=&fq=&sort=unternehmenasc&page=689
INFO:__main__:Using cached content for https://www2.hu-berlin.de/djgb/public/en/find?q=&fq=&sort=unternehmenasc&page=688
INFO:__main__:Extracted: Max Herzberger & Co (industry)
INFO:__main__:Extracted: Max Jany ()
INFO:__main__:Extracted: Max Hirschberg (trade)
INFO:__main__:Extracted: Max Hesse (trade)
INFO:__main__:Extracted: Max Japha (trade)
INFO:__main__:Extracted: Max Hirschberg Häute und Felle ()
INFO:__main__:Extracted: Max Hesse Industriedruck ()
INFO:__main__:Extracted: Max Jaschunsky (trade)
INFO:__main__:Extracted: Max Hirschberg Textilvertretungen (trade)
INFO:__main__:Extracted: Max Heyde & Co (trade)
INFO:__main__:Extracted: Max Joachimsthal GmbH ()
INFO:__main__:Extracted: Max Hirschel (trade)
INFO:__main__:Extracted: Max Hirsch & Co (industry)
INFO:__main__:Extracted: Max Joel (handicraft)
INFO:__main__:Extracted: Max Isak (trade)
INFO:__main__:Extracted: Max Hirsch Bankkommissionsgeschäft (trade)
INFO:__main__:Extracted: Max Jonas (industry)
INFO:__main__:Extracted: Max Jacob (trade)
INFO:__main__:Extracted: Max Hirsch Grundstücks- u.Hypotheken-Verkehr ()
INFO:__main__:Extracted: Max Jonas Textil (trade)
INFO:__main__:Extracted: Max Jacobsen Agency (trade)
INFO:__main__:Extracted: Max Hirsch Knaben-Confection engros (trade)
INFO:__main__:Extracted: Max Joseph Podolski (trade)
INFO:__main__:Extracted: Max Jacoby & Co (trade)
INFO:__main__:Extracted: Max Hirsch, Wäschefabrik ()
INFO:__main__:Extracted: Max Jungstein Elektro-Radio-Großhandlung ()
INFO:__main__:Extracted: Max Jacoby Corsetfabrik ()
INFO:__main__:Extracted 10 businesses from https://www2.hu-berlin.de/djgb/public/en/find?q=&fq=&sort=unternehmenasc&page=687
INFO:__main__:Extracted: Max Kalenscher ()
INFO:__main__:Extracted: Max Jacoby jr. ()
INFO:__main__:Extracted 10 businesses from https://www2.hu-berlin.de/djgb/public/en/find?q=&fq=&sort=unternehmenasc&page=689
INFO:__main__:Using cached content for https://www2.hu-berlin.de/djgb/public/en/find?q=&fq=&sort=unternehmenasc&page=690
INFO:__main__:Extracted 10 businesses from https://www2.hu-berlin.de/djgb/public/en/find?q=&fq=&sort=unternehmenasc&page=688
INFO:__main__:Extracted: Max Kalischer ()
INFO:__main__:Extracted: Max Kallenbach, Holz-Kommission und Holz en gros (trade)
INFO:__main__:Extracted: Max Kanarek (trade)
INFO:__main__:Extracted: Max Kanarienvogel ()
INFO:__main__:Extracted: Max Kann (trade)
INFO:__main__:Extracted: Max Kaplan Mechanische Stickerei (industry)
INFO:__main__:Extracted: Max Karminski (trade)
INFO:__main__:Extracted: Max Kasper Blusen u. Wäsche-Konfektion (trade)
INFO:__main__:Extracted: Max Kawa (trade)
INFO:__main__:Extracted: Max Kayser ()
INFO:__main__:Extracted 10 businesses from https://www2.hu-berlin.de/djgb/public/en/find?q=&fq=&sort=unternehmenasc&page=690
INFO:__main__:Using cached content for https://www2.hu-berlin.de/djgb/public/en/find?q=&fq=&sort=unternehmenasc&page=691
INFO:__main__:Using cached content for https://www2.hu-berlin.de/djgb/public/en/find?q=&fq=&sort=unternehmenasc&page=692
INFO:__main__:Extracted: Max Kulies (trade)
INFO:__main__:Extracted: Max Kuntzschmann & Co ()
INFO:__main__:Extracted: Max Kupfer & Sohn ()
INFO:__main__:Extracted: Max Kuttner (trade)
INFO:__main__:Extracted: Max Laksberger ()
INFO:__main__:Using cached content for https://www2.hu-berlin.de/djgb/public/en/find?q=&fq=&sort=unternehmenasc&page=693
INFO:__main__:Extracted: Max Lasnitzki (trade)
INFO:__main__:Extracted: Max Kempler ()
INFO:__main__:Extracted: Max Leser ()
INFO:__main__:Extracted: Max Lazarus (trade)
INFO:__main__:Extracted: Max Kestel ()
INFO:__main__:Extracted: Max Lesser jr. (trade)
INFO:__main__:Extracted: Max Lehmann Agentur (trade)
INFO:__main__:Extracted: Max Klein & Co (trade)
INFO:__main__:Extracted: Max Lesser jr. GmbH (trade)
INFO:__main__:Extracted: Max Lehrer (trade)
INFO:__main__:Extracted: Max Klein OHG ()
INFO:__main__:Extracted: Max Levi Lederwaren (trade)
INFO:__main__:Extracted: Max Leissner (trade)
INFO:__main__:Extracted: Max Knepel (trade)
INFO:__main__:Extracted: Max Lewin ()
INFO:__main__:Extracted 10 businesses from https://www2.hu-berlin.de/djgb/public/en/find?q=&fq=&sort=unternehmenasc&page=692
INFO:__main__:Extracted: Max Kramer ()
INFO:__main__:Extracted: Max Lewin AG für Fabrikation von Kinderkopfbedeckungen, Sporthüten und Baby-Konfektion ()
INFO:__main__:Extracted: Max Kray & Co Glasindustrie Schreiber AG & Co - GmbH ()
INFO:__main__:Extracted: Max Lewy ()
INFO:__main__:Extracted: Max Kreslawsky (trade)
INFO:__main__:Extracted: Max Lewy Landesproducte (trade)
INFO:__main__:Extracted: Max Krotoschiner ()
INFO:__main__:Extracted: Max Lichtenstein (trade)
INFO:__main__:Extracted: Max Krüger Berliner Kartonfabrik (trade)
INFO:__main__:Extracted: Max Lichtenstein ()
INFO:__main__:Using cached content for https://www2.hu-berlin.de/djgb/public/en/find?q=&fq=&sort=unternehmenasc&page=694
INFO:__main__:Extracted 10 businesses from https://www2.hu-berlin.de/djgb/public/en/find?q=&fq=&sort=unternehmenasc&page=691
INFO:__main__:Extracted 10 businesses from https://www2.hu-berlin.de/djgb/public/en/find?q=&fq=&sort=unternehmenasc&page=693
INFO:__main__:Extracted: Max Lichtwitz ()
INFO:__main__:Extracted: Max Liebes (trade)
INFO:__main__:Extracted: Max Lindemann - Etam ()
INFO:__main__:Extracted: Max Lippmann & Co ()
INFO:__main__:Extracted: Max Loebell ()
INFO:__main__:Extracted: Max Loewinsohn (trade)
INFO:__main__:Extracted: Max Lopatka ()
INFO:__main__:Extracted: Max Luft (trade)
INFO:__main__:Extracted: Max Löwenberg Deutsches Bücher-Versandhaus ()
INFO:__main__:Extracted: Max Löwenthal ()
INFO:__main__:Extracted 10 businesses from https://www2.hu-berlin.de/djgb/public/en/find?q=&fq=&sort=unternehmenasc&page=694
INFO:__main__:Using cached content for https://www2.hu-berlin.de/djgb/public/en/find?q=&fq=&sort=unternehmenasc&page=695
INFO:__main__:Extracted: Max M. Hirschberg (trade)
INFO:__main__:Extracted: Max M. Neufeld (trade)
INFO:__main__:Using cached content for https://www2.hu-berlin.de/djgb/public/en/find?q=&fq=&sort=unternehmenasc&page=697
INFO:__main__:Extracted: Max M. Neumann (trade)
INFO:__main__:Using cached content for https://www2.hu-berlin.de/djgb/public/en/find?q=&fq=&sort=unternehmenasc&page=696
INFO:__main__:Extracted: Max Müller Uhrmacher (trade)
INFO:__main__:Extracted: Max M. Weinreich (trade)
INFO:__main__:Extracted: Max Markus ()
INFO:__main__:Extracted: Max N. Weiß (trade)
INFO:__main__:Extracted: Max Maennlein (trade)
INFO:__main__:Extracted: Max Markuse ()
INFO:__main__:Extracted: Max Neufeld & Co (trade)
INFO:__main__:Extracted: Max Maibaum Technische Vertretungen (trade)
INFO:__main__:Extracted: Max Masius (industry)
INFO:__main__:Extracted: Max Neumann Bau- und Nutzholzhandlung vorm. L. S. Neumann, Konitz, Wpr. ()
INFO:__main__:Extracted: Max Marcus & Co (trade)
INFO:__main__:Extracted: Max Mendelsohn (trade)
INFO:__main__:Extracted: Max Neumann Gürtel & Strumpfhalter Fabrik (industry)
INFO:__main__:Extracted: Max Marcus & Söhne (trade)
INFO:__main__:Extracted: Max Meyer (trade)
INFO:__main__:Extracted: Max Neumann Verisana-Kosmetik ()
INFO:__main__:Extracted: Max Marcus Nachf. ()
INFO:__main__:Extracted: Max Meyer Kursmakler (trade)
INFO:__main__:Extracted: Max Nußbaum (trade)
INFO:__main__:Extracted: Max Markowicz ()
INFO:__main__:Extracted: Max Michaelis ()
INFO:__main__:Extracted: Max Ochs & Co Holzgroßhandlung (trade)
INFO:__main__:Extracted 10 businesses from https://www2.hu-berlin.de/djgb/public/en/find?q=&fq=&sort=unternehmenasc&page=695
INFO:__main__:Extracted: Max Michelsohn ()
INFO:__main__:Extracted: Max Oppen in Güstrow (Mecklenburg) mit gleichnamiger Zweigniederlassung Berlin ()
INFO:__main__:Extracted: Max Modzejewski ()
INFO:__main__:Extracted: Max Ordo (trade)
INFO:__main__:Extracted: Max Mollheim (trade)
INFO:__main__:Extracted 10 businesses from https://www2.hu-berlin.de/djgb/public/en/find?q=&fq=&sort=unternehmenasc&page=697
INFO:__main__:Extracted 10 businesses from https://www2.hu-berlin.de/djgb/public/en/find?q=&fq=&sort=unternehmenasc&page=696
INFO:__main__:Using cached content for https://www2.hu-berlin.de/djgb/public/en/find?q=&fq=&sort=unternehmenasc&page=698
INFO:__main__:Extracted: Max Panthauer (trade)
INFO:__main__:Extracted: Max Pelz (trade)
INFO:__main__:Extracted: Max Perl ()
INFO:__main__:Extracted: Max Phiebig (trade)
INFO:__main__:Extracted: Max Pick (trade)
INFO:__main__:Extracted: Max Pilpel & Co ()
INFO:__main__:Extracted: Max Pinkas (trade)
INFO:__main__:Extracted: Max Pinner (industry)
INFO:__main__:Extracted: Max Placzek (trade)
INFO:__main__:Extracted: Max Platschek ()
INFO:__main__:Extracted 10 businesses from https://www2.hu-berlin.de/djgb/public/en/find?q=&fq=&sort=unternehmenasc&page=698
INFO:__main__:Using cached content for https://www2.hu-berlin.de/djgb/public/en/find?q=&fq=&sort=unternehmenasc&page=700
INFO:__main__:Extracted: Max Reinherz (trade)
INFO:__main__:Using cached content for https://www2.hu-berlin.de/djgb/public/en/find?q=&fq=&sort=unternehmenasc&page=701
INFO:__main__:Extracted: Max Rittler ()
INFO:__main__:Extracted: Max Rosenbaum Filiale Berlin (trade)
INFO:__main__:Extracted: Max Rosenberg (trade)
INFO:__main__:Extracted: Max Rosenberg Blusenkonfektion ()
INFO:__main__:Extracted: Max Rosenberg Schreibwaren (trade)
INFO:__main__:Extracted: Max Rosendorff, Konfektionswerkstatt für Damenröcke ()
INFO:__main__:Extracted: Max Rosenheimer (trade)
INFO:__main__:Extracted: Max Rosenthal ()
INFO:__main__:Extracted: Max Rosenthal Hut und Pelzwaren Fabrik ()
INFO:__main__:Extracted 10 businesses from https://www2.hu-berlin.de/djgb/public/en/find?q=&fq=&sort=unternehmenasc&page=700
INFO:__main__:Using cached content for https://www2.hu-berlin.de/djgb/public/en/find?q=&fq=&sort=unternehmenasc&page=699
INFO:__main__:Extracted: Max Rothmann ()
INFO:__main__:Extracted: Max Rothstein's Wwe. Ida Rothstein (trade)
INFO:__main__:Extracted: Max Pollak & Co GmbH (trade)
INFO:__main__:Extracted: Max Ruschin & Co ()
INFO:__main__:Extracted: Max Pollnow (trade)
INFO:__main__:Extracted: Max Sabersky (trade)
INFO:__main__:Extracted: Max Posner (trade)
INFO:__main__:Extracted: Max Salomon (trade)
INFO:__main__:Extracted: Max Prager & Jenny Prager ()
INFO:__main__:Extracted: Max Salomon (trade)
INFO:__main__:Using cached content for https://www2.hu-berlin.de/djgb/public/en/find?q=&fq=&sort=unternehmenasc&page=702
INFO:__main__:Extracted: Max Preiß & Co (trade)
INFO:__main__:Extracted: Max Salzhauer ()
INFO:__main__:Extracted: Max Schachnow & Co AG für Toilette-Artikel ()
INFO:__main__:Extracted: Max Presch & Co (trade)
INFO:__main__:Extracted: Max Samson (trade)
INFO:__main__:Extracted: Max Scheier ()
INFO:__main__:Extracted: Max Rawitz Nachf. (industry)
INFO:__main__:Extracted: Max Samuelis ()
INFO:__main__:Extracted: Max Schildberger Inhaber Arthur Schlesinger (trade)
INFO:__main__:Extracted: Max Rector ()
INFO:__main__:Extracted: Max Saul (trade)
INFO:__main__:Extracted: Max Schkoll ()
INFO:__main__:Extracted: Max Redlin (trade)
INFO:__main__:Extracted 10 businesses from https://www2.hu-berlin.de/djgb/public/en/find?q=&fq=&sort=unternehmenasc&page=701
INFO:__main__:Extracted: Max Schlamm (trade)
INFO:__main__:Extracted: Max Reichel & Co Buchhandlung für Architektur und Kunstgewerbe (trade)
INFO:__main__:Extracted: Max Schlesinger (trade)
INFO:__main__:Extracted 10 businesses from https://www2.hu-berlin.de/djgb/public/en/find?q=&fq=&sort=unternehmenasc&page=699
INFO:__main__:Extracted: Max Schmal (trade)
INFO:__main__:Extracted: Max Schneller (industry)
INFO:__main__:Extracted: Max Schottländer (trade)
INFO:__main__:Extracted: Max Schulmann ()
INFO:__main__:Using cached content for https://www2.hu-berlin.de/djgb/public/en/find?q=&fq=&sort=unternehmenasc&page=703
INFO:__main__:Extracted 10 businesses from https://www2.hu-berlin.de/djgb/public/en/find?q=&fq=&sort=unternehmenasc&page=702
INFO:__main__:Extracted: Max Schulvater (trade)
INFO:__main__:Extracted: Max Schwarzwald ()
INFO:__main__:Extracted: Max Schwenke ()
INFO:__main__:Extracted: Max Schwerin (trade)
INFO:__main__:Extracted: Max Schwersenzer (trade)
INFO:__main__:Extracted: Max Schöneberg (trade)
INFO:__main__:Extracted: Max Schönfeld (trade)
INFO:__main__:Extracted: Max Schönwald (trade)
INFO:__main__:Extracted: Max Seefeldt ()
INFO:__main__:Extracted: Max Seldis (trade)
INFO:__main__:Extracted 10 businesses from https://www2.hu-berlin.de/djgb/public/en/find?q=&fq=&sort=unternehmenasc&page=703
INFO:__main__:Using cached content for https://www2.hu-berlin.de/djgb/public/en/find?q=&fq=&sort=unternehmenasc&page=704
INFO:__main__:Extracted: Max Seligmann (trade)
INFO:__main__:Extracted: Max Seligsohn Mäntel - Kostüme ()
INFO:__main__:Extracted: Max Silbermann (trade)
INFO:__main__:Extracted: Max Silbermann Blusen-Confektion (industry)
INFO:__main__:Extracted: Max Simon ()
INFO:__main__:Extracted: Max Simon Juwelier ()
INFO:__main__:Extracted: Max Sittner Gotzkowsky-Apotheke Allopathie u. Homöopathie engros u. Export ()
INFO:__main__:Extracted: Max Smoliansky (industry)
INFO:__main__:Extracted: Max Sommerfeld ()
INFO:__main__:Extracted: Max Srebnik Wäschefabrikation ()
INFO:__main__:Extracted 10 businesses from https://www2.hu-berlin.de/djgb/public/en/find?q=&fq=&sort=unternehmenasc&page=704
INFO:__main__:Using cached content for https://www2.hu-berlin.de/djgb/public/en/find?q=&fq=&sort=unternehmenasc&page=705
INFO:__main__:Extracted: Max Stadthagen ()
INFO:__main__:Extracted: Max Steinert (industry)
INFO:__main__:Extracted: Max Steinhagen (trade)
INFO:__main__:Extracted: Max Stern - Blusen KG ()
INFO:__main__:Extracted: Max Strauß (industry)
INFO:__main__:Extracted: Max Stroheim & Co (trade)
INFO:__main__:Extracted: Max Stöckler ()
INFO:__main__:Extracted: Max Süßermann ()
INFO:__main__:Extracted: Max Tarlowsky (trade)
INFO:__main__:Extracted: Max Tiefenthal ()
INFO:__main__:Extracted 10 businesses from https://www2.hu-berlin.de/djgb/public/en/find?q=&fq=&sort=unternehmenasc&page=705
INFO:__main__:Using cached content for https://www2.hu-berlin.de/djgb/public/en/find?q=&fq=&sort=unternehmenasc&page=707
INFO:__main__:Using cached content for https://www2.hu-berlin.de/djgb/public/en/find?q=&fq=&sort=unternehmenasc&page=706
INFO:__main__:Extracted: Max Wandermann ()
INFO:__main__:Extracted: Max Todtenkopf (trade)
INFO:__main__:Extracted: Max Warszawski ()
INFO:__main__:Using cached content for https://www2.hu-berlin.de/djgb/public/en/find?q=&fq=&sort=unternehmenasc&page=708
INFO:__main__:Extracted: Max Tonn Anfertigung u. Vertrieb von Kontor- und Geschäftsmöbeln, Geldschrankschlosserei (trade)
INFO:__main__:Extracted: Max Weile junior (trade)
INFO:__main__:Extracted: Max Wolff ()
INFO:__main__:Extracted: Max Trakatsch, in Firma Drecoll ()
INFO:__main__:Extracted: Max Weinberg ()
INFO:__main__:Extracted: Max Wolff & Co GmbH (industry)
INFO:__main__:Extracted: Max Treu ()
INFO:__main__:Extracted: Max Weiß & Sohn ()
INFO:__main__:Extracted: Max Wolff Baumwollwaren (trade)
INFO:__main__:Extracted: Max Tubin ()
INFO:__main__:Extracted: Max Weißbrod ()
INFO:__main__:Extracted: Max Wolff Blusen-Fabrikation (industry)
INFO:__main__:Extracted: Max Tyger ()
INFO:__main__:Extracted: Max Wertheim Agenturgeschäft ()
INFO:__main__:Extracted: Max Wolffsky ()
INFO:__main__:Extracted: Max Unger jr. (trade)
INFO:__main__:Extracted: Max Westheimer (industry)
INFO:__main__:Extracted: Max Wreschinski ()
INFO:__main__:Extracted: Max Wachtel (trade)
INFO:__main__:Extracted: Max Wilh. Wegner Nchf. ()
INFO:__main__:Extracted: Max Würzburg (trade)
INFO:__main__:Extracted: Max Wagner ()
INFO:__main__:Extracted: Max Wittkowski ()
INFO:__main__:Extracted: Max Würzburger (trade)
INFO:__main__:Extracted: Max Waldstein (trade)
INFO:__main__:Extracted 10 businesses from https://www2.hu-berlin.de/djgb/public/en/find?q=&fq=&sort=unternehmenasc&page=707
INFO:__main__:Extracted: Max Zeidler (trade)
INFO:__main__:Extracted 10 businesses from https://www2.hu-berlin.de/djgb/public/en/find?q=&fq=&sort=unternehmenasc&page=706
INFO:__main__:Extracted: Max von Knoblauch GmbH ()
INFO:__main__:Extracted 10 businesses from https://www2.hu-berlin.de/djgb/public/en/find?q=&fq=&sort=unternehmenasc&page=708
INFO:__main__:Using cached content for https://www2.hu-berlin.de/djgb/public/en/find?q=&fq=&sort=unternehmenasc&page=709
INFO:__main__:Using cached content for https://www2.hu-berlin.de/djgb/public/en/find?q=&fq=&sort=unternehmenasc&page=711
INFO:__main__:Using cached content for https://www2.hu-berlin.de/djgb/public/en/find?q=&fq=&sort=unternehmenasc&page=710
INFO:__main__:Extracted: Maximilian Fürst (trade)
INFO:__main__:Extracted: Meier-Hersch Platzker ()
INFO:__main__:Extracted: Mechel Malter (trade)
INFO:__main__:Extracted: Maximilian Meyer ()
INFO:__main__:Extracted: Meiloch Kühl ()
INFO:__main__:Extracted: Mechler & Pinkus ()
INFO:__main__:Extracted: Maximilian Zweig (trade)
INFO:__main__:Extracted: Meinhard Borchardt (industry)
INFO:__main__:Extracted: Meder & Thiele GmbH (services)
INFO:__main__:Extracted: Maxon GmbH (trade)
INFO:__main__:Extracted: Meinhard Lipschitz (trade)
INFO:__main__:Extracted: Medidenta Vertriebs-Gesellschaft medizinischer- und zahnärztlicher Bedarfsartikel mbH (trade)
INFO:__main__:Extracted: Mayer & Cie Pelzwaren-Confection (trade)
INFO:__main__:Extracted: Meißner & Co ()
INFO:__main__:Extracted: Meerbothe Grundbesitz GmbH ()
INFO:__main__:Extracted: Mayer Anfang (trade)
INFO:__main__:Extracted: Melotyp-Export Rechnitz & Co ()
INFO:__main__:Extracted: Meico Wäsche Spezial Haus Ludwig Mayer (trade)
INFO:__main__:Extracted: Mayr Scheer ()
INFO:__main__:Extracted: Mendel Anhang (trade)
INFO:__main__:Extracted: Meier ()
INFO:__main__:Extracted: Mech. Kleiderfabrik Emil Gerson (industry)
INFO:__main__:Extracted: Mendel Aratyn (trade)
INFO:__main__:Extracted: Meier Göttinger (trade)
INFO:__main__:Extracted: Mechanische Matratzenfabrik M. Guttmann GmbH ()
INFO:__main__:Extracted: Mendel Becker ()
INFO:__main__:Extracted: Meier Matthias Gummiwaren-Großvertrieb (trade)
INFO:__main__:Extracted: Mechanische Weberei-Erzeugnisse Jakob Walzer ()
INFO:__main__:Extracted: Mendel Blumenberg ()
INFO:__main__:Extracted: Meier Twiasschor (trade)
INFO:__main__:Extracted 10 businesses from https://www2.hu-berlin.de/djgb/public/en/find?q=&fq=&sort=unternehmenasc&page=709
INFO:__main__:Extracted 10 businesses from https://www2.hu-berlin.de/djgb/public/en/find?q=&fq=&sort=unternehmenasc&page=711
INFO:__main__:Extracted 10 businesses from https://www2.hu-berlin.de/djgb/public/en/find?q=&fq=&sort=unternehmenasc&page=710
INFO:__main__:Using cached content for https://www2.hu-berlin.de/djgb/public/en/find?q=&fq=&sort=unternehmenasc&page=712
INFO:__main__:Using cached content for https://www2.hu-berlin.de/djgb/public/en/find?q=&fq=&sort=unternehmenasc&page=714
INFO:__main__:Extracted: Mendel Engländer ()
INFO:__main__:Using cached content for https://www2.hu-berlin.de/djgb/public/en/find?q=&fq=&sort=unternehmenasc&page=713
INFO:__main__:Extracted: Mendel Gefen ()
INFO:__main__:Extracted: Mercedes-Schuhvertrieb M. Rosenthal ()
INFO:__main__:Extracted: Mendelsohn, Meyerhof & Co (trade)
INFO:__main__:Extracted: Mendel Holländer junior (trade)
INFO:__main__:Extracted: Merkur Immobilien GmbH ()
INFO:__main__:Extracted: Mendelsohn, Meyerhof & Co Bernhard Mendelsohn Blusen und Kleider ()
INFO:__main__:Extracted: Mendel Kesten ()
INFO:__main__:Extracted: Merkur chemisch-pharmazeutische GmbH ()
INFO:__main__:Extracted: Mendelssohn & Co ()
INFO:__main__:Extracted: Mendel Kurz ()
INFO:__main__:Extracted: Merkur-Apotheke Sigmund Friedlaender ()
INFO:__main__:Extracted: Mendl Baruch (trade)
INFO:__main__:Extracted: Mendel Niederhoffer (trade)
INFO:__main__:Extracted: Merten, Leo ()
INFO:__main__:Extracted: Menelaos Grundstückserwerbsgesellschaft mbH (trade)
INFO:__main__:Extracted: Mendel Prober (trade)
INFO:__main__:Extracted: Meta Fuhrmann ()
INFO:__main__:Extracted: Menke & Herzfeld (trade)
INFO:__main__:Extracted: Mendel Safir ()
INFO:__main__:Extracted: Meta Handelsgesellschaft für Waren Ein- und Ausfuhr mbH (trade)
INFO:__main__:Extracted: Menki Zimmer ()
INFO:__main__:Extracted: Mendel, Alfred ()
INFO:__main__:Extracted: Meta Jacoby (trade)
INFO:__main__:Extracted: Mentheim Silberstein ()
INFO:__main__:Extracted: Mendelsohn, Anna ()
INFO:__main__:Extracted: Meta Mossner ()
INFO:__main__:Extracted: Menzel & Co (handicraft)
INFO:__main__:Extracted 10 businesses from https://www2.hu-berlin.de/djgb/public/en/find?q=&fq=&sort=unternehmenasc&page=712
INFO:__main__:Extracted: Meta Sawady ()
INFO:__main__:Extracted: Mercedes Palast Lichtspieltheater Hermannstrasse GmbH (services)
INFO:__main__:Extracted 10 businesses from https://www2.hu-berlin.de/djgb/public/en/find?q=&fq=&sort=unternehmenasc&page=714
INFO:__main__:Extracted 10 businesses from https://www2.hu-berlin.de/djgb/public/en/find?q=&fq=&sort=unternehmenasc&page=713
INFO:__main__:Using cached content for https://www2.hu-berlin.de/djgb/public/en/find?q=&fq=&sort=unternehmenasc&page=715
INFO:__main__:Extracted: Meta Simon ()
INFO:__main__:Extracted: Meta Steinberg ()
INFO:__main__:Extracted: Meta Wachtel GmbH ()
INFO:__main__:Using cached content for https://www2.hu-berlin.de/djgb/public/en/find?q=&fq=&sort=unternehmenasc&page=716
INFO:__main__:Using cached content for https://www2.hu-berlin.de/djgb/public/en/find?q=&fq=&sort=unternehmenasc&page=717
INFO:__main__:Extracted: Metallbedarf Gerhard Jaffé ()
INFO:__main__:Extracted: Metallochemische Fabrik AG (trade)
INFO:__main__:Extracted: Meyer & Weinlaub ()
INFO:__main__:Extracted: Metalle und Hüttenprodukte GmbH (trade)
INFO:__main__:Extracted: Metallrelief GmbH ()
INFO:__main__:Extracted: Meyer Gebrüder Agentur (trade)
INFO:__main__:Extracted: Metallfabrikate GmbH (trade)
INFO:__main__:Extracted: Metallwarenfabrik AG vorm. Ed. Lachmann (industry)
INFO:__main__:Extracted: Meyer Levy jun. GmbH ()
INFO:__main__:Extracted: Metallfarben-GmbH (trade)
INFO:__main__:Extracted: Metrix-Apparate GmbH (industry)
INFO:__main__:Extracted: Meyer's Weinvertriebsgesellschaft mbH ()
INFO:__main__:Extracted: Metallgesellschaft AG Abteilung Berlin (trade)
INFO:__main__:Extracted: Meyer ()
INFO:__main__:Extracted: Meyerhof & Co ()
INFO:__main__:Extracted: Metallhütte GmbH (trade)
INFO:__main__:Extracted: Meyer & Co (trade)
INFO:__main__:Extracted: Meyerhof & Kaufmann GmbH (industry)
INFO:__main__:Extracted: Metallkontor GmbH (trade)
INFO:__main__:Extracted: Meyer & Engel (handicraft)
INFO:__main__:Extracted: Meyersohn & Co (trade)
INFO:__main__:Extracted: Meyersohn & Tobias (trade)
INFO:__main__:Extracted 10 businesses from https://www2.hu-berlin.de/djgb/public/en/find?q=&fq=&sort=unternehmenasc&page=715
INFO:__main__:Extracted: Mica-Haus GmbH (services)
INFO:__main__:Extracted: Meyer & Herz (industry)
INFO:__main__:Extracted: Michael & Wilhelm Chaskel ()
INFO:__main__:Extracted: Meyer & Hirsch ()
INFO:__main__:Extracted 10 businesses from https://www2.hu-berlin.de/djgb/public/en/find?q=&fq=&sort=unternehmenasc&page=717
INFO:__main__:Extracted: Meyer & Messow Nachf. ()
INFO:__main__:Extracted 10 businesses from https://www2.hu-berlin.de/djgb/public/en/find?q=&fq=&sort=unternehmenasc&page=716
INFO:__main__:Using cached content for https://www2.hu-berlin.de/djgb/public/en/find?q=&fq=&sort=unternehmenasc&page=719
INFO:__main__:Using cached content for https://www2.hu-berlin.de/djgb/public/en/find?q=&fq=&sort=unternehmenasc&page=720
INFO:__main__:Using cached content for https://www2.hu-berlin.de/djgb/public/en/find?q=&fq=&sort=unternehmenasc&page=718
INFO:__main__:Extracted: Michael Zilker Ledergroßhandlung ()
INFO:__main__:Extracted: Mikra Biblische Verlags-GmbH (industry)
INFO:__main__:Extracted: Michael Adler & Co (industry)
INFO:__main__:Extracted: Michaelis & Gräfenberg (trade)
INFO:__main__:Extracted: Mineralölgesellschaft Alfred Cohn und Söhne GmbH ()
INFO:__main__:Extracted: Michael Eisenthal ()
INFO:__main__:Extracted: Michaelis Haase (trade)
INFO:__main__:Extracted: Minerva Apotheke Dr. S. Kobylinski ()
INFO:__main__:Extracted: Michael Gundermann ()
INFO:__main__:Extracted: Michaels & Panthauer (trade)
INFO:__main__:Extracted: Minifex Gesellschaft für photographische und optische Erzeugnisse mbH ()
INFO:__main__:Extracted: Michael Holzmann ()
INFO:__main__:Extracted: Michaelson & Hermann (trade)
INFO:__main__:Extracted: Minna Fiedler (industry)
INFO:__main__:Extracted: Michael Karpf (trade)
INFO:__main__:Extracted: Michalowitz & Voß (trade)
INFO:__main__:Extracted: Minna Fuchs ()
INFO:__main__:Extracted: Michael Liebshardt (trade)
INFO:__main__:Extracted: Michalski & Lazarus (industry)
INFO:__main__:Extracted: Minna Landauer ()
INFO:__main__:Extracted: Michael Meiseles (trade)
INFO:__main__:Extracted: Michalski & Striemer (trade)
INFO:__main__:Extracted: Minna Löwy, Eisdiele ()
INFO:__main__:Extracted: Michael Pordes ()
INFO:__main__:Extracted: Michel Chalfon Cigarren Cigaretten engros Vertrieb (trade)
INFO:__main__:Extracted: Minnie Nachschön ()
INFO:__main__:Extracted: Michael Varro (trade)
INFO:__main__:Extracted: Michels & Cie ()
INFO:__main__:Extracted: Minoga & Bok GmbH ()
INFO:__main__:Extracted: Michael Weitz Textilwaren GmbH ()
INFO:__main__:Extracted 10 businesses from https://www2.hu-berlin.de/djgb/public/en/find?q=&fq=&sort=unternehmenasc&page=719
INFO:__main__:Extracted 10 businesses from https://www2.hu-berlin.de/djgb/public/en/find?q=&fq=&sort=unternehmenasc&page=720
INFO:__main__:Extracted 10 businesses from https://www2.hu-berlin.de/djgb/public/en/find?q=&fq=&sort=unternehmenasc&page=718
INFO:__main__:Using cached content for https://www2.hu-berlin.de/djgb/public/en/find?q=&fq=&sort=unternehmenasc&page=722
INFO:__main__:Extracted: Modehaus Neutempelhof Max Samelsohn ()
INFO:__main__:Using cached content for https://www2.hu-berlin.de/djgb/public/en/find?q=&fq=&sort=unternehmenasc&page=721
INFO:__main__:Using cached content for https://www2.hu-berlin.de/djgb/public/en/find?q=&fq=&sort=unternehmenasc&page=723
INFO:__main__:Extracted: Modehaus Wilhelm Metzner (trade)
INFO:__main__:Extracted: Miraculum GmbH Vertriebsgesellschaft für Dr. Luster's ärztlich-kosmetische Produkte (trade)
INFO:__main__:Extracted: Modern Rahmen und Leisten Albert Pincus ()
INFO:__main__:Extracted: Modejournal-Centrale Arthur Tischauer ()
INFO:__main__:Extracted: Mitex, Mitteldeutsche Textil-AG (trade)
INFO:__main__:Extracted: Moderna-Kleider GmbH (trade)
INFO:__main__:Extracted: Modekunst Inhaber Herbert Popiel ()
INFO:__main__:Extracted: Mitteldeutsche Bodenkredit-Anstalt ()
INFO:__main__:Extracted: Moderne Kunst Gemäldegalerie Ignaz Regierer (trade)
INFO:__main__:Extracted: Modell-Haus Ehrlich & Friedländer (trade)
INFO:__main__:Extracted: Mitteldeutsche Herrenkleiderfabrikation GmbH ()
INFO:__main__:Extracted: Moderner Schuhsalon Gebrüder Weisz (trade)
INFO:__main__:Extracted: Modellhaus Auguste Münzer ()
INFO:__main__:Extracted: Mitteldeutsche Schwellenindustrie GmbH (trade)
INFO:__main__:Extracted: Modesalon Claire Glaser ()
INFO:__main__:Extracted: Modellhaus Norbert Jutschenka ()
INFO:__main__:Extracted: Mitteldeutsche mechanische Papierwaren - Fabrik GmbH, Zweigniederlassung Berlin ()
INFO:__main__:Extracted: Modesalon E. Lichtblau ()
INFO:__main__:Extracted: Modellhaus Schwabe GmbH ()
INFO:__main__:Extracted: Mo Le Wo Der Lesezirkel Adolf Weiß ()
INFO:__main__:Extracted: Modesalon Herrmann & Co ()
INFO:__main__:Extracted: Modellhaus Schwabe KG ()
INFO:__main__:Extracted: Mockrauer, Fritz ()
INFO:__main__:Extracted: Modewa Hugo Hirsch ()
INFO:__main__:Extracted: Modemagazin Haus Winterfeldt ()
INFO:__main__:Extracted: Mode-König Paul Hamm (trade)
INFO:__main__:Extracted: Modewarenhaus Max Oppenheim (trade)
INFO:__main__:Extracted 10 businesses from https://www2.hu-berlin.de/djgb/public/en/find?q=&fq=&sort=unternehmenasc&page=722
INFO:__main__:Extracted: Modehaus Hammer GmbH ()
INFO:__main__:Extracted: Modische Kleinigkeiten Kurt Rosenberg ()
INFO:__main__:Extracted 10 businesses from https://www2.hu-berlin.de/djgb/public/en/find?q=&fq=&sort=unternehmenasc&page=721
INFO:__main__:Extracted 10 businesses from https://www2.hu-berlin.de/djgb/public/en/find?q=&fq=&sort=unternehmenasc&page=723
INFO:__main__:Using cached content for https://www2.hu-berlin.de/djgb/public/en/find?q=&fq=&sort=unternehmenasc&page=725
INFO:__main__:Using cached content for https://www2.hu-berlin.de/djgb/public/en/find?q=&fq=&sort=unternehmenasc&page=726
INFO:__main__:Using cached content for https://www2.hu-berlin.de/djgb/public/en/find?q=&fq=&sort=unternehmenasc&page=724
INFO:__main__:Extracted: Moritz & Georg Israel (industry)
INFO:__main__:Extracted: Moritz Dobrin ()
INFO:__main__:Extracted: Moeller & Schwarz (trade)
INFO:__main__:Extracted: Moritz & Korn (trade)
INFO:__main__:Extracted: Moritz Ephraim (trade)
INFO:__main__:Extracted: Moguntia Grundstücksverwaltungsgesellschaft mbH (services)
INFO:__main__:Extracted: Moritz Amtmann ()
INFO:__main__:Extracted: Moritz Freyer Agentur & Kommission in Getreide Futtermittel (trade)
INFO:__main__:Extracted: Mohr'sches Conservatorium, Direktor: Fritz Vogel ()
INFO:__main__:Extracted: Moritz Ascher (trade)
INFO:__main__:Extracted: Moritz Galberg ()
INFO:__main__:Extracted: Mohr, Adolf ()
INFO:__main__:Extracted: Moritz Bendix (trade)
INFO:__main__:Extracted: Moritz Gollandt (trade)
INFO:__main__:Extracted: Molling, Hans ()
INFO:__main__:Extracted: Moritz Blasbalg Ball- und Luxus-Schuhfabrik (industry)
INFO:__main__:Extracted: Moritz Greiner ()
INFO:__main__:Extracted: Moltke-Apotheke Louis Laser ()
INFO:__main__:Extracted: Moritz Breitenfeld ()
INFO:__main__:Extracted: Moritz Heilbrun (trade)
INFO:__main__:Extracted: Mondial Schulmeister & Krohn ()
INFO:__main__:Extracted: Moritz Buchdahl ()
INFO:__main__:Extracted: Moritz Heymann ()
INFO:__main__:Extracted: Monette Asbestdraht GmbH (industry)
INFO:__main__:Extracted: Moritz Cohn Textil-Agentur (trade)
INFO:__main__:Extracted: Moritz Hirschowitz ()
INFO:__main__:Extracted: Monopol-Drogerie, B. Oschinsky ()
INFO:__main__:Extracted: Moritz Dembitzer's Möbellager ()
INFO:__main__:Extracted: Moritz Holz Bergwerks- und Hüttenprodukte (industry)
INFO:__main__:Extracted: Mordko, Kalman Wilf, gen. Clemens Treibicz ()
INFO:__main__:Extracted 10 businesses from https://www2.hu-berlin.de/djgb/public/en/find?q=&fq=&sort=unternehmenasc&page=725
INFO:__main__:Extracted 10 businesses from https://www2.hu-berlin.de/djgb/public/en/find?q=&fq=&sort=unternehmenasc&page=726
INFO:__main__:Extracted 10 businesses from https://www2.hu-berlin.de/djgb/public/en/find?q=&fq=&sort=unternehmenasc&page=724
INFO:__main__:Using cached content for https://www2.hu-berlin.de/djgb/public/en/find?q=&fq=&sort=unternehmenasc&page=728
INFO:__main__:Using cached content for https://www2.hu-berlin.de/djgb/public/en/find?q=&fq=&sort=unternehmenasc&page=729
INFO:__main__:Using cached content for https://www2.hu-berlin.de/djgb/public/en/find?q=&fq=&sort=unternehmenasc&page=727
INFO:__main__:Extracted: Moritz Lewinski Arbeiterconfektion ()
INFO:__main__:Extracted: Moritz Moll jun. ()
INFO:__main__:Extracted: Moritz J. Marcus (trade)
INFO:__main__:Extracted: Moritz Licht (trade)
INFO:__main__:Extracted: Moritz Nauenberg (trade)
INFO:__main__:Extracted: Moritz Jacoby (industry)
INFO:__main__:Extracted: Moritz Loeb & Co (trade)
INFO:__main__:Extracted: Moritz Pfeil (trade)
INFO:__main__:Extracted: Moritz Kaffmann ()
INFO:__main__:Extracted: Moritz Lomnitz ()
INFO:__main__:Extracted: Moritz Popower ()
INFO:__main__:Extracted: Moritz Kaufmann junior ()
INFO:__main__:Extracted: Moritz Löffler ()
INFO:__main__:Extracted: Moritz Rosenstein ()
INFO:__main__:Extracted: Moritz Kleemann (trade)
INFO:__main__:Extracted: Moritz Mailich Hosen engros-export (trade)
INFO:__main__:Extracted: Moritz Rosenthal (trade)
INFO:__main__:Extracted: Moritz Krieger ()
INFO:__main__:Extracted: Moritz Marcus (trade)
INFO:__main__:Extracted: Moritz Sandelowsky (trade)
INFO:__main__:Extracted: Moritz Lefebre ()
INFO:__main__:Extracted: Moritz Marcus Vertreter auswärtiger Häuser ()
INFO:__main__:Extracted: Moritz Schachian ()
INFO:__main__:Extracted: Moritz Leiser Nfg. (trade)
INFO:__main__:Extracted: Moritz Markowits ()
INFO:__main__:Extracted: Moritz Schaul ()
INFO:__main__:Extracted: Moritz Lemberg ()
INFO:__main__:Extracted: Moritz Marx Musterlager (trade)
INFO:__main__:Extracted: Moritz Schereck (trade)
INFO:__main__:Extracted: Moritz Levy Nachfl. ()
INFO:__main__:Extracted 10 businesses from https://www2.hu-berlin.de/djgb/public/en/find?q=&fq=&sort=unternehmenasc&page=728
INFO:__main__:Extracted 10 businesses from https://www2.hu-berlin.de/djgb/public/en/find?q=&fq=&sort=unternehmenasc&page=729
INFO:__main__:Extracted 10 businesses from https://www2.hu-berlin.de/djgb/public/en/find?q=&fq=&sort=unternehmenasc&page=727
INFO:__main__:Using cached content for https://www2.hu-berlin.de/djgb/public/en/find?q=&fq=&sort=unternehmenasc&page=731
INFO:__main__:Extracted: Moritz Vogel ()
INFO:__main__:Using cached content for https://www2.hu-berlin.de/djgb/public/en/find?q=&fq=&sort=unternehmenasc&page=732
INFO:__main__:Extracted: Moritz Vortrefflich (trade)
INFO:__main__:Using cached content for https://www2.hu-berlin.de/djgb/public/en/find?q=&fq=&sort=unternehmenasc&page=730
INFO:__main__:Extracted: Moses Blum (trade)
INFO:__main__:Extracted: Moritz Warschauer (industry)
INFO:__main__:Extracted: Moritz Schild (trade)
INFO:__main__:Extracted: Moses Brandler ()
INFO:__main__:Extracted: Moritz Wassermann (trade)
INFO:__main__:Extracted: Moritz Schloß Bankcommissionsgeschäft (trade)
INFO:__main__:Extracted: Moses Brandler Eier Import & Commissions Geschäft ()
INFO:__main__:Extracted: Moritz Wegier Baugeschäft und Architekturbüro ()
INFO:__main__:Extracted: Moritz Silberberg (trade)
INFO:__main__:Extracted: Moses Fertig (trade)
INFO:__main__:Extracted: Moro Reklamekunst Carla Rosenfeld (trade)
INFO:__main__:Extracted: Moritz Silberstein (trade)
INFO:__main__:Extracted: Moses Gottfeldt (trade)
INFO:__main__:Extracted: Moser jr. & Co (trade)
INFO:__main__:Extracted: Moritz Sommerfeld (trade)
INFO:__main__:Extracted: Moses Honig (trade)
INFO:__main__:Extracted: Moses & Friedländer (trade)
INFO:__main__:Extracted: Moritz Sternberg ()
INFO:__main__:Extracted: Moses Kaufmann ()
INFO:__main__:Extracted: Moses Benensohn (trade)
INFO:__main__:Extracted: Moritz Tasselkraut ()
INFO:__main__:Extracted: Moses Kirschenbaum ()
INFO:__main__:Extracted: Moses Bernstein (trade)
INFO:__main__:Extracted: Moritz Teschner ()
INFO:__main__:Extracted: Moses Koller ()
INFO:__main__:Extracted 10 businesses from https://www2.hu-berlin.de/djgb/public/en/find?q=&fq=&sort=unternehmenasc&page=731
INFO:__main__:Extracted: Moritz Türk GmbH (trade)
INFO:__main__:Extracted: Moses Lautmann (trade)
INFO:__main__:Extracted: Moritz Veiß (Veiss) ()
INFO:__main__:Extracted 10 businesses from https://www2.hu-berlin.de/djgb/public/en/find?q=&fq=&sort=unternehmenasc&page=732
INFO:__main__:Extracted 10 businesses from https://www2.hu-berlin.de/djgb/public/en/find?q=&fq=&sort=unternehmenasc&page=730
INFO:__main__:Using cached content for https://www2.hu-berlin.de/djgb/public/en/find?q=&fq=&sort=unternehmenasc&page=733
INFO:__main__:Extracted: Moses Lesnik, Juwelen und Bijouteriewaren ()
INFO:__main__:Using cached content for https://www2.hu-berlin.de/djgb/public/en/find?q=&fq=&sort=unternehmenasc&page=735
INFO:__main__:Extracted: Moses Lesser Beutler ()
INFO:__main__:Using cached content for https://www2.hu-berlin.de/djgb/public/en/find?q=&fq=&sort=unternehmenasc&page=734
INFO:__main__:Extracted: Moses Lowicki ()
INFO:__main__:Extracted: Mundus Grundstücks-GmbH (trade)
INFO:__main__:Extracted: Moses Salamander ()
INFO:__main__:Extracted: Mossner, Max ()
INFO:__main__:Extracted: Murray, Wollstein & Co Bankkommission (trade)
INFO:__main__:Extracted: Moses Schlachet ()
INFO:__main__:Extracted: Mosson, Henny ()
INFO:__main__:Extracted: Musik- und Theaterverlag Wolf Mandel ()
INFO:__main__:Extracted: Moses Warkowetzky ()
INFO:__main__:Extracted: Moster-Penkala GmbH (trade)
INFO:__main__:Extracted: Musikhaus Simon ()
INFO:__main__:Extracted: Moses Zierler (trade)
INFO:__main__:Extracted: Moszek Zielinski ()
INFO:__main__:Extracted: Musikverlag Lyra Translateur & Co ()
INFO:__main__:Extracted: Moses Zweig (trade)
INFO:__main__:Extracted: Motorwagen-Vertrieb Ludwig u. Robert Reichmann ()
INFO:__main__:Extracted: Muske & Co (industry)
INFO:__main__:Extracted: Moses, Franziska ()
INFO:__main__:Extracted: Mottenschmidt ()
INFO:__main__:Extracted: Mussa Sefiha Juwelier (handicraft)
INFO:__main__:Extracted: Mosler, Süsskind & Co KG (trade)
INFO:__main__:Extracted: Motü Modische Kleider und Blusen GmbH ()
INFO:__main__:Extracted: Mylauer Weberei Gebrüder Berglas AG (industry)
INFO:__main__:Extracted 10 businesses from https://www2.hu-berlin.de/djgb/public/en/find?q=&fq=&sort=unternehmenasc&page=733
INFO:__main__:Extracted: Mozartsaal Theaterbetriebsgesellschaft mbH ()
INFO:__main__:Extracted: Märkische Isolierfabrik Eugen Samuels (trade)
INFO:__main__:Extracted: Multiprint GmbH (industry)
INFO:__main__:Extracted: Märkische Karton- und Kartonnagen AG ()
INFO:__main__:Using cached content for https://www2.hu-berlin.de/djgb/public/en/find?q=&fq=&sort=unternehmenasc&page=736
INFO:__main__:Extracted: Multotyp Richard Salomonsen (trade)
INFO:__main__:Extracted 10 businesses from https://www2.hu-berlin.de/djgb/public/en/find?q=&fq=&sort=unternehmenasc&page=735
INFO:__main__:Extracted 10 businesses from https://www2.hu-berlin.de/djgb/public/en/find?q=&fq=&sort=unternehmenasc&page=734
INFO:__main__:Extracted: Märkische Leihwäsche GmbH (services)
INFO:__main__:Extracted: Märkische Likörfabrik Inh. Samuel Zondeck (industry)
INFO:__main__:Extracted: Märkische Likörfabrikation und Weinhandlung Rudolf Rosenberg ()
INFO:__main__:Extracted: Märkische Registrierkassen GmbH (trade)
INFO:__main__:Extracted: Märkische Teppich-Vertriebs-GmbH (trade)
INFO:__main__:Extracted: Märkische Terrain-Gesellschaft mbH ()
INFO:__main__:Extracted: Märkische Verlagsbuchbinderei GmbH ()
INFO:__main__:Extracted: Märkische Wachsschmelze-Luxor GmbH ()
INFO:__main__:Extracted: Märkischer Lederwaren-Vertrieb Alfred Stein (trade)
INFO:__main__:Extracted: Märtag Grundstücks-AG ()
INFO:__main__:Extracted 10 businesses from https://www2.hu-berlin.de/djgb/public/en/find?q=&fq=&sort=unternehmenasc&page=736
INFO:__main__:Using cached content for https://www2.hu-berlin.de/djgb/public/en/find?q=&fq=&sort=unternehmenasc&page=737
INFO:__main__:Extracted: Möbel Fröhlich Koppel Fröhlich (trade)
INFO:__main__:Using cached content for https://www2.hu-berlin.de/djgb/public/en/find?q=&fq=&sort=unternehmenasc&page=738
INFO:__main__:Extracted: Möbel Gerson Fachler (industry)
INFO:__main__:Using cached content for https://www2.hu-berlin.de/djgb/public/en/find?q=&fq=&sort=unternehmenasc&page=739
INFO:__main__:Extracted: Möbel-Hansa Margarete Scharlinski ()
INFO:__main__:Extracted: Möbel u. Waren-Kreditgeschäft Nord-West Vogel & Bretter Inhaber Benno Vogel (trade)
INFO:__main__:Extracted: Möbelhaus Scheenfeldt ()
INFO:__main__:Extracted: Möbel-Magazin Elias Gottlieb (trade)
INFO:__main__:Extracted: Möbel- und Waren-Ausstattung Abisch & Co (trade)
INFO:__main__:Extracted: Möbelhaus Wendt & Co ()
INFO:__main__:Extracted: Möbel-Polsterwaren AG Möpag (industry)
INFO:__main__:Extracted: Möbel- und Warenausstattung Erna Thau (trade)
INFO:__main__:Extracted: Möbelhaus Winterfeld & Co (trade)
INFO:__main__:Extracted: Möbel-Posner Ignaz Posner ()
INFO:__main__:Extracted: Möbel-Alexander Heinrich Alexander ()
INFO:__main__:Extracted: Möbelstoffe und Teppiche Held & Klein AG (trade)
INFO:__main__:Extracted: Möbel-Schickler Jacob Schickler (trade)
INFO:__main__:Extracted: Möbel-Ausstattungshaus Julius Schrager Möbel Schrager Schrager-Möbel (trade)
INFO:__main__:Extracted: Mühlberg, Helene ()
INFO:__main__:Extracted: Möbelbazar Kreismann, Schulmann & Co ()
INFO:__main__:Extracted: Möbel-Cohn Louis Cohn (trade)
INFO:__main__:Extracted: Mühlenau Boden-AG ()
INFO:__main__:Extracted: Möbelhaus 'Alexander-Eck' ()
INFO:__main__:Extracted: Möbel-Groß Credithaus Frankfurter Tor Benno Groß (trade)
INFO:__main__:Extracted: Müller & Co, Sportbekleidung ()
INFO:__main__:Extracted: Möbelhaus David Ornstein (trade)
INFO:__main__:Extracted: Möbel-Gryzb ()
INFO:__main__:Extracted: Müller & Gerechter GmbH (trade)
INFO:__main__:Extracted: Möbelhaus Leo Kamil (trade)
INFO:__main__:Extracted 10 businesses from https://www2.hu-berlin.de/djgb/public/en/find?q=&fq=&sort=unternehmenasc&page=737
INFO:__main__:Extracted: Müller & Leopold ()
INFO:__main__:Extracted: Möbelhaus Luisenstadt Gedalie Lechner (trade)
INFO:__main__:Extracted: Müller & Pollak (trade)
INFO:__main__:Extracted 10 businesses from https://www2.hu-berlin.de/djgb/public/en/find?q=&fq=&sort=unternehmenasc&page=738
INFO:__main__:Extracted 10 businesses from https://www2.hu-berlin.de/djgb/public/en/find?q=&fq=&sort=unternehmenasc&page=739
INFO:__main__:Using cached content for https://www2.hu-berlin.de/djgb/public/en/find?q=&fq=&sort=unternehmenasc&page=740
INFO:__main__:Using cached content for https://www2.hu-berlin.de/djgb/public/en/find?q=&fq=&sort=unternehmenasc&page=741
INFO:__main__:Extracted: Müller & Stroh (trade)
INFO:__main__:Using cached content for https://www2.hu-berlin.de/djgb/public/en/find?q=&fq=&sort=unternehmenasc&page=742
INFO:__main__:Extracted: Müller & Sussmann ()
INFO:__main__:Extracted: N. Ginsberg & Sohn (trade)
INFO:__main__:Extracted: N. Wolff & Sohn (trade)
INFO:__main__:Extracted: Müller, Heldmann & Leon ()
INFO:__main__:Extracted: N. Gottschalk ()
INFO:__main__:Extracted: NORMA Textilges. mbH ()
INFO:__main__:Extracted: Müller, Rosenthal & Co (trade)
INFO:__main__:Extracted: N. Gurfinkel ()
INFO:__main__:Extracted: Nachem Hirschowitz (trade)
INFO:__main__:Extracted: Mützen-Fabrik Franz Jellinek (industry)
INFO:__main__:Extracted: N. Heimann & Co (industry)
INFO:__main__:Extracted: Nachem Hirschowitz junior Inhaber Albert Bilewski (trade)
INFO:__main__:Extracted: N. & M. Roll (trade)
INFO:__main__:Extracted: N. Helfft & Co ()
INFO:__main__:Extracted: Nachf. Carl Seeger ()
INFO:__main__:Extracted: N. & S. Graetz (trade)
INFO:__main__:Extracted: N. Israel ()
INFO:__main__:Extracted: Nachf. Geschw. Zeininger ()
INFO:__main__:Extracted: N. Beinowitz ()
INFO:__main__:Extracted: N. Levy-Stern & Co AG (trade)
INFO:__main__:Extracted: Nachf. Oscar Schwanhäuser., Walter Kornblum ()
INFO:__main__:Extracted: N. Beitler ()
INFO:__main__:Extracted: N. Moses (industry)
INFO:__main__:Extracted: Nachfl. B. Daldrup ()
INFO:__main__:Extracted: N. Brock ()
INFO:__main__:Extracted: N. Rieß ()
INFO:__main__:Extracted: Nachfl. H. Hess ()
INFO:__main__:Extracted 10 businesses from https://www2.hu-berlin.de/djgb/public/en/find?q=&fq=&sort=unternehmenasc&page=740
INFO:__main__:Extracted: N. Schneidemühl (trade)
INFO:__main__:Extracted: Nachfl. Hch. Voß ()
INFO:__main__:Extracted 10 businesses from https://www2.hu-berlin.de/djgb/public/en/find?q=&fq=&sort=unternehmenasc&page=741
INFO:__main__:Extracted 10 businesses from https://www2.hu-berlin.de/djgb/public/en/find?q=&fq=&sort=unternehmenasc&page=742
INFO:__main__:Using cached content for https://www2.hu-berlin.de/djgb/public/en/find?q=&fq=&sort=unternehmenasc&page=743
INFO:__main__:Using cached content for https://www2.hu-berlin.de/djgb/public/en/find?q=&fq=&sort=unternehmenasc&page=744
INFO:__main__:Extracted: Nachfl. Paul Lustig ()
INFO:__main__:Extracted: Naphta Industrie- und Tankanlagen AG (Nitag) ()
INFO:__main__:Using cached content for https://www2.hu-berlin.de/djgb/public/en/find?q=&fq=&sort=unternehmenasc&page=745
INFO:__main__:Extracted: Nachfolger C. Boas ()
INFO:__main__:Extracted: Natalie Schendel ()
INFO:__main__:Extracted: Nathan Düsterwald (trade)
INFO:__main__:Extracted: Nachfolger E. Kunzendorf ()
INFO:__main__:Extracted: Natalie Westmann Damenkonfektion & Trauermagazin (trade)
INFO:__main__:Extracted: Nathan Edelstein (trade)
INFO:__main__:Extracted: Nachmann Süßermann (trade)
INFO:__main__:Extracted: Nathan & Co (trade)
INFO:__main__:Extracted: Nathan Flatauer (industry)
INFO:__main__:Extracted: Nachum Felix (trade)
INFO:__main__:Extracted: Nathan & Rosenkranz (trade)
INFO:__main__:Extracted: Nathan Goldschmidt (trade)
INFO:__main__:Extracted: Naftali Parnes (trade)
INFO:__main__:Extracted: Nathan Baruch (trade)
INFO:__main__:Extracted: Nathan Guttfeld & Co (trade)
INFO:__main__:Extracted: Naftali Parnes ()
INFO:__main__:Extracted: Nathan Berg (trade)
INFO:__main__:Extracted: Nathan Guttmann ()
INFO:__main__:Extracted: Nakler, Max ()
INFO:__main__:Extracted: Nathan Berger (trade)
INFO:__main__:Extracted: Nathan Havelland (industry)
INFO:__main__:Extracted: Nakus Chmelnitzki ()
INFO:__main__:Extracted: Nathan Bronheim ()
INFO:__main__:Extracted: Nathan Hendelsohn (trade)
INFO:__main__:Extracted: Nanuk Genußmittelwerk GmbH (industry)
INFO:__main__:Extracted: Nathan Chmelnitzki ()
INFO:__main__:Extracted: Nathan Kristeller (trade)
INFO:__main__:Extracted 10 businesses from https://www2.hu-berlin.de/djgb/public/en/find?q=&fq=&sort=unternehmenasc&page=743
INFO:__main__:Extracted 10 businesses from https://www2.hu-berlin.de/djgb/public/en/find?q=&fq=&sort=unternehmenasc&page=744
INFO:__main__:Extracted: Nathan Lewin (trade)
INFO:__main__:Extracted 10 businesses from https://www2.hu-berlin.de/djgb/public/en/find?q=&fq=&sort=unternehmenasc&page=745
INFO:__main__:Using cached content for https://www2.hu-berlin.de/djgb/public/en/find?q=&fq=&sort=unternehmenasc&page=746
INFO:__main__:Using cached content for https://www2.hu-berlin.de/djgb/public/en/find?q=&fq=&sort=unternehmenasc&page=748
INFO:__main__:Extracted: Nathan Loewy ()
INFO:__main__:Using cached content for https://www2.hu-berlin.de/djgb/public/en/find?q=&fq=&sort=unternehmenasc&page=747
INFO:__main__:Extracted: Nathan Manne (trade)
INFO:__main__:Extracted: Neederländische Grond- und Kreditbank ()
INFO:__main__:Extracted: Nathan Tarrasch ()
INFO:__main__:Extracted: Nathan Markowicz ()
INFO:__main__:Extracted: Neiß & Co ()
INFO:__main__:Extracted: Nathan Weiß (trade)
INFO:__main__:Extracted: Nathan Pollak & Co (trade)
INFO:__main__:Extracted: Nelson & Co GmbH ()
INFO:__main__:Extracted: Nathan Willig (trade)
INFO:__main__:Extracted: Nathan Rosenberg ()
INFO:__main__:Extracted: Neo AG für Handel und Industrie (trade)
INFO:__main__:Extracted: Nathan Winter ()
INFO:__main__:Extracted: Nathan Rosenkranz (trade)
INFO:__main__:Extracted: Neopon, Fabrik chemisch-pharmazeutischer Präparate, Inhaber Apotheker Alfred Hirschfeld (industry)
INFO:__main__:Extracted: Nathan Ziege ()
INFO:__main__:Extracted: Nathan Rubenzik ()
INFO:__main__:Extracted: Neos Laboratorium Dr. Ludwig Cohn ()
INFO:__main__:Extracted: Nathusius & Sulke GmbH ()
INFO:__main__:Extracted: Nathan Salzmann (trade)
INFO:__main__:Extracted: Nero-Film AG (industry)
INFO:__main__:Extracted: Nationale Automobil-Gesellschaft AG (industry)
INFO:__main__:Extracted: Nathan Schweitzer (trade)
INFO:__main__:Extracted: Nesselberger & Herz (trade)
INFO:__main__:Extracted: Naum Pecker ()
INFO:__main__:Extracted: Nathan Stern ()
INFO:__main__:Extracted: Nettelbeck-Apotheke Franz Hartwig ()
INFO:__main__:Extracted: Naumann Gutstadt (industry)
INFO:__main__:Extracted 10 businesses from https://www2.hu-berlin.de/djgb/public/en/find?q=&fq=&sort=unternehmenasc&page=746
INFO:__main__:Extracted: Netter & Co (industry)
INFO:__main__:Extracted: Neander Apotheke Conrad Fischel ()
INFO:__main__:Extracted 10 businesses from https://www2.hu-berlin.de/djgb/public/en/find?q=&fq=&sort=unternehmenasc&page=748
INFO:__main__:Extracted 10 businesses from https://www2.hu-berlin.de/djgb/public/en/find?q=&fq=&sort=unternehmenasc&page=747
INFO:__main__:Using cached content for https://www2.hu-berlin.de/djgb/public/en/find?q=&fq=&sort=unternehmenasc&page=749
INFO:__main__:Extracted: Nettersche Verwaltungsgesellschaft mbH (services)
INFO:__main__:Extracted: Neu Hollywood GmbH ()
INFO:__main__:Extracted: Neuburger & Co (trade)
INFO:__main__:Using cached content for https://www2.hu-berlin.de/djgb/public/en/find?q=&fq=&sort=unternehmenasc&page=750
INFO:__main__:Using cached content for https://www2.hu-berlin.de/djgb/public/en/find?q=&fq=&sort=unternehmenasc&page=751
INFO:__main__:Extracted: Neue Apotheke Adolf Braunspan ()
INFO:__main__:Extracted: Neuköllner Eisenmöbelfabrik Georg Brandt ()
INFO:__main__:Extracted: Neumann Hahn (trade)
INFO:__main__:Extracted: Neue Berliner Baugesellschaft mbH ()
INFO:__main__:Extracted: Neuköllner Möbelvertriebsgesellschaft Leiser & Rogasner (trade)
INFO:__main__:Extracted: Neumann, Alice Sara ()
INFO:__main__:Extracted: Neue Berliner Dampf-Watten-Fabrik Drope & Looser (industry)
INFO:__main__:Extracted: Neuköllner Pfandleihe Richard Springer ()
INFO:__main__:Extracted: Neumann, Lichtenthal, Wieselberg & Co ()
INFO:__main__:Extracted: Neue Berliner Zeitungsgesellschaft mbH, Steinthal, Stern u. Co ()
INFO:__main__:Extracted: Neuköllner Reparaturwerk Wolf ()
INFO:__main__:Extracted: Neumark & Baer GmbH (trade)
INFO:__main__:Extracted: Neue Boden-AG (trade)
INFO:__main__:Extracted: Neuköllner-Elektrizitäts-Zentrale ()
INFO:__main__:Extracted: Neupa AG für Papier- und Pappenvertrieb ()
INFO:__main__:Extracted: Neue Häuserausbau-Gesellschaft mbH ()
INFO:__main__:Extracted: Neumann & Co Automobile Handelsgesellschaft mbH ()
INFO:__main__:Extracted: Neustadt & Blumenthal (industry)
INFO:__main__:Extracted: Neufeld & Henius (industry)
INFO:__main__:Extracted: Neumann & Co Modische Blusen ()
INFO:__main__:Extracted: Neustadt & Co ()
INFO:__main__:Extracted 10 businesses from https://www2.hu-berlin.de/djgb/public/en/find?q=&fq=&sort=unternehmenasc&page=749
INFO:__main__:Extracted: Neumann & Grunardt Textil-Agenturen (trade)
INFO:__main__:Extracted: Neuwäscherei Berlin-Mitte Richard Stechow GmbH (services)
INFO:__main__:Extracted: Neumann & Kolski ()
INFO:__main__:Extracted: Nica Goldenberg (trade)
INFO:__main__:Extracted: Neumann & Perls ()
INFO:__main__:Extracted: Niche Holländer ()
INFO:__main__:Extracted 10 businesses from https://www2.hu-berlin.de/djgb/public/en/find?q=&fq=&sort=unternehmenasc&page=750
INFO:__main__:Using cached content for https://www2.hu-berlin.de/djgb/public/en/find?q=&fq=&sort=unternehmenasc&page=752
INFO:__main__:Extracted 10 businesses from https://www2.hu-berlin.de/djgb/public/en/find?q=&fq=&sort=unternehmenasc&page=751
INFO:__main__:Extracted: Nicolaus Stern (trade)
INFO:__main__:Extracted: Niederlage auswärtiger Lederfabriken Fritz Löwenstein ()
INFO:__main__:Extracted: Nina Rittenberg ()
INFO:__main__:Extracted: Niobe Grunderwerbs- und Holzvertriebsgesellschaft mbH (trade)
INFO:__main__:Extracted: Nirgends besser als bei Schneidermeister Lesser Nathan Lesser (handicraft)
INFO:__main__:Extracted: Nissenbaum ()
INFO:__main__:Extracted: Nissim Zacouto (trade)
INFO:__main__:Extracted: Niunia Marbach ()
INFO:__main__:Extracted: Noah Sarembowitz ()
INFO:__main__:Extracted: Noech Seitelbach (trade)
INFO:__main__:Extracted 10 businesses from https://www2.hu-berlin.de/djgb/public/en/find?q=&fq=&sort=unternehmenasc&page=752
INFO:__main__:Using cached content for https://www2.hu-berlin.de/djgb/public/en/find?q=&fq=&sort=unternehmenasc&page=753
INFO:__main__:Using cached content for https://www2.hu-berlin.de/djgb/public/en/find?q=&fq=&sort=unternehmenasc&page=754
INFO:__main__:Extracted: Nollendorf-Buchdruckerei ()
INFO:__main__:Extracted: Norddeutsche Celluloidwaren-Fabrik H. & M. Hirsch (industry)
INFO:__main__:Extracted: Nomburg & Co (trade)
INFO:__main__:Extracted: Norddeutsche Chemische Fabrik GmbH ()
INFO:__main__:Using cached content for https://www2.hu-berlin.de/djgb/public/en/find?q=&fq=&sort=unternehmenasc&page=755
INFO:__main__:Extracted: Nonnendamm Apotheke Karl Schuchardt (trade)
INFO:__main__:Extracted: Norddeutsche Eisengesellschaft AG (trade)
INFO:__main__:Extracted: Nordland-Verkehre Ernst Huffmann KG ()
INFO:__main__:Extracted: Nora-Radio GmbH (trade)
INFO:__main__:Extracted: Norddeutsche Gummimäntel-Fabrik David Schrubski ()
INFO:__main__:Extracted: Nordpol-Pelze Benno Reicher (trade)
INFO:__main__:Extracted: Norbert Faklier ()
INFO:__main__:Extracted: Norddeutsche Herrenkleider Fabrik Drucker, Wachtel & Co (industry)
INFO:__main__:Extracted: Nordring-Apotheke Dr. Kurt Fraenkel ()
INFO:__main__:Extracted: Norbert Kohlmann ()
INFO:__main__:Extracted: Norddeutsche Hut-Compagnie Leopold Levy & Co (industry)
INFO:__main__:Extracted: Norma-Textil-GmbH (trade)
INFO:__main__:Extracted: Norbert Losch (trade)
INFO:__main__:Extracted: Norddeutsche Kunsthonig Max Holzer ()
INFO:__main__:Extracted: Normannia Handelsauskunftei und Inkassobureau Julius Stein (trade)
INFO:__main__:Extracted: Norbert Sachter (trade)
INFO:__main__:Extracted: Norddeutsche Melassefutterfabrik Albrecht Berliner AG ()
INFO:__main__:Extracted: Normen Lager Gesellschaft Trinks & Cie ()
INFO:__main__:Extracted: Nord-Apotheke Hermann Sachs ()
INFO:__main__:Extracted: Norddeutsches Duroplattenwerk, GmbH (industry)
INFO:__main__:Extracted: Nornen-Verlag GmbH (industry)
INFO:__main__:Extracted: Nord-West-Apotheke Dr. Louis Mottek ()
INFO:__main__:Extracted: Nordheimer ()
INFO:__main__:Extracted: Nothmann, Georg ()
INFO:__main__:Extracted 10 businesses from https://www2.hu-berlin.de/djgb/public/en/find?q=&fq=&sort=unternehmenasc&page=753
INFO:__main__:Extracted 10 businesses from https://www2.hu-berlin.de/djgb/public/en/find?q=&fq=&sort=unternehmenasc&page=754
INFO:__main__:Extracted: Nototyp Rundstatler GmbH ()
INFO:__main__:Extracted: Nouvel & Stern (industry)
INFO:__main__:Extracted 10 businesses from https://www2.hu-berlin.de/djgb/public/en/find?q=&fq=&sort=unternehmenasc&page=755
INFO:__main__:Using cached content for https://www2.hu-berlin.de/djgb/public/en/find?q=&fq=&sort=unternehmenasc&page=756
INFO:__main__:Extracted: Novopin-Fabrik Pharmocosma GmbH ()
INFO:__main__:Using cached content for https://www2.hu-berlin.de/djgb/public/en/find?q=&fq=&sort=unternehmenasc&page=758
INFO:__main__:Extracted: Nußbaum & Co (trade)
INFO:__main__:Using cached content for https://www2.hu-berlin.de/djgb/public/en/find?q=&fq=&sort=unternehmenasc&page=757
INFO:__main__:Extracted: Ohnstein & Matheus (industry)
INFO:__main__:Extracted: Nußbaum & Friedmann Bankgeschäft ()
INFO:__main__:Extracted: Obelisk Verlags-GmbH (industry)
INFO:__main__:Extracted: Ohnstein, Dr. Siegfried ()
INFO:__main__:Extracted: Nähmaschinen-Haus Berthold Barczinski ()
INFO:__main__:Extracted: Obst- und Gartenbau-GmbH (industry)
INFO:__main__:Extracted: Ojser Fingerhut ()
INFO:__main__:Extracted: Nährmittelfabrik Julius Penner AG (industry)
INFO:__main__:Extracted: Odenheimer & Fink Weingroßhandlung und Likörfabrik (industry)
INFO:__main__:Extracted: Oker-Apotheke Bruno Krah (trade)
INFO:__main__:Extracted: Nährmittelfabrik Motzen GmbH (industry)
INFO:__main__:Extracted: Odenheimer & Marx ()
INFO:__main__:Extracted: Olbrich & Co ()
INFO:__main__:Extracted: Nürnberger Pinsel-Lager Max Rothschild (trade)
INFO:__main__:Extracted: Oelsner, Josephson & Co (trade)
INFO:__main__:Extracted: Olen Reklame GmbH (services)
INFO:__main__:Extracted: Nürnberger Schraubenfabrik und Facondreherei Zweigniederlassung Berlin ()
INFO:__main__:Extracted: Oesterheld & Co (industry)
INFO:__main__:Extracted: Olga Bossack ()
INFO:__main__:Extracted: O. Drabinowski ()
INFO:__main__:Extracted: Oesterreichisch-Ungarische Gummischuh-Manufactur-Compagnie "Monopol" Max Scherer & Co (trade)
INFO:__main__:Extracted: Olga Hecht ()
INFO:__main__:Extracted: O. Lietzmann KG (trade)
INFO:__main__:Extracted: Oesterreichische Perlmutterknopf-Industrie Max Kohner ()
INFO:__main__:Extracted: Olga Schubert ()
INFO:__main__:Extracted 10 businesses from https://www2.hu-berlin.de/djgb/public/en/find?q=&fq=&sort=unternehmenasc&page=756
INFO:__main__:Extracted: Ofenhaus-Centrum ()
INFO:__main__:Extracted: Oliva-Buchhandlung Berthold Wolfssohn Bücher und Kunst ()
INFO:__main__:Extracted: Officinalia Pharmazeutische Chemikalien engros Apotheker Leo Löwenthal ()
INFO:__main__:Extracted 10 businesses from https://www2.hu-berlin.de/djgb/public/en/find?q=&fq=&sort=unternehmenasc&page=758
INFO:__main__:Extracted 10 businesses from https://www2.hu-berlin.de/djgb/public/en/find?q=&fq=&sort=unternehmenasc&page=757
INFO:__main__:Using cached content for https://www2.hu-berlin.de/djgb/public/en/find?q=&fq=&sort=unternehmenasc&page=760
INFO:__main__:Extracted: Oppenheimer, Erich ()
INFO:__main__:Extracted: Optiker Alexander Fromm & Co GmbH ()
INFO:__main__:Using cached content for https://www2.hu-berlin.de/djgb/public/en/find?q=&fq=&sort=unternehmenasc&page=761
INFO:__main__:Using cached content for https://www2.hu-berlin.de/djgb/public/en/find?q=&fq=&sort=unternehmenasc&page=759
INFO:__main__:Extracted: Optikopie Fototechnische Gesellschaft mbH ()
INFO:__main__:Extracted: Orient Teppich Import-Gesellschaft Ernst Philipsborn & Co (trade)
INFO:__main__:Extracted: Olly Saenger ()
INFO:__main__:Extracted: Optisch mechanische Fabrik Steindorff & Co ()
INFO:__main__:Extracted: Orient-Tabak- u. Zigaretten-Gesellschaft Brussa A. Levy & Co (industry)
INFO:__main__:Extracted: Olschewitz, Julius (Max) ()
INFO:__main__:Extracted: Orbach & Ucko ()
INFO:__main__:Extracted: Orient-Teppich-Handlung Oskar Aberbach (trade)
INFO:__main__:Extracted: Omik ()
INFO:__main__:Extracted: Orbis Film GmbH (trade)
INFO:__main__:Extracted: Orientalische Cigaretten-Tabakfabrik Max Glückmann ()
INFO:__main__:Extracted: Ondra-Lamac-Film-Gesellschaft mbH ()
INFO:__main__:Extracted: Oppenheim & Hausen (trade)
INFO:__main__:Extracted: Orchestra GmbH ()
INFO:__main__:Extracted: Oppenheim & Stern (trade)
INFO:__main__:Extracted: Orenstein & Koppel AG ()
INFO:__main__:Extracted: Orion Grundstücks-AG (trade)
INFO:__main__:Extracted: Oppenheim's Familienheim ()
INFO:__main__:Extracted: Orgler, Elsbeth ()
INFO:__main__:Extracted: Orion Grundstücksverwertungs-AG (trade)
INFO:__main__:Extracted: Oppenheimer & Co (trade)
INFO:__main__:Extracted: Orgler, Fidélmann & Co (trade)
INFO:__main__:Extracted: Orion Hausverwaltungsgesellschaft mbH (services)
INFO:__main__:Extracted: Oppenheimer & Hartog (trade)
INFO:__main__:Extracted 10 businesses from https://www2.hu-berlin.de/djgb/public/en/find?q=&fq=&sort=unternehmenasc&page=760
INFO:__main__:Extracted: Orion Schleifmittelwerk GmbH (industry)
INFO:__main__:Extracted: Oppenheimer & Rosenbaum (trade)
INFO:__main__:Extracted: Orpheum Theater-Betriebs-GmbH (services)
INFO:__main__:Extracted 10 businesses from https://www2.hu-berlin.de/djgb/public/en/find?q=&fq=&sort=unternehmenasc&page=759
INFO:__main__:Extracted: Oscar A. Rosenberg ()
INFO:__main__:Extracted 10 businesses from https://www2.hu-berlin.de/djgb/public/en/find?q=&fq=&sort=unternehmenasc&page=761
INFO:__main__:Using cached content for https://www2.hu-berlin.de/djgb/public/en/find?q=&fq=&sort=unternehmenasc&page=762
INFO:__main__:Extracted: Oscar Blumenau (trade)
INFO:__main__:Extracted: Oscar Blüthe (trade)
INFO:__main__:Extracted: Oscar Brauer ()
INFO:__main__:Extracted: Oscar Bruck ()
INFO:__main__:Extracted: Oscar Fenchel ()
INFO:__main__:Extracted: Oscar Friedlaender vorm. Helene Friedlaender ()
INFO:__main__:Extracted: Oscar Goldschmidt ()
INFO:__main__:Extracted: Oscar Goldstein & Luise Goldstein ()
INFO:__main__:Extracted: Oscar Gärtner ()
INFO:__main__:Using cached content for https://www2.hu-berlin.de/djgb/public/en/find?q=&fq=&sort=unternehmenasc&page=764
INFO:__main__:Extracted: Oscar Heimann & Co (trade)
INFO:__main__:Using cached content for https://www2.hu-berlin.de/djgb/public/en/find?q=&fq=&sort=unternehmenasc&page=763
INFO:__main__:Extracted: Oscar Turgel ()
INFO:__main__:Extracted 10 businesses from https://www2.hu-berlin.de/djgb/public/en/find?q=&fq=&sort=unternehmenasc&page=762
INFO:__main__:Extracted: Oscar Hein & Co (trade)
INFO:__main__:Extracted: Oscar Winter Kaufhaus (trade)
INFO:__main__:Extracted: Oscar Hirsch ()
INFO:__main__:Extracted: Oscar Wolff (trade)
INFO:__main__:Extracted: Oscar Kugelmann ()
INFO:__main__:Extracted: Oschinsky & Brieger (trade)
INFO:__main__:Extracted: Oscar Naumann (trade)
INFO:__main__:Extracted: Oschitzki, Leo ()
INFO:__main__:Using cached content for https://www2.hu-berlin.de/djgb/public/en/find?q=&fq=&sort=unternehmenasc&page=765
INFO:__main__:Extracted: Oscar Richter ()
INFO:__main__:Extracted: Osias Goldstein ()
INFO:__main__:Extracted: Oskar Edinger (trade)
INFO:__main__:Extracted: Oscar Rättig Nchf. ()
INFO:__main__:Extracted: Osias Mückenbrunn ()
INFO:__main__:Extracted: Oskar Hanke's Brotbäckerei (industry)
INFO:__main__:Extracted: Oscar Schmaltz GmbH (trade)
INFO:__main__:Extracted: Oskar Brandeis ()
INFO:__main__:Extracted: Oskar Jonas ()
INFO:__main__:Extracted: Oscar Schulz GmbH (trade)
INFO:__main__:Extracted: Oskar Drachsler ()
INFO:__main__:Extracted: Oskar Kronfeld ()
INFO:__main__:Extracted: Oscar Schön & Co (trade)
INFO:__main__:Extracted: Oskar Drachsler (trade)
INFO:__main__:Extracted: Oskar Kämpfe ()
INFO:__main__:Extracted: Oscar Simenauer ()
INFO:__main__:Extracted 10 businesses from https://www2.hu-berlin.de/djgb/public/en/find?q=&fq=&sort=unternehmenasc&page=764
INFO:__main__:Extracted: Oskar Laboschin Holzhandlung (trade)
INFO:__main__:Extracted 10 businesses from https://www2.hu-berlin.de/djgb/public/en/find?q=&fq=&sort=unternehmenasc&page=763
INFO:__main__:Extracted: Oskar Leibnitz (trade)
INFO:__main__:Extracted: Oskar Leidersdorf (trade)
INFO:__main__:Extracted: Oskar Mowschowitz (trade)
INFO:__main__:Extracted: Oskar Müller Wäschefabrik ()
INFO:__main__:Extracted 10 businesses from https://www2.hu-berlin.de/djgb/public/en/find?q=&fq=&sort=unternehmenasc&page=765
INFO:__main__:Using cached content for https://www2.hu-berlin.de/djgb/public/en/find?q=&fq=&sort=unternehmenasc&page=766
INFO:__main__:Extracted: Oskar Presser Schrauben- und Metallwarenfabrik ()
INFO:__main__:Extracted: Oskar Schloß Verlag GmbH (industry)
INFO:__main__:Extracted: Oskar Schulze ()
INFO:__main__:Extracted: Oskar Selzer Tabakwaren-Großhandlung ()
INFO:__main__:Extracted: Oskar Wertheim (trade)
INFO:__main__:Extracted: Oskar Witkowsky ()
INFO:__main__:Extracted: Oskar Zinstein ()
INFO:__main__:Extracted: Osmanische Papierhandlung David J. Cohen (trade)
INFO:__main__:Extracted: Ospa ()
INFO:__main__:Extracted: Osram GmbH (industry)
INFO:__main__:Extracted 10 businesses from https://www2.hu-berlin.de/djgb/public/en/find?q=&fq=&sort=unternehmenasc&page=766
INFO:__main__:Using cached content for https://www2.hu-berlin.de/djgb/public/en/find?q=&fq=&sort=unternehmenasc&page=768
INFO:__main__:Using cached content for https://www2.hu-berlin.de/djgb/public/en/find?q=&fq=&sort=unternehmenasc&page=767
INFO:__main__:Extracted: Otto & Carl Philipp ()
INFO:__main__:Extracted: Ost- und Nord-Expreß ()
INFO:__main__:Extracted: Otto Becker Handwäscherei ()
INFO:__main__:Extracted: Ostdeutsche Gesellschaft für den Handel mit Chemikalien, kosmetischen Artikeln und Drogen (Ostdrog) mbH ()
INFO:__main__:Extracted: Otto E. Liebrecht (trade)
INFO:__main__:Using cached content for https://www2.hu-berlin.de/djgb/public/en/find?q=&fq=&sort=unternehmenasc&page=769
INFO:__main__:Extracted: Ostdeutsches Holzkontor Alexander Bodzanowski (trade)
INFO:__main__:Extracted: Otto Flatauer Nachf. (trade)
INFO:__main__:Extracted: Otto Heinrich Nachf. (industry)
INFO:__main__:Extracted: Ostfried-Kaffee ()
INFO:__main__:Extracted: Otto Fleischer (trade)
INFO:__main__:Extracted: Otto Henschel (trade)
INFO:__main__:Extracted: Ostpreußische Sägewerke Julius Hirsch GmbH ()
INFO:__main__:Extracted: Otto Geller ()
INFO:__main__:Extracted: Otto Hirschfeldt (trade)
INFO:__main__:Extracted: Oswald & Isaac GmbH ()
INFO:__main__:Extracted: Otto Gröner ()
INFO:__main__:Extracted: Otto Hochstim Nachf. Karl-Heinz Jaekel ()
INFO:__main__:Extracted: Oswald Kurzer ()
INFO:__main__:Extracted: Otto Haas & Co ()
INFO:__main__:Extracted: Otto Häufler & Co GmbH (industry)
INFO:__main__:Extracted: Oswald Weber GmbH (trade)
INFO:__main__:Extracted: Otto Handl & Co ()
INFO:__main__:Extracted: Otto Jacob Goldschmidt (trade)
INFO:__main__:Extracted: Otag Orient Teppich AG (trade)
INFO:__main__:Extracted: Otto Heilbrunn (trade)
INFO:__main__:Extracted: Otto Kempner (Kemper) ()
INFO:__main__:Extracted: Ottilie Angreß ()
INFO:__main__:Extracted 10 businesses from https://www2.hu-berlin.de/djgb/public/en/find?q=&fq=&sort=unternehmenasc&page=768
INFO:__main__:Extracted: Otto Klausner GmbH (industry)
INFO:__main__:Extracted 10 businesses from https://www2.hu-berlin.de/djgb/public/en/find?q=&fq=&sort=unternehmenasc&page=767
INFO:__main__:Extracted: Otto Lewy ()
INFO:__main__:Extracted: Otto Liebmann ()
INFO:__main__:Extracted 10 businesses from https://www2.hu-berlin.de/djgb/public/en/find?q=&fq=&sort=unternehmenasc&page=769
INFO:__main__:Using cached content for https://www2.hu-berlin.de/djgb/public/en/find?q=&fq=&sort=unternehmenasc&page=770
INFO:__main__:Using cached content for https://www2.hu-berlin.de/djgb/public/en/find?q=&fq=&sort=unternehmenasc&page=771
INFO:__main__:Extracted: Otto Lietsche ()
INFO:__main__:Using cached content for https://www2.hu-berlin.de/djgb/public/en/find?q=&fq=&sort=unternehmenasc&page=772
INFO:__main__:Extracted: Otto Loeb & Co (industry)
INFO:__main__:Extracted: Otto Sander ()
INFO:__main__:Extracted: Otto Wolff Filiale Berlin (trade)
INFO:__main__:Extracted: Otto Markwardt ()
INFO:__main__:Extracted: Otto Segall ()
INFO:__main__:Extracted: P. C. D. Maehler GmbH (industry)
INFO:__main__:Extracted: Otto Menzel, Antiquariat Hansa ()
INFO:__main__:Extracted: Otto Sochaczewer (trade)
INFO:__main__:Extracted: P. Fonquet, Inh. Salomon ()
INFO:__main__:Extracted: Otto Metz & Co GmbH ()
INFO:__main__:Extracted: Otto Spitzer (trade)
INFO:__main__:Extracted: P. Hagelberg, GmbH ()
INFO:__main__:Extracted: Otto Milkuschütz (trade)
INFO:__main__:Extracted: Otto Staar ()
INFO:__main__:Extracted: P. Hahn & Co ()
INFO:__main__:Extracted: Otto Neuhaus und Co GmbH ()
INFO:__main__:Extracted: Otto Steiner Eisenwarenengros ()
INFO:__main__:Extracted: P. Hartwich & Co (trade)
INFO:__main__:Extracted: Otto Pulvermacher (trade)
INFO:__main__:Extracted: Otto Sußmann ()
INFO:__main__:Extracted: P. Katz & Co ()
INFO:__main__:Extracted: Otto Richter Großbuchbinderei ()
INFO:__main__:Extracted: Otto Thau (trade)
INFO:__main__:Extracted: P. Kosterlitz & Co ()
INFO:__main__:Extracted: Otto Rosenberg, Holzgroßhandlung GmbH ()
INFO:__main__:Extracted: Otto Thürmann GmbH (trade)
INFO:__main__:Extracted: P.Quasner ()
INFO:__main__:Extracted 10 businesses from https://www2.hu-berlin.de/djgb/public/en/find?q=&fq=&sort=unternehmenasc&page=770
INFO:__main__:Extracted: Otto Weil, Seidenwaren-Export & Commission ()
INFO:__main__:Extracted: Pacific Im- und Export-Gesellschaft mbH (trade)
INFO:__main__:Extracted 10 businesses from https://www2.hu-berlin.de/djgb/public/en/find?q=&fq=&sort=unternehmenasc&page=771
INFO:__main__:Extracted 10 businesses from https://www2.hu-berlin.de/djgb/public/en/find?q=&fq=&sort=unternehmenasc&page=772
INFO:__main__:Using cached content for https://www2.hu-berlin.de/djgb/public/en/find?q=&fq=&sort=unternehmenasc&page=775
INFO:__main__:Using cached content for https://www2.hu-berlin.de/djgb/public/en/find?q=&fq=&sort=unternehmenasc&page=773
INFO:__main__:Extracted: Parzellen-Laszlo (trade)
INFO:__main__:Using cached content for https://www2.hu-berlin.de/djgb/public/en/find?q=&fq=&sort=unternehmenasc&page=774
INFO:__main__:Extracted: Paketfahrt des Westens Speditions-Gesellschaft für Stadt- und Fernverkehr mbH ()
INFO:__main__:Extracted: Patent Matratzenfabrik Globus Ludwig Lewin (industry)
INFO:__main__:Extracted: Papiervertrieb Askania Nathan Schestelowitz ()
INFO:__main__:Extracted: Paketfahrt, Abrollspedition Bismarck 8888 Max Langner ()
INFO:__main__:Extracted: Paul & Jul. Cassel ()
INFO:__main__:Extracted: Paul & Oskar Kohorn ()
INFO:__main__:Extracted: Paradies & Co ()
INFO:__main__:Extracted: Paul Adam Gardinen und Teppiche (trade)
INFO:__main__:Extracted: Palatin Handels- und Grundstücksgesellschaft mbH (trade)
INFO:__main__:Extracted: Parat Sparstift-Vertrieb Paul Salomon ()
INFO:__main__:Extracted: Paul Aschner GmbH ()
INFO:__main__:Extracted: Palestine & Orient Lloyd GmbH ()
INFO:__main__:Extracted: Parfümerie Eilenberg & Appel (trade)
INFO:__main__:Extracted: Paul Ball ()
INFO:__main__:Extracted: Pallas Grundstückshandelsgesellschaft mbH ()
INFO:__main__:Extracted: Parfümerie und Drogerie am Bayerischen Platz 6 Paul Lustig Nachfolger Erich Wangenheim ()
INFO:__main__:Extracted: Paul Berliner & Co KG ()
INFO:__main__:Extracted: Palous & Co ()
INFO:__main__:Extracted: Parfümerie- und Seifen Fabrik B. Triebler & Co GmbH ()
INFO:__main__:Extracted: Paul Blumenthal (trade)
INFO:__main__:Extracted: Palästina-Industrie-Syndikat mbH (services)
INFO:__main__:Extracted: Pariser & Silber (trade)
INFO:__main__:Extracted: Paul Blumenthal & Co ()
INFO:__main__:Extracted: Palästina-Treuhandstelle zur Beratung deutscher Juden GmbH ()
INFO:__main__:Extracted: Pariser Neuheiten Trianon Clothilde Subkis (trade)
INFO:__main__:Extracted 10 businesses from https://www2.hu-berlin.de/djgb/public/en/find?q=&fq=&sort=unternehmenasc&page=775
INFO:__main__:Extracted: Pander, Else geb. Blum ()
INFO:__main__:Extracted: Park-Lichtspiele-GmbH (services)
INFO:__main__:Extracted: Pann & Sternberg ()
INFO:__main__:Extracted: Parker Pen GmbH (trade)
INFO:__main__:Extracted 10 businesses from https://www2.hu-berlin.de/djgb/public/en/find?q=&fq=&sort=unternehmenasc&page=773
INFO:__main__:Extracted 10 businesses from https://www2.hu-berlin.de/djgb/public/en/find?q=&fq=&sort=unternehmenasc&page=774
INFO:__main__:Using cached content for https://www2.hu-berlin.de/djgb/public/en/find?q=&fq=&sort=unternehmenasc&page=776
INFO:__main__:Using cached content for https://www2.hu-berlin.de/djgb/public/en/find?q=&fq=&sort=unternehmenasc&page=777
INFO:__main__:Extracted: Paul Boroschek (trade)
INFO:__main__:Extracted: Paul Bouveron GmbH ()
INFO:__main__:Extracted: Paul Brandel ()
INFO:__main__:Extracted: Paul Bronheim (trade)
INFO:__main__:Extracted: Paul Bruckner (Brückner) ()
INFO:__main__:Extracted: Paul Buttermilch (trade)
INFO:__main__:Extracted: Paul C. Landshoff & Co (trade)
INFO:__main__:Extracted: Paul Caspari ()
INFO:__main__:Extracted: Paul Caspari ()
INFO:__main__:Extracted: Paul Cassirer ()
INFO:__main__:Extracted 10 businesses from https://www2.hu-berlin.de/djgb/public/en/find?q=&fq=&sort=unternehmenasc&page=776
INFO:__main__:Using cached content for https://www2.hu-berlin.de/djgb/public/en/find?q=&fq=&sort=unternehmenasc&page=778
INFO:__main__:Extracted: Paul Chan Inhaber Alfred Neuberg (trade)
INFO:__main__:Extracted: Paul Colani ()
INFO:__main__:Extracted: Paul Crohn Kursmakler (trade)
INFO:__main__:Extracted: Paul Dannenberg (trade)
INFO:__main__:Extracted: Paul Dorff GmbH (trade)
INFO:__main__:Extracted: Paul E. Cohn (trade)
INFO:__main__:Extracted: Paul Ehrhard (trade)
INFO:__main__:Extracted: Paul Elias, Dipl.-Ing. ()
INFO:__main__:Extracted: Paul Falkenstein ()
INFO:__main__:Extracted: Paul Frankenberg (trade)
INFO:__main__:Extracted 10 businesses from https://www2.hu-berlin.de/djgb/public/en/find?q=&fq=&sort=unternehmenasc&page=777
INFO:__main__:Extracted: Paul Fuß & Co Möbeltransport ()
INFO:__main__:Extracted: Paul Fürstenau (trade)
INFO:__main__:Extracted: Paul Fürstenheim (trade)
INFO:__main__:Extracted: Paul Goldschmidt (trade)
INFO:__main__:Using cached content for https://www2.hu-berlin.de/djgb/public/en/find?q=&fq=&sort=unternehmenasc&page=779
INFO:__main__:Extracted: Paul Gottschalksohn ()
INFO:__main__:Extracted: Paul Graupe (trade)
INFO:__main__:Using cached content for https://www2.hu-berlin.de/djgb/public/en/find?q=&fq=&sort=unternehmenasc&page=780
INFO:__main__:Extracted: Paul Graupe Antiquariat ()
INFO:__main__:Extracted: Paul Hamm & Co ()
INFO:__main__:Extracted: Paul Griese, Nachf. (industry)
INFO:__main__:Extracted: Paul Hutzelmann ()
INFO:__main__:Extracted: Paul Hammer (trade)
INFO:__main__:Extracted: Paul Grunwald ()
INFO:__main__:Extracted: Paul Immerglück ()
INFO:__main__:Extracted: Paul Hartwich Kartoffelgroßhandlung ()
INFO:__main__:Extracted: Paul Guttmann jr. (trade)
INFO:__main__:Extracted: Paul Jacoby junr. ()
INFO:__main__:Extracted: Paul Joachim (trade)
INFO:__main__:Extracted: Paul Helfer (trade)
INFO:__main__:Extracted: Paul Joseph (trade)
INFO:__main__:Extracted 10 businesses from https://www2.hu-berlin.de/djgb/public/en/find?q=&fq=&sort=unternehmenasc&page=778
INFO:__main__:Extracted: Paul Henschel (trade)
INFO:__main__:Extracted: Paul Kadisch (trade)
INFO:__main__:Extracted: Paul Herrmann, Mäntel ()
INFO:__main__:Extracted: Paul Kaminski ()
INFO:__main__:Extracted: Paul Herzberg & Co GmbH (trade)
INFO:__main__:Extracted: Paul Katz (trade)
INFO:__main__:Using cached content for https://www2.hu-berlin.de/djgb/public/en/find?q=&fq=&sort=unternehmenasc&page=781
INFO:__main__:Extracted: Paul Hirschfeld ()
INFO:__main__:Extracted: Paul Klein (trade)
INFO:__main__:Extracted: Paul Klein Inh. Erwin Klein ()
INFO:__main__:Extracted: Paul Klein, Schirmfabrik (industry)
INFO:__main__:Extracted 10 businesses from https://www2.hu-berlin.de/djgb/public/en/find?q=&fq=&sort=unternehmenasc&page=780
INFO:__main__:Extracted: Paul Knoblauch & Co (trade)
INFO:__main__:Extracted: Paul Hirschfeld Spinnerei-Vertretungen ()
INFO:__main__:Extracted: Paul Kohn ()
INFO:__main__:Extracted: Paul Hochschild (trade)
INFO:__main__:Extracted: Paul Koratkowski ()
INFO:__main__:Extracted 10 businesses from https://www2.hu-berlin.de/djgb/public/en/find?q=&fq=&sort=unternehmenasc&page=779
INFO:__main__:Using cached content for https://www2.hu-berlin.de/djgb/public/en/find?q=&fq=&sort=unternehmenasc&page=782
INFO:__main__:Extracted: Paul L. Meyer (industry)
INFO:__main__:Extracted: Paul Langer, Fabrikation und Export zeitgemäßer Werbeartikel für Industrie, Handel und Gewerbe (trade)
INFO:__main__:Extracted: Paul Latte (trade)
INFO:__main__:Extracted: Paul Leib (trade)
INFO:__main__:Extracted: Paul Lewisohn ()
INFO:__main__:Extracted: Paul Linick vormals Metzger ()
INFO:__main__:Extracted 10 businesses from https://www2.hu-berlin.de/djgb/public/en/find?q=&fq=&sort=unternehmenasc&page=781
INFO:__main__:Extracted: Paul Litten ()
INFO:__main__:Extracted: Paul Loeb (trade)
INFO:__main__:Extracted: Paul Loewe (trade)
INFO:__main__:Extracted: Paul Löwinsohn Blusen & Kleider engros (trade)
INFO:__main__:Extracted: Paul Lüdersdorf Nachf. Alfred Schindler ()
INFO:__main__:Extracted: Paul M. Hahn (trade)
INFO:__main__:Extracted: Paul Mannheim (industry)
INFO:__main__:Extracted: Paul Marcus Bankkommissionsgeschäft (trade)
INFO:__main__:Extracted: Paul Marcuse, Vertreter ()
INFO:__main__:Extracted: Paul Marx (trade)
INFO:__main__:Extracted 10 businesses from https://www2.hu-berlin.de/djgb/public/en/find?q=&fq=&sort=unternehmenasc&page=782
INFO:__main__:Using cached content for https://www2.hu-berlin.de/djgb/public/en/find?q=&fq=&sort=unternehmenasc&page=783
INFO:__main__:Using cached content for https://www2.hu-berlin.de/djgb/public/en/find?q=&fq=&sort=unternehmenasc&page=785
INFO:__main__:Using cached content for https://www2.hu-berlin.de/djgb/public/en/find?q=&fq=&sort=unternehmenasc&page=784
INFO:__main__:Extracted: Paul Maschke ()
INFO:__main__:Extracted: Paul Meier "Wäscherei Gaugel""" ()
INFO:__main__:Completed https://www2.hu-berlin.de/djgb/public/en/find?q=&fq=&sort=unternehmenasc&page=405: 10 businesses
INFO:__main__:Extracted: Paul Merel Pappen-Großhandlung (trade)
INFO:__main__:Extracted: Paul Samter (trade)
INFO:__main__:Extracted: Paul Oppler ()
INFO:__main__:Extracted: Paul Mermelstein ()
INFO:__main__:Extracted: Paul Sauerlandt Nachf. ()
INFO:__main__:Extracted: Paul Orbach (trade)
INFO:__main__:Extracted: Paul Meyer I (trade)
INFO:__main__:Extracted: Paul Schulvater (trade)
INFO:__main__:Extracted: Paul Panitz ()
INFO:__main__:Extracted: Paul Meyer Inh. Rudolf Meyer (trade)
INFO:__main__:Extracted: Paul Schwarz Wäscheausstattung (trade)
INFO:__main__:Extracted: Paul Pinkus ()
INFO:__main__:Extracted: Paul Mikolajewicz ()
INFO:__main__:Extracted: Paul Schweitzer ()
INFO:__main__:Extracted: Paul Pniower (trade)
INFO:__main__:Extracted: Paul Moser (trade)
INFO:__main__:Extracted: Paul Schwerin (trade)
INFO:__main__:Extracted: Paul Quetschke ()
INFO:__main__:Extracted: Paul Nathanson (trade)
INFO:__main__:Extracted: Paul Seidel (trade)
INFO:__main__:Extracted: Paul Ramlau ()
INFO:__main__:Extracted: Paul Neugebauer GmbH ()
INFO:__main__:Extracted: Paul Silber Nachf. Inhaber Dipl.-Ing. Hans Mosler ()
INFO:__main__:Extracted: Paul Redelsheimer & Co Einrichtungshaus GmbH ()
INFO:__main__:Extracted 10 businesses from https://www2.hu-berlin.de/djgb/public/en/find?q=&fq=&sort=unternehmenasc&page=783
INFO:__main__:Extracted: Paul Silberberg ()
INFO:__main__:Extracted: Paul Reich (industry)
INFO:__main__:Extracted: Paul Sonnenfeld (trade)
INFO:__main__:Extracted: Paul Saalfeld ()
INFO:__main__:Extracted 10 businesses from https://www2.hu-berlin.de/djgb/public/en/find?q=&fq=&sort=unternehmenasc&page=785
INFO:__main__:Extracted 10 businesses from https://www2.hu-berlin.de/djgb/public/en/find?q=&fq=&sort=unternehmenasc&page=784
INFO:__main__:Using cached content for https://www2.hu-berlin.de/djgb/public/en/find?q=&fq=&sort=unternehmenasc&page=786
INFO:__main__:Extracted: Paul Steinberg & Co (trade)
INFO:__main__:Extracted: Paul Steinberg Bankgeschäft (trade)
INFO:__main__:Extracted: Paul Stern ()
INFO:__main__:Extracted: Paul Sternberg Export (trade)
INFO:__main__:Extracted: Paul Szepanski ()
INFO:__main__:Extracted: Paul Süssmann GmbH (trade)
INFO:__main__:Extracted: Paul Süßkind ()
INFO:__main__:Extracted: Paul Trachtenberg & Co ()
INFO:__main__:Extracted: Paul Valentin (trade)
INFO:__main__:Extracted: Paul Victor Stern ()
INFO:__main__:Extracted 10 businesses from https://www2.hu-berlin.de/djgb/public/en/find?q=&fq=&sort=unternehmenasc&page=786
INFO:__main__:Using cached content for https://www2.hu-berlin.de/djgb/public/en/find?q=&fq=&sort=unternehmenasc&page=789
INFO:__main__:Using cached content for https://www2.hu-berlin.de/djgb/public/en/find?q=&fq=&sort=unternehmenasc&page=788
INFO:__main__:Using cached content for https://www2.hu-berlin.de/djgb/public/en/find?q=&fq=&sort=unternehmenasc&page=787
INFO:__main__:Extracted: Peisach Katz (trade)
INFO:__main__:Extracted: Paul Zielinski ()
INFO:__main__:Extracted: Paul Walk (trade)
INFO:__main__:Extracted: Pelikan Leihwäsche Jakob Walzer ()
INFO:__main__:Extracted: Paula Buschke ()
INFO:__main__:Extracted: Paul Wallach (industry)
INFO:__main__:Extracted: Pelikan-Apotheke Isaak Bry ()
INFO:__main__:Extracted: Paula Elsberg ()
INFO:__main__:Extracted: Paul Wertheimer ()
INFO:__main__:Extracted: Pelz-Haus Tauentzien Fritz Weißler ()
INFO:__main__:Extracted: Paula Gerstel & Co OHG i. L. (trade)
INFO:__main__:Extracted: Paul Wienskowitz (industry)
INFO:__main__:Extracted: Pelz-Modell-Haus Max Weissler (trade)
INFO:__main__:Extracted: Paula Langer ()
INFO:__main__:Extracted: Paul Wolff & Co ()
INFO:__main__:Extracted: Pelz-Müller Rauchwarengesellschaft mbH ()
INFO:__main__:Extracted: Paula Phillippsohn, Vertreterin der Firma F. W. Grosse Söhne GmbH ()
INFO:__main__:Extracted: Paul Wolfsohn & Co KG ()
INFO:__main__:Extracted: Pelzhaus Felix Nathan (trade)
INFO:__main__:Extracted: Paula Schwarz (trade)
INFO:__main__:Extracted: Paul Woliner (Paul Wollner) ()
INFO:__main__:Extracted: Pelzhaus Sabo Salamon Bochenek (trade)
INFO:__main__:Extracted: Pauly & Pinner (industry)
INFO:__main__:Extracted: Paul Zeidler ()
INFO:__main__:Extracted: Pelzhaus Sibiriak A. Ourin & Co (trade)
INFO:__main__:Extracted: Pax-Schirme und Handtaschen ()
INFO:__main__:Extracted: Paul Zeller ()
INFO:__main__:Extracted: Pelzmodehaus Kaluski ()
INFO:__main__:Extracted: Pechbrenner ()
INFO:__main__:Extracted: Paul Ziege KG ()
INFO:__main__:Extracted 10 businesses from https://www2.hu-berlin.de/djgb/public/en/find?q=&fq=&sort=unternehmenasc&page=789
INFO:__main__:Extracted 10 businesses from https://www2.hu-berlin.de/djgb/public/en/find?q=&fq=&sort=unternehmenasc&page=788
INFO:__main__:Extracted 10 businesses from https://www2.hu-berlin.de/djgb/public/en/find?q=&fq=&sort=unternehmenasc&page=787
INFO:__main__:Using cached content for https://www2.hu-berlin.de/djgb/public/en/find?q=&fq=&sort=unternehmenasc&page=791
INFO:__main__:Extracted: Pension Berendt ()
INFO:__main__:Using cached content for https://www2.hu-berlin.de/djgb/public/en/find?q=&fq=&sort=unternehmenasc&page=792
INFO:__main__:Extracted: Pension Bernhardt ()
INFO:__main__:Using cached content for https://www2.hu-berlin.de/djgb/public/en/find?q=&fq=&sort=unternehmenasc&page=790
INFO:__main__:Extracted: Pension Flora ()
INFO:__main__:Extracted: Pension Bernstein ()
INFO:__main__:Extracted: Pelzmodehaus Leo Einhorn (trade)
INFO:__main__:Extracted: Pension Glaser ()
INFO:__main__:Extracted: Pension Bernstein ()
INFO:__main__:Extracted: Pelzmoden Kant GmbH (trade)
INFO:__main__:Extracted: Pension Goldstein ()
INFO:__main__:Extracted: Pension Boas ()
INFO:__main__:Extracted: Pelzwaren Teit Martin Teit (trade)
INFO:__main__:Extracted: Pension Hoffmann ()
INFO:__main__:Extracted: Pension Camilla Milch ()
INFO:__main__:Extracted: Pelzwaren-Niko ()
INFO:__main__:Extracted: Pension Ilse ()
INFO:__main__:Extracted: Pension Castell ()
INFO:__main__:Extracted: Penizek & Rainer ()
INFO:__main__:Extracted: Pension Ingrid ()
INFO:__main__:Extracted: Pension Charlottenburg ()
INFO:__main__:Extracted: Penner & Amster ()
INFO:__main__:Extracted: Pension Kahn ()
INFO:__main__:Extracted: Pension Egra ()
INFO:__main__:Extracted: Pension Anna Misch ()
INFO:__main__:Extracted: Pension Klein ()
INFO:__main__:Extracted: Pension Elton ()
INFO:__main__:Extracted: Pension Ascher ()
INFO:__main__:Extracted: Pension Körber ()
INFO:__main__:Extracted 10 businesses from https://www2.hu-berlin.de/djgb/public/en/find?q=&fq=&sort=unternehmenasc&page=791
INFO:__main__:Extracted: Pension Atlanta ()
INFO:__main__:Extracted: Pension Liaschinsky ()
INFO:__main__:Extracted: Pension Bechthold ()
INFO:__main__:Extracted 10 businesses from https://www2.hu-berlin.de/djgb/public/en/find?q=&fq=&sort=unternehmenasc&page=792
INFO:__main__:Extracted 10 businesses from https://www2.hu-berlin.de/djgb/public/en/find?q=&fq=&sort=unternehmenasc&page=790
INFO:__main__:Using cached content for https://www2.hu-berlin.de/djgb/public/en/find?q=&fq=&sort=unternehmenasc&page=793
INFO:__main__:Extracted: Pension Lissauer ()
INFO:__main__:Using cached content for https://www2.hu-berlin.de/djgb/public/en/find?q=&fq=&sort=unternehmenasc&page=794
INFO:__main__:Extracted: Pension Lüdecke ()
INFO:__main__:Using cached content for https://www2.hu-berlin.de/djgb/public/en/find?q=&fq=&sort=unternehmenasc&page=795
INFO:__main__:Extracted: Pension Roma ()
INFO:__main__:Extracted: Pension Metropol ()
INFO:__main__:Extracted: Pension Stern ()
INFO:__main__:Extracted: Pension Rosa Stössinger ()
INFO:__main__:Extracted: Pension Modern ()
INFO:__main__:Extracted: Pension Teske ()
INFO:__main__:Extracted: Pension Rose Struck ()
INFO:__main__:Extracted: Pension Oliva GmbH ()
INFO:__main__:Extracted: Pension Wegner ()
INFO:__main__:Extracted: Pension Rosenbaum ()
INFO:__main__:Extracted: Pension Olympic ()
INFO:__main__:Extracted: Pension Wieland ()
INFO:__main__:Extracted: Pension Rosenbaum ()
INFO:__main__:Extracted: Pension Pariser Eck ()
INFO:__main__:Extracted: Pension am Platze ()
INFO:__main__:Extracted: Pension Schlesinger ()
INFO:__main__:Extracted: Pension Phiebig ()
INFO:__main__:Extracted: Pension am Zoo ()
INFO:__main__:Extracted: Pension Schmidt ()
INFO:__main__:Extracted: Pension Philipp ()
INFO:__main__:Extracted: Pension von Kessel ()
INFO:__main__:Extracted: Pension Schwalbe ()
INFO:__main__:Extracted: Pension Rinkel ()
INFO:__main__:Extracted: Pepi Leibowicz ()
INFO:__main__:Extracted: Pension Select ()
INFO:__main__:Extracted 10 businesses from https://www2.hu-berlin.de/djgb/public/en/find?q=&fq=&sort=unternehmenasc&page=793
INFO:__main__:Extracted: Perla Kunst GmbH (trade)
INFO:__main__:Extracted: Pension Steinthal ()
INFO:__main__:Extracted: Perlen-Manufactur Richard Goldmann ()
INFO:__main__:Extracted 10 businesses from https://www2.hu-berlin.de/djgb/public/en/find?q=&fq=&sort=unternehmenasc&page=794
INFO:__main__:Extracted 10 businesses from https://www2.hu-berlin.de/djgb/public/en/find?q=&fq=&sort=unternehmenasc&page=795
INFO:__main__:Using cached content for https://www2.hu-berlin.de/djgb/public/en/find?q=&fq=&sort=unternehmenasc&page=798
INFO:__main__:Extracted: Philipp Elden Kinderbekleidung GmbH ()
INFO:__main__:Using cached content for https://www2.hu-berlin.de/djgb/public/en/find?q=&fq=&sort=unternehmenasc&page=796
INFO:__main__:Extracted: Philipp Fabisch GmbH (trade)
INFO:__main__:Using cached content for https://www2.hu-berlin.de/djgb/public/en/find?q=&fq=&sort=unternehmenasc&page=797
INFO:__main__:Extracted: Persicaner, Bernhard ()
INFO:__main__:Extracted: Philipp Feibusch ()
INFO:__main__:Extracted: Pharma - Max Loebinger & Co GmbH für chemische und chemisch-pharmazeutische Produkte (industry)
INFO:__main__:Extracted: Perugia Bankgeschäft GmbH ()
INFO:__main__:Extracted: Philipp Frenkel (trade)
INFO:__main__:Extracted: Pharmaport Gesellschaft für chemisch-pharmazeutische Produkte mbH (trade)
INFO:__main__:Extracted: Peter Prichodko ()
INFO:__main__:Extracted: Philipp Gerber, Blusen ()
INFO:__main__:Extracted: Pharmarium GmbH (industry)
INFO:__main__:Extracted: Peters & Schulze (trade)
INFO:__main__:Extracted: Philipp Jacobius ()
INFO:__main__:Extracted: Pharmazeutikon AG für chemisch-pharmazeutische Produkte (industry)
INFO:__main__:Extracted: Petropolis-Verlag AG (industry)
INFO:__main__:Extracted: Philipp Jaroszynsky ()
INFO:__main__:Extracted: Pharmazeutisches Laboratorium Deutschland Apotheker Georg Deutschland ()
INFO:__main__:Extracted: Pfeffer & Goldberg ()
INFO:__main__:Extracted: Philipp Kastelan (trade)
INFO:__main__:Extracted: Philharmonischer Verlag Benno Goldfeder ()
INFO:__main__:Extracted: Pfeil-Verlag GmbH (industry)
INFO:__main__:Extracted: Philipp Kochmann Chemische Fabrik ()
INFO:__main__:Extracted: Philipp & Co (industry)
INFO:__main__:Extracted: Ph. Brand & Co (trade)
INFO:__main__:Extracted: Philipp Kosack & Co (trade)
INFO:__main__:Extracted: Philipp & Hugo Lewy (trade)
INFO:__main__:Extracted: Ph. Stein (trade)
INFO:__main__:Extracted 10 businesses from https://www2.hu-berlin.de/djgb/public/en/find?q=&fq=&sort=unternehmenasc&page=798
INFO:__main__:Extracted: Philipp Bendikowsky ()
INFO:__main__:Extracted: Phantasie-Stoff-Wirkerei GmbH (handicraft)
INFO:__main__:Extracted: Philipp Elden (industry)
INFO:__main__:Extracted 10 businesses from https://www2.hu-berlin.de/djgb/public/en/find?q=&fq=&sort=unternehmenasc&page=796
INFO:__main__:Extracted 10 businesses from https://www2.hu-berlin.de/djgb/public/en/find?q=&fq=&sort=unternehmenasc&page=797
INFO:__main__:Using cached content for https://www2.hu-berlin.de/djgb/public/en/find?q=&fq=&sort=unternehmenasc&page=800
INFO:__main__:Extracted: Philippsohn & Leschziner Wäschefabrik GmbH (industry)
INFO:__main__:Extracted: Philippson & Friedländer ()
INFO:__main__:Extracted: Philippson, Margarete geb. Salomon ()
INFO:__main__:Extracted: Philipsborn, Victor ()
INFO:__main__:Using cached content for https://www2.hu-berlin.de/djgb/public/en/find?q=&fq=&sort=unternehmenasc&page=801
INFO:__main__:Extracted: Philo Verlag und Buchhandlung GmbH ()
INFO:__main__:Using cached content for https://www2.hu-berlin.de/djgb/public/en/find?q=&fq=&sort=unternehmenasc&page=799
INFO:__main__:Extracted: Photo-Richtheimer ()
INFO:__main__:Extracted: Phoebus Medizin. Institut Dr. Heinrich Haller ()
INFO:__main__:Extracted: Philipp Lewy & Co KG ()
INFO:__main__:Extracted: Photo-Spiegel ()
INFO:__main__:Extracted: Phoenix Bau-GmbH ()
INFO:__main__:Extracted: Philipp Lewy GmbH ()
INFO:__main__:Extracted: Photogramm-Gesellschaft G. & C. Klingelhöfer ()
INFO:__main__:Extracted: Phono-Radio Großhandlung H. Jaraczewski & Co ()
INFO:__main__:Extracted: Philipp Moschkowitz (trade)
INFO:__main__:Extracted: Photohaus Schlesinger ()
INFO:__main__:Extracted: Phonogramm-Verlag GmbH ()
INFO:__main__:Extracted: Philipp Rosenberg ()
INFO:__main__:Extracted: Photokino Verlag GmbH ()
INFO:__main__:Extracted: Photo-Dzubas ()
INFO:__main__:Extracted: Philipp Rosenthal (trade)
INFO:__main__:Extracted: Photothek Römer & Bernstein (services)
INFO:__main__:Extracted 10 businesses from https://www2.hu-berlin.de/djgb/public/en/find?q=&fq=&sort=unternehmenasc&page=800
INFO:__main__:Extracted: Philipp Schwersenz ()
INFO:__main__:Extracted: Phönix AG für Braunkohlenverwertung (trade)
INFO:__main__:Extracted: Philipp Solms (industry)
INFO:__main__:Extracted: Phönix Handelsgesellschaft für Textilwaren mbH ()
INFO:__main__:Extracted: Philipp Stotzki ()
INFO:__main__:Extracted: Phönix-Apotheke Willy Goldberg ()
INFO:__main__:Extracted: Philipp Weiß & Söhne & Co mbH ()
INFO:__main__:Extracted: Phönix-Fabrik Walter Behrens & Co (industry)
INFO:__main__:Extracted: Philipp Wollenberg (trade)
INFO:__main__:Using cached content for https://www2.hu-berlin.de/djgb/public/en/find?q=&fq=&sort=unternehmenasc&page=802
INFO:__main__:Extracted 10 businesses from https://www2.hu-berlin.de/djgb/public/en/find?q=&fq=&sort=unternehmenasc&page=801
INFO:__main__:Extracted 10 businesses from https://www2.hu-berlin.de/djgb/public/en/find?q=&fq=&sort=unternehmenasc&page=799
INFO:__main__:Extracted: Piccolo-Automaten GmbH ()
INFO:__main__:Extracted: Pichler & Müller GmbH ()
INFO:__main__:Extracted: Pictura GmbH Gemälde und Plastik (trade)
INFO:__main__:Using cached content for https://www2.hu-berlin.de/djgb/public/en/find?q=&fq=&sort=unternehmenasc&page=803
INFO:__main__:Extracted: Piket & Noher (trade)
INFO:__main__:Extracted: Pinner, Eva ()
INFO:__main__:Using cached content for https://www2.hu-berlin.de/djgb/public/en/find?q=&fq=&sort=unternehmenasc&page=804
INFO:__main__:Extracted: Pilsner Urquell Biervertriebsgesellschaft mbH (vormals F. & M. Camphausen) ()
INFO:__main__:Extracted: Pinschewer Film AG ()
INFO:__main__:Extracted: Pleß & Löwenthal ()
INFO:__main__:Extracted: Pincevski & Sadowski ()
INFO:__main__:Extracted: Pintus & Scharfe (trade)
INFO:__main__:Extracted: Pleßner & Co (trade)
INFO:__main__:Extracted: Pincus Schmelzer Möbel-Ausstattungshaus (trade)
INFO:__main__:Extracted: Pintus, Max ()
INFO:__main__:Extracted: Plissee-Biene ()
INFO:__main__:Extracted: Pinkus Hauser Reclame Neuheiten Industrie (industry)
INFO:__main__:Extracted: Plachte & Salomon ()
INFO:__main__:Extracted: Plissee-Maschke ()
INFO:__main__:Extracted: Pinkus Szydlow ()
INFO:__main__:Extracted: Plachte, Martin ()
INFO:__main__:Extracted: Plombenhirsch Ludwig Hirsch (trade)
INFO:__main__:Extracted: Pinner & Weinstock (trade)
INFO:__main__:Extracted: Plakatanschlag-Vermittlung Jacques Albachary GmbH ()
INFO:__main__:Extracted: Pluma Bettfedern GmbH ()
INFO:__main__:Extracted 10 businesses from https://www2.hu-berlin.de/djgb/public/en/find?q=&fq=&sort=unternehmenasc&page=802
INFO:__main__:Extracted: Plan- & Sack-Industrie Oppenheimer & Nürnberg (trade)
INFO:__main__:Extracted: Pneurapid Autotechnische Spezialartikel Walter Caminer ()
INFO:__main__:Extracted: Plaut & Daniel ()
INFO:__main__:Extracted: Pogliani und Hepner GmbH (trade)
INFO:__main__:Extracted: Plaza Theater-GmbH (services)
INFO:__main__:Extracted: Pohly & Marcus (trade)
INFO:__main__:Extracted 10 businesses from https://www2.hu-berlin.de/djgb/public/en/find?q=&fq=&sort=unternehmenasc&page=803
INFO:__main__:Extracted: Polensky & Co KG ()
INFO:__main__:Using cached content for https://www2.hu-berlin.de/djgb/public/en/find?q=&fq=&sort=unternehmenasc&page=805
INFO:__main__:Extracted 10 businesses from https://www2.hu-berlin.de/djgb/public/en/find?q=&fq=&sort=unternehmenasc&page=804
INFO:__main__:Extracted: Polke & Jokobowski ()
INFO:__main__:Using cached content for https://www2.hu-berlin.de/djgb/public/en/find?q=&fq=&sort=unternehmenasc&page=806
INFO:__main__:Extracted: Polsterwaren-Wegner ()
INFO:__main__:Extracted: Pototzky & Co AG für Versicherungswesen (trade)
INFO:__main__:Extracted: Polyderma Vertriebs GmbH ()
INFO:__main__:Extracted: Potsdamer-Lützowstraße-Grundstücks-GmbH (services)
INFO:__main__:Using cached content for https://www2.hu-berlin.de/djgb/public/en/find?q=&fq=&sort=unternehmenasc&page=807
INFO:__main__:Extracted: Poper & Fürth ()
INFO:__main__:Extracted: Prager & Ansorge ()
INFO:__main__:Extracted: Primissima Metallbettstellen-AG ()
INFO:__main__:Extracted: Poppert & Co (industry)
INFO:__main__:Extracted: Prager & Lojda (industry)
INFO:__main__:Extracted: Primus Traktoren GmbH ()
INFO:__main__:Extracted: Porfi, Karl ()
INFO:__main__:Extracted: Pralina GmbH ()
INFO:__main__:Extracted: Printator GmbH (industry)
INFO:__main__:Extracted: Portica GmbH Fabrikation von Verpackungsmitteln aus Papier, Pappe und Holzstoff (industry)
INFO:__main__:Extracted: Prerauer & Co (trade)
INFO:__main__:Extracted: Prinz & Memisohn (trade)
INFO:__main__:Extracted: Posner & Phillipson GmbH ()
INFO:__main__:Extracted: Presse-Photo GmbH (services)
INFO:__main__:Extracted: Prinzen Apotheke Julius Jacob ()
INFO:__main__:Extracted: Postkartenverlag Landsberger & Co ()
INFO:__main__:Extracted: Preuß & Wittich GmbH ()
INFO:__main__:Extracted: Prinzessinen-Kaffee ()
INFO:__main__:Extracted: Pototzky & Co ()
INFO:__main__:Extracted: Preußen-Apotheke Johannes Bockshammer (trade)
INFO:__main__:Extracted: Privat-Ambulatorium Siegfried Phillippson ()
INFO:__main__:Extracted 10 businesses from https://www2.hu-berlin.de/djgb/public/en/find?q=&fq=&sort=unternehmenasc&page=805
INFO:__main__:Extracted: Priester, Emil ()
INFO:__main__:Extracted: Privat-Auskunftei u. Detektei Gerhard Stensch ()
INFO:__main__:Extracted 10 businesses from https://www2.hu-berlin.de/djgb/public/en/find?q=&fq=&sort=unternehmenasc&page=806
INFO:__main__:Extracted: Private Musikschule Hollaender ()
INFO:__main__:Extracted: Priviligierte Apotheke zum roten Adler ()
INFO:__main__:Extracted 10 businesses from https://www2.hu-berlin.de/djgb/public/en/find?q=&fq=&sort=unternehmenasc&page=807
INFO:__main__:Using cached content for https://www2.hu-berlin.de/djgb/public/en/find?q=&fq=&sort=unternehmenasc&page=808
INFO:__main__:Extracted: Prodonta Grundstücks-Verwaltungs-GmbH (services)
INFO:__main__:Extracted: Produktenmarkt Verlags-Gesellschaft mbH ()
INFO:__main__:Extracted: Promural Gesellschaft Schömann & Co ()
INFO:__main__:Extracted: Proskauer & Pauson (trade)
INFO:__main__:Extracted: Protos Telefon GmbH (trade)
INFO:__main__:Using cached content for https://www2.hu-berlin.de/djgb/public/en/find?q=&fq=&sort=unternehmenasc&page=809
INFO:__main__:Extracted: Prudentia Handelsgesellschaft für Ein- und Ausfuhr mbH (trade)
INFO:__main__:Using cached content for https://www2.hu-berlin.de/djgb/public/en/find?q=&fq=&sort=unternehmenasc&page=810
INFO:__main__:Extracted: Pyrophor-Feuerzeug-Fabrik GmbH (industry)
INFO:__main__:Extracted: Puhl & Wagner Gottfried Heinersdorff ()
INFO:__main__:Extracted: Quandt & Spritz (trade)
INFO:__main__:Extracted: R. Blume GmbH (handicraft)
INFO:__main__:Extracted: Pulvermacher & Segall (trade)
INFO:__main__:Extracted: Quick Deutsche Automaten-Gaststätten GmbH (trade)
INFO:__main__:Extracted: R. Blume GmbH / Paul Lindemann(Schlosser), F. Neumann(Dipl. Ing.) ()
INFO:__main__:Extracted: Putzfachschule Beer ()
INFO:__main__:Extracted: R. & A. Hertz ()
INFO:__main__:Extracted: R. Blume Metallbaugesellschaft mbH ()
INFO:__main__:Extracted: Putziger & Brandt (trade)
INFO:__main__:Extracted: R. & S. Moses (trade)
INFO:__main__:Extracted: R. Boll Buchdruckerei und Verlagsbuchhandlung ()
INFO:__main__:Extracted 10 businesses from https://www2.hu-berlin.de/djgb/public/en/find?q=&fq=&sort=unternehmenasc&page=808
INFO:__main__:Extracted: R. Abraham GmbH ()
INFO:__main__:Extracted: R. Bredow (industry)
INFO:__main__:Extracted: R. B. Polak & Schwarz's Essencefabrieken, Zweigniederlassung Berlin ()
INFO:__main__:Extracted: R. Brisgelsky ()
INFO:__main__:Extracted: R. Baer & Söhne ()
INFO:__main__:Extracted: R. Cohn junior (trade)
INFO:__main__:Extracted: R. Baumann Filiale Nachf. Max Pinkus (trade)
INFO:__main__:Extracted: R. E. Mucha & Co ()
INFO:__main__:Extracted: R. Bellair & Co (trade)
INFO:__main__:Using cached content for https://www2.hu-berlin.de/djgb/public/en/find?q=&fq=&sort=unternehmenasc&page=811
INFO:__main__:Extracted: R. Einhorn u. Co Herrenkleider-Fabrik ()
INFO:__main__:Extracted 10 businesses from https://www2.hu-berlin.de/djgb/public/en/find?q=&fq=&sort=unternehmenasc&page=809
INFO:__main__:Extracted: R. Eisenschmidt (industry)
INFO:__main__:Extracted: R. Eisenmann GmbH (trade)
INFO:__main__:Extracted: R. Eisland & Co Herrenkleider- und Gummimäntelfabrik ()
INFO:__main__:Extracted 10 businesses from https://www2.hu-berlin.de/djgb/public/en/find?q=&fq=&sort=unternehmenasc&page=810
INFO:__main__:Extracted: R. Eplinius (industry)
INFO:__main__:Using cached content for https://www2.hu-berlin.de/djgb/public/en/find?q=&fq=&sort=unternehmenasc&page=812
INFO:__main__:Extracted: R. F. Waechter & Co GmbH ()
INFO:__main__:Extracted: R. Hammer & Co ()
INFO:__main__:Extracted: R. Fichtmann ()
INFO:__main__:Extracted: R. Landauer Nachf. (trade)
INFO:__main__:Using cached content for https://www2.hu-berlin.de/djgb/public/en/find?q=&fq=&sort=unternehmenasc&page=813
INFO:__main__:Extracted: R. Flockenhaus sen. Nachf. Dr. Elkeles ()
INFO:__main__:Extracted: R. Lewinski ()
INFO:__main__:Extracted: R. T. Glanternik ()
INFO:__main__:Extracted: R. Frister AG (industry)
INFO:__main__:Extracted: R. Lewy & Co Vereinigte Hut Compagnie ()
INFO:__main__:Extracted: R. Urrisch ()
INFO:__main__:Extracted: R. Frister AG, Zweigniederlassung (in) Oberschöneweide ()
INFO:__main__:Extracted: R. M. Maassen GmbH (trade)
INFO:__main__:Extracted: R. Wangenheim & Co (trade)
INFO:__main__:Extracted: R. Fröschke & Co (industry)
INFO:__main__:Extracted: R. Markowits (Markowitz) ()
INFO:__main__:Extracted: R. Zernik Großvertrieb von Weißwaren und Stickereien AG ()
INFO:__main__:Extracted: R. G. Brandt & Co GmbH (trade)
INFO:__main__:Extracted: R. Sachs GmbH (industry)
INFO:__main__:Extracted: Radio GmbH D. S. Loewe (industry)
INFO:__main__:Extracted 10 businesses from https://www2.hu-berlin.de/djgb/public/en/find?q=&fq=&sort=unternehmenasc&page=811
INFO:__main__:Extracted: R. Scherk & Hermann Scherk ()
INFO:__main__:Extracted: Radio-Gesellschaft Aron & Co GmbH (industry)
INFO:__main__:Extracted: R. Schramm & F. Wüste ()
INFO:__main__:Extracted: Radio-Haus Clou ()
INFO:__main__:Extracted: R. Schweizer & Co ()
INFO:__main__:Extracted: Radio-Hilfe ()
INFO:__main__:Extracted 10 businesses from https://www2.hu-berlin.de/djgb/public/en/find?q=&fq=&sort=unternehmenasc&page=812
INFO:__main__:Extracted: Radio-Huppert Arthur Huppert ()
INFO:__main__:Using cached content for https://www2.hu-berlin.de/djgb/public/en/find?q=&fq=&sort=unternehmenasc&page=814
INFO:__main__:Extracted: Radio-Neuheiten ()
INFO:__main__:Extracted: Radio-Tempo Hutterer & Co ()
INFO:__main__:Extracted 10 businesses from https://www2.hu-berlin.de/djgb/public/en/find?q=&fq=&sort=unternehmenasc&page=813
INFO:__main__:Extracted: Radio-Vertrieb Bayrischer Platz, A. Kraus ()
INFO:__main__:Extracted: Radio-Vertrieb Record Salomon Zuckermann ()
INFO:__main__:Extracted: Radio-Windmüller ()
INFO:__main__:Using cached content for https://www2.hu-berlin.de/djgb/public/en/find?q=&fq=&sort=unternehmenasc&page=815
INFO:__main__:Extracted: Radioaktiengesellschaft D. S. Loewe ()
INFO:__main__:Extracted: Rafael Perez ()
INFO:__main__:Using cached content for https://www2.hu-berlin.de/djgb/public/en/find?q=&fq=&sort=unternehmenasc&page=816
INFO:__main__:Extracted: Radiohaus Friedenau ()
INFO:__main__:Extracted: Ranis & Co GmbH ()
INFO:__main__:Extracted: Radiophon Company mbH ()
INFO:__main__:Extracted: Rawetzky, Litry (?) ()
INFO:__main__:Extracted: Rapid Kopier-GmbH (industry)
INFO:__main__:Extracted: Radiosclerin-Gesellschaft mbH ()
INFO:__main__:Extracted: Rebecca Marcus Nachf. ()
INFO:__main__:Extracted: Rapid-Entfleckerei Kaminski & Hassan ()
INFO:__main__:Extracted: Radiovertrieb Record ()
INFO:__main__:Extracted: Recha Heymann ()
INFO:__main__:Extracted: Rapid-Kohlepapiere Gerda Fritzen ()
INFO:__main__:Extracted: Radlauer's Kronen-Apotheke Leon Stolzmann ()
INFO:__main__:Extracted: Record, die gute Herrenkleidung GmbH ()
INFO:__main__:Extracted: Rappolt & Söhne ()
INFO:__main__:Extracted 10 businesses from https://www2.hu-berlin.de/djgb/public/en/find?q=&fq=&sort=unternehmenasc&page=814
INFO:__main__:Extracted: Redeventza Deutsch-Rumänische Petroleum-Verkaufs-Gesellschaft mbH (trade)
INFO:__main__:Extracted: Ratafia Abraham ()
INFO:__main__:Extracted: Redlich, Fritz ()
INFO:__main__:Extracted: Rath & Weißbach ()
INFO:__main__:Extracted: Redlich, Kurt ()
INFO:__main__:Extracted: Rathaus-Apotheke Louis Kempner ()
INFO:__main__:Extracted: Regenmäntelfabrik Esko-Pluvius AG (industry)
INFO:__main__:Extracted: Rawack & Grünfeld AG ()
INFO:__main__:Using cached content for https://www2.hu-berlin.de/djgb/public/en/find?q=&fq=&sort=unternehmenasc&page=817
INFO:__main__:Extracted: Regenmäntelfabrik S. Silberstein   S. Silberstein & Co AG (industry)
INFO:__main__:Extracted 10 businesses from https://www2.hu-berlin.de/djgb/public/en/find?q=&fq=&sort=unternehmenasc&page=815
INFO:__main__:Extracted: Regenmäntelfabrik Waterproof Kiewe & Saenger ()
INFO:__main__:Extracted: Regenmäntelfabrik S. Silberstein & Co GmbH ()
INFO:__main__:Extracted: Regenmäntelfabrikation Favorit Siegbert Kiewe ()
INFO:__main__:Extracted 10 businesses from https://www2.hu-berlin.de/djgb/public/en/find?q=&fq=&sort=unternehmenasc&page=816
INFO:__main__:Extracted: Regina Friedlaender GmbH (trade)
INFO:__main__:Extracted: Regina Löwinsohn ()
INFO:__main__:Extracted: Regina Schabinski ()
INFO:__main__:Using cached content for https://www2.hu-berlin.de/djgb/public/en/find?q=&fq=&sort=unternehmenasc&page=818
INFO:__main__:Extracted: Regina Steiner ()
INFO:__main__:Extracted: Reich & Loewenstein (trade)
INFO:__main__:Extracted: Regina und Manny Leiser ()
INFO:__main__:Using cached content for https://www2.hu-berlin.de/djgb/public/en/find?q=&fq=&sort=unternehmenasc&page=819
INFO:__main__:Extracted: Reichenthal & Ringel Herrenkonfection Engros-Export (trade)
INFO:__main__:Extracted: Reh & Praedel ()
INFO:__main__:Extracted: Reichs-Apotheke Leonhard Krause ()
INFO:__main__:Extracted: Reinhold Kühn AG (industry)
INFO:__main__:Extracted: Reich & Baehr (trade)
INFO:__main__:Extracted: Reichsadler-Apotheke & Droguerie Paul Schoenbeck ()
INFO:__main__:Extracted: Reinhold Staudemeyer (trade)
INFO:__main__:Extracted: Reich & Golombek ()
INFO:__main__:Extracted: Rein-Gold Wäscherei Cöpenick Max Lehmann (services)
INFO:__main__:Extracted: Reinigungsinstitut Gegenbauer ()
INFO:__main__:Extracted 10 businesses from https://www2.hu-berlin.de/djgb/public/en/find?q=&fq=&sort=unternehmenasc&page=817
INFO:__main__:Extracted: Reinhard Sachs ()
INFO:__main__:Extracted: Reinstein & Simon (trade)
INFO:__main__:Extracted: Reinhardt & Höffler ()
INFO:__main__:Extracted: Reissmann & Chaim (industry)
INFO:__main__:Extracted: Reinhold Albert Simon (trade)
INFO:__main__:Extracted: Reiwald & Hirsch ()
INFO:__main__:Extracted: Reinhold Fischer & Co (industry)
INFO:__main__:Extracted: Reißner, Wohl & Co GmbH ()
INFO:__main__:Using cached content for https://www2.hu-berlin.de/djgb/public/en/find?q=&fq=&sort=unternehmenasc&page=820
INFO:__main__:Extracted: Reinhold Grün Leder-Abfälle und Ausrüstungsbedarf ()
INFO:__main__:Extracted: Reklame-Löwe Erwin Löwe (industry)
INFO:__main__:Extracted: Remak & Silber (industry)
INFO:__main__:Extracted 10 businesses from https://www2.hu-berlin.de/djgb/public/en/find?q=&fq=&sort=unternehmenasc&page=818
INFO:__main__:Extracted: Rekord Spezialhaus für Wäsche und Strümpfe Benjamin Vogelsdorff (trade)
INFO:__main__:Extracted: Rembrandt Atelier für künstlerische Aufnahmen Alfred Cohn (handicraft)
INFO:__main__:Extracted: Remak & Co GmbH ()
INFO:__main__:Extracted: René Wasserthal ()
INFO:__main__:Extracted 10 businesses from https://www2.hu-berlin.de/djgb/public/en/find?q=&fq=&sort=unternehmenasc&page=819
INFO:__main__:Extracted: Reproduktion GmbH (industry)
INFO:__main__:Using cached content for https://www2.hu-berlin.de/djgb/public/en/find?q=&fq=&sort=unternehmenasc&page=821
INFO:__main__:Extracted: Residenz-Apotheke mit Drogenhandlung Dr. Hans Friedländer Apothekenbesitzer ()
INFO:__main__:Extracted: Restaurant Rubinstein, Wiener Cafè ()
INFO:__main__:Extracted: Restaurant Ansbach ()
INFO:__main__:Extracted: Reuß & Pollack (trade)
INFO:__main__:Extracted: Restaurant Friedmann Paul Friedmann (trade)
INFO:__main__:Extracted: Revag Grundstücksverwaltungs AG (services)
INFO:__main__:Using cached content for https://www2.hu-berlin.de/djgb/public/en/find?q=&fq=&sort=unternehmenasc&page=822
INFO:__main__:Extracted: Restaurant Lucullus ()
INFO:__main__:Extracted: Rewa Grundstücksgesellschaft mbH (trade)
INFO:__main__:Extracted: Ricardo Falero, "Pasta all' Uovo""" ()
INFO:__main__:Extracted: Restaurant Moustafa Ciro GmbH ()
INFO:__main__:Extracted: Rewald & Weißberg Export-Gesellschaft ()
INFO:__main__:Extracted: Richard Adam ()
INFO:__main__:Extracted: Restaurant Pschorr-Haus Abler & Meisel (trade)
INFO:__main__:Extracted: Rheingau-Apotheke Paul Laukin ()
INFO:__main__:Extracted: Richard Althoff (trade)
INFO:__main__:Extracted 10 businesses from https://www2.hu-berlin.de/djgb/public/en/find?q=&fq=&sort=unternehmenasc&page=820
INFO:__main__:Extracted: Rheinhessische Weinhandlung Josef Schindler (trade)
INFO:__main__:Extracted: Richard Baer & Co ()
INFO:__main__:Extracted: Rheinische Weinvertriebs-Gesellschaft Block & Co (trade)
INFO:__main__:Extracted: Richard Brandt (industry)
INFO:__main__:Extracted: Rhenania-Kunheim Chemische Fabriken GmbH (industry)
INFO:__main__:Extracted: Richard Brat (trade)
INFO:__main__:Extracted: Rialto-Fortuna Lichtspiele GmbH ()
INFO:__main__:Using cached content for https://www2.hu-berlin.de/djgb/public/en/find?q=&fq=&sort=unternehmenasc&page=823
INFO:__main__:Extracted: Richard Brody ()
INFO:__main__:Extracted 10 businesses from https://www2.hu-berlin.de/djgb/public/en/find?q=&fq=&sort=unternehmenasc&page=821
INFO:__main__:Extracted: Richard Eloesser & Co GmbH ()
INFO:__main__:Extracted: Richard Davidsohn (trade)
INFO:__main__:Extracted: Richard Fleischhauer (trade)
INFO:__main__:Extracted: Richard Dienstfertig (trade)
INFO:__main__:Extracted: Richard Frey ()
INFO:__main__:Extracted: Richard E. Cohn (trade)
INFO:__main__:Extracted: Richard Fröhlich, Fabrikation kunstseidener Damenwäsche ()
INFO:__main__:Extracted 10 businesses from https://www2.hu-berlin.de/djgb/public/en/find?q=&fq=&sort=unternehmenasc&page=822
INFO:__main__:Using cached content for https://www2.hu-berlin.de/djgb/public/en/find?q=&fq=&sort=unternehmenasc&page=824
INFO:__main__:Extracted: Richard Fuchs (trade)
INFO:__main__:Extracted: Richard Goetz (trade)
INFO:__main__:Extracted: Richard Fuchs Bank-Kommissionsgeschäft ()
INFO:__main__:Extracted: Richard Goldmann (trade)
INFO:__main__:Extracted: Richard Galle Mechanische Werkstatt (industry)
INFO:__main__:Using cached content for https://www2.hu-berlin.de/djgb/public/en/find?q=&fq=&sort=unternehmenasc&page=825
INFO:__main__:Extracted: Richard Gottschalk (trade)
INFO:__main__:Extracted: Richard Geduldig ()
INFO:__main__:Extracted: Richard I. David (trade)
INFO:__main__:Extracted: Richard Gradenwitz GmbH (industry)
INFO:__main__:Extracted: Richard Gimpel (trade)
INFO:__main__:Extracted: Richard J. Frank (trade)
INFO:__main__:Extracted: Richard Hammerstein GmbH (trade)
INFO:__main__:Extracted: Richard Glaser (trade)
INFO:__main__:Extracted: Richard Jacobs Verlag (industry)
INFO:__main__:Extracted: Richard Hecht ()
INFO:__main__:Extracted 10 businesses from https://www2.hu-berlin.de/djgb/public/en/find?q=&fq=&sort=unternehmenasc&page=823
INFO:__main__:Extracted: Richard Jacobsohn jur. (trade)
INFO:__main__:Extracted: Richard Hecht & Co (industry)
INFO:__main__:Extracted: Richard Jolles ()
INFO:__main__:Extracted: Richard Herrnstadt ()
INFO:__main__:Extracted: Richard Kantorowicz (trade)
INFO:__main__:Extracted: Richard Humberg vorm. Tarrasch & Co ()
INFO:__main__:Extracted: Richard Karo ()
INFO:__main__:Using cached content for https://www2.hu-berlin.de/djgb/public/en/find?q=&fq=&sort=unternehmenasc&page=826
INFO:__main__:Extracted: Richard Hurwitz ()
INFO:__main__:Extracted: Richard Katz & Co Parfümerie-Großhandlung (trade)
INFO:__main__:Extracted: Richard Korant (trade)
INFO:__main__:Extracted 10 businesses from https://www2.hu-berlin.de/djgb/public/en/find?q=&fq=&sort=unternehmenasc&page=824
INFO:__main__:Extracted: Richard Kaufmann ()
INFO:__main__:Extracted: Richard Kuntze ()
INFO:__main__:Extracted: Richard Kayser (industry)
INFO:__main__:Extracted: Richard Labisch & Co Graphische Kunstanstalt GmbH (trade)
INFO:__main__:Extracted 10 businesses from https://www2.hu-berlin.de/djgb/public/en/find?q=&fq=&sort=unternehmenasc&page=825
INFO:__main__:Extracted: Richard Ladendorff französische gewebte Gobelins und Möbelstoffe (trade)
INFO:__main__:Extracted: Richard Landsberger (trade)
INFO:__main__:Extracted: Richard Lebram ()
INFO:__main__:Extracted: Richard Lion ()
INFO:__main__:Extracted: Richard Loewe (trade)
INFO:__main__:Extracted: Richard Löwi ()
INFO:__main__:Extracted: Richard Mannheim ()
INFO:__main__:Extracted 10 businesses from https://www2.hu-berlin.de/djgb/public/en/find?q=&fq=&sort=unternehmenasc&page=826
INFO:__main__:Using cached content for https://www2.hu-berlin.de/djgb/public/en/find?q=&fq=&sort=unternehmenasc&page=827
INFO:__main__:Extracted: Richard Mannheimer (trade)
INFO:__main__:Extracted: Richard Marsop (trade)
INFO:__main__:Extracted: Richard May Dipl.-Ing. (trade)
INFO:__main__:Extracted: Richard Nawratzki Nord-West-Garage ()
INFO:__main__:Using cached content for https://www2.hu-berlin.de/djgb/public/en/find?q=&fq=&sort=unternehmenasc&page=828
INFO:__main__:Extracted: Richard Nußbaum jr. ()
INFO:__main__:Using cached content for https://www2.hu-berlin.de/djgb/public/en/find?q=&fq=&sort=unternehmenasc&page=829
INFO:__main__:Extracted: Richard Sinasohn (trade)
INFO:__main__:Extracted: Richard Oschinsky ()
INFO:__main__:Extracted: Richter & Schneeberg (trade)
INFO:__main__:Extracted: Richard Singer ()
INFO:__main__:Extracted: Richard Perls (trade)
INFO:__main__:Extracted: Rico Berliner Spitzenmanufaktur Richard Cohn ()
INFO:__main__:Extracted: Richard Sommerfeld ()
INFO:__main__:Extracted: Richard Philippsborn (trade)
INFO:__main__:Extracted: Rieck, Paul ()
INFO:__main__:Extracted: Richard Stein ()
INFO:__main__:Extracted: Richard Rosenberger (trade)
INFO:__main__:Extracted: Riesenfeld, Bernhard ()
INFO:__main__:Extracted: Richard Steinberg Schaufenster Ausstattung (handicraft)
INFO:__main__:Extracted: Richard S. Kaufmann ()
INFO:__main__:Extracted: Rieß & Osenberg (trade)
INFO:__main__:Extracted: Richard Stern (trade)
INFO:__main__:Extracted 10 businesses from https://www2.hu-berlin.de/djgb/public/en/find?q=&fq=&sort=unternehmenasc&page=827
INFO:__main__:Extracted: Rieß & Osenberg & Co GmbH ()
INFO:__main__:Extracted: Richard Walter Fürst ()
INFO:__main__:Extracted: Ringkrawatte Dorenbus & Hilowicz ()
INFO:__main__:Extracted: Richard Wanderer Nutzholzhandlung GmbH & Co ()
INFO:__main__:Extracted: Rio-Rita Restaurations-Gesellschaft Tauentzienstraße 12 mbH ()
INFO:__main__:Extracted: Richard Weinberg (industry)
INFO:__main__:Extracted: Risma Grundstücksgesellschaft mbH (trade)
INFO:__main__:Extracted: Richard Wolff Landesproduktengroßhandlung (trade)
INFO:__main__:Extracted: Rita Luft ()
INFO:__main__:Using cached content for https://www2.hu-berlin.de/djgb/public/en/find?q=&fq=&sort=unternehmenasc&page=830
INFO:__main__:Extracted 10 businesses from https://www2.hu-berlin.de/djgb/public/en/find?q=&fq=&sort=unternehmenasc&page=828
INFO:__main__:Extracted 10 businesses from https://www2.hu-berlin.de/djgb/public/en/find?q=&fq=&sort=unternehmenasc&page=829
INFO:__main__:Extracted: Rita Seelig ()
INFO:__main__:Extracted: Ritscher GmbH (trade)
INFO:__main__:Extracted: Ritter & Co (trade)
INFO:__main__:Extracted: Riwkess-Döll ( weibl.) ()
INFO:__main__:Extracted: Rißmann & Panker GmbH ()
INFO:__main__:Extracted: Rob. Hartmann & Neuhahn (industry)
INFO:__main__:Extracted: Rob. Neuhoff's Erben ()
INFO:__main__:Extracted: Rob. Seelisch (industry)
INFO:__main__:Extracted: Roba Krawatten Isidor Rosenbaum ()
INFO:__main__:Extracted: Rober Plocki (industry)
INFO:__main__:Extracted 10 businesses from https://www2.hu-berlin.de/djgb/public/en/find?q=&fq=&sort=unternehmenasc&page=830
INFO:__main__:Using cached content for https://www2.hu-berlin.de/djgb/public/en/find?q=&fq=&sort=unternehmenasc&page=832
INFO:__main__:Using cached content for https://www2.hu-berlin.de/djgb/public/en/find?q=&fq=&sort=unternehmenasc&page=831
INFO:__main__:Extracted: Robert Gerechter (industry)
INFO:__main__:Using cached content for https://www2.hu-berlin.de/djgb/public/en/find?q=&fq=&sort=unternehmenasc&page=833
INFO:__main__:Extracted: Robert & Hugo Goldstein ()
INFO:__main__:Extracted: Robert Ginsberg (industry)
INFO:__main__:Extracted: Robert Reich ()
INFO:__main__:Extracted: Robert Abrahamsohn GmbH Spezialfabrik elektrischer Meßinstrumente und Regulier Widerstände ()
INFO:__main__:Extracted: Robert Gohlke Wäscheverleihgeschäft und Dampfwäscherei ()
INFO:__main__:Extracted: Robert Reno & Co (trade)
INFO:__main__:Extracted: Robert Asch (trade)
INFO:__main__:Extracted: Robert Herde ()
INFO:__main__:Extracted: Robert Rothe, Inhaber Hermann Herzfeld ()
INFO:__main__:Extracted: Robert Baumgarten ()
INFO:__main__:Extracted: Robert Josephson ()
INFO:__main__:Extracted: Robert Seligmann (trade)
INFO:__main__:Extracted: Robert Blumenrath ()
INFO:__main__:Extracted: Robert Kerb ()
INFO:__main__:Extracted: Robert Sieburth Söhne (trade)
INFO:__main__:Extracted: Robert Dresel & Co ()
INFO:__main__:Extracted: Robert Kimmelstiel (trade)
INFO:__main__:Extracted: Robert Simon (trade)
INFO:__main__:Extracted: Robert Ehrlich ()
INFO:__main__:Extracted: Robert Mühlberg ()
INFO:__main__:Extracted: Robert Weinberg ()
INFO:__main__:Extracted: Robert Engel Nachf. (trade)
INFO:__main__:Extracted: Robert Plocki (trade)
INFO:__main__:Extracted: Roh-Putz- und Bettfedern Engros, Import- und Export-GmbH ()
INFO:__main__:Extracted: Robert Ettelson & Co ()
INFO:__main__:Extracted: Robert R. Wittenberg (trade)
INFO:__main__:Extracted: Rohde & Schulz (trade)
INFO:__main__:Extracted: Robert Flatow ()
INFO:__main__:Extracted 10 businesses from https://www2.hu-berlin.de/djgb/public/en/find?q=&fq=&sort=unternehmenasc&page=832
INFO:__main__:Extracted: Rohfedern-Handelsgesellschaft Ruben & Bielefeld mbH (trade)
INFO:__main__:Extracted 10 businesses from https://www2.hu-berlin.de/djgb/public/en/find?q=&fq=&sort=unternehmenasc&page=831
INFO:__main__:Extracted 10 businesses from https://www2.hu-berlin.de/djgb/public/en/find?q=&fq=&sort=unternehmenasc&page=833
INFO:__main__:Using cached content for https://www2.hu-berlin.de/djgb/public/en/find?q=&fq=&sort=unternehmenasc&page=834
INFO:__main__:Extracted: Rohprodukten-Verwertung Georg und Bruno Cohn ()
INFO:__main__:Using cached content for https://www2.hu-berlin.de/djgb/public/en/find?q=&fq=&sort=unternehmenasc&page=836
INFO:__main__:Extracted: Roigk & Schendel ()
INFO:__main__:Using cached content for https://www2.hu-berlin.de/djgb/public/en/find?q=&fq=&sort=unternehmenasc&page=835
INFO:__main__:Extracted: Rosa Schnitzer ()
INFO:__main__:Extracted: Roman Najuch GmbH (trade)
INFO:__main__:Extracted: Rosa Israelowicz ()
INFO:__main__:Extracted: Rosa Wegner ()
INFO:__main__:Extracted: Rondo-Verlag GmbH (industry)
INFO:__main__:Extracted: Rosa Josephsohn ()
INFO:__main__:Extracted: Rose Benzion ()
INFO:__main__:Extracted: Ronle Baran (trade)
INFO:__main__:Extracted: Rosa Keske ()
INFO:__main__:Extracted: Rose Struck ()
INFO:__main__:Extracted: Rosa Beier ()
INFO:__main__:Extracted: Rosa Krastel (trade)
INFO:__main__:Extracted: Rosegger-Garagen ()
INFO:__main__:Extracted: Rosa Binner ()
INFO:__main__:Extracted: Rosa Lang-Nathanson ()
INFO:__main__:Extracted: Rosemann & Co (trade)
INFO:__main__:Extracted: Rosa Birnbaum ()
INFO:__main__:Extracted: Rosa Lindenbaum (trade)
INFO:__main__:Extracted: Rosen-Apotheke Arnold Marcus, Homoepathische Centralapotheke und Versand Officin ()
INFO:__main__:Extracted: Rosa Blumenfeld (trade)
INFO:__main__:Extracted: Rosa Menchau ()
INFO:__main__:Extracted: Rosenbaum & Górski (trade)
INFO:__main__:Extracted: Rosa Fischel ()
INFO:__main__:Extracted: Rosa Metzger (trade)
INFO:__main__:Extracted: Rosenberg ()
INFO:__main__:Extracted 10 businesses from https://www2.hu-berlin.de/djgb/public/en/find?q=&fq=&sort=unternehmenasc&page=834
INFO:__main__:Extracted: Rosa Padwa ()
INFO:__main__:Extracted: Rosenberg & Gaßmann (trade)
INFO:__main__:Extracted: Rosa Pick ()
INFO:__main__:Extracted 10 businesses from https://www2.hu-berlin.de/djgb/public/en/find?q=&fq=&sort=unternehmenasc&page=836
INFO:__main__:Extracted 10 businesses from https://www2.hu-berlin.de/djgb/public/en/find?q=&fq=&sort=unternehmenasc&page=835
INFO:__main__:Using cached content for https://www2.hu-berlin.de/djgb/public/en/find?q=&fq=&sort=unternehmenasc&page=838
INFO:__main__:Using cached content for https://www2.hu-berlin.de/djgb/public/en/find?q=&fq=&sort=unternehmenasc&page=837
INFO:__main__:Extracted: Rosenthal & Buchholz (industry)
INFO:__main__:Using cached content for https://www2.hu-berlin.de/djgb/public/en/find?q=&fq=&sort=unternehmenasc&page=839
INFO:__main__:Extracted: Rosenberg & Krumbeck GmbH (trade)
INFO:__main__:Extracted: Rosenthal & Co (industry)
INFO:__main__:Extracted: Rosi Laufer ()
INFO:__main__:Extracted: Rosenberg & Lewy ()
INFO:__main__:Extracted: Rosenthal & Co Textilwaren-Engrosgeschäft ()
INFO:__main__:Extracted: Rosner, Jacob ()
INFO:__main__:Extracted: Rosenberg & Philipsthal (industry)
INFO:__main__:Extracted: Rosenthal & Jacobsohn (trade)
INFO:__main__:Extracted: Rossica GmbH (trade)
INFO:__main__:Extracted: Rosenberg & Stern (trade)
INFO:__main__:Extracted: Rosenthal & Schey (handicraft)
INFO:__main__:Extracted: Rosy Steindorff (trade)
INFO:__main__:Extracted: Rosenblüth & Leschkowitz (industry)
INFO:__main__:Extracted: Rosenthal & Schäde ()
INFO:__main__:Extracted: Roth & Co ()
INFO:__main__:Extracted: Rosenfeld & Co Groß-Konfektionsvertrieb ()
INFO:__main__:Extracted: Rosenthal & Schäde Export-GmbH ()
INFO:__main__:Extracted: Roth, Ludwig ()
INFO:__main__:Extracted: Rosenfeld & Nathan (trade)
INFO:__main__:Extracted: Rosenthal & Tobias (trade)
INFO:__main__:Extracted: Roth-Büchner GmbH (industry)
INFO:__main__:Extracted: Rosenfeld & Schönhorn Perserteppiche GmbH (trade)
INFO:__main__:Extracted: Rosenthal & Tützer (industry)
INFO:__main__:Extracted: Rothbart & Litorin Bodengesellschaft mbH (trade)
INFO:__main__:Extracted: Rosenstock, Frieda ()
INFO:__main__:Extracted: Rosette Eger ()
INFO:__main__:Extracted: Rothbart & Littorin Baugesellschaft mbH ()
INFO:__main__:Extracted: Rosenstrauch, Herbert ()
INFO:__main__:Extracted 10 businesses from https://www2.hu-berlin.de/djgb/public/en/find?q=&fq=&sort=unternehmenasc&page=838
INFO:__main__:Extracted: Rothbart & Littorin Berliner Grundstücks-GmbH (trade)
INFO:__main__:Extracted 10 businesses from https://www2.hu-berlin.de/djgb/public/en/find?q=&fq=&sort=unternehmenasc&page=837
INFO:__main__:Extracted 10 businesses from https://www2.hu-berlin.de/djgb/public/en/find?q=&fq=&sort=unternehmenasc&page=839
INFO:__main__:Using cached content for https://www2.hu-berlin.de/djgb/public/en/find?q=&fq=&sort=unternehmenasc&page=840
INFO:__main__:Using cached content for https://www2.hu-berlin.de/djgb/public/en/find?q=&fq=&sort=unternehmenasc&page=841
INFO:__main__:Extracted: Rothbart & Littorin Bodengesellschaft mbH (trade)
INFO:__main__:Using cached content for https://www2.hu-berlin.de/djgb/public/en/find?q=&fq=&sort=unternehmenasc&page=842
INFO:__main__:Extracted: Rowag ()
INFO:__main__:Extracted: Rothe David ()
INFO:__main__:Extracted: Rubin Wochenmarkt ()
INFO:__main__:Extracted: Rowelski & Hese ()
INFO:__main__:Extracted: Rothenberg & Co GmbH ()
INFO:__main__:Extracted: Rubinstein & Torczaner ()
INFO:__main__:Extracted: Roxy Lichtspieltheater GmbH (services)
INFO:__main__:Extracted: Rothenberg & Engel ()
INFO:__main__:Extracted: Rudi Buchholz ()
INFO:__main__:Extracted: Roß Bromsilber-Vertriebs-GmbH (trade)
INFO:__main__:Extracted: Rothenberg, Leib ()
INFO:__main__:Extracted: Rudi Schlesinger ()
INFO:__main__:Extracted: Roßhändler & Holzer Juwelen (trade)
INFO:__main__:Extracted: Rotholz & Berliner (trade)
INFO:__main__:Extracted: Rudnai, David ()
INFO:__main__:Extracted: Ruben ()
INFO:__main__:Extracted: Rothschild & Richard Süßkind ()
INFO:__main__:Extracted: Rudolf  Holzheim ()
INFO:__main__:Extracted: Ruben & Abrahamsohn ()
INFO:__main__:Extracted: Rothschild, Bernhard ()
INFO:__main__:Extracted: Rudolf & Alfons Guttmann ()
INFO:__main__:Extracted: Ruben & Bielefeld (trade)
INFO:__main__:Extracted: Rotophot AG für graphische Industrie (industry)
INFO:__main__:Extracted: Rudolf Bachrach ()
INFO:__main__:Extracted: Ruben & Lippmann ()
INFO:__main__:Extracted: Rotterkonzern ()
INFO:__main__:Extracted: Rudolf Bandmann ( Rolf Bandmann, Rudi Bandmann) ()
INFO:__main__:Extracted: Ruben Waller ()
INFO:__main__:Extracted 10 businesses from https://www2.hu-berlin.de/djgb/public/en/find?q=&fq=&sort=unternehmenasc&page=840
INFO:__main__:Extracted: Rudolf Barber, Getreide (trade)
INFO:__main__:Extracted 10 businesses from https://www2.hu-berlin.de/djgb/public/en/find?q=&fq=&sort=unternehmenasc&page=841
INFO:__main__:Extracted 10 businesses from https://www2.hu-berlin.de/djgb/public/en/find?q=&fq=&sort=unternehmenasc&page=842
INFO:__main__:Using cached content for https://www2.hu-berlin.de/djgb/public/en/find?q=&fq=&sort=unternehmenasc&page=843
INFO:__main__:Extracted: Rudolf Behmack (trade)
INFO:__main__:Using cached content for https://www2.hu-berlin.de/djgb/public/en/find?q=&fq=&sort=unternehmenasc&page=844
INFO:__main__:Extracted: Rudolf Bieber & Co (trade)
INFO:__main__:Using cached content for https://www2.hu-berlin.de/djgb/public/en/find?q=&fq=&sort=unternehmenasc&page=845
INFO:__main__:Extracted: Rudolf Israel (trade)
INFO:__main__:Extracted: Rudolf Birmbaum (trade)
INFO:__main__:Extracted: Rudolf Rieß (trade)
INFO:__main__:Extracted: Rudolf J. Eskenasy (trade)
INFO:__main__:Extracted: Rudolf Blumenthal, Dipl.-Ing. ()
INFO:__main__:Extracted: Rudolf Saloschin ()
INFO:__main__:Extracted: Rudolf Karmeinsky (trade)
INFO:__main__:Extracted: Rudolf Bredt (trade)
INFO:__main__:Extracted: Rudolf Salzmann (trade)
INFO:__main__:Extracted: Rudolf Kiefel ()
INFO:__main__:Extracted: Rudolf Cohn (trade)
INFO:__main__:Extracted: Rudolf Schelonka ()
INFO:__main__:Extracted: Rudolf Klein (industry)
INFO:__main__:Extracted: Rudolf Czwiklitzer (industry)
INFO:__main__:Extracted: Rudolf Schreier ()
INFO:__main__:Extracted: Rudolf Koenig & Co (trade)
INFO:__main__:Extracted: Rudolf Ehrenhaus & Co ()
INFO:__main__:Extracted: Rudolf Schweitzer Tuche ()
INFO:__main__:Extracted: Rudolf M. Faust ()
INFO:__main__:Extracted: Rudolf Herzberg, Vertreter ()
INFO:__main__:Extracted: Rudolf Sommer (industry)
INFO:__main__:Extracted: Rudolf Meyer ()
INFO:__main__:Extracted: Rudolf Herzfeld (trade)
INFO:__main__:Extracted: Rudolf Stein ()
INFO:__main__:Extracted: Rudolf Mosse (services)
INFO:__main__:Extracted 10 businesses from https://www2.hu-berlin.de/djgb/public/en/find?q=&fq=&sort=unternehmenasc&page=843
INFO:__main__:Extracted: Rudolf Weiler (trade)
INFO:__main__:Extracted: Rudolf Pelziger ()
INFO:__main__:Extracted: Rudolf Weiß (trade)
INFO:__main__:Extracted 10 businesses from https://www2.hu-berlin.de/djgb/public/en/find?q=&fq=&sort=unternehmenasc&page=844
INFO:__main__:Extracted 10 businesses from https://www2.hu-berlin.de/djgb/public/en/find?q=&fq=&sort=unternehmenasc&page=845
INFO:__main__:Using cached content for https://www2.hu-berlin.de/djgb/public/en/find?q=&fq=&sort=unternehmenasc&page=846
INFO:__main__:Extracted: Rudolf Wolf (trade)
INFO:__main__:Using cached content for https://www2.hu-berlin.de/djgb/public/en/find?q=&fq=&sort=unternehmenasc&page=848
INFO:__main__:Extracted: Rudolph Bernstein (trade)
INFO:__main__:Using cached content for https://www2.hu-berlin.de/djgb/public/en/find?q=&fq=&sort=unternehmenasc&page=847
INFO:__main__:Extracted: S. & F. Loewenthal (trade)
INFO:__main__:Extracted: Rudolph Lepke's Kunst-Auctions-Haus ()
INFO:__main__:Extracted: Rund & Sohn ()
INFO:__main__:Extracted: S. & J. Cohn Damenconfektion (trade)
INFO:__main__:Extracted: Rudolph Löwinberg ()
INFO:__main__:Extracted: Runge-Werke, AG (trade)
INFO:__main__:Extracted: S. & L. J. Moses (trade)
INFO:__main__:Extracted: Rudolph Neumann Optisches Institut GmbH (trade)
INFO:__main__:Extracted: Russischer Geflügel-Handel Herschlowitz & Intrator GmbH ()
INFO:__main__:Extracted: S. & L. Kadisch (trade)
INFO:__main__:Extracted: Ruhepause Parzellierungs-AG ()
INFO:__main__:Extracted: Ruth Frankenthal ()
INFO:__main__:Extracted: S. & L. Rochelsohn ()
INFO:__main__:Extracted: Ruilos Knoblauch Verwertungs-GmbH (trade)
INFO:__main__:Extracted: Ruwin Rosowsky Holzimport Vertretung der Fa. N. Blumstein & Rosowsky, Libau ()
INFO:__main__:Extracted: S. & M. Rosenthal ()
INFO:__main__:Extracted: Rumpler Motoren GmbH (trade)
INFO:__main__:Extracted: Rynarzewski & Chaskel (trade)
INFO:__main__:Extracted: S. & R. Moses (trade)
INFO:__main__:Extracted: Rumpler Ocean-Flug GmbH (services)
INFO:__main__:Extracted: Rüschen-Fabrik A. Engel GmbH (trade)
INFO:__main__:Extracted: S. & R. Revy ()
INFO:__main__:Extracted: Rumpler-Vorntrieb GmbH (industry)
INFO:__main__:Extracted: Rütgerswerke-AG (trade)
INFO:__main__:Extracted: S. & S. Braun ()
INFO:__main__:Extracted 10 businesses from https://www2.hu-berlin.de/djgb/public/en/find?q=&fq=&sort=unternehmenasc&page=846
INFO:__main__:Extracted: S . L. Minsker & Co ()
INFO:__main__:Extracted: S. A. Loevy (trade)
INFO:__main__:Extracted: S. & E. Neumann (trade)
INFO:__main__:Extracted 10 businesses from https://www2.hu-berlin.de/djgb/public/en/find?q=&fq=&sort=unternehmenasc&page=848
INFO:__main__:Extracted 10 businesses from https://www2.hu-berlin.de/djgb/public/en/find?q=&fq=&sort=unternehmenasc&page=847
INFO:__main__:Using cached content for https://www2.hu-berlin.de/djgb/public/en/find?q=&fq=&sort=unternehmenasc&page=849
INFO:__main__:Extracted: S. A. Loewy ()
INFO:__main__:Extracted: S. Abraham Teppiche und Gardinen (trade)
INFO:__main__:Extracted: S. Abraham jr. ()
INFO:__main__:Extracted: S. Adam (trade)
INFO:__main__:Extracted: S. Auerhann OHG ()
INFO:__main__:Extracted: S. Baerwald Nachf. (trade)
INFO:__main__:Extracted: S. Bareinscheck & Co (trade)
INFO:__main__:Extracted: S. Belitzer (industry)
INFO:__main__:Extracted: S. Bendit Konfektions Exportgesellschaft mbH ()
INFO:__main__:Extracted: S. Berkowitz & Sohn (trade)
INFO:__main__:Extracted 10 businesses from https://www2.hu-berlin.de/djgb/public/en/find?q=&fq=&sort=unternehmenasc&page=849
INFO:__main__:Using cached content for https://www2.hu-berlin.de/djgb/public/en/find?q=&fq=&sort=unternehmenasc&page=851
INFO:__main__:Using cached content for https://www2.hu-berlin.de/djgb/public/en/find?q=&fq=&sort=unternehmenasc&page=850
INFO:__main__:Extracted: S. Cohn Papierhandlung (trade)
INFO:__main__:Extracted: S. Bernstein & Co (trade)
INFO:__main__:Using cached content for https://www2.hu-berlin.de/djgb/public/en/find?q=&fq=&sort=unternehmenasc&page=852
INFO:__main__:Extracted: S. Croner & Co (trade)
INFO:__main__:Extracted: S. Berschadsky ()
INFO:__main__:Extracted: S. Frenkel (trade)
INFO:__main__:Extracted: S. D. Jaffé (trade)
INFO:__main__:Extracted: S. Binswanger ()
INFO:__main__:Extracted: S. Friedländer Kalk- & Steingeschäft ()
INFO:__main__:Extracted: S. E. Goldschmidt & Sohn Zweigniederlassung Berlin (trade)
INFO:__main__:Extracted: S. Blauwol & Co ()
INFO:__main__:Extracted: S. Gabriel jr. (trade)
INFO:__main__:Extracted: S. Ehrlich & Co (trade)
INFO:__main__:Extracted: S. Bleichröder (trade)
INFO:__main__:Extracted: S. Gelbermann ()
INFO:__main__:Extracted: S. Fabisch & Co (trade)
INFO:__main__:Extracted: S. Bocksch & Co ()
INFO:__main__:Extracted: S. Gerstmann's Verlag (industry)
INFO:__main__:Extracted: S. Faludi ()
INFO:__main__:Extracted: S. Brauer & Co (trade)
INFO:__main__:Extracted: S. Glücksohn (trade)
INFO:__main__:Extracted: S. Feldmann (handicraft)
INFO:__main__:Extracted: S. Brenner & Co (industry)
INFO:__main__:Extracted: S. Goldstein (trade)
INFO:__main__:Extracted: S. Fischer Verlag AG (industry)
INFO:__main__:Extracted: S. Calvary & Co ()
INFO:__main__:Extracted: S. Gottlob (trade)
INFO:__main__:Extracted: S. Foerstner (industry)
INFO:__main__:Extracted: S. Cohn & Söhne ()
INFO:__main__:Extracted: S. Gottschalk & Cie (industry)
INFO:__main__:Extracted 10 businesses from https://www2.hu-berlin.de/djgb/public/en/find?q=&fq=&sort=unternehmenasc&page=851
INFO:__main__:Extracted 10 businesses from https://www2.hu-berlin.de/djgb/public/en/find?q=&fq=&sort=unternehmenasc&page=850
INFO:__main__:Extracted: S. Graupe ()
INFO:__main__:Extracted 10 businesses from https://www2.hu-berlin.de/djgb/public/en/find?q=&fq=&sort=unternehmenasc&page=852
INFO:__main__:Using cached content for https://www2.hu-berlin.de/djgb/public/en/find?q=&fq=&sort=unternehmenasc&page=853
INFO:__main__:Using cached content for https://www2.hu-berlin.de/djgb/public/en/find?q=&fq=&sort=unternehmenasc&page=855
INFO:__main__:Using cached content for https://www2.hu-berlin.de/djgb/public/en/find?q=&fq=&sort=unternehmenasc&page=854
INFO:__main__:Extracted: S. Katz (trade)
INFO:__main__:Extracted: S. Jacoby Papierwaren (trade)
INFO:__main__:Extracted: S. Katz Straußfedernfabrik (industry)
INFO:__main__:Extracted: S. Großer ()
INFO:__main__:Extracted: S. Japhet & Co KG, Nachf. (trade)
INFO:__main__:Extracted: S. Kaufmann & Co (trade)
INFO:__main__:Extracted: S. Grünmann & Co ()
INFO:__main__:Extracted: S. Jaraczewer (trade)
INFO:__main__:Extracted: S. Kollender & Co ()
INFO:__main__:Extracted: S. Gutherz ()
INFO:__main__:Extracted: S. Jaretzki (trade)
INFO:__main__:Extracted: S. Kornreich & Co Metallwaren-GmbH ()
INFO:__main__:Extracted: S. Guttfeld & Co (trade)
INFO:__main__:Extracted: S. Jourdan ()
INFO:__main__:Extracted: S. Kristeller (trade)
INFO:__main__:Extracted: S. Gärtner & Co ()
INFO:__main__:Extracted: S. Juda (trade)
INFO:__main__:Extracted: S. Krotoschin (trade)
INFO:__main__:Extracted: S. Heymann & Co (trade)
INFO:__main__:Extracted: S. Kaliski & Co (trade)
INFO:__main__:Extracted: S. Kant ()
INFO:__main__:Extracted: S. Kutschera Café-Restaurant GmbH ()
INFO:__main__:Extracted: S. Karger Verlagsbuchhandlung ()
INFO:__main__:Extracted: S. L. Cahen ()
INFO:__main__:Extracted: S. L. Landsberger in Liqu. ()
INFO:__main__:Extracted: S. Hoffnung (trade)
INFO:__main__:Extracted 10 businesses from https://www2.hu-berlin.de/djgb/public/en/find?q=&fq=&sort=unternehmenasc&page=855
INFO:__main__:Extracted: S. Hurtig & Co (trade)
INFO:__main__:Extracted: S. Karpmann ()
INFO:__main__:Extracted: S. Isralit ()
INFO:__main__:Extracted 10 businesses from https://www2.hu-berlin.de/djgb/public/en/find?q=&fq=&sort=unternehmenasc&page=854
INFO:__main__:Extracted: S. J. Jewelowski, Danzig, mit Zweigniederlassung in Berlin ()
INFO:__main__:Extracted 10 businesses from https://www2.hu-berlin.de/djgb/public/en/find?q=&fq=&sort=unternehmenasc&page=853
INFO:__main__:Using cached content for https://www2.hu-berlin.de/djgb/public/en/find?q=&fq=&sort=unternehmenasc&page=856
INFO:__main__:Extracted: S. L. Schlesinger ()
INFO:__main__:Extracted: S. Laqueur Nachf. Bock & Co GmbH ()
INFO:__main__:Extracted: S. Levy (trade)
INFO:__main__:Extracted: S. Levy & Co ()
INFO:__main__:Extracted: S. Lipski (trade)
INFO:__main__:Extracted: S. Loewenstein & Co (trade)
INFO:__main__:Extracted: S. Mamlok & Co ()
INFO:__main__:Extracted: S. Mark & Co (trade)
INFO:__main__:Extracted: S. Meseritzer (trade)
INFO:__main__:Extracted: S. Michaelis Import-Geschäft (trade)
INFO:__main__:Extracted 10 businesses from https://www2.hu-berlin.de/djgb/public/en/find?q=&fq=&sort=unternehmenasc&page=856
INFO:__main__:Using cached content for https://www2.hu-berlin.de/djgb/public/en/find?q=&fq=&sort=unternehmenasc&page=857
INFO:__main__:Extracted: S. Mugdan (trade)
INFO:__main__:Using cached content for https://www2.hu-berlin.de/djgb/public/en/find?q=&fq=&sort=unternehmenasc&page=858
INFO:__main__:Extracted: S. Neuberg (trade)
INFO:__main__:Extracted: S. Rinzler & Sohn (trade)
INFO:__main__:Extracted: S. Neumann & Co GmbH (trade)
INFO:__main__:Extracted: S. Robert & Co (trade)
INFO:__main__:Extracted: S. Pollack & Co Nachfolger (trade)
INFO:__main__:Using cached content for https://www2.hu-berlin.de/djgb/public/en/find?q=&fq=&sort=unternehmenasc&page=859
INFO:__main__:Extracted: S. Roeder (industry)
INFO:__main__:Extracted: S. Pukasz ()
INFO:__main__:Extracted: S. Schlesinger, Agentur und Kommission ()
INFO:__main__:Extracted: S. Rogasinski ()
INFO:__main__:Extracted: S. Rand GmbH ()
INFO:__main__:Extracted: S. Schoenberger & Co (trade)
INFO:__main__:Extracted: S. Rosenbaum (trade)
INFO:__main__:Extracted: S. Rawitzki (trade)
INFO:__main__:Extracted: S. Schwarzschild ()
INFO:__main__:Extracted: S. S. Kettenläden für gute Herrenkleidung, Schroeder-Spezial GmbH ()
INFO:__main__:Extracted: S. Reich & Co (industry)
INFO:__main__:Extracted: S. Schweitzer ()
INFO:__main__:Extracted: S. Schindler Weingroßhandlung (trade)
INFO:__main__:Extracted: S. Reichmann ()
INFO:__main__:Extracted: S. Segall & Co (trade)
INFO:__main__:Extracted: S. Schlachtaub ()
INFO:__main__:Extracted: S. Rieß & Sohn (trade)
INFO:__main__:Extracted: S. Selo & Co ()
INFO:__main__:Extracted: S. Schlesinger (trade)
INFO:__main__:Extracted 10 businesses from https://www2.hu-berlin.de/djgb/public/en/find?q=&fq=&sort=unternehmenasc&page=857
INFO:__main__:Extracted: S. Silbermann (trade)
INFO:__main__:Extracted: S. Schlesinger & Sohn (trade)
INFO:__main__:Extracted: S. Simonson (trade)
INFO:__main__:Extracted 10 businesses from https://www2.hu-berlin.de/djgb/public/en/find?q=&fq=&sort=unternehmenasc&page=858
INFO:__main__:Extracted: S. Strenger (trade)
INFO:__main__:Extracted: S. Tichauer & Co ()
INFO:__main__:Extracted 10 businesses from https://www2.hu-berlin.de/djgb/public/en/find?q=&fq=&sort=unternehmenasc&page=859
INFO:__main__:Using cached content for https://www2.hu-berlin.de/djgb/public/en/find?q=&fq=&sort=unternehmenasc&page=860
INFO:__main__:Extracted: S. Weinstock & Co GmbH (trade)
INFO:__main__:Extracted: S. Windreich ()
INFO:__main__:Extracted: S. Wollenberger & Co Weine und Spirituosen ()
INFO:__main__:Extracted: S. Wroblewski ()
INFO:__main__:Extracted: S. Zedermann & Co (trade)
INFO:__main__:Extracted: Sabine Schließer ()
INFO:__main__:Extracted: Sacher Neumann Engros- und Detailhandel mit Wolle und Seide ()
INFO:__main__:Extracted: Sachs & Coper ()
INFO:__main__:Extracted: Sachs & Ruß (industry)
INFO:__main__:Extracted: Sachs, Fritz ()
INFO:__main__:Extracted 10 businesses from https://www2.hu-berlin.de/djgb/public/en/find?q=&fq=&sort=unternehmenasc&page=860
INFO:__main__:Using cached content for https://www2.hu-berlin.de/djgb/public/en/find?q=&fq=&sort=unternehmenasc&page=862
INFO:__main__:Using cached content for https://www2.hu-berlin.de/djgb/public/en/find?q=&fq=&sort=unternehmenasc&page=863
INFO:__main__:Extracted: Salinger & Benda (trade)
INFO:__main__:Using cached content for https://www2.hu-berlin.de/djgb/public/en/find?q=&fq=&sort=unternehmenasc&page=861
INFO:__main__:Extracted: Sally Binder ()
INFO:__main__:Extracted: Salinger & Co ()
INFO:__main__:Extracted: Sachsenplatz Grundstücksgesellschaft mbH (trade)
INFO:__main__:Extracted: Sally Blumenfeld (trade)
INFO:__main__:Extracted: Salinger & Leppmann (trade)
INFO:__main__:Extracted: Sacks, Obert & Co (industry)
INFO:__main__:Extracted: Sally Brilles Nachf. Julius Brilles (trade)
INFO:__main__:Extracted: Salinger, Friedrich ()
INFO:__main__:Extracted: Safier & Co ()
INFO:__main__:Extracted: Sally Casper ()
INFO:__main__:Extracted: Salke Gettinger Putz- und Bettfedern Engros (trade)
INFO:__main__:Extracted: Saft, Hamburger & Co GmbH ()
INFO:__main__:Extracted: Sally Dawidowitz ()
INFO:__main__:Extracted: Salli Jacob ()
INFO:__main__:Extracted: Sagall ()
INFO:__main__:Extracted: Sally Fraenkel (trade)
INFO:__main__:Extracted: Salli Mendheim ()
INFO:__main__:Extracted: Sahmer & Loewenheim ()
INFO:__main__:Extracted: Sally Goldberg (trade)
INFO:__main__:Extracted: Sally Appel ()
INFO:__main__:Extracted: Sally Atlas ()
INFO:__main__:Extracted: Sain & Co ()
INFO:__main__:Extracted: Sally Bick (trade)
INFO:__main__:Extracted: Sally Goldschmidt (trade)
INFO:__main__:Extracted: Salamander AG Zweigniederlassung Berlin (industry)
INFO:__main__:Extracted 10 businesses from https://www2.hu-berlin.de/djgb/public/en/find?q=&fq=&sort=unternehmenasc&page=862
INFO:__main__:Extracted: Sally Goldstein ()
INFO:__main__:Extracted: Salberg ()
INFO:__main__:Extracted: Sally Guggenheim GmbH (trade)
INFO:__main__:Extracted: Salem Goldfarb ()
INFO:__main__:Extracted 10 businesses from https://www2.hu-berlin.de/djgb/public/en/find?q=&fq=&sort=unternehmenasc&page=863
INFO:__main__:Extracted 10 businesses from https://www2.hu-berlin.de/djgb/public/en/find?q=&fq=&sort=unternehmenasc&page=861
INFO:__main__:Using cached content for https://www2.hu-berlin.de/djgb/public/en/find?q=&fq=&sort=unternehmenasc&page=864
INFO:__main__:Extracted: Sally Gumpert (trade)
INFO:__main__:Extracted: Sally Gustmann (trade)
INFO:__main__:Using cached content for https://www2.hu-berlin.de/djgb/public/en/find?q=&fq=&sort=unternehmenasc&page=865
INFO:__main__:Using cached content for https://www2.hu-berlin.de/djgb/public/en/find?q=&fq=&sort=unternehmenasc&page=866
INFO:__main__:Extracted: Sally Herzfeld Röcke, Kostüme, Mäntel-Fabrikation ()
INFO:__main__:Extracted: Sally Lippmann (trade)
INFO:__main__:Extracted: Sally Scheidemann Schürzenfabrikation und Textilwaren-Großhandlung (industry)
INFO:__main__:Extracted: Sally Heymann (trade)
INFO:__main__:Extracted: Sally Littmann ()
INFO:__main__:Extracted: Sally Schieren (trade)
INFO:__main__:Extracted: Sally Joseph (trade)
INFO:__main__:Extracted: Sally Lübeck ()
INFO:__main__:Extracted: Sally Schkoll ()
INFO:__main__:Extracted: Sally Klein ()
INFO:__main__:Extracted: Sally Maretzki (trade)
INFO:__main__:Extracted: Sally Schwarz ()
INFO:__main__:Extracted: Sally Last ()
INFO:__main__:Extracted: Sally Meilick ()
INFO:__main__:Extracted: Sally Selbiger ()
INFO:__main__:Extracted: Sally Lewinski (trade)
INFO:__main__:Extracted: Sally Mittwoch (trade)
INFO:__main__:Extracted: Sally Stenger (trade)
INFO:__main__:Extracted: Sally Liebenau ()
INFO:__main__:Extracted: Sally Preßburger ()
INFO:__main__:Extracted: Sally Weil, Carlsbader Feinbäckerei ()
INFO:__main__:Extracted: Sally Lindemann (industry)
INFO:__main__:Extracted: Sally Rosenberg & Robert Rötschke AG ()
INFO:__main__:Extracted: Sally Wittenberg (trade)
INFO:__main__:Extracted 10 businesses from https://www2.hu-berlin.de/djgb/public/en/find?q=&fq=&sort=unternehmenasc&page=864
INFO:__main__:Extracted: Sally Rosenthal ()
INFO:__main__:Extracted: Salmansohn David ()
INFO:__main__:Extracted: Sally Rosner (trade)
INFO:__main__:Extracted: Salo Baecker ()
INFO:__main__:Extracted 10 businesses from https://www2.hu-berlin.de/djgb/public/en/find?q=&fq=&sort=unternehmenasc&page=865
INFO:__main__:Extracted 10 businesses from https://www2.hu-berlin.de/djgb/public/en/find?q=&fq=&sort=unternehmenasc&page=866
INFO:__main__:Using cached content for https://www2.hu-berlin.de/djgb/public/en/find?q=&fq=&sort=unternehmenasc&page=867
INFO:__main__:Extracted: Salo Brück (trade)
INFO:__main__:Extracted: Salo Fraenkel (trade)
INFO:__main__:Extracted: Salo Freund ()
INFO:__main__:Extracted: Salo Friedmann (industry)
INFO:__main__:Extracted: Salo Goldstein (trade)
INFO:__main__:Extracted: Salo Graetzer Agtenur & Commission (trade)
INFO:__main__:Extracted: Salo Herzberg (trade)
INFO:__main__:Extracted: Salo Hopp (trade)
INFO:__main__:Extracted: Salo Kalman (trade)
INFO:__main__:Extracted: Salo Kastan (trade)
INFO:__main__:Extracted 10 businesses from https://www2.hu-berlin.de/djgb/public/en/find?q=&fq=&sort=unternehmenasc&page=867
INFO:__main__:Using cached content for https://www2.hu-berlin.de/djgb/public/en/find?q=&fq=&sort=unternehmenasc&page=869
INFO:__main__:Extracted: Salomon & Oppenheim (trade)
INFO:__main__:Extracted: Salomon & Sturm (trade)
INFO:__main__:Extracted: Salomon Biermann (trade)
INFO:__main__:Extracted: Salomon Ettinger Schuhwaren-Engros (trade)
INFO:__main__:Extracted: Salomon Gottheimer (trade)
INFO:__main__:Extracted: Salomon Gutherz ()
INFO:__main__:Extracted: Salomon Joffe ()
INFO:__main__:Extracted: Salomon Kindermann ()
INFO:__main__:Extracted: Salomon Kracher ()
INFO:__main__:Extracted: Salomon Krakauer (trade)
INFO:__main__:Extracted 10 businesses from https://www2.hu-berlin.de/djgb/public/en/find?q=&fq=&sort=unternehmenasc&page=869
INFO:__main__:Using cached content for https://www2.hu-berlin.de/djgb/public/en/find?q=&fq=&sort=unternehmenasc&page=870
INFO:__main__:Using cached content for https://www2.hu-berlin.de/djgb/public/en/find?q=&fq=&sort=unternehmenasc&page=868
INFO:__main__:Extracted: Salo Rokach (trade)
INFO:__main__:Extracted: Salomon Kurzweg GmbH ()
INFO:__main__:Extracted: Salo Rosenthal (trade)
INFO:__main__:Extracted: Salomon Lent (trade)
INFO:__main__:Extracted: Salo Scheyer Bankkommissionsgeschäft (trade)
INFO:__main__:Extracted: Salomon Leschkowitz ()
INFO:__main__:Extracted: Salo Silbermann ()
INFO:__main__:Extracted: Salomon Levy (trade)
INFO:__main__:Extracted: Salo Tworoger (trade)
INFO:__main__:Extracted: Salomon Messinger ()
INFO:__main__:Extracted: Salo Wildmann (trade)
INFO:__main__:Extracted: Salomon Mottek (trade)
INFO:__main__:Extracted: Saloman Krausz ()
INFO:__main__:Using cached content for https://www2.hu-berlin.de/djgb/public/en/find?q=&fq=&sort=unternehmenasc&page=871
INFO:__main__:Extracted: Salomon Neustadt (trade)
INFO:__main__:Extracted: Salomo Kaufmann ()
INFO:__main__:Extracted: Salomon S. Wagner (trade)
INFO:__main__:Extracted: Salomon Perl ()
INFO:__main__:Extracted: Salomon & Co (trade)
INFO:__main__:Extracted: Salomon Schipper ()
INFO:__main__:Extracted: Salomon Rabinowicz (industry)
INFO:__main__:Extracted: Salomon & Kaminsky (trade)
INFO:__main__:Extracted: Salomon Silberfeld (trade)
INFO:__main__:Extracted: Salomon Rotholz (trade)
INFO:__main__:Extracted 10 businesses from https://www2.hu-berlin.de/djgb/public/en/find?q=&fq=&sort=unternehmenasc&page=868
INFO:__main__:Extracted: Salomon Szydlow (industry)
INFO:__main__:Extracted 10 businesses from https://www2.hu-berlin.de/djgb/public/en/find?q=&fq=&sort=unternehmenasc&page=870
INFO:__main__:Extracted: Salomon Windmüller (trade)
INFO:__main__:Extracted: Salomon-Salter, Günter ()
INFO:__main__:Extracted: Salomonowitsch ()
INFO:__main__:Extracted: Salomonski & Pufeles (trade)
INFO:__main__:Extracted: Salon Bellevue ()
INFO:__main__:Extracted: Salon Chalé ()
INFO:__main__:Extracted 10 businesses from https://www2.hu-berlin.de/djgb/public/en/find?q=&fq=&sort=unternehmenasc&page=871
INFO:__main__:Using cached content for https://www2.hu-berlin.de/djgb/public/en/find?q=&fq=&sort=unternehmenasc&page=872
INFO:__main__:Extracted: Salon Charlott-Kiucznik ()
INFO:__main__:Extracted: Salon Claire ()
INFO:__main__:Extracted: Salon Gransee ()
INFO:__main__:Extracted: Salon Grünler, vormals: Salon Boch ()
INFO:__main__:Using cached content for https://www2.hu-berlin.de/djgb/public/en/find?q=&fq=&sort=unternehmenasc&page=874
INFO:__main__:Extracted: Salon Gurth ()
INFO:__main__:Using cached content for https://www2.hu-berlin.de/djgb/public/en/find?q=&fq=&sort=unternehmenasc&page=873
INFO:__main__:Extracted: Samter & Happek AG ()
INFO:__main__:Extracted: Salon Hilda ()
INFO:__main__:Extracted: Salon Meran, W. Hufschmidt ()
INFO:__main__:Extracted: Samuel Arthur Lewkowicz ()
INFO:__main__:Extracted: Salon Höhne ()
INFO:__main__:Extracted: Salon Strelitz ( Adele Strelitz) ()
INFO:__main__:Extracted: Samuel Baum (trade)
INFO:__main__:Extracted: Salon Jacoby Arthur Jacoby (trade)
INFO:__main__:Extracted: Salon Vilma Kohn & Hepp ()
INFO:__main__:Extracted: Samuel Bercovitz ()
INFO:__main__:Extracted: Salon Krüger ()
INFO:__main__:Extracted: Salon Woelfel ()
INFO:__main__:Extracted: Samuel Bienenstock (trade)
INFO:__main__:Extracted: Salon Maria Werk ()
INFO:__main__:Extracted: Saly Benjamin vormals Sigmund Feiering ()
INFO:__main__:Extracted: Samuel Blumenthal ()
INFO:__main__:Extracted 10 businesses from https://www2.hu-berlin.de/djgb/public/en/find?q=&fq=&sort=unternehmenasc&page=872
INFO:__main__:Extracted: Salzmann, Hubert G. ()
INFO:__main__:Extracted: Samuel Bossack ()
INFO:__main__:Extracted: Samariter-Apotheke Leo Müller ()
INFO:__main__:Extracted: Samuel Elkeles (industry)
INFO:__main__:Extracted: Sambach Edellikörfabrik Dr. Auerbach & Samelson GmbH ()
INFO:__main__:Extracted: Samuel Engel (handicraft)
INFO:__main__:Extracted: Samek Feintuch-Fabrikations GmbH ()
INFO:__main__:Extracted: Samuel Finkel ()
INFO:__main__:Using cached content for https://www2.hu-berlin.de/djgb/public/en/find?q=&fq=&sort=unternehmenasc&page=875
INFO:__main__:Extracted: Samson Schömann (trade)
INFO:__main__:Extracted 10 businesses from https://www2.hu-berlin.de/djgb/public/en/find?q=&fq=&sort=unternehmenasc&page=874
INFO:__main__:Extracted: Samuel Goldschmidt (trade)
INFO:__main__:Extracted 10 businesses from https://www2.hu-berlin.de/djgb/public/en/find?q=&fq=&sort=unternehmenasc&page=873
INFO:__main__:Extracted: Samuel Greismann (trade)
INFO:__main__:Extracted: Samuel Grundleger (trade)
INFO:__main__:Extracted: Samuel Haasz ()
INFO:__main__:Extracted: Samuel Hiesiger ()
INFO:__main__:Extracted: Samuel Hollaender (trade)
INFO:__main__:Extracted: Samuel Horowitz genannt Achtentuch-Eierhandlung ()
INFO:__main__:Extracted: Samuel Igra ()
INFO:__main__:Extracted: Samuel Intrator Fabrikation feiner Pelzwaren (industry)
INFO:__main__:Extracted: Samuel Jacobus (industry)
INFO:__main__:Extracted 10 businesses from https://www2.hu-berlin.de/djgb/public/en/find?q=&fq=&sort=unternehmenasc&page=875
INFO:__main__:Using cached content for https://www2.hu-berlin.de/djgb/public/en/find?q=&fq=&sort=unternehmenasc&page=876
INFO:__main__:Extracted: Samuel Jacoby Textilvertretungen (trade)
INFO:__main__:Using cached content for https://www2.hu-berlin.de/djgb/public/en/find?q=&fq=&sort=unternehmenasc&page=878
INFO:__main__:Extracted: Samuel Jurovics (trade)
INFO:__main__:Using cached content for https://www2.hu-berlin.de/djgb/public/en/find?q=&fq=&sort=unternehmenasc&page=877
INFO:__main__:Extracted: Samuel Weile ()
INFO:__main__:Extracted: Samuel Kohan (trade)
INFO:__main__:Extracted: Samuel Noah ()
INFO:__main__:Extracted: Samuel Weisz ()
INFO:__main__:Extracted: Samuel Kron ()
INFO:__main__:Extracted: Samuel Sadagurski (trade)
INFO:__main__:Extracted: Samuel, Ernst Wilhelm ()
INFO:__main__:Extracted: Samuel Lachs (trade)
INFO:__main__:Extracted: Samuel Schafranek ()
INFO:__main__:Extracted: Samulon, Erich ()
INFO:__main__:Extracted: Samuel Leibholz (trade)
INFO:__main__:Extracted: Samuel Schiller ()
INFO:__main__:Extracted: Sanatola Gesellschaft Pohl & Co ()
INFO:__main__:Extracted: Samuel Marcus ()
INFO:__main__:Extracted: Samuel Schleimer ()
INFO:__main__:Extracted: Sanitätshaus Bernhard Fuchs (trade)
INFO:__main__:Extracted: Samuel Meyer (trade)
INFO:__main__:Extracted: Samuel Spira (trade)
INFO:__main__:Extracted: Sanol U. C. GmbH ()
INFO:__main__:Extracted: Samuel N. Witkowsky (trade)
INFO:__main__:Extracted: Samuel Szántó ()
INFO:__main__:Extracted: Sanosa GmbH (trade)
INFO:__main__:Extracted: Samuel Neumann ()
INFO:__main__:Extracted: Samuel Unger (trade)
INFO:__main__:Extracted: Sanox-Fabrikate Kurt Jacobsohn (trade)
INFO:__main__:Extracted 10 businesses from https://www2.hu-berlin.de/djgb/public/en/find?q=&fq=&sort=unternehmenasc&page=876
INFO:__main__:Extracted: Samuel Wachtel ()
INFO:__main__:Extracted: Sara Epstein ()
INFO:__main__:Extracted: Samuel Wald ()
INFO:__main__:Extracted 10 businesses from https://www2.hu-berlin.de/djgb/public/en/find?q=&fq=&sort=unternehmenasc&page=878
INFO:__main__:Extracted 10 businesses from https://www2.hu-berlin.de/djgb/public/en/find?q=&fq=&sort=unternehmenasc&page=877
INFO:__main__:Using cached content for https://www2.hu-berlin.de/djgb/public/en/find?q=&fq=&sort=unternehmenasc&page=879
INFO:__main__:Extracted: Sara Schmalinski ()
INFO:__main__:Extracted: Sara Seitelbach (trade)
INFO:__main__:Extracted: Sascha Mosch ()
INFO:__main__:Extracted: Sascha Sußmann GmbH (trade)
INFO:__main__:Extracted: Sauber & Kramer (trade)
INFO:__main__:Extracted: Sauerstoff Centrale für medizinische Zwecke Dr. Ernst Silten ()
INFO:__main__:Extracted: Sauerstoff-Fabrik Berlin GmbH (industry)
INFO:__main__:Extracted: Saul Bronn (trade)
INFO:__main__:Extracted: Saul Schmer ()
INFO:__main__:Extracted: Saul-Zygmunt Weißmann ()
INFO:__main__:Extracted 10 businesses from https://www2.hu-berlin.de/djgb/public/en/find?q=&fq=&sort=unternehmenasc&page=879
INFO:__main__:Using cached content for https://www2.hu-berlin.de/djgb/public/en/find?q=&fq=&sort=unternehmenasc&page=881
INFO:__main__:Using cached content for https://www2.hu-berlin.de/djgb/public/en/find?q=&fq=&sort=unternehmenasc&page=880
INFO:__main__:Extracted: Savigny Drogerie & Parfümerie Apotheker Dr. Hans Jablonsky (trade)
INFO:__main__:Extracted: Schaje Israel Landau ()
INFO:__main__:Extracted: Savigny-Magazin, Inh. Hugo Appelbaum (trade)
INFO:__main__:Extracted: Schall und Rauch Leo Arndt ()
INFO:__main__:Using cached content for https://www2.hu-berlin.de/djgb/public/en/find?q=&fq=&sort=unternehmenasc&page=882
INFO:__main__:Extracted: Savoy Café Harry Kaplan (services)
INFO:__main__:Extracted: Schallplatten-Volksverband Clangor-Schallplatten GmbH (trade)
INFO:__main__:Extracted: Scheier & Herz ()
INFO:__main__:Extracted: Saxa Bekleidung für Sport und Beruf Willy Sax ()
INFO:__main__:Extracted: Schalscha & Co (trade)
INFO:__main__:Extracted: Scheiner & Co ()
INFO:__main__:Extracted: Saxa Parfümerie Fabrik B. & T. Herrmann (industry)
INFO:__main__:Extracted: Schapiro & Elsner ()
INFO:__main__:Extracted: Schenker & Co ()
INFO:__main__:Extracted: Saxonia Gerhard Weil (trade)
INFO:__main__:Extracted: Schapiro Häuserverwaltungsgesellschaft mbH (services)
INFO:__main__:Extracted: Scherk GmbH (industry)
INFO:__main__:Extracted: Scala Palast GmbH (services)
INFO:__main__:Extracted: Scharren-Drogerie ()
INFO:__main__:Extracted: Schermann, Michael ()
INFO:__main__:Extracted: Scala Theater GmbH (trade)
INFO:__main__:Extracted: Schauburg Neukölln Filmtheater-Betriebs-GmbH ()
INFO:__main__:Extracted: Scherzer & Broh (trade)
INFO:__main__:Extracted: Sch. Zarywacs ()
INFO:__main__:Extracted: Schaul & Manasse ()
INFO:__main__:Extracted: Scheuer & Co Kanülen-Fabrik ()
INFO:__main__:Extracted: Schab & Neumann Wiener-Industriewaren-Centrale ()
INFO:__main__:Extracted: Scheftel Germer, Sperrholz & Furniere (trade)
INFO:__main__:Extracted: Scheuertuchvertrieb "Ritter" Simonson & Hirschel ()
INFO:__main__:Extracted 10 businesses from https://www2.hu-berlin.de/djgb/public/en/find?q=&fq=&sort=unternehmenasc&page=880
INFO:__main__:Extracted 10 businesses from https://www2.hu-berlin.de/djgb/public/en/find?q=&fq=&sort=unternehmenasc&page=881
INFO:__main__:Extracted: Schickler & Zywitz ()
INFO:__main__:Extracted: Schie & Nathusius GmbH ()
INFO:__main__:Extracted 10 businesses from https://www2.hu-berlin.de/djgb/public/en/find?q=&fq=&sort=unternehmenasc&page=882
INFO:__main__:Using cached content for https://www2.hu-berlin.de/djgb/public/en/find?q=&fq=&sort=unternehmenasc&page=884
INFO:__main__:Using cached content for https://www2.hu-berlin.de/djgb/public/en/find?q=&fq=&sort=unternehmenasc&page=885
INFO:__main__:Using cached content for https://www2.hu-berlin.de/djgb/public/en/find?q=&fq=&sort=unternehmenasc&page=883
INFO:__main__:Extracted: Schlochauer & Co (trade)
INFO:__main__:Extracted: Schneemann-Handschuhe, Inhaber Werner Szneemann ()
INFO:__main__:Extracted: Schilderfabrik Segal, Inh. Willy & Paul Segal ()
INFO:__main__:Extracted: Schlochoff, Dr. phil. Paul ()
INFO:__main__:Extracted: Schneider & Co, Herren- und Knabenkleiderfabrik, GmbH (industry)
INFO:__main__:Extracted: Schill's Krokodil-Restaurations-Betriebe Gesellschaft mbH (services)
INFO:__main__:Extracted: Schloßgarten-Apotheke Dr. Isidor Blaß ()
INFO:__main__:Extracted: Schneider & Oppenheimer ()
INFO:__main__:Extracted: Schiller & Co ()
INFO:__main__:Extracted: Schloßpark Film- und Bühnenschau GmbH (services)
INFO:__main__:Extracted: Schneiderei Grützbach ()
INFO:__main__:Extracted: Schiller Glasmaschinen-Industrie GmbH (trade)
INFO:__main__:Extracted: Schlüter-Confiserie ()
INFO:__main__:Extracted: Schneiderwerkstatt Max Spitz ()
INFO:__main__:Extracted: Schindler & Presch ()
INFO:__main__:Extracted: Schmelke Weber (trade)
INFO:__main__:Extracted: Schnittkin & Co (trade)
INFO:__main__:Extracted: Schlesinger & Davidsohn ()
INFO:__main__:Extracted: Schmerzier & Sohn ( Schmerzler & Sohn) ()
INFO:__main__:Extracted: Schnitzer & Lewin ()
INFO:__main__:Extracted: Schlesinger & Meyer (trade)
INFO:__main__:Extracted: Schmidt & Co (trade)
INFO:__main__:Extracted: Schocken Verlag, Jüdischer Buchverlag, GmbH ()
INFO:__main__:Extracted: Schlesinger & Nachum GmbH ()
INFO:__main__:Extracted: Schmoller & Gordon ()
INFO:__main__:Extracted: Schokoladen Großhandlung Westen Alfred Margulies (trade)
INFO:__main__:Extracted: Schlesingers Apotheke am Gustav Adolf-Platz Charlottenburg Ludwig Schlesinger ()
INFO:__main__:Extracted: Schmul & Sohn (trade)
INFO:__main__:Extracted: Schokoladen und Lebensmittel engros Therese Cohn ()
INFO:__main__:Extracted: Schlesische Bahnbau Gesellschaft ()
INFO:__main__:Extracted 10 businesses from https://www2.hu-berlin.de/djgb/public/en/find?q=&fq=&sort=unternehmenasc&page=884
INFO:__main__:Extracted 10 businesses from https://www2.hu-berlin.de/djgb/public/en/find?q=&fq=&sort=unternehmenasc&page=885
INFO:__main__:Extracted 10 businesses from https://www2.hu-berlin.de/djgb/public/en/find?q=&fq=&sort=unternehmenasc&page=883
INFO:__main__:Using cached content for https://www2.hu-berlin.de/djgb/public/en/find?q=&fq=&sort=unternehmenasc&page=888
INFO:__main__:Using cached content for https://www2.hu-berlin.de/djgb/public/en/find?q=&fq=&sort=unternehmenasc&page=887
INFO:__main__:Extracted: Schuhhaus Hermann Leiser (trade)
INFO:__main__:Extracted: Schuhhaus Herpa Inh. Chaim Papiermeister (trade)
INFO:__main__:Extracted: Schuhhaus Mercedes ()
INFO:__main__:Extracted: Schuhhaus Münzer & Co (trade)
INFO:__main__:Extracted: Schuhlokal des Ostens Kurt Levy ()
INFO:__main__:Extracted: Schuhpflege des Westens ()
INFO:__main__:Extracted: Schuhreparatur Rialto ()
INFO:__main__:Extracted: Schuhvertrieb Kniprode Leo Mendelsohn (trade)
INFO:__main__:Extracted: Schuhwarengroßhandlung Casper Jacobsohn ()
INFO:__main__:Extracted: Schuhwarenhaus Adolf Sommerfeld ()
INFO:__main__:Extracted 10 businesses from https://www2.hu-berlin.de/djgb/public/en/find?q=&fq=&sort=unternehmenasc&page=888
INFO:__main__:Extracted: Schreiner ()
INFO:__main__:Extracted: Schufa (Schutzgemeinschaft für allgemeine Kreditversicherung) ()
INFO:__main__:Extracted: Schuh Klausner Josef Klausner (trade)
INFO:__main__:Extracted: Schuh Witt Ernst Witt ()
INFO:__main__:Extracted: Schuh-Beigel Martin Beigel ()
INFO:__main__:Extracted: Schuh-Diele "La Florida""" ()
INFO:__main__:Extracted: Schuh-Leyde Walter Leyde ()
INFO:__main__:Extracted: Schuhbeschaffung Walther Loewendahl GmbH (trade)
INFO:__main__:Extracted: Schuhbesohlung Herkules ()
INFO:__main__:Extracted: Schuhfabrik Germania Kramarski & Co (industry)
INFO:__main__:Extracted 10 businesses from https://www2.hu-berlin.de/djgb/public/en/find?q=&fq=&sort=unternehmenasc&page=887
INFO:__main__:Using cached content for https://www2.hu-berlin.de/djgb/public/en/find?q=&fq=&sort=unternehmenasc&page=886
INFO:__main__:Extracted: Schokoladen- und Zuckerwarenfabrik Venetia (industry)
INFO:__main__:Extracted: Schokoladengroßhandlung Eisen & Co (trade)
INFO:__main__:Extracted: Scholem Okun ()
INFO:__main__:Extracted: Schoyer & Co (trade)
INFO:__main__:Extracted: Schrage & Putziger ()
INFO:__main__:Using cached content for https://www2.hu-berlin.de/djgb/public/en/find?q=&fq=&sort=unternehmenasc&page=890
INFO:__main__:Extracted: Schreiber & Goldberger (trade)
INFO:__main__:Using cached content for https://www2.hu-berlin.de/djgb/public/en/find?q=&fq=&sort=unternehmenasc&page=889
INFO:__main__:Extracted: Schwarz & Wächter ()
INFO:__main__:Extracted: Schreiber & Ligum Fruchtimport GmbH ()
INFO:__main__:Extracted: Schuhwarenhaus Hermann Völker, Max Czerninski (trade)
INFO:__main__:Extracted: Schwarz, Goldschmidt & Co (trade)
INFO:__main__:Extracted: Schreibmaschinenbüro Ehrlich ()
INFO:__main__:Extracted: Schulim Grebenik ()
INFO:__main__:Extracted: Schwarz, Sachs & Wolfsohn (trade)
INFO:__main__:Extracted: Schreibmaschinenbüro Lychenheim (Schreibbüro Börse) ()
INFO:__main__:Extracted: Schulzbach Julius ()
INFO:__main__:Extracted: Schwarzleder, Efim ()
INFO:__main__:Extracted: Schreibwarenvertrieb S. Hilsenrath & Co GmbH ()
INFO:__main__:Extracted: Schulzke & Claßmann Linoleum- u. Teppichhandel GmbH ()
INFO:__main__:Extracted: Schwarzschild, Fritz ()
INFO:__main__:Extracted 10 businesses from https://www2.hu-berlin.de/djgb/public/en/find?q=&fq=&sort=unternehmenasc&page=886
INFO:__main__:Extracted: Schusterjunge ()
INFO:__main__:Extracted: Schweda & Donath Zeitschriften Verlag (industry)
INFO:__main__:Extracted: Schutzstelle für das Zeitungsgewerbe Werner Friedrichs (services)
INFO:__main__:Extracted: Schweizer Apotheke Albert Happ ()
INFO:__main__:Extracted: Schwabe & Co AG (trade)
INFO:__main__:Extracted: Schwerin, Samuel ()
INFO:__main__:Using cached content for https://www2.hu-berlin.de/djgb/public/en/find?q=&fq=&sort=unternehmenasc&page=891
INFO:__main__:Extracted: Schwan-Drogerie, Bernhard Cohn ()
INFO:__main__:Extracted: Schwinke, Paula ()
INFO:__main__:Extracted: Schöneberg & Co GmbH ()
INFO:__main__:Extracted: Schwarz & Keiler (trade)
INFO:__main__:Extracted: Schönbach & Co ()
INFO:__main__:Extracted: Schönfeld, Ilse ()
INFO:__main__:Extracted: Schwarz & Rosenau (trade)
INFO:__main__:Extracted 10 businesses from https://www2.hu-berlin.de/djgb/public/en/find?q=&fq=&sort=unternehmenasc&page=890
INFO:__main__:Extracted: Schönland & Sohn ()
INFO:__main__:Extracted 10 businesses from https://www2.hu-berlin.de/djgb/public/en/find?q=&fq=&sort=unternehmenasc&page=889
INFO:__main__:Extracted: Schönwald, Ernst ()
INFO:__main__:Extracted: Schönwetter & Grünewald (trade)
INFO:__main__:Extracted: Schürzen-Fiege, OHG ()
INFO:__main__:Extracted: Schüßler ()
INFO:__main__:Extracted: Sears, Roebuck & Co GmbH (trade)
INFO:__main__:Extracted: Sebald S. Kornik ()
INFO:__main__:Extracted: Secunda Grundstückserwerbsgesellschaft mbH (trade)
INFO:__main__:Extracted 10 businesses from https://www2.hu-berlin.de/djgb/public/en/find?q=&fq=&sort=unternehmenasc&page=891
INFO:__main__:Using cached content for https://www2.hu-berlin.de/djgb/public/en/find?q=&fq=&sort=unternehmenasc&page=892
INFO:__main__:Using cached content for https://www2.hu-berlin.de/djgb/public/en/find?q=&fq=&sort=unternehmenasc&page=894
INFO:__main__:Using cached content for https://www2.hu-berlin.de/djgb/public/en/find?q=&fq=&sort=unternehmenasc&page=893
INFO:__main__:Extracted: Securex-Glas GmbH (industry)
INFO:__main__:Extracted: Selma Ebstein ()
INFO:__main__:Extracted: Seidenband-Handelsgesellschaft Weißenburg & David (trade)
INFO:__main__:Extracted: Sedan-Apotheke Dr. Conrad Wedel (trade)
INFO:__main__:Extracted: Selma Jedwab ()
INFO:__main__:Extracted: Seidenunion Tarnowski & Blumberg und Schaefer & Zahl ()
INFO:__main__:Extracted: Seeler & Cohn ()
INFO:__main__:Extracted: Selma Lewin, Zigarettengeschäft ()
INFO:__main__:Extracted: Seidmann, Mohaim ()
INFO:__main__:Extracted: Seesenerstraße Grundstücksverwaltungsgesellschaft mbH (trade)
INFO:__main__:Extracted: Selma Saft ()
INFO:__main__:Extracted: Seifengroßhandlung Arronge & Co ()
INFO:__main__:Extracted: Segall-Film Siegfried Segall (trade)
INFO:__main__:Extracted: Selman Baum ()
INFO:__main__:Extracted: Seifenkoenig Willy Naschelski ()
INFO:__main__:Extracted: Seide Rosner (trade)
INFO:__main__:Extracted: Selmann, Schnellfoto-Anstalt ()
INFO:__main__:Extracted: Seifert, Henni ()
INFO:__main__:Extracted: Seidel-Schweröl-Apparatur Vertriebsgesellschaft mbH ()
INFO:__main__:Extracted: Selmar Bayer ()
INFO:__main__:Extracted: Selig Halpern ()
INFO:__main__:Extracted: Seidels Handarbeiten Herta Seidel ()
INFO:__main__:Extracted: Selmar Bergmann ()
INFO:__main__:Extracted: Seliger & Co ()
INFO:__main__:Extracted: Seidemann & Co ()
INFO:__main__:Extracted: Selmar Boehm (trade)
INFO:__main__:Extracted: Sello Fraenkel Holzgroßhandlung (trade)
INFO:__main__:Extracted: Seiden-Meyer GmbH (trade)
INFO:__main__:Extracted: Selmar Heilbrun Nachf. (industry)
INFO:__main__:Extracted: Selly Haase (trade)
INFO:__main__:Extracted 10 businesses from https://www2.hu-berlin.de/djgb/public/en/find?q=&fq=&sort=unternehmenasc&page=892
INFO:__main__:Extracted 10 businesses from https://www2.hu-berlin.de/djgb/public/en/find?q=&fq=&sort=unternehmenasc&page=894
INFO:__main__:Extracted 10 businesses from https://www2.hu-berlin.de/djgb/public/en/find?q=&fq=&sort=unternehmenasc&page=893
INFO:__main__:Using cached content for https://www2.hu-berlin.de/djgb/public/en/find?q=&fq=&sort=unternehmenasc&page=897
INFO:__main__:Using cached content for https://www2.hu-berlin.de/djgb/public/en/find?q=&fq=&sort=unternehmenasc&page=895
INFO:__main__:Extracted: Siegbert Bermann (trade)
INFO:__main__:Using cached content for https://www2.hu-berlin.de/djgb/public/en/find?q=&fq=&sort=unternehmenasc&page=896
INFO:__main__:Extracted: Selmar Kaufmann GmbH ()
INFO:__main__:Extracted: Siegbert Borinsky (trade)
INFO:__main__:Extracted: Serlin & Co GmbH (trade)
INFO:__main__:Extracted: Selmar Salinger (trade)
INFO:__main__:Extracted: Siegbert Fuchs ()
INFO:__main__:Extracted: Servos & Co ()
INFO:__main__:Extracted: Selwyn Fabrikation und Vertrieb von Neuheiten aller Art, GmbH (industry)
INFO:__main__:Extracted: Siegbert Katzky ()
INFO:__main__:Extracted: Sherlock GmbH ()
INFO:__main__:Extracted: Semmel & Friedlaender GmbH (trade)
INFO:__main__:Extracted: Siegbert Lazarus (trade)
INFO:__main__:Extracted: Sichel & Co (trade)
INFO:__main__:Extracted: Semy Hirschfeld (trade)
INFO:__main__:Extracted: Siegbert Levy (trade)
INFO:__main__:Extracted: Sida Gesellschaft für photographische Apparate mbH ()
INFO:__main__:Extracted: Senger & Stockwald ()
INFO:__main__:Extracted: Siegbert Lewin ()
INFO:__main__:Extracted: Siebenhimmel-Metallbettstellen Max Mendelsohn ()
INFO:__main__:Extracted: Senger, Gertrud ()
INFO:__main__:Extracted: Siegbert Loewenberg ()
INFO:__main__:Extracted: Siedner & Co ()
INFO:__main__:Extracted: Senius AG, Maschinen, Eisen, Berg-, Hütten- und Rohprodukte ()
INFO:__main__:Extracted: Siegbert Rein (trade)
INFO:__main__:Extracted: Siegbert Abramczyk ()
INFO:__main__:Extracted: Sensch & Co Gesellschaft für Industrie-Reklame KG ()
INFO:__main__:Extracted: Siegbert Salinger ()
INFO:__main__:Extracted: Siegbert Barber & Co (trade)
INFO:__main__:Extracted: Septima Grundstückserwerbsgesellschaft mbH (trade)
INFO:__main__:Extracted 10 businesses from https://www2.hu-berlin.de/djgb/public/en/find?q=&fq=&sort=unternehmenasc&page=897
INFO:__main__:Extracted: Siegbert Baum ()
INFO:__main__:Extracted 10 businesses from https://www2.hu-berlin.de/djgb/public/en/find?q=&fq=&sort=unternehmenasc&page=895
INFO:__main__:Extracted 10 businesses from https://www2.hu-berlin.de/djgb/public/en/find?q=&fq=&sort=unternehmenasc&page=896
INFO:__main__:Using cached content for https://www2.hu-berlin.de/djgb/public/en/find?q=&fq=&sort=unternehmenasc&page=898
INFO:__main__:Extracted: Siegbert Schwarz (trade)
INFO:__main__:Extracted: Siegbert Seckelsohn (trade)
INFO:__main__:Extracted: Siegbert Stern KG ()
INFO:__main__:Extracted: Siegbert Sternberg (trade)
INFO:__main__:Extracted: Siegbert Wolff (trade)
INFO:__main__:Extracted: Siegel & Co (industry)
INFO:__main__:Extracted: Siegesmund Selbiger (trade)
INFO:__main__:Extracted: Siegfr. Lewin Berliner-Planen-und -Deckenfabrik ()
INFO:__main__:Extracted: Siegfr. Loriesohn (trade)
INFO:__main__:Extracted: Siegfried & Max Auerbach ()
INFO:__main__:Extracted 10 businesses from https://www2.hu-berlin.de/djgb/public/en/find?q=&fq=&sort=unternehmenasc&page=898
INFO:__main__:Using cached content for https://www2.hu-berlin.de/djgb/public/en/find?q=&fq=&sort=unternehmenasc&page=899
INFO:__main__:Extracted: Siegfried Apotheke Georg Hornig ()
INFO:__main__:Extracted: Siegfried Bauchwitz (trade)
INFO:__main__:Extracted: Siegfried Baum ()
INFO:__main__:Extracted: Siegfried Baumgart ()
INFO:__main__:Extracted: Siegfried Berndt ()
INFO:__main__:Extracted: Siegfried Bernhardt (trade)
INFO:__main__:Extracted: Siegfried Bloch ()
INFO:__main__:Using cached content for https://www2.hu-berlin.de/djgb/public/en/find?q=&fq=&sort=unternehmenasc&page=900
INFO:__main__:Extracted: Siegfried Bock (industry)
INFO:__main__:Extracted: Siegfried Brat (trade)
INFO:__main__:Extracted: Siegfried Brann (trade)
INFO:__main__:Using cached content for https://www2.hu-berlin.de/djgb/public/en/find?q=&fq=&sort=unternehmenasc&page=901
INFO:__main__:Extracted: Siegfried Brenner ()
INFO:__main__:Extracted: Siegfried Brasch (trade)
INFO:__main__:Extracted: Siegfried Engel Häute & Felle ()
INFO:__main__:Extracted: Siegfried Budzislawski ()
INFO:__main__:Extracted 10 businesses from https://www2.hu-berlin.de/djgb/public/en/find?q=&fq=&sort=unternehmenasc&page=899
INFO:__main__:Extracted: Siegfried Fink (trade)
INFO:__main__:Extracted: Siegfried Cohn (trade)
INFO:__main__:Extracted: Siegfried Foerder (trade)
INFO:__main__:Extracted: Siegfried Cohn (trade)
INFO:__main__:Extracted: Siegfried Frank & Co ()
INFO:__main__:Extracted: Siegfried Cronbach (industry)
INFO:__main__:Extracted: Siegfried Franzos (trade)
INFO:__main__:Extracted: Siegfried Czapski (trade)
INFO:__main__:Extracted: Siegfried Freund, kaufmännisches Büro (services)
INFO:__main__:Extracted: Siegfried Eisner (trade)
INFO:__main__:Using cached content for https://www2.hu-berlin.de/djgb/public/en/find?q=&fq=&sort=unternehmenasc&page=902
INFO:__main__:Extracted: Siegfried Gabriel ()
INFO:__main__:Extracted: Siegfried Emanuel (trade)
INFO:__main__:Extracted: Siegfried Goerke (trade)
INFO:__main__:Extracted: Siegfried Gerson (trade)
INFO:__main__:Extracted: Siegfried Engel ()
INFO:__main__:Extracted: Siegfried Goldschmidt (trade)
INFO:__main__:Extracted: Siegfried Glaser Getreide und Futtermittel ()
INFO:__main__:Extracted 10 businesses from https://www2.hu-berlin.de/djgb/public/en/find?q=&fq=&sort=unternehmenasc&page=900
INFO:__main__:Extracted: Siegfried Grün (trade)
INFO:__main__:Extracted: Siegfried Glückmann ()
INFO:__main__:Extracted: Siegfried Grünberger (trade)
INFO:__main__:Extracted 10 businesses from https://www2.hu-berlin.de/djgb/public/en/find?q=&fq=&sort=unternehmenasc&page=901
INFO:__main__:Extracted: Siegfried Gunzenhäuser ()
INFO:__main__:Extracted: Siegfried H. Ginsberg (trade)
INFO:__main__:Extracted: Siegfried Hamburger ()
INFO:__main__:Extracted: Siegfried Hammel ()
INFO:__main__:Extracted: Siegfried Heumann ()
INFO:__main__:Extracted: Siegfried Hirsch (trade)
INFO:__main__:Extracted 10 businesses from https://www2.hu-berlin.de/djgb/public/en/find?q=&fq=&sort=unternehmenasc&page=902
INFO:__main__:Using cached content for https://www2.hu-berlin.de/djgb/public/en/find?q=&fq=&sort=unternehmenasc&page=903
INFO:__main__:Extracted: Siegfried Hirsch Schuhwaren (trade)
INFO:__main__:Extracted: Siegfried Hirschberg ()
INFO:__main__:Extracted: Siegfried Hollaender ()
INFO:__main__:Extracted: Siegfried Israel (trade)
INFO:__main__:Extracted: Siegfried Jacobowicz Nachf. ()
INFO:__main__:Extracted: Siegfried Jacoby (trade)
INFO:__main__:Extracted: Siegfried Jellinek (trade)
INFO:__main__:Using cached content for https://www2.hu-berlin.de/djgb/public/en/find?q=&fq=&sort=unternehmenasc&page=904
INFO:__main__:Extracted: Siegfried Jolles (trade)
INFO:__main__:Extracted: Siegfried Jungmann (trade)
INFO:__main__:Extracted: Siegfried Jonas (trade)
INFO:__main__:Using cached content for https://www2.hu-berlin.de/djgb/public/en/find?q=&fq=&sort=unternehmenasc&page=905
INFO:__main__:Extracted: Siegfried Jüttner ()
INFO:__main__:Extracted: Siegfried Juda ()
INFO:__main__:Extracted: Siegfried Lipschütz (trade)
INFO:__main__:Extracted: Siegfried Kadisch Modehaus Deutschland (trade)
INFO:__main__:Extracted 10 businesses from https://www2.hu-berlin.de/djgb/public/en/find?q=&fq=&sort=unternehmenasc&page=903
INFO:__main__:Extracted: Siegfried Littauer (trade)
INFO:__main__:Extracted: Siegfried Kaphan, staatl. Geprüfter Masseur ()
INFO:__main__:Extracted: Siegfried Littmann (trade)
INFO:__main__:Extracted: Siegfried Klopstock, Textilagenturen (trade)
INFO:__main__:Extracted: Siegfried Loeser (trade)
INFO:__main__:Extracted: Siegfried Koh & Cie ()
INFO:__main__:Extracted: Siegfried Maerzon (trade)
INFO:__main__:Extracted: Siegfried Kosak & Co ()
INFO:__main__:Using cached content for https://www2.hu-berlin.de/djgb/public/en/find?q=&fq=&sort=unternehmenasc&page=906
INFO:__main__:Extracted: Siegfried Magnus ()
INFO:__main__:Extracted: Siegfried Landsberger (trade)
INFO:__main__:Extracted: Siegfried Michlowitz ()
INFO:__main__:Extracted: Siegfried Maier Chem.-Techn. Produkte ()
INFO:__main__:Extracted: Siegfried Lichtenstein, Tuche ()
INFO:__main__:Extracted: Siegfried Mielzynski ()
INFO:__main__:Extracted: Siegfried Mamlok (trade)
INFO:__main__:Extracted: Siegfried Lippmann Gebr. ()
INFO:__main__:Extracted: Siegfried Mottek ()
INFO:__main__:Extracted: Siegfried Markowitz (trade)
INFO:__main__:Extracted 10 businesses from https://www2.hu-berlin.de/djgb/public/en/find?q=&fq=&sort=unternehmenasc&page=904
INFO:__main__:Extracted: Siegfried Neuhofer ()
INFO:__main__:Extracted: Siegfried Markus (handicraft)
INFO:__main__:Extracted: Siegfried Niclas (trade)
INFO:__main__:Extracted 10 businesses from https://www2.hu-berlin.de/djgb/public/en/find?q=&fq=&sort=unternehmenasc&page=905
INFO:__main__:Extracted: Siegfried Peisachowitz ()
INFO:__main__:Extracted: Siegfried Pollner ()
INFO:__main__:Extracted: Siegfried Robert (trade)
INFO:__main__:Extracted: Siegfried Rosenthal Ingenieur (trade)
INFO:__main__:Extracted: Siegfried Rothenberg (trade)
INFO:__main__:Extracted 10 businesses from https://www2.hu-berlin.de/djgb/public/en/find?q=&fq=&sort=unternehmenasc&page=906
INFO:__main__:Using cached content for https://www2.hu-berlin.de/djgb/public/en/find?q=&fq=&sort=unternehmenasc&page=907
INFO:__main__:Extracted: Siegfried Sand & Biesenthal (trade)
INFO:__main__:Extracted: Siegfried Sandberg (trade)
INFO:__main__:Extracted: Siegfried Sch. Goldstein (trade)
INFO:__main__:Extracted: Siegfried Schefftel ()
INFO:__main__:Using cached content for https://www2.hu-berlin.de/djgb/public/en/find?q=&fq=&sort=unternehmenasc&page=908
INFO:__main__:Extracted: Siegfried Schleimer ()
INFO:__main__:Extracted: Siegfried Silberberg (trade)
INFO:__main__:Using cached content for https://www2.hu-berlin.de/djgb/public/en/find?q=&fq=&sort=unternehmenasc&page=909
INFO:__main__:Extracted: Siegfried Schlutz ()
INFO:__main__:Extracted: Siegfried Silberstein Manufacturwaren (trade)
INFO:__main__:Extracted: Siegfried Treumann Handelsvertretungen ()
INFO:__main__:Extracted: Siegfried Schlüsselberg ()
INFO:__main__:Extracted: Siegfried Silberstein Morgenröcke ()
INFO:__main__:Extracted: Siegfried Waldstein (trade)
INFO:__main__:Extracted: Siegfried Scholem (industry)
INFO:__main__:Extracted: Siegfried Silberstein jr. (trade)
INFO:__main__:Extracted: Siegfried Weinbaum (industry)
INFO:__main__:Extracted: Siegfried Schwarz (trade)
INFO:__main__:Extracted: Siegfried Simoni ()
INFO:__main__:Extracted: Siegfried Zacharias Inh. Frau Clara Zacharias (trade)
INFO:__main__:Extracted: Siegfried Seemann Akademische Buchhandlung und Antiquariat (trade)
INFO:__main__:Extracted: Siegfried Sommerfeld (trade)
INFO:__main__:Extracted: Siegfried Zadek et Comp. ()
INFO:__main__:Extracted 10 businesses from https://www2.hu-berlin.de/djgb/public/en/find?q=&fq=&sort=unternehmenasc&page=907
INFO:__main__:Extracted: Siegfried Steinecke Nachf. David Riklowitz (trade)
INFO:__main__:Extracted: Siegfried Zempelburg (trade)
INFO:__main__:Extracted: Siegfried Süßkind ()
INFO:__main__:Extracted: Siegmund & Ernst Cohn (trade)
INFO:__main__:Extracted: Siegfried Tockus ()
INFO:__main__:Extracted: Siegmund Baer (trade)
INFO:__main__:Extracted: Siegfried Tradelius & Co (trade)
INFO:__main__:Using cached content for https://www2.hu-berlin.de/djgb/public/en/find?q=&fq=&sort=unternehmenasc&page=910
INFO:__main__:Extracted: Siegmund Barth ()
INFO:__main__:Extracted 10 businesses from https://www2.hu-berlin.de/djgb/public/en/find?q=&fq=&sort=unternehmenasc&page=908
INFO:__main__:Extracted: Siegmund Bernhardt (trade)
INFO:__main__:Extracted: Siegmund Bernstein (handicraft)
INFO:__main__:Extracted 10 businesses from https://www2.hu-berlin.de/djgb/public/en/find?q=&fq=&sort=unternehmenasc&page=909
INFO:__main__:Extracted: Siegmund Brühl ()
INFO:__main__:Extracted: Siegmund Cohn (trade)
INFO:__main__:Extracted: Siegmund Dorn (trade)
INFO:__main__:Extracted: Siegmund Ebenstein (trade)
INFO:__main__:Extracted: Siegmund Ehrenberg Kohlen-Vertrieb (trade)
INFO:__main__:Extracted: Siegmund Eisenstaedt (trade)
INFO:__main__:Extracted: Siegmund Engel Schuhwaren Agentur (trade)
INFO:__main__:Extracted: Siegmund Epstein ()
INFO:__main__:Extracted: Siegmund Garfunkel & Co ()
INFO:__main__:Extracted 10 businesses from https://www2.hu-berlin.de/djgb/public/en/find?q=&fq=&sort=unternehmenasc&page=910
INFO:__main__:Using cached content for https://www2.hu-berlin.de/djgb/public/en/find?q=&fq=&sort=unternehmenasc&page=912
INFO:__main__:Using cached content for https://www2.hu-berlin.de/djgb/public/en/find?q=&fq=&sort=unternehmenasc&page=911
INFO:__main__:Extracted: Siegmund Pincus (trade)
INFO:__main__:Using cached content for https://www2.hu-berlin.de/djgb/public/en/find?q=&fq=&sort=unternehmenasc&page=913
INFO:__main__:Extracted: Siegmund Gutmann Modewaren ()
INFO:__main__:Extracted: Siegmund Riese ()
INFO:__main__:Extracted: Siegried Isaac & Co (trade)
INFO:__main__:Extracted: Siegmund Hertz (trade)
INFO:__main__:Extracted: Siegmund Rottenberg, Kürschnerwerkstatt ()
INFO:__main__:Extracted: Siergmund Holländer ()
INFO:__main__:Extracted: Siegmund Heymann Polstermöbelfabrik (industry)
INFO:__main__:Extracted: Siegmund Salinger Kursmakler (trade)
INFO:__main__:Extracted: Sigbert Ephraim (trade)
INFO:__main__:Extracted: Siegmund Hirsch (industry)
INFO:__main__:Extracted: Siegmund Schiller (trade)
INFO:__main__:Extracted: Sigbert Gehr ()
INFO:__main__:Extracted: Siegmund Hirschmann (trade)
INFO:__main__:Extracted: Siegmund Schindler ()
INFO:__main__:Extracted: Sigfried Neuhoefer Rohprodukte Gummi Abfälle-Regenerate ()
INFO:__main__:Extracted: Siegmund Hurtig (trade)
INFO:__main__:Extracted: Siegmund Teschner (industry)
INFO:__main__:Extracted: Sigismund Lewek ()
INFO:__main__:Extracted: Siegmund Keßler (trade)
INFO:__main__:Extracted: Siegmund Wagschal ()
INFO:__main__:Extracted: Sigismund Lewin (trade)
INFO:__main__:Extracted: Siegmund Kraut (industry)
INFO:__main__:Extracted: Siegmund Wasserberg ()
INFO:__main__:Extracted: Sigismund Marcus (trade)
INFO:__main__:Extracted: Siegmund Kurz (trade)
INFO:__main__:Extracted: Siegrfried Heymann (trade)
INFO:__main__:Extracted: Sigismund Raphael ()
INFO:__main__:Extracted: Siegmund Mosler ()
INFO:__main__:Extracted 10 businesses from https://www2.hu-berlin.de/djgb/public/en/find?q=&fq=&sort=unternehmenasc&page=912
INFO:__main__:Extracted: Sigm. Karger (trade)
INFO:__main__:Extracted 10 businesses from https://www2.hu-berlin.de/djgb/public/en/find?q=&fq=&sort=unternehmenasc&page=911
INFO:__main__:Extracted 10 businesses from https://www2.hu-berlin.de/djgb/public/en/find?q=&fq=&sort=unternehmenasc&page=913
INFO:__main__:Using cached content for https://www2.hu-berlin.de/djgb/public/en/find?q=&fq=&sort=unternehmenasc&page=914
INFO:__main__:Extracted: Sigmund Falkenstein ()
INFO:__main__:Completed https://www2.hu-berlin.de/djgb/public/en/find?q=&fq=&sort=unternehmenasc&page=406: 10 businesses
INFO:__main__:Using cached content for https://www2.hu-berlin.de/djgb/public/en/find?q=&fq=&sort=unternehmenasc&page=915
INFO:__main__:Extracted: Sigmund Frank (trade)
INFO:__main__:Using cached content for https://www2.hu-berlin.de/djgb/public/en/find?q=&fq=&sort=unternehmenasc&page=916
INFO:__main__:Extracted: Sigmund Wolff (industry)
INFO:__main__:Extracted: Sigmund Goeritz AG (industry)
INFO:__main__:Extracted: Silco Herrenhüte Masur & Co ()
INFO:__main__:Extracted: Silber & Apfelbaum ()
INFO:__main__:Extracted: Sigmund Gros ()
INFO:__main__:Extracted: Silesia, Hüttenprodukte GmbH (trade)
INFO:__main__:Extracted: Silberberg & Auerbach ()
INFO:__main__:Extracted: Sigmund Jäger ()
INFO:__main__:Extracted: Simon Adler (trade)
INFO:__main__:Extracted: Silberberger Metallgießerei und Baubeschlagfabrik GmbH ()
INFO:__main__:Extracted: Sigmund Karplus (trade)
INFO:__main__:Extracted: Simon Barber (trade)
INFO:__main__:Extracted: Silbermann & Co GmbH ()
INFO:__main__:Extracted: Sigmund Reiß ()
INFO:__main__:Extracted: Simon Berju (industry)
INFO:__main__:Extracted: Silbermann, Georg ()
INFO:__main__:Extracted: Sigmund Simon ()
INFO:__main__:Extracted: Simon Boehm ()
INFO:__main__:Extracted: Silberstein & Co, Möbeltransport ()
INFO:__main__:Extracted: Sigmund Stern ()
INFO:__main__:Extracted: Simon Dzialoszynski ()
INFO:__main__:Extracted: Silberstein & Schybilski (trade)
INFO:__main__:Extracted: Sigmund Weltlinger (trade)
INFO:__main__:Extracted: Simon Ehrmann ()
INFO:__main__:Extracted: Silberstein & Tockus (trade)
INFO:__main__:Extracted 10 businesses from https://www2.hu-berlin.de/djgb/public/en/find?q=&fq=&sort=unternehmenasc&page=914
INFO:__main__:Extracted: Simon Goldberger ()
INFO:__main__:Extracted: Silbiger-Wäsche-GmbH ()
INFO:__main__:Extracted: Simon Goldmann (trade)
INFO:__main__:Extracted 10 businesses from https://www2.hu-berlin.de/djgb/public/en/find?q=&fq=&sort=unternehmenasc&page=915
INFO:__main__:Extracted 10 businesses from https://www2.hu-berlin.de/djgb/public/en/find?q=&fq=&sort=unternehmenasc&page=916
INFO:__main__:Using cached content for https://www2.hu-berlin.de/djgb/public/en/find?q=&fq=&sort=unternehmenasc&page=917
INFO:__main__:Extracted: Simon Goldner (trade)
INFO:__main__:Extracted: Simon Grundleger (trade)
INFO:__main__:Extracted: Simon Gurewitsch ()
INFO:__main__:Extracted: Simon Isidor ()
INFO:__main__:Extracted: Simon Kaplan (trade)
INFO:__main__:Extracted: Simon Kochmann (trade)
INFO:__main__:Extracted: Simon Lissauer (trade)
INFO:__main__:Extracted: Simon Loewenstamm ()
INFO:__main__:Extracted: Simon Lubinski (trade)
INFO:__main__:Extracted: Simon Neumann (industry)
INFO:__main__:Extracted 10 businesses from https://www2.hu-berlin.de/djgb/public/en/find?q=&fq=&sort=unternehmenasc&page=917
INFO:__main__:Using cached content for https://www2.hu-berlin.de/djgb/public/en/find?q=&fq=&sort=unternehmenasc&page=919
INFO:__main__:Extracted: Simon Westmann Damen Konfektion & Trauer Magazin (trade)
INFO:__main__:Using cached content for https://www2.hu-berlin.de/djgb/public/en/find?q=&fq=&sort=unternehmenasc&page=918
INFO:__main__:Extracted: Simon Wolff (trade)
INFO:__main__:Extracted: Simon's Apotheke (trade)
INFO:__main__:Extracted: Simonowitz & Co (services)
INFO:__main__:Extracted: Simsche Scheidlinger (trade)
INFO:__main__:Extracted: Singer & Schlesinger ()
INFO:__main__:Extracted: Singer & Wahrenberg (industry)
INFO:__main__:Extracted: Sittenfeld & Cossmann (trade)
INFO:__main__:Extracted: Smoszewski & Oelsner KG ()
INFO:__main__:Extracted: Sobel & Liebshardt ()
INFO:__main__:Extracted 10 businesses from https://www2.hu-berlin.de/djgb/public/en/find?q=&fq=&sort=unternehmenasc&page=919
INFO:__main__:Extracted: Simon Neumann Nutzholzhandlung (trade)
INFO:__main__:Extracted: Simon Neumark ()
INFO:__main__:Extracted: Simon Nosseck (trade)
INFO:__main__:Using cached content for https://www2.hu-berlin.de/djgb/public/en/find?q=&fq=&sort=unternehmenasc&page=920
INFO:__main__:Extracted: Simon Raucher (trade)
INFO:__main__:Extracted: Sofie Bermann, Tuchgroßhandlung ()
INFO:__main__:Extracted: Simon Rector ()
INFO:__main__:Using cached content for https://www2.hu-berlin.de/djgb/public/en/find?q=&fq=&sort=unternehmenasc&page=921
INFO:__main__:Extracted: Sollinger, Wasserzug & Co (trade)
INFO:__main__:Extracted: Simon Salomon (industry)
INFO:__main__:Extracted: Sonja Dreisiuk ()
INFO:__main__:Extracted: Solms-Apotheke Inhaber Salo Keins (trade)
INFO:__main__:Extracted: Simon Schwarzbaum (trade)
INFO:__main__:Extracted: Sonja Goldberg ()
INFO:__main__:Extracted: Solon & Co GmbH (industry)
INFO:__main__:Extracted: Simon Spangenthal (trade)
INFO:__main__:Extracted: Sonja Goldstein ()
INFO:__main__:Extracted: Solon & Eisner ()
INFO:__main__:Extracted: Simon Stern Möbel u. Warenkredithaus (trade)
INFO:__main__:Extracted: Sonnen-Apotheke Carl Reinsch (trade)
INFO:__main__:Extracted: Soloweitschik & Klusner ()
INFO:__main__:Extracted: Simon Westermann (trade)
INFO:__main__:Extracted: Sonnenfeld & Jaroczynski (trade)
INFO:__main__:Extracted: Soma Gutfreund ()
INFO:__main__:Extracted 10 businesses from https://www2.hu-berlin.de/djgb/public/en/find?q=&fq=&sort=unternehmenasc&page=918
INFO:__main__:Extracted: Sophie Homburger ()
INFO:__main__:Extracted: Sommer & Landsberger ()
INFO:__main__:Extracted: Sophie Jablonski ()
INFO:__main__:Extracted: Sommer, Martha ()
INFO:__main__:Extracted: Sophie Katz ()
INFO:__main__:Extracted: Sommerguth & Aschner AG (trade)
INFO:__main__:Extracted: Sophie Lachmann ()
INFO:__main__:Extracted 10 businesses from https://www2.hu-berlin.de/djgb/public/en/find?q=&fq=&sort=unternehmenasc&page=920
INFO:__main__:Using cached content for https://www2.hu-berlin.de/djgb/public/en/find?q=&fq=&sort=unternehmenasc&page=922
INFO:__main__:Extracted: Sophie Mayer ()
INFO:__main__:Extracted: Sophie Spiegel ()
INFO:__main__:Extracted 10 businesses from https://www2.hu-berlin.de/djgb/public/en/find?q=&fq=&sort=unternehmenasc&page=921
INFO:__main__:Extracted: Spandau & Schwerin (trade)
INFO:__main__:Using cached content for https://www2.hu-berlin.de/djgb/public/en/find?q=&fq=&sort=unternehmenasc&page=923
INFO:__main__:Extracted: Spandauer Möbelhaus Siegfried Tuchmann ()
INFO:__main__:Extracted: Specialhaus Wäsche, Blusen, Röcke, Leopold Edelstein (trade)
INFO:__main__:Extracted: Spezialgeschäft Nordring für Arbeiter- & Berufskleidung L. & S. Kahn ()
INFO:__main__:Extracted: Specialhaus für Herren- und Knabenbekleidung Hermann Pinkas (trade)
INFO:__main__:Extracted: Spichernstraße Grundstücksgesellschaft mbH (trade)
INFO:__main__:Extracted: Spedition und Lagerung Merkur Leopold Abraham ()
INFO:__main__:Using cached content for https://www2.hu-berlin.de/djgb/public/en/find?q=&fq=&sort=unternehmenasc&page=924
INFO:__main__:Extracted: Spichernsäle GmbH (services)
INFO:__main__:Extracted: Speer & Schmidt Buchdruckerei (industry)
INFO:__main__:Extracted: Sport Beruf Kaufhaus Deutsche Lederwarenfabrikation Inhaber Willy Sax ()
INFO:__main__:Extracted: Spießmann ()
INFO:__main__:Extracted: Sperrholz-Kaminsky Lydia Kaminsky ()
INFO:__main__:Extracted: Sport-Adam GmbH ()
INFO:__main__:Extracted: Spiro & Salomon ()
INFO:__main__:Extracted: Spezial-Radio-Haus Lukra Moritz Lewin (trade)
INFO:__main__:Extracted: Sprai & Cie ()
INFO:__main__:Extracted: Spitz & Spitz GmbH ()
INFO:__main__:Extracted: Spezialbau Spandau GmbH (trade)
INFO:__main__:Extracted: Sprechmaschinen Centrale J. Katz & Sohn ()
INFO:__main__:Extracted: Spitzenhaus Arnold Sontag ()
INFO:__main__:Extracted 10 businesses from https://www2.hu-berlin.de/djgb/public/en/find?q=&fq=&sort=unternehmenasc&page=922
INFO:__main__:Extracted: Spreewa Waren-Handelsgesellschaft mbH ()
INFO:__main__:Extracted: Spitzenkunst GmbH ()
INFO:__main__:Extracted: Springer's Apotheke Inhaber Carl Issel ()
INFO:__main__:Extracted: Splendid, Die Filmbühne am Kaiserdamm GmbH ()
INFO:__main__:Extracted: Spritz- und Handdruck GmbH (handicraft)
INFO:__main__:Extracted: Sponholz & Co (vorm. H. Herz) KG ()
INFO:__main__:Extracted: St. Thomas-Apotheke Julius Lewy ()
INFO:__main__:Using cached content for https://www2.hu-berlin.de/djgb/public/en/find?q=&fq=&sort=unternehmenasc&page=925
INFO:__main__:Extracted 10 businesses from https://www2.hu-berlin.de/djgb/public/en/find?q=&fq=&sort=unternehmenasc&page=923
INFO:__main__:Extracted: Stadion, Brecht & Co ()
INFO:__main__:Extracted: Stadt-Apotheke Hermann Königsberger ()
INFO:__main__:Extracted: Stadt- und Land-Hygiene GmbH ()
INFO:__main__:Extracted: Stadtküche Veit ()
INFO:__main__:Extracted 10 businesses from https://www2.hu-berlin.de/djgb/public/en/find?q=&fq=&sort=unternehmenasc&page=924
INFO:__main__:Extracted: Stambul-Bazar C. Kraus ()
INFO:__main__:Extracted: Standard Deutsche Sichtkartei-GmbH (services)
INFO:__main__:Extracted: Standard Gummischuhvertriebsgesellschaft mbH ()
INFO:__main__:Extracted: Stanislaus Neuding (trade)
INFO:__main__:Extracted: Stanislaus Sachs (trade)
INFO:__main__:Using cached content for https://www2.hu-berlin.de/djgb/public/en/find?q=&fq=&sort=unternehmenasc&page=926
INFO:__main__:Extracted: Stanislaw H. Knaster ()
INFO:__main__:Extracted: Stechschneider GmbH (industry)
INFO:__main__:Using cached content for https://www2.hu-berlin.de/djgb/public/en/find?q=&fq=&sort=unternehmenasc&page=927
INFO:__main__:Extracted: Stargardter & Co (trade)
INFO:__main__:Extracted: Stecklmacher, Dipl-Ing. ()
INFO:__main__:Extracted: Steinberg & Kohler (trade)
INFO:__main__:Extracted: Stark & Co ()
INFO:__main__:Extracted: Stefan Simon (trade)
INFO:__main__:Extracted: Steinberg & Krebs GmbH (industry)
INFO:__main__:Extracted 10 businesses from https://www2.hu-berlin.de/djgb/public/en/find?q=&fq=&sort=unternehmenasc&page=925
INFO:__main__:Extracted: Stefi Gollop, künstliche Blumen und andere Modeartikel ()
INFO:__main__:Extracted: Steinbruch, Herrenmoden ()
INFO:__main__:Extracted: Steglitzer Grundstücksverwertungs-GmbH (trade)
INFO:__main__:Extracted: Steiner GmbH ()
INFO:__main__:Extracted: Stein & Labaschin Inhaber Oscar Stein (trade)
INFO:__main__:Extracted: Steinfeld & Adler (trade)
INFO:__main__:Extracted: Stein Söhne (trade)
INFO:__main__:Using cached content for https://www2.hu-berlin.de/djgb/public/en/find?q=&fq=&sort=unternehmenasc&page=928
INFO:__main__:Extracted: Steinhagen, Hugo ()
INFO:__main__:Extracted: Stein, Haber & Baumann ()
INFO:__main__:Extracted: Stempel-Kaffee ()
INFO:__main__:Extracted: Steinhardt's Kostümrock-Fabrik GmbH (trade)
INFO:__main__:Extracted: Stein-Apotheke Walter Bloch ()
INFO:__main__:Extracted: Stensch Ballnath & Co GmbH (handicraft)
INFO:__main__:Extracted: Steinhardt's Kostümrock-Fabrik Rosa Steinhardt ()
INFO:__main__:Extracted: Steinberg & Co ()
INFO:__main__:Extracted: Stephan Auerbach (trade)
INFO:__main__:Extracted: Stela Strümpfe, Wäsche Alfred und Max Pollack ()
INFO:__main__:Extracted 10 businesses from https://www2.hu-berlin.de/djgb/public/en/find?q=&fq=&sort=unternehmenasc&page=926
INFO:__main__:Extracted: Stephan Jonas (trade)
INFO:__main__:Extracted: Stella Schuhfabrik Baumfeld & Co ()
INFO:__main__:Extracted: Stephan Weindling (trade)
INFO:__main__:Extracted 10 businesses from https://www2.hu-berlin.de/djgb/public/en/find?q=&fq=&sort=unternehmenasc&page=927
INFO:__main__:Extracted: Stepp-Daunendecken-Fabrikation Regina Leibler ()
INFO:__main__:Extracted: Stern & Schiele (industry)
INFO:__main__:Extracted: Stern, Otto ()
INFO:__main__:Using cached content for https://www2.hu-berlin.de/djgb/public/en/find?q=&fq=&sort=unternehmenasc&page=929
INFO:__main__:Extracted: Stern-Apotheke August Otto (trade)
INFO:__main__:Extracted: Stern-Lichtspielhaus GmbH (services)
INFO:__main__:Extracted: Stern-Lehmann & Co ()
INFO:__main__:Extracted: Stern-Verschlüsse GmbH (trade)
INFO:__main__:Using cached content for https://www2.hu-berlin.de/djgb/public/en/find?q=&fq=&sort=unternehmenasc&page=930
INFO:__main__:Extracted 10 businesses from https://www2.hu-berlin.de/djgb/public/en/find?q=&fq=&sort=unternehmenasc&page=928
INFO:__main__:Extracted: Sternapotheke Hugo Eilenberg ()
INFO:__main__:Extracted: Stockheim & Wasserreich (trade)
INFO:__main__:Extracted: Sternberg & Hamlet GmbH ()
INFO:__main__:Extracted: Strasser & Co Bankgeschäft (trade)
INFO:__main__:Extracted: Sternberg & Salomon ()
INFO:__main__:Extracted: Straßenbau-Gesellschaft Zoeller Wolfers Droege ()
INFO:__main__:Extracted: Sternberg, Haberland, Liebert & Co (trade)
INFO:__main__:Extracted: Strelitz & Soldin GmbH (trade)
INFO:__main__:Using cached content for https://www2.hu-berlin.de/djgb/public/en/find?q=&fq=&sort=unternehmenasc&page=931
INFO:__main__:Extracted: Sternheim Film GmbH ()
INFO:__main__:Extracted: Stresow-Apotheke Erich Ostertum (trade)
INFO:__main__:Extracted: Strumpfhaus Fortuna Manes Fenichel ()
INFO:__main__:Extracted: Steyer & Co GmbH ()
INFO:__main__:Extracted: Strettiner ()
INFO:__main__:Extracted: Strumpfhaus Kawed, M. Wilder ()
INFO:__main__:Extracted: Stickstoff-Treuhand GmbH ()
INFO:__main__:Extracted: Strickwaren- Wäsche- u. Trikotagen Markt Feiwel Troper (trade)
INFO:__main__:Extracted: Strumpfhaus Krisch & Co (trade)
INFO:__main__:Extracted: Stiefelkönig Heinrich Klausner (trade)
INFO:__main__:Extracted: Stroh und Filzhutfabrik Leopold Schewach (industry)
INFO:__main__:Extracted: Strumpfhaus Metzger Nachfolger Bad-Nauheim, Inhaber: Kaufmann Hans Strupp in Friedeberg i. Hessen ()
INFO:__main__:Extracted 10 businesses from https://www2.hu-berlin.de/djgb/public/en/find?q=&fq=&sort=unternehmenasc&page=929
INFO:__main__:Extracted: Strumpf-Eck Erich Tockuß ()
INFO:__main__:Extracted: Strumpfhaus Samuel Schmuckler (trade)
INFO:__main__:Extracted: Strumpfhaus Elite Paul Abrahamsohn ()
INFO:__main__:Extracted: Studiengesellschaft für Radiotechnik mbH (industry)
INFO:__main__:Extracted 10 businesses from https://www2.hu-berlin.de/djgb/public/en/find?q=&fq=&sort=unternehmenasc&page=930
INFO:__main__:Extracted: Studiengesellschaft für elektrische Beleuchtung mbH (industry)
INFO:__main__:Extracted: Studtzinski ()
INFO:__main__:Extracted: Sturmthal & Co ()
INFO:__main__:Using cached content for https://www2.hu-berlin.de/djgb/public/en/find?q=&fq=&sort=unternehmenasc&page=932
INFO:__main__:Extracted: Stutinsky & Land (industry)
INFO:__main__:Extracted: Stöß & Saberski (industry)
INFO:__main__:Extracted 10 businesses from https://www2.hu-berlin.de/djgb/public/en/find?q=&fq=&sort=unternehmenasc&page=931
INFO:__main__:Using cached content for https://www2.hu-berlin.de/djgb/public/en/find?q=&fq=&sort=unternehmenasc&page=933
INFO:__main__:Extracted: Sualin-AG (industry)
INFO:__main__:Extracted: Susanne Kuznitzky ()
INFO:__main__:Extracted: Suden & Lauer Modelle GmbH ()
INFO:__main__:Using cached content for https://www2.hu-berlin.de/djgb/public/en/find?q=&fq=&sort=unternehmenasc&page=934
INFO:__main__:Extracted: Susanne Riegner ()
INFO:__main__:Extracted: Sulamith Beer ()
INFO:__main__:Extracted: Südost-Handelsgesellschaft von Ramin & Co ()
INFO:__main__:Extracted: Suse Byk Atelier für photographische Porträts (trade)
INFO:__main__:Extracted: Sulfit-Cellulose-Fabrik Tillgner & Co AG ()
INFO:__main__:Extracted: Süß & Friedmann GmbH (industry)
INFO:__main__:Extracted: Sußmann & Co GmbH ()
INFO:__main__:Extracted: Suomi Deutsch-Finnische Export-GmbH ()
INFO:__main__:Extracted: Süßapfel ()
INFO:__main__:Extracted: Sußmann & Wiesenthal ()
INFO:__main__:Extracted: Supamali Vermögensverwertungsgesellschaft mbH (trade)
INFO:__main__:Extracted: Süßmann & Co ()
INFO:__main__:Extracted: Swerdloff & Co ()
INFO:__main__:Extracted: Supinator ()
INFO:__main__:Extracted: T. B. G. Tuch-Vertriebs-Gesellschaft Wilhelm Perlberg u. Co ()
INFO:__main__:Extracted: Synagoge Unter Lippmann & Tauß ()
INFO:__main__:Extracted: Sura-Ettel und Cypra Redisch ()
INFO:__main__:Extracted: T. Steinberg (industry)
INFO:__main__:Extracted: Szilard Diamant ()
INFO:__main__:Extracted: Surach Adler (trade)
INFO:__main__:Extracted: Tabaco Tabakwarenvertrieb GmbH ()
INFO:__main__:Extracted: Süd-Ost Apotheke Benno Salinger ()
INFO:__main__:Extracted 10 businesses from https://www2.hu-berlin.de/djgb/public/en/find?q=&fq=&sort=unternehmenasc&page=932
INFO:__main__:Extracted: Tabak- und Zigarettenfabrik Stambul Kurt Borg GmbH ()
INFO:__main__:Extracted: Süddeutsche Kinematografengesellschaft mbH ()
INFO:__main__:Extracted: Tabakwaren engros für Gastwirte Tefga GmbH (trade)
INFO:__main__:Extracted 10 businesses from https://www2.hu-berlin.de/djgb/public/en/find?q=&fq=&sort=unternehmenasc&page=933
INFO:__main__:Extracted: Tabakwaren-Großhandlung Nordost Asriel Israilovici ()
INFO:__main__:Extracted 10 businesses from https://www2.hu-berlin.de/djgb/public/en/find?q=&fq=&sort=unternehmenasc&page=934
INFO:__main__:Using cached content for https://www2.hu-berlin.de/djgb/public/en/find?q=&fq=&sort=unternehmenasc&page=935
INFO:__main__:Extracted: Tabakwarenvertrieb Zentrum GmbH (trade)
INFO:__main__:Extracted: Taffel ()
INFO:__main__:Extracted: Tannenbaum & Co ()
INFO:__main__:Extracted: Tannenbaum, Pariser & Co GmbH ()
INFO:__main__:Extracted: Tannenzapf & Co (trade)
INFO:__main__:Extracted: Tanzpalast Sevilla Arthur Lefebre (services)
INFO:__main__:Extracted: Tapetenfabrik Emil Liepmann ()
INFO:__main__:Extracted: Tasso Grundstückserwerbsgesellschaft mbH (trade)
INFO:__main__:Extracted: Tauber & Co (trade)
INFO:__main__:Extracted: Tauber & Co GmbH (trade)
INFO:__main__:Extracted 10 businesses from https://www2.hu-berlin.de/djgb/public/en/find?q=&fq=&sort=unternehmenasc&page=935
INFO:__main__:Using cached content for https://www2.hu-berlin.de/djgb/public/en/find?q=&fq=&sort=unternehmenasc&page=936
INFO:__main__:Extracted: Tauentzien-Apotheke Sally Freundlich ()
INFO:__main__:Extracted: Tausk & Günzburger ()
INFO:__main__:Extracted: Te-Gro, Textilgroßhandlung Heinz Rautenberg ()
INFO:__main__:Extracted: Te-We-Textil-Werbedienst GmbH (services)
INFO:__main__:Extracted: Technisches Bureau Ingenieure Maag & Baron (services)
INFO:__main__:Using cached content for https://www2.hu-berlin.de/djgb/public/en/find?q=&fq=&sort=unternehmenasc&page=937
INFO:__main__:Extracted: Technologischer Verlag Oscar Italiener ()
INFO:__main__:Using cached content for https://www2.hu-berlin.de/djgb/public/en/find?q=&fq=&sort=unternehmenasc&page=938
INFO:__main__:Extracted: Teima Interessenvertretung für Hausbesitz GmbH (services)
INFO:__main__:Extracted: Teeruß Gesellschaft Plotkin & Co mbH ()
INFO:__main__:Extracted: Teppich-Import Orientcompagnie GmbH, Zweigniederlassung Berlin ()
INFO:__main__:Extracted: Tekla Stern ()
INFO:__main__:Extracted: Tefiko Textil-Finanzierungs-Kontor Hermann Unger ()
INFO:__main__:Extracted: Teppich-Thomas GmbH (trade)
INFO:__main__:Extracted: Tellus, Grundstücksgesellschaft mbH (trade)
INFO:__main__:Extracted: Tegge und Neubert (industry)
INFO:__main__:Extracted: Terra-Aktiengesellschaft für Grundbesitz (trade)
INFO:__main__:Extracted: Tempelhofer Wäsche-Heißmangel ()
INFO:__main__:Extracted: Teigwaren-Fabrik Merkur GmbH (industry)
INFO:__main__:Extracted: Terra-Postkarten-Verlag Ernst Ney (industry)
INFO:__main__:Extracted: Tempo Kraftdroschken-Betriebsgesellschaft mbH (services)
INFO:__main__:Extracted 10 businesses from https://www2.hu-berlin.de/djgb/public/en/find?q=&fq=&sort=unternehmenasc&page=936
INFO:__main__:Extracted: Terrain-AG Botanischer Garten-Zehlendorf West ()
INFO:__main__:Extracted: Tempophon Max Marcus (industry)
INFO:__main__:Extracted: Terrain-Gesellschaft Rummelsburger Straße mbH ()
INFO:__main__:Extracted: Teppich Geißenberger GmbH ()
INFO:__main__:Extracted: Terraingesellschaft Berlin-Südwesten (trade)
INFO:__main__:Extracted: Teppich-Bursch Kirchhoff und Nürnberg GmbH ()
INFO:__main__:Extracted: Textil-Agentur Stier & Co ()
INFO:__main__:Extracted: Teppich-Haus Stein Moritz Stein (trade)
INFO:__main__:Extracted: Textil-Verlag GmbH (trade)
INFO:__main__:Extracted: Teppich-Haus Zentrum Siegfried Moses ()
INFO:__main__:Using cached content for https://www2.hu-berlin.de/djgb/public/en/find?q=&fq=&sort=unternehmenasc&page=939
INFO:__main__:Extracted: Textil-Versand Alfred Feige (trade)
INFO:__main__:Extracted 10 businesses from https://www2.hu-berlin.de/djgb/public/en/find?q=&fq=&sort=unternehmenasc&page=937
INFO:__main__:Extracted: Textil-Versand Heimann Rosenbaum ()
INFO:__main__:Extracted 10 businesses from https://www2.hu-berlin.de/djgb/public/en/find?q=&fq=&sort=unternehmenasc&page=938
INFO:__main__:Extracted: Textil-Versandhaus Rudolf Schulze & Co ()
INFO:__main__:Extracted: Textila Textil Ausfuhrgesellschaft mbH ()
INFO:__main__:Extracted: Textilgroßhandlung Gebrüder Sklarek Max, Leo, Willy Sklarek (trade)
INFO:__main__:Extracted: Textilhaus Steglitz Badrian & Co GmbH ()
INFO:__main__:Extracted: Textilia Treuhand- und Verwaltungs-Gesellschaft mbH (services)
INFO:__main__:Extracted: Textilwaren-Vertrieb Edith Scheer ()
INFO:__main__:Extracted: Th. Alschwang ()
INFO:__main__:Extracted: Th. Baruch & Co (trade)
INFO:__main__:Extracted: Th. Blumenthal (trade)
INFO:__main__:Extracted 10 businesses from https://www2.hu-berlin.de/djgb/public/en/find?q=&fq=&sort=unternehmenasc&page=939
INFO:__main__:Using cached content for https://www2.hu-berlin.de/djgb/public/en/find?q=&fq=&sort=unternehmenasc&page=940
INFO:__main__:Extracted: Th. Flörsheim & Cie (trade)
INFO:__main__:Extracted: Th. Keßler (trade)
INFO:__main__:Extracted: Th. Roubinzik & Co ()
INFO:__main__:Extracted: Th. Sommerfeld GmbH (industry)
INFO:__main__:Extracted: Th.Flörsheim & Cie (trade)
INFO:__main__:Extracted: The Gentleman Walther Silberstein (trade)
INFO:__main__:Extracted: The New York Times GmbH Wide World Photos ()
INFO:__main__:Extracted: Thea Baruch ()
INFO:__main__:Extracted: Theater am Kurfürstendamm GmbH (services)
INFO:__main__:Extracted: Theater in der Königsgrätzer Straße GmbH ()
INFO:__main__:Extracted 10 businesses from https://www2.hu-berlin.de/djgb/public/en/find?q=&fq=&sort=unternehmenasc&page=940
INFO:__main__:Using cached content for https://www2.hu-berlin.de/djgb/public/en/find?q=&fq=&sort=unternehmenasc&page=942
INFO:__main__:Using cached content for https://www2.hu-berlin.de/djgb/public/en/find?q=&fq=&sort=unternehmenasc&page=941
INFO:__main__:Extracted: Theaterabonnement GmbH ()
INFO:__main__:Extracted: Theodor Fröhlich AG ()
INFO:__main__:Extracted: Theaterkunst Hermann J. Kaufmann ()
INFO:__main__:Extracted: Theodor Gollop (trade)
INFO:__main__:Extracted: Thega-Kontakt GmbH (industry)
INFO:__main__:Using cached content for https://www2.hu-berlin.de/djgb/public/en/find?q=&fq=&sort=unternehmenasc&page=943
INFO:__main__:Extracted: Theodor Gottschalk Nf. (trade)
INFO:__main__:Extracted: Thekla Ehrmann ()
INFO:__main__:Extracted: Theodor Pincuß (trade)
INFO:__main__:Extracted: Theodor Heilpern (trade)
INFO:__main__:Extracted: Theodor & Co ()
INFO:__main__:Extracted: Theodor Redlich (trade)
INFO:__main__:Extracted: Theodor Herzog Victoria Neue Berliner Brot-Fabrik ()
INFO:__main__:Extracted: Theodor Ahlmann (trade)
INFO:__main__:Extracted: Theodor Rothschild & Co (trade)
INFO:__main__:Extracted: Theodor Israel (trade)
INFO:__main__:Extracted: Theodor Baumgarten (trade)
INFO:__main__:Extracted: Theodor Schück ()
INFO:__main__:Extracted: Theodor Kabaker ()
INFO:__main__:Extracted: Theodor Breslauer (trade)
INFO:__main__:Extracted: Theodor Simon & Co (trade)
INFO:__main__:Extracted: Theodor Levy Herrenartikel (trade)
INFO:__main__:Extracted: Theodor Dannenberg (trade)
INFO:__main__:Extracted: Theodor Stein & Co ()
INFO:__main__:Extracted: Theodor Liedtke (trade)
INFO:__main__:Extracted: Theodor Dreyfuß ()
INFO:__main__:Extracted: Theophil Aschheim (trade)
INFO:__main__:Extracted: Theodor Löwenthal (handicraft)
INFO:__main__:Extracted 10 businesses from https://www2.hu-berlin.de/djgb/public/en/find?q=&fq=&sort=unternehmenasc&page=941
INFO:__main__:Extracted: Thiele & Buggisch (trade)
INFO:__main__:Extracted 10 businesses from https://www2.hu-berlin.de/djgb/public/en/find?q=&fq=&sort=unternehmenasc&page=942
INFO:__main__:Extracted: Thoas Grundstückserwerbsgesellschaft mbH (trade)
INFO:__main__:Extracted: Thüringer-Apotheke ()
INFO:__main__:Extracted 10 businesses from https://www2.hu-berlin.de/djgb/public/en/find?q=&fq=&sort=unternehmenasc&page=943
INFO:__main__:Using cached content for https://www2.hu-berlin.de/djgb/public/en/find?q=&fq=&sort=unternehmenasc&page=944
INFO:__main__:Using cached content for https://www2.hu-berlin.de/djgb/public/en/find?q=&fq=&sort=unternehmenasc&page=946
INFO:__main__:Using cached content for https://www2.hu-berlin.de/djgb/public/en/find?q=&fq=&sort=unternehmenasc&page=945
INFO:__main__:Extracted: Thüringische Kohlen- und Brikett-Verkaufsgesellschaft mbH, Zweigniederlassung Berlin (trade)
INFO:__main__:Extracted: Translateur Gesellschaft für Metallverwertung mbH ()
INFO:__main__:Extracted: Tobias Stern ()
INFO:__main__:Extracted: Tieder ()
INFO:__main__:Extracted: Transvaalstr. 17 Grunstücksgesellschaft mbH in Liqu., z.Hd. d. Herrn Ferd. Naggatz ()
INFO:__main__:Extracted: Tolirag, Ton- und Lichtbild Reklame, AG (services)
INFO:__main__:Extracted: Tietz Anschluß- und Export-GmbH ()
INFO:__main__:Extracted: Trattner ()
INFO:__main__:Extracted: Tonfilm-Apparate-GmbH (trade)
INFO:__main__:Extracted: Tiewo Tietz Wohnstätten GmbH (trade)
INFO:__main__:Extracted: Traube & Co Damenhutfabrikation ()
INFO:__main__:Extracted: Toni Lessler, Private Waldschule Grunewald ()
INFO:__main__:Extracted: Tillemann & Hohenstein ()
INFO:__main__:Extracted: Traube Damenhutfabrik GmbH (industry)
INFO:__main__:Extracted: Toni Levi & E. Malinowski ()
INFO:__main__:Extracted: Tillgner & Co Zellstoffwerke (industry)
INFO:__main__:Extracted: Trauermagazin des Westens Rubens & Co (services)
INFO:__main__:Extracted: Tonophon GmbH ()
INFO:__main__:Extracted: Tirkschleit ()
INFO:__main__:Extracted: Treitel & Meyer ()
INFO:__main__:Extracted: Torfwerk Hamers & Cie KG (industry)
INFO:__main__:Extracted: Tischfabrik Benno Segall ()
INFO:__main__:Extracted: Trenkwald & Co GmbH ()
INFO:__main__:Extracted: Transatlantisches Reise- und Verkehrsbüro Samuel Kleinschmidt (services)
INFO:__main__:Extracted: Titania-Palast-Gesellschaft Hugo Lemke ()
INFO:__main__:Extracted: Trenta, Grundstückserwerbsgesellschaft mbH (trade)
INFO:__main__:Extracted: Transcontinentale Correspondenz Ottmar Schwarz (services)
INFO:__main__:Extracted: Tobias Gottfeld ()
INFO:__main__:Extracted: Treuherz & Fuß (trade)
INFO:__main__:Extracted: Translateur & Co ()
INFO:__main__:Extracted 10 businesses from https://www2.hu-berlin.de/djgb/public/en/find?q=&fq=&sort=unternehmenasc&page=944
INFO:__main__:Extracted 10 businesses from https://www2.hu-berlin.de/djgb/public/en/find?q=&fq=&sort=unternehmenasc&page=946
INFO:__main__:Extracted 10 businesses from https://www2.hu-berlin.de/djgb/public/en/find?q=&fq=&sort=unternehmenasc&page=945
INFO:__main__:Using cached content for https://www2.hu-berlin.de/djgb/public/en/find?q=&fq=&sort=unternehmenasc&page=948
INFO:__main__:Using cached content for https://www2.hu-berlin.de/djgb/public/en/find?q=&fq=&sort=unternehmenasc&page=949
INFO:__main__:Extracted: Tuch & Löwensberg (trade)
INFO:__main__:Using cached content for https://www2.hu-berlin.de/djgb/public/en/find?q=&fq=&sort=unternehmenasc&page=947
INFO:__main__:Extracted: Tucholski, Paul ()
INFO:__main__:Extracted: Tuchex-Kleiderstoffe-Vertriebs-GmbH (trade)
INFO:__main__:Extracted: Trianon Pariser Neuheiten GmbH ()
INFO:__main__:Extracted: Tufiag Vertriebsgesellschaft mbH ()
INFO:__main__:Extracted: Tuchhaendler & Co (trade)
INFO:__main__:Extracted: Trias & Verschleißer ()
INFO:__main__:Extracted: Turbon Ventilatoren- und Apparatebau GmbH (industry)
INFO:__main__:Extracted: Tuchhandlung Hansa Heinrich Silberspitz ()
INFO:__main__:Extracted: Trick Hans Wohlmann ()
INFO:__main__:Extracted: Turm-Apotheke Reinhold Peters (trade)
INFO:__main__:Extracted: Tuchhaus Josef Fabian ()
INFO:__main__:Extracted: Trick Willy Brandt ()
INFO:__main__:Extracted: Turnen-Spiel-Sport-GmbH ()
INFO:__main__:Extracted: Tuchhaus Norden Max Sieburth (trade)
INFO:__main__:Extracted: Triumph Tuche GmbH (trade)
INFO:__main__:Extracted: Türk & Co Knaben- u. Jünglingsbekleidung ()
INFO:__main__:Extracted: Tuchler & Comp (trade)
INFO:__main__:Extracted: Triumph- Schuhreparatur ()
INFO:__main__:Extracted: Türk & Wassermann ()
INFO:__main__:Extracted: Tuchler, Lina ()
INFO:__main__:Extracted: Trop & Dr. Kaim ()
INFO:__main__:Extracted: Türkisch-Persischer Teppichimport Max Orlanski (trade)
INFO:__main__:Extracted: Tuchmann & Co ()
INFO:__main__:Extracted: Tropia Zigarren-Großhandlung Erich Hirschfeld ()
INFO:__main__:Extracted: U. Goldenberg & Sohn ()
INFO:__main__:Extracted: Tuchner & Zwaß ()
INFO:__main__:Extracted: Trubenis-Lizenzverwertungs-GmbH ()
INFO:__main__:Extracted: USA Bier, Wein, Spirituosen Export GmbH ()
INFO:__main__:Extracted 10 businesses from https://www2.hu-berlin.de/djgb/public/en/find?q=&fq=&sort=unternehmenasc&page=948
INFO:__main__:Extracted: Tuch & Co ()
INFO:__main__:Extracted 10 businesses from https://www2.hu-berlin.de/djgb/public/en/find?q=&fq=&sort=unternehmenasc&page=949
INFO:__main__:Extracted 10 businesses from https://www2.hu-berlin.de/djgb/public/en/find?q=&fq=&sort=unternehmenasc&page=947
INFO:__main__:Using cached content for https://www2.hu-berlin.de/djgb/public/en/find?q=&fq=&sort=unternehmenasc&page=950
INFO:__main__:Using cached content for https://www2.hu-berlin.de/djgb/public/en/find?q=&fq=&sort=unternehmenasc&page=952
INFO:__main__:Using cached content for https://www2.hu-berlin.de/djgb/public/en/find?q=&fq=&sort=unternehmenasc&page=951
INFO:__main__:Extracted: UVAG Universalverlag W. Vobach & Co - Bernhard Meyer - Curt Hamel ()
INFO:__main__:Extracted: Union Club Paul Bernhard ()
INFO:__main__:Extracted: Udo Simon (trade)
INFO:__main__:Extracted: Ulman & Matzdorf ()
INFO:__main__:Extracted: Union Fabrik pharmaceutischer Bedarfsartikel GmbH (trade)
INFO:__main__:Extracted: Uhland-Drogerie Apotheker Rudolf Weidner ()
INFO:__main__:Extracted: Ulrich Weinberg & Co ()
INFO:__main__:Extracted: Union Patent Comp. GmbH (services)
INFO:__main__:Extracted: Uhlandapotheke Julius Mehler ()
INFO:__main__:Extracted: Ulrich Wollstein, Dipl. Kfm, Dipl. Hdl. Lehrer ()
INFO:__main__:Extracted: Union Treibriemen- und Ledermanschetten-Fabrik GmbH (industry)
INFO:__main__:Extracted: Uhlig & Baumgärtel ()
INFO:__main__:Extracted: Ultrazell GmbH ()
INFO:__main__:Extracted: Union Wein GmbH ()
INFO:__main__:Extracted: Uhrenfabrikation Montania GmbH ()
INFO:__main__:Extracted: Umlauf & Engl (trade)
INFO:__main__:Extracted: Union-Knopf GmbH ()
INFO:__main__:Extracted: Ukrainischer Verlag (industry)
INFO:__main__:Extracted: Ungar & Rothweingroßhandlung Andras & Kohn (trade)
INFO:__main__:Extracted: Unitex technische GmbH ()
INFO:__main__:Extracted: Ullendorf & Bieber ()
INFO:__main__:Extracted: Ungarisches Restaurant bei Mikosch Max Herzfeld ()
INFO:__main__:Extracted: Universal-Drogerie ()
INFO:__main__:Extracted: Ullmann GmbH (trade)
INFO:__main__:Extracted: Union Annaberg Passementerie GmbH ()
INFO:__main__:Extracted: Urias Oberdorfer (trade)
INFO:__main__:Extracted: Ullstein AG ()
INFO:__main__:Extracted: Union Bergbaugesellschaft mbH (industry)
INFO:__main__:Extracted: Ury & Sohn (trade)
INFO:__main__:Extracted 10 businesses from https://www2.hu-berlin.de/djgb/public/en/find?q=&fq=&sort=unternehmenasc&page=950
INFO:__main__:Extracted: Union Bodengesellschaft mbH (trade)
INFO:__main__:Extracted 10 businesses from https://www2.hu-berlin.de/djgb/public/en/find?q=&fq=&sort=unternehmenasc&page=952
INFO:__main__:Extracted 10 businesses from https://www2.hu-berlin.de/djgb/public/en/find?q=&fq=&sort=unternehmenasc&page=951
INFO:__main__:Using cached content for https://www2.hu-berlin.de/djgb/public/en/find?q=&fq=&sort=unternehmenasc&page=953
INFO:__main__:Using cached content for https://www2.hu-berlin.de/djgb/public/en/find?q=&fq=&sort=unternehmenasc&page=955
INFO:__main__:Extracted: Ury Gebrüder AG (trade)
INFO:__main__:Using cached content for https://www2.hu-berlin.de/djgb/public/en/find?q=&fq=&sort=unternehmenasc&page=954
INFO:__main__:Extracted: Vereinigte Herren- und Sportkleiderfabrik GmbH u. Co ()
INFO:__main__:Extracted: Uscherenko ()
INFO:__main__:Extracted: Van den Bergh's Margarine AG ()
INFO:__main__:Extracted: Vereinigte Knopffabriken J. Abramowsky, Caspar Cohn & Söhne ()
INFO:__main__:Extracted: Usticolor Farben und Chemikalien Vertriebsgesellschaft mbH ()
INFO:__main__:Extracted: Varia-Verlagsauslieferung Wilhelm Schlesinger ()
INFO:__main__:Extracted: Vereinigte Modehäuser Gerson-Prager Hausdorff (trade)
INFO:__main__:Extracted: Utrechter Apotheke Jakob Fischer (trade)
INFO:__main__:Extracted: Vedesfa, Verkaufsgemeinschaft deutscher Eisen- und Stahlwarenfabriken GmbH (trade)
INFO:__main__:Extracted: Vereinigte Portland-Zement- und Kalkwerke Schimischow, Sileisa und Frauendorf AG (industry)
INFO:__main__:Extracted: V. Brieger & Co GmbH Fabrik chemisch-pharmazeutischer Präparate Export - Import Drogen Großhandlung ()
INFO:__main__:Extracted: Veit, Selberg & Cie ()
INFO:__main__:Extracted: Vereinigte Sack- und Jute-Waren-Fabriken GmbH (industry)
INFO:__main__:Extracted: V. Waschke & Co ()
INFO:__main__:Extracted: Vera Verlagsanstalt GmbH (industry)
INFO:__main__:Extracted: Veritas Gummiwerke AG (industry)
INFO:__main__:Extracted: Valencia Siegmund Arndt (services)
INFO:__main__:Extracted: Vereinigte Deckenfabriken Adolph Ostberg & Siegfried Blochert ()
INFO:__main__:Extracted: Verkaufsniederlassung Deutscher Webstoffe GmbH ()
INFO:__main__:Extracted: Valeta (oder Veleta/Velcta/Belcta) ()
INFO:__main__:Extracted: Vereinigte Filmtheater-GmbH (services)
INFO:__main__:Extracted: Verkehrs- und Nachrichten-GmbH (services)
INFO:__main__:Extracted: Vally Bacharach ()
INFO:__main__:Extracted: Vereinigte Geflügelimporteure Menck, Krüger, Berkmann GmbH (trade)
INFO:__main__:Extracted: Verlag Alexander Ehrlich (industry)
INFO:__main__:Extracted: Vally Hendelsohn ()
INFO:__main__:Extracted: Vereinigte Glasindustrie, vormals Thümler & Swarrte, GmbH ()
INFO:__main__:Extracted: Verlag Eschkol AG (industry)
INFO:__main__:Extracted 10 businesses from https://www2.hu-berlin.de/djgb/public/en/find?q=&fq=&sort=unternehmenasc&page=953
INFO:__main__:Extracted: Vereinigte Herren- und Sportkleiderfabrik GmbH ()
INFO:__main__:Extracted 10 businesses from https://www2.hu-berlin.de/djgb/public/en/find?q=&fq=&sort=unternehmenasc&page=955
INFO:__main__:Extracted 10 businesses from https://www2.hu-berlin.de/djgb/public/en/find?q=&fq=&sort=unternehmenasc&page=954
INFO:__main__:Using cached content for https://www2.hu-berlin.de/djgb/public/en/find?q=&fq=&sort=unternehmenasc&page=958
INFO:__main__:Using cached content for https://www2.hu-berlin.de/djgb/public/en/find?q=&fq=&sort=unternehmenasc&page=957
INFO:__main__:Extracted: Vertrieb von Erzeugnissen sächsischer Gardinen-Fabriken Johann Pellot & Co GmbH ()
INFO:__main__:Using cached content for https://www2.hu-berlin.de/djgb/public/en/find?q=&fq=&sort=unternehmenasc&page=956
INFO:__main__:Extracted: Verlag für jüdische Kunst und Literatur Rimon GmbH (industry)
INFO:__main__:Extracted: Vertriebsgesellschaft für Immobilien mbH (trade)
INFO:__main__:Extracted: Verlag Harry Friedländer (industry)
INFO:__main__:Extracted: Verlagsanstalt Leo Hohenstein (industry)
INFO:__main__:Extracted: Verwa Gesellschaft zur Verwaltung von Beteiligungen mbH (trade)
INFO:__main__:Extracted: Verlag Hausfreund Dr. Moritz Stern (industry)
INFO:__main__:Extracted: Verlagsanstalt Neue Zeit GmbH (industry)
INFO:__main__:Extracted: Verwertungsgesellschaft Bornholmer Str. 89 mbH ()
INFO:__main__:Extracted: Verlag Ose-Rundschau Dr. Zipkin und Fritz Friedeberger (industry)
INFO:__main__:Extracted: Verlagsgesellschaft Huck GmbH (industry)
INFO:__main__:Extracted: Vesta, Apparate- und Metallwarenfabrik GmbH (industry)
INFO:__main__:Extracted: Verlag Ost und West Leo Winz (industry)
INFO:__main__:Extracted: Vermietungsgesellschaft in Forst (Lausitz) mbH ()
INFO:__main__:Extracted: Veterinaria, Gesellschaft für Tierarztbedarf GmbH (trade)
INFO:__main__:Extracted: Verlag der Deutschen Destillateur-Zeitung Caesar Lax ()
INFO:__main__:Extracted: Versandhaus Fritz Nürnberg ()
INFO:__main__:Extracted: Victor & Co ()
INFO:__main__:Extracted: Verlag der Gesellschaft deutscher Literaturfreunde Robert Alter ()
INFO:__main__:Extracted: Versandhaus Stadtpark ()
INFO:__main__:Extracted: Victor Bergmann Flora-Apotheke-Lankwitz (trade)
INFO:__main__:Extracted: Verlag der Weltbühne Siegfried Jacobsohn & Co (industry)
INFO:__main__:Extracted: Versicherungsbüro Europa GmbH, H. Manasse ()
INFO:__main__:Extracted: Victor Blumenfeld General-Einkaufs-Vertretung der Atlas Film A.B. Stockholm-Oslo-Kopenhagen ZN Berlin ()
INFO:__main__:Extracted: Verlag für Fachliteratur GmbH (industry)
INFO:__main__:Extracted: Versicherungsbüro Hans Beermann ()
INFO:__main__:Extracted: Victor Cahn ()
INFO:__main__:Extracted: Verlag für Sprach- und Handelswissenschaft Sally Simon (industry)
INFO:__main__:Extracted: Versicherungsbüro Hugo Neuburger ()
INFO:__main__:Extracted 10 businesses from https://www2.hu-berlin.de/djgb/public/en/find?q=&fq=&sort=unternehmenasc&page=958
INFO:__main__:Extracted: Verlag für Staatswissenschaften und Geschichte GmbH ()
INFO:__main__:Extracted 10 businesses from https://www2.hu-berlin.de/djgb/public/en/find?q=&fq=&sort=unternehmenasc&page=957
INFO:__main__:Extracted 10 businesses from https://www2.hu-berlin.de/djgb/public/en/find?q=&fq=&sort=unternehmenasc&page=956
INFO:__main__:Using cached content for https://www2.hu-berlin.de/djgb/public/en/find?q=&fq=&sort=unternehmenasc&page=961
INFO:__main__:Using cached content for https://www2.hu-berlin.de/djgb/public/en/find?q=&fq=&sort=unternehmenasc&page=959
INFO:__main__:Using cached content for https://www2.hu-berlin.de/djgb/public/en/find?q=&fq=&sort=unternehmenasc&page=960
INFO:__main__:Extracted: Voigt & Co Blusen & Kleider (trade)
INFO:__main__:Extracted: Victor Cohn (trade)
INFO:__main__:Extracted: Victoria Apotheke Fabrik chemisch-pharmazeutischer Praeparate, Drogen, Chemikalien engros Dr. Erwin Schwarz ()
INFO:__main__:Extracted: Volksbank Iwria eGMBH ()
INFO:__main__:Extracted: Victor Fischmann ()
INFO:__main__:Extracted: Victoria Luise - Drogerie und Parfümerie, Chem. Laboratorium Dr. Heinrich Jacoby, Apotheker (trade)
INFO:__main__:Extracted: Volksbühnen-Verlags und Vertriebsgesellschaft mbH (industry)
INFO:__main__:Extracted: Victor Joseph & Co (industry)
INFO:__main__:Extracted: Viktor Bernhardt ()
INFO:__main__:Extracted: Volkstechnik GmbH (trade)
INFO:__main__:Extracted: Victor Pollak (trade)
INFO:__main__:Extracted: Villen-Parzellen-AG (trade)
INFO:__main__:Extracted: Vollbrot Verwertungs-GmbH (trade)
INFO:__main__:Extracted: Victor Rubin KG ()
INFO:__main__:Extracted: Villenterraingesellschaft Wannsee mbH ()
INFO:__main__:Extracted: Voss, Hertha ()
INFO:__main__:Extracted: Victor S. Wittenberg (trade)
INFO:__main__:Extracted: Vineta Keks-und Kuchenbäckerei ()
INFO:__main__:Extracted: W. &  M. Bernhard (industry)
INFO:__main__:Extracted: Victor Sand ()
INFO:__main__:Extracted: Vineta-Apotheke Witwe Ida Schoenknecht ()
INFO:__main__:Extracted: W. & A. Glaser Zweigniederlassung Berlin ()
INFO:__main__:Extracted: Victor Sternberg (trade)
INFO:__main__:Extracted: Virginie Rosenberg ()
INFO:__main__:Extracted: W. & L. Engelberg ()
INFO:__main__:Extracted: Victor Szanto Kunstwerkstätte für Möbel und Innenausbau (handicraft)
INFO:__main__:Extracted: Vita Reklame-GmbH (services)
INFO:__main__:Extracted: W. & S. Loewenthal (industry)
INFO:__main__:Extracted: Victor Teichmann (trade)
INFO:__main__:Extracted: Vitali Taragona ()
INFO:__main__:Extracted 10 businesses from https://www2.hu-berlin.de/djgb/public/en/find?q=&fq=&sort=unternehmenasc&page=961
INFO:__main__:Extracted 10 businesses from https://www2.hu-berlin.de/djgb/public/en/find?q=&fq=&sort=unternehmenasc&page=959
INFO:__main__:Extracted 10 businesses from https://www2.hu-berlin.de/djgb/public/en/find?q=&fq=&sort=unternehmenasc&page=960
INFO:__main__:Using cached content for https://www2.hu-berlin.de/djgb/public/en/find?q=&fq=&sort=unternehmenasc&page=964
INFO:__main__:Extracted: W. Magener GmbH ()
INFO:__main__:Using cached content for https://www2.hu-berlin.de/djgb/public/en/find?q=&fq=&sort=unternehmenasc&page=962
INFO:__main__:Extracted: W. Mewes Inh. I. Ball ()
INFO:__main__:Using cached content for https://www2.hu-berlin.de/djgb/public/en/find?q=&fq=&sort=unternehmenasc&page=963
INFO:__main__:Extracted: W. Abramczyk ()
INFO:__main__:Extracted: W. Müller Stärkefabrik GmbH (industry)
INFO:__main__:Extracted: W. Gumpert & Sohn ()
INFO:__main__:Extracted: W. Bandmann ()
INFO:__main__:Extracted: W. Peck (trade)
INFO:__main__:Extracted: W. Hamann & Co (industry)
INFO:__main__:Extracted: W. Berger (trade)
INFO:__main__:Extracted: W. Pinkus & Co GmbH (trade)
INFO:__main__:Extracted: W. Heimann KG für internationale Speditionen (services)
INFO:__main__:Extracted: W. Bernhard Nachf. (trade)
INFO:__main__:Extracted: W. R. Kragen-Fabrik GmbH (industry)
INFO:__main__:Extracted: W. Jacoby & Co ()
INFO:__main__:Extracted: W. Bernhard, Weingroßhandlung (trade)
INFO:__main__:Extracted: W. Radleke ()
INFO:__main__:Extracted: W. Just ()
INFO:__main__:Extracted: W. Collin (handicraft)
INFO:__main__:Extracted: W. Romann (trade)
INFO:__main__:Extracted: W. Karger (trade)
INFO:__main__:Extracted: W. Eisenhardt ()
INFO:__main__:Extracted: W. Siebe Nachf. (industry)
INFO:__main__:Extracted: W. Karpmann ()
INFO:__main__:Extracted: W. Elges (trade)
INFO:__main__:Extracted: W. Simon ()
INFO:__main__:Extracted: W. Kochmann & Co ()
INFO:__main__:Extracted: W. Frankl ()
INFO:__main__:Extracted 10 businesses from https://www2.hu-berlin.de/djgb/public/en/find?q=&fq=&sort=unternehmenasc&page=964
INFO:__main__:Extracted: W. Krause & Co (industry)
INFO:__main__:Extracted: W. Gotthilf & Co (trade)
INFO:__main__:Extracted: W. Liebenhagen ()
INFO:__main__:Extracted 10 businesses from https://www2.hu-berlin.de/djgb/public/en/find?q=&fq=&sort=unternehmenasc&page=962
INFO:__main__:Extracted 10 businesses from https://www2.hu-berlin.de/djgb/public/en/find?q=&fq=&sort=unternehmenasc&page=963
INFO:__main__:Using cached content for https://www2.hu-berlin.de/djgb/public/en/find?q=&fq=&sort=unternehmenasc&page=966
INFO:__main__:Extracted: Waldemar Caspari ()
INFO:__main__:Extracted: Waldemar Joseph (trade)
INFO:__main__:Extracted: Waldemar Strauß ()
INFO:__main__:Extracted: Waldemar Wagner ()
INFO:__main__:Extracted: Waldmann & Friedmann ()
INFO:__main__:Extracted: Waldmanns Hutbügelfabrik Berta Waldmann (industry)
INFO:__main__:Extracted: Wallach & Gordon ()
INFO:__main__:Extracted: Wallmann & Wassermann, Modelle ()
INFO:__main__:Extracted: Walter Albrecht & Co GmbH ()
INFO:__main__:Extracted: Walter Aronsohn ()
INFO:__main__:Extracted 10 businesses from https://www2.hu-berlin.de/djgb/public/en/find?q=&fq=&sort=unternehmenasc&page=966
INFO:__main__:Using cached content for https://www2.hu-berlin.de/djgb/public/en/find?q=&fq=&sort=unternehmenasc&page=965
INFO:__main__:Extracted: W. Spieldoch (industry)
INFO:__main__:Using cached content for https://www2.hu-berlin.de/djgb/public/en/find?q=&fq=&sort=unternehmenasc&page=967
INFO:__main__:Extracted: Wa-Ly Filmverleih GmbH (trade)
INFO:__main__:Extracted: Walter Baum (industry)
INFO:__main__:Extracted: Wachtel & Trautmann ()
INFO:__main__:Extracted: Walter Bernstein & Co (trade)
INFO:__main__:Using cached content for https://www2.hu-berlin.de/djgb/public/en/find?q=&fq=&sort=unternehmenasc&page=968
INFO:__main__:Extracted: Waco Schuhfabrik Walzer & Co ()
INFO:__main__:Extracted: Walter Blumenthal ()
INFO:__main__:Extracted: Waeteb Wäsche Fabrikation und Vertrieb an Reichs- Staats- und Kommunal-Beamte GmbH ()
INFO:__main__:Extracted: Walter Feldmann (trade)
INFO:__main__:Extracted: Walter Braun Agenturen (trade)
INFO:__main__:Extracted: Wagner & Jacoby ()
INFO:__main__:Extracted: Walter Friedlaender (trade)
INFO:__main__:Extracted: Walter Burger & Co ()
INFO:__main__:Extracted: Wagner, Martin ()
INFO:__main__:Extracted: Walter Friedländer Getreide, Lebensmittel (trade)
INFO:__main__:Extracted: Walter Callmann (trade)
INFO:__main__:Extracted: Wahl & Petzal (trade)
INFO:__main__:Extracted: Walter Fürst (nannte sich ab 1934 Spaarschuh) ()
INFO:__main__:Extracted: Walter Cohn ()
INFO:__main__:Extracted: Wahrenburg, Erna ()
INFO:__main__:Extracted: Walter Gomma (trade)
INFO:__main__:Extracted: Walter Corti (trade)
INFO:__main__:Extracted: Wajsmann-Kaufmann ()
INFO:__main__:Extracted: Walter Grunewald Textilvertretung ()
INFO:__main__:Extracted: Walter Eisenstädt ()
INFO:__main__:Extracted 10 businesses from https://www2.hu-berlin.de/djgb/public/en/find?q=&fq=&sort=unternehmenasc&page=965
INFO:__main__:Extracted: Walter Gutmann ()
INFO:__main__:Extracted: Walter Fabisch, Regen- und Sportmäntel ()
INFO:__main__:Extracted: Walter Guttmann (trade)
INFO:__main__:Extracted 10 businesses from https://www2.hu-berlin.de/djgb/public/en/find?q=&fq=&sort=unternehmenasc&page=967
INFO:__main__:Extracted: Walter Heilbrun Elektrische Großbesohlanstalt ()
INFO:__main__:Extracted: Walter Ittmann Buchhandlung (trade)
INFO:__main__:Extracted 10 businesses from https://www2.hu-berlin.de/djgb/public/en/find?q=&fq=&sort=unternehmenasc&page=968
INFO:__main__:Using cached content for https://www2.hu-berlin.de/djgb/public/en/find?q=&fq=&sort=unternehmenasc&page=969
INFO:__main__:Extracted: Walter Jacobsohn (trade)
INFO:__main__:Extracted: Walter Jaruslawsky ()
INFO:__main__:Using cached content for https://www2.hu-berlin.de/djgb/public/en/find?q=&fq=&sort=unternehmenasc&page=970
INFO:__main__:Extracted: Walter Jungmann Knöpfe-Schnallen engros ()
INFO:__main__:Using cached content for https://www2.hu-berlin.de/djgb/public/en/find?q=&fq=&sort=unternehmenasc&page=971
INFO:__main__:Extracted: Walter Michel ()
INFO:__main__:Extracted: Walter Kalisch, Vertretungen auswärtiger Häuser ()
INFO:__main__:Extracted: Walter Schneeberg ()
INFO:__main__:Extracted: Walter Neuberg (trade)
INFO:__main__:Extracted: Walter Kantorowicz ()
INFO:__main__:Extracted: Walter Schuftan ()
INFO:__main__:Extracted: Walter Quittner Filiale Berlin (trade)
INFO:__main__:Extracted: Walter Kohn (trade)
INFO:__main__:Extracted: Walter Simon & Co (trade)
INFO:__main__:Extracted: Walter Reimann (services)
INFO:__main__:Extracted: Walter Kronenberg (trade)
INFO:__main__:Extracted: Walter Simon & Co GmbH (industry)
INFO:__main__:Extracted: Walter Reinhardt (trade)
INFO:__main__:Extracted: Walter Lobatz (trade)
INFO:__main__:Extracted: Walter Speier ()
INFO:__main__:Extracted: Walter Rosenberg ()
INFO:__main__:Extracted: Walter Loebinger ()
INFO:__main__:Extracted: Walter Stein (trade)
INFO:__main__:Extracted: Walter Rosenthal (trade)
INFO:__main__:Extracted: Walter Marx & Co ()
INFO:__main__:Extracted: Walter Steinfeld (trade)
INFO:__main__:Extracted: Walter Rotter Darmgroßhandlung ()
INFO:__main__:Extracted 10 businesses from https://www2.hu-berlin.de/djgb/public/en/find?q=&fq=&sort=unternehmenasc&page=969
INFO:__main__:Extracted: Walter Tausk ()
INFO:__main__:Extracted: Walter Ruttin (trade)
INFO:__main__:Extracted: Walter Wachsner GmbH ()
INFO:__main__:Extracted: Walter Schmoller (trade)
INFO:__main__:Extracted: Walter Wasserzug & Co GmbH (trade)
INFO:__main__:Extracted 10 businesses from https://www2.hu-berlin.de/djgb/public/en/find?q=&fq=&sort=unternehmenasc&page=970
INFO:__main__:Extracted 10 businesses from https://www2.hu-berlin.de/djgb/public/en/find?q=&fq=&sort=unternehmenasc&page=971
INFO:__main__:Using cached content for https://www2.hu-berlin.de/djgb/public/en/find?q=&fq=&sort=unternehmenasc&page=972
INFO:__main__:Extracted: Walter Zarek, Holzcommission (trade)
INFO:__main__:Extracted: Walther ()
INFO:__main__:Extracted: Walther Albrecht & Co ()
INFO:__main__:Extracted: Walther Donig ()
INFO:__main__:Extracted: Walther Ed. Müller (trade)
INFO:__main__:Extracted: Walther Freund ()
INFO:__main__:Extracted: Walther Kettner GmbH (industry)
INFO:__main__:Extracted: Walther Machschefes (trade)
INFO:__main__:Extracted: Walther Samson ()
INFO:__main__:Extracted: Walther Wachsmann (trade)
INFO:__main__:Extracted 10 businesses from https://www2.hu-berlin.de/djgb/public/en/find?q=&fq=&sort=unternehmenasc&page=972
INFO:__main__:Using cached content for https://www2.hu-berlin.de/djgb/public/en/find?q=&fq=&sort=unternehmenasc&page=974
INFO:__main__:Extracted: Wartenberg & Co ()
INFO:__main__:Extracted: Waschmittel-Vertrieb Bernhard Lewin ()
INFO:__main__:Extracted: Webag, Webwaren AG (trade)
INFO:__main__:Extracted: Webwaren-Vertrieb Liebmann Weinstein ()
INFO:__main__:Extracted: Wechsler & Hennig GmbH ()
INFO:__main__:Extracted: Weck & Simberg ()
INFO:__main__:Extracted: Wedel & Co ()
INFO:__main__:Extracted: Wehrs & Co GmbH (industry)
INFO:__main__:Extracted: Weichselaue Grundstücks-GmbH (trade)
INFO:__main__:Extracted: Weigert & Tobias (trade)
INFO:__main__:Extracted 10 businesses from https://www2.hu-berlin.de/djgb/public/en/find?q=&fq=&sort=unternehmenasc&page=974
INFO:__main__:Using cached content for https://www2.hu-berlin.de/djgb/public/en/find?q=&fq=&sort=unternehmenasc&page=973
INFO:__main__:Using cached content for https://www2.hu-berlin.de/djgb/public/en/find?q=&fq=&sort=unternehmenasc&page=975
INFO:__main__:Extracted: Wanda Lewin ()
INFO:__main__:Extracted: Wandel Lippowitz ()
INFO:__main__:Extracted: Waren & Möbel Credit Gebrüder Schein ()
INFO:__main__:Extracted: Waren Kredit und Versandgeschäft Königstadt Thau & Co (trade)
INFO:__main__:Extracted: Warenhaus Julius Loewenberg Nachf. ()
INFO:__main__:Extracted: Warenhaus Robert Glasfeld (trade)
INFO:__main__:Extracted: Warenhaus Wertheim GmbH ()
INFO:__main__:Extracted: Warnecke & Böhm AG (industry)
INFO:__main__:Extracted: Warner Corsets GmbH (trade)
INFO:__main__:Extracted: Wartburg-Drogerie, Dr. Würst ()
INFO:__main__:Extracted 10 businesses from https://www2.hu-berlin.de/djgb/public/en/find?q=&fq=&sort=unternehmenasc&page=973
INFO:__main__:Extracted: Weihl & Feld (industry)
INFO:__main__:Extracted: Weiler, Nathansohn & Co ()
INFO:__main__:Extracted: Weinberg & Gutmann (industry)
INFO:__main__:Extracted: Weinberg & Kamerase GmbH (industry)
INFO:__main__:Extracted: Weinberg Channa ()
INFO:__main__:Extracted: Weinbrennereien Albert Buchholz GmbH ()
INFO:__main__:Extracted: Weingart - Kaufmann - Landsberg Getreide-AG ()
INFO:__main__:Extracted: Weingroßhandlung Alfred Strauß (industry)
INFO:__main__:Extracted: Weingroßhandlung Bernhard Brauer ()
INFO:__main__:Extracted: Weingroßhandlung Max Bernhard (trade)
INFO:__main__:Extracted 10 businesses from https://www2.hu-berlin.de/djgb/public/en/find?q=&fq=&sort=unternehmenasc&page=975
INFO:__main__:Using cached content for https://www2.hu-berlin.de/djgb/public/en/find?q=&fq=&sort=unternehmenasc&page=976
INFO:__main__:Extracted: Weinhandlung Martha Mamlok ()
INFO:__main__:Extracted: Weinreb, Ella, geb. Rottenberg ()
INFO:__main__:Extracted: Weinstein & Co ()
INFO:__main__:Extracted: Weinstein & Landauer AG (trade)
INFO:__main__:Using cached content for https://www2.hu-berlin.de/djgb/public/en/find?q=&fq=&sort=unternehmenasc&page=978
INFO:__main__:Extracted: Weiss, Eva ()
INFO:__main__:Using cached content for https://www2.hu-berlin.de/djgb/public/en/find?q=&fq=&sort=unternehmenasc&page=977
INFO:__main__:Extracted: Weissfeiler, Helene ()
INFO:__main__:Extracted: Wenck & Neukircher (trade)
INFO:__main__:Extracted: Weiß & Co ()
INFO:__main__:Extracted: Weisz & Weisz GmbH ()
INFO:__main__:Extracted: Wendt & Redlich ()
INFO:__main__:Extracted: Weiß & Götz (trade)
INFO:__main__:Extracted: Weitz & Bohne ()
INFO:__main__:Extracted: Werbe-Kunst Epoche Reklamegesellschaft mbH (services)
INFO:__main__:Extracted: Weiß-Blusen GmbH ()
INFO:__main__:Extracted: Weitz & Co ()
INFO:__main__:Extracted: Werbefilm-GmbH ()
INFO:__main__:Extracted: Weißbach & Fröhlich Tabakwaren-Großhandlung ()
INFO:__main__:Extracted: Weiß & Alexander AG (industry)
INFO:__main__:Extracted: Werbekraft GmbH (services)
INFO:__main__:Extracted: Weiße Kater, umbenannt in Prinzeß-Diele ()
INFO:__main__:Extracted 10 businesses from https://www2.hu-berlin.de/djgb/public/en/find?q=&fq=&sort=unternehmenasc&page=976
INFO:__main__:Extracted: Werk-Verlag GmbH ()
INFO:__main__:Extracted: Weißenburger Apotheke Walter von Drygalski (trade)
INFO:__main__:Extracted: Werksbedarf Kurt Methner ()
INFO:__main__:Extracted: Wellpappenwerke Hamburger und Fuchs GmbH, Zweigniederlassung Berlin (industry)
INFO:__main__:Extracted: Werkstätten für Grabmalkunst Salomon Weiß (handicraft)
INFO:__main__:Extracted: Weltrundschau Presse-Photo-Verlag Rudolf Birnbach ()
INFO:__main__:Extracted: Werkstätten für Ofen- und Kaminbau, Karl Lindner ()
INFO:__main__:Using cached content for https://www2.hu-berlin.de/djgb/public/en/find?q=&fq=&sort=unternehmenasc&page=979
INFO:__main__:Extracted: Wemona Wirkstoffabrik GmbH ()
INFO:__main__:Extracted: Werner Adolph (Adolph Werner) ()
INFO:__main__:Extracted: Werner Danziger Möbelfabrik GmbH ()
INFO:__main__:Extracted: Wena Stanzbetrieb und Lederwarenherstellung Georg Simon (industry)
INFO:__main__:Extracted 10 businesses from https://www2.hu-berlin.de/djgb/public/en/find?q=&fq=&sort=unternehmenasc&page=978
INFO:__main__:Extracted: Werner Eisig (trade)
INFO:__main__:Extracted 10 businesses from https://www2.hu-berlin.de/djgb/public/en/find?q=&fq=&sort=unternehmenasc&page=977
INFO:__main__:Extracted: Werner Haase ()
INFO:__main__:Extracted: Werner Jaffé ()
INFO:__main__:Extracted: Werner Lachs (trade)
INFO:__main__:Extracted: Werner Pinner ()
INFO:__main__:Extracted: Werth & Elwert ()
INFO:__main__:Extracted: Wertheim AG für Handelsbeteiligungen ()
INFO:__main__:Extracted: Wertheim Bank AG ()
INFO:__main__:Extracted: Wertheim Einheitspreis-GmbH (trade)
INFO:__main__:Extracted 10 businesses from https://www2.hu-berlin.de/djgb/public/en/find?q=&fq=&sort=unternehmenasc&page=979
INFO:__main__:Using cached content for https://www2.hu-berlin.de/djgb/public/en/find?q=&fq=&sort=unternehmenasc&page=980
INFO:__main__:Using cached content for https://www2.hu-berlin.de/djgb/public/en/find?q=&fq=&sort=unternehmenasc&page=981
INFO:__main__:Using cached content for https://www2.hu-berlin.de/djgb/public/en/find?q=&fq=&sort=unternehmenasc&page=982
INFO:__main__:Extracted: Wertheim Export-Gesellschaft mbH (trade)
INFO:__main__:Extracted: Westfälischer Metallhandel GmbH ()
INFO:__main__:Extracted: Wieselberg & Co ()
INFO:__main__:Extracted: Wertheim GmbH ()
INFO:__main__:Extracted: Wettiner Apotheke Otto Paul Dietrich ()
INFO:__main__:Extracted: Wiesenthal & Weiß ()
INFO:__main__:Extracted: Wertheim Grundstücks-Gesellschaft mbH ()
INFO:__main__:Extracted: Wewo Werker & Wolffberg ()
INFO:__main__:Extracted: Wilbert Taubmann ()
INFO:__main__:Extracted: Wertheim Immobiliengesellschaft mbH ()
INFO:__main__:Extracted: Wichert-Jakoby-Weißmann-Schuhfabrik AG (Wiwag) ()
INFO:__main__:Extracted: Wilh. Ermeler & Co GmbH (industry)
INFO:__main__:Extracted: Wertheim Sociedad Importadora y Exportadora GmbH (trade)
INFO:__main__:Extracted: Wieland-Apotheke, Frau Anna Krause in Schöneberg (trade)
INFO:__main__:Extracted: Wilh. Feilchenfeld (trade)
INFO:__main__:Extracted: Wertheim Versicherungs-Vermittlung GmbH ()
INFO:__main__:Extracted: Wiener & Babst (industry)
INFO:__main__:Extracted: Wilh. Haber ()
INFO:__main__:Extracted: Wertheim-Automobil-Gesellschaft mbH (trade)
INFO:__main__:Extracted: Wiener & Co ()
INFO:__main__:Extracted: Wilhelm Angreß & Co (trade)
INFO:__main__:Extracted: Weserstr. 44 Grundstücksges. mbH, Gesch.-f. Frau Margarete Mandelitz ()
INFO:__main__:Extracted: Wiener & Friedländer (trade)
INFO:__main__:Extracted: Wilhelm Apfelbaum ()
INFO:__main__:Extracted: Westend-Apotheke Adolf Cohn ()
INFO:__main__:Extracted: Wiener Frisierkunst Ernst Levy ()
INFO:__main__:Extracted: Wilhelm Baum ()
INFO:__main__:Extracted: Westfalia Kurzwaren-Großhandels-GmbH ()
INFO:__main__:Extracted: Wiesbadener Immobilien-Erwerbs- und Verwertungs-GmbH (trade)
INFO:__main__:Extracted: Wilhelm Blumenthal (trade)
INFO:__main__:Extracted 10 businesses from https://www2.hu-berlin.de/djgb/public/en/find?q=&fq=&sort=unternehmenasc&page=980
INFO:__main__:Extracted 10 businesses from https://www2.hu-berlin.de/djgb/public/en/find?q=&fq=&sort=unternehmenasc&page=981
INFO:__main__:Extracted 10 businesses from https://www2.hu-berlin.de/djgb/public/en/find?q=&fq=&sort=unternehmenasc&page=982
INFO:__main__:Using cached content for https://www2.hu-berlin.de/djgb/public/en/find?q=&fq=&sort=unternehmenasc&page=985
INFO:__main__:Using cached content for https://www2.hu-berlin.de/djgb/public/en/find?q=&fq=&sort=unternehmenasc&page=984
INFO:__main__:Extracted: Wilhelm Hermann Lesser (trade)
INFO:__main__:Using cached content for https://www2.hu-berlin.de/djgb/public/en/find?q=&fq=&sort=unternehmenasc&page=983
INFO:__main__:Extracted: Wilhelm Fix Nachfolger ()
INFO:__main__:Extracted: Wilhelm Holdheim ()
INFO:__main__:Extracted: Wilhelm Bromberger (trade)
INFO:__main__:Extracted: Wilhelm Flauter ()
INFO:__main__:Extracted: Wilhelm Joseph (trade)
INFO:__main__:Extracted: Wilhelm Bursch (trade)
INFO:__main__:Extracted: Wilhelm Freystadt ()
INFO:__main__:Extracted: Wilhelm Kaim Nachfolger Georg Lewin (trade)
INFO:__main__:Extracted: Wilhelm Bursch Metallwaren GmbH ()
INFO:__main__:Extracted: Wilhelm Friedlaender (industry)
INFO:__main__:Extracted: Wilhelm Kesseler (trade)
INFO:__main__:Extracted: Wilhelm Busse und J. Perl & Co Machinen und Apparate für die Getränke- und chemische Industrie (trade)
INFO:__main__:Extracted: Wilhelm Geiseler ()
INFO:__main__:Extracted: Wilhelm Kipf ()
INFO:__main__:Extracted: Wilhelm Caspary (trade)
INFO:__main__:Extracted: Wilhelm Gerndt ()
INFO:__main__:Extracted: Wilhelm Koretz (trade)
INFO:__main__:Extracted: Wilhelm Cohn (handicraft)
INFO:__main__:Extracted: Wilhelm Graetz, Bankgeschäft (trade)
INFO:__main__:Extracted: Wilhelm Kuczynski (trade)
INFO:__main__:Extracted: Wilhelm Cohnheim (trade)
INFO:__main__:Extracted: Wilhelm Graf Filmverleih GmbH ()
INFO:__main__:Extracted: Wilhelm Kuhn (trade)
INFO:__main__:Extracted: Wilhelm Cono (trade)
INFO:__main__:Extracted: Wilhelm Grassow ()
INFO:__main__:Extracted: Wilhelm Köster Präzisionswerkzeuge und Stanzerei (handicraft)
INFO:__main__:Extracted: Wilhelm Croner (trade)
INFO:__main__:Extracted: Wilhelm Guttsmann GmbH ()
INFO:__main__:Extracted 10 businesses from https://www2.hu-berlin.de/djgb/public/en/find?q=&fq=&sort=unternehmenasc&page=985
INFO:__main__:Extracted: Wilhelm Falk (trade)
INFO:__main__:Extracted 10 businesses from https://www2.hu-berlin.de/djgb/public/en/find?q=&fq=&sort=unternehmenasc&page=984
INFO:__main__:Extracted 10 businesses from https://www2.hu-berlin.de/djgb/public/en/find?q=&fq=&sort=unternehmenasc&page=983
INFO:__main__:Using cached content for https://www2.hu-berlin.de/djgb/public/en/find?q=&fq=&sort=unternehmenasc&page=986
INFO:__main__:Extracted: Wilhelm Landauer ()
INFO:__main__:Using cached content for https://www2.hu-berlin.de/djgb/public/en/find?q=&fq=&sort=unternehmenasc&page=988
INFO:__main__:Extracted: Wilhelm Laske (industry)
INFO:__main__:Using cached content for https://www2.hu-berlin.de/djgb/public/en/find?q=&fq=&sort=unternehmenasc&page=987
INFO:__main__:Extracted: Wilhelm Tscharntke ()
INFO:__main__:Extracted: Wilhelm Manasse (industry)
INFO:__main__:Extracted: Wilhelm Rappaport ()
INFO:__main__:Extracted: Wilhelm Wind (trade)
INFO:__main__:Extracted: Wilhelm Mandelbaum ()
INFO:__main__:Extracted: Wilhelm S. Schröder Nachf. (industry)
INFO:__main__:Extracted: Wilhelm Wolff (trade)
INFO:__main__:Extracted: Wilhelm Michaelis jr. (industry)
INFO:__main__:Extracted: Wilhelm Sabor (trade)
INFO:__main__:Extracted: Wilhelm Wollmers Schriftgießerei (handicraft)
INFO:__main__:Extracted: Wilhelm Misch ()
INFO:__main__:Extracted: Wilhelm Salzwedel Nchf. (trade)
INFO:__main__:Extracted: Wilhelm Zorn ()
INFO:__main__:Extracted: Wilhelm Oppenheimer (trade)
INFO:__main__:Extracted: Wilhelm Schnurmacher & Sohn (trade)
INFO:__main__:Extracted: Wilka Drogen und Chemikalien GmbH ()
INFO:__main__:Extracted: Wilhelm Pollack (industry)
INFO:__main__:Extracted: Wilhelm Scholem (trade)
INFO:__main__:Extracted: Wilkes & Cie. Aachener Tuchindustrie (trade)
INFO:__main__:Extracted: Wilhelm Powidzer (trade)
INFO:__main__:Extracted: Wilhelm Schulze Nachf. Berliner Glimmerwarenfabrik ()
INFO:__main__:Extracted: Wilkow & Co KG (trade)
INFO:__main__:Extracted: Wilhelm Prokesch ()
INFO:__main__:Extracted: Wilhelm Schwarz Modelle (trade)
INFO:__main__:Extracted: Willdorff's Hutvertrieb Benno Willdorff ()
INFO:__main__:Extracted 10 businesses from https://www2.hu-berlin.de/djgb/public/en/find?q=&fq=&sort=unternehmenasc&page=986
INFO:__main__:Extracted: Wilhelm Steinitz & Co ()
INFO:__main__:Extracted: Willi Adler (trade)
INFO:__main__:Extracted: Wilhelm Steinlein ()
INFO:__main__:Extracted 10 businesses from https://www2.hu-berlin.de/djgb/public/en/find?q=&fq=&sort=unternehmenasc&page=988
INFO:__main__:Extracted 10 businesses from https://www2.hu-berlin.de/djgb/public/en/find?q=&fq=&sort=unternehmenasc&page=987
INFO:__main__:Using cached content for https://www2.hu-berlin.de/djgb/public/en/find?q=&fq=&sort=unternehmenasc&page=990
INFO:__main__:Using cached content for https://www2.hu-berlin.de/djgb/public/en/find?q=&fq=&sort=unternehmenasc&page=989
INFO:__main__:Extracted: Willi Loewinsohn (trade)
INFO:__main__:Using cached content for https://www2.hu-berlin.de/djgb/public/en/find?q=&fq=&sort=unternehmenasc&page=991
INFO:__main__:Extracted: Willi Mayer (trade)
INFO:__main__:Extracted: Willi Barschall ()
INFO:__main__:Extracted: William Fabian (trade)
INFO:__main__:Extracted: Willi Naftaniel ()
INFO:__main__:Extracted: Willi Beck (Willy Beck) ()
INFO:__main__:Extracted: William Flatow (trade)
INFO:__main__:Extracted: Willi Orth ()
INFO:__main__:Extracted: Willi Beissinger (trade)
INFO:__main__:Extracted: William Geiger & Co (trade)
INFO:__main__:Extracted: Willi Samter ()
INFO:__main__:Extracted: Willi Friedland (industry)
INFO:__main__:Extracted: William Leiser (trade)
INFO:__main__:Extracted: Willi Schapira (trade)
INFO:__main__:Extracted: Willi Gerichter Damen-Moden-GmbH ()
INFO:__main__:Extracted: William Loewenstein (industry)
INFO:__main__:Extracted: Willi Silber (trade)
INFO:__main__:Extracted: Willi Goldschmidt Metalle (trade)
INFO:__main__:Extracted: William Loewenthal (industry)
INFO:__main__:Extracted: Willi Sinasohn & Co (industry)
INFO:__main__:Extracted: Willi Hendelsohn ()
INFO:__main__:Extracted: William Mendelssohn ()
INFO:__main__:Extracted: Willi Sondheim ()
INFO:__main__:Extracted: Willi Katzky ()
INFO:__main__:Extracted: William Müller ()
INFO:__main__:Extracted: Willi W. Neumann ()
INFO:__main__:Extracted: Willi Klopoter (trade)
INFO:__main__:Extracted: William Palnitzky ()
INFO:__main__:Extracted 10 businesses from https://www2.hu-berlin.de/djgb/public/en/find?q=&fq=&sort=unternehmenasc&page=990
INFO:__main__:Extracted: Willi Loewenstein & Menzel Elektromotoren ()
INFO:__main__:Extracted: William Rosenheim & Co ()
INFO:__main__:Extracted 10 businesses from https://www2.hu-berlin.de/djgb/public/en/find?q=&fq=&sort=unternehmenasc&page=989
INFO:__main__:Extracted 10 businesses from https://www2.hu-berlin.de/djgb/public/en/find?q=&fq=&sort=unternehmenasc&page=991
INFO:__main__:Using cached content for https://www2.hu-berlin.de/djgb/public/en/find?q=&fq=&sort=unternehmenasc&page=994
INFO:__main__:Extracted: Willy Gräfe (industry)
INFO:__main__:Using cached content for https://www2.hu-berlin.de/djgb/public/en/find?q=&fq=&sort=unternehmenasc&page=992
INFO:__main__:Extracted: Willy Guggenheim ()
INFO:__main__:Using cached content for https://www2.hu-berlin.de/djgb/public/en/find?q=&fq=&sort=unternehmenasc&page=993
INFO:__main__:Extracted: William Schwarz ()
INFO:__main__:Extracted: Willy Gumpel (trade)
INFO:__main__:Extracted: Willy Brandt ()
INFO:__main__:Extracted: William Silberstein (trade)
INFO:__main__:Extracted: Willy Hammerschlag (trade)
INFO:__main__:Extracted: Willy Cale (trade)
INFO:__main__:Extracted: William Stern (trade)
INFO:__main__:Extracted: Willy Herz-Herzlicht (trade)
INFO:__main__:Extracted: Willy Czarlinsky (trade)
INFO:__main__:Extracted: Williams & Co Verlag GmbH (industry)
INFO:__main__:Extracted: Willy Hirsch (trade)
INFO:__main__:Extracted: Willy Eichstädt ()
INFO:__main__:Extracted: Willibald Jordan ()
INFO:__main__:Extracted: Willy Holzer ()
INFO:__main__:Extracted: Willy Ferg Kreditverkaufs-GmbH ()
INFO:__main__:Extracted: Willy Baron ()
INFO:__main__:Extracted: Willy Jannausch ()
INFO:__main__:Extracted: Willy Fischer Knöpfe-Schnallen-Engros-Export ()
INFO:__main__:Extracted: Willy Basch ()
INFO:__main__:Extracted: Willy Knobloch ()
INFO:__main__:Extracted: Willy Fordanski ()
INFO:__main__:Extracted: Willy Becker Teppichreinigung (handicraft)
INFO:__main__:Extracted: Willy Knopfmacher (trade)
INFO:__main__:Extracted: Willy Friedländer (handicraft)
INFO:__main__:Extracted: Willy Blumenthal (trade)
INFO:__main__:Extracted 10 businesses from https://www2.hu-berlin.de/djgb/public/en/find?q=&fq=&sort=unternehmenasc&page=994
INFO:__main__:Extracted: Willy Frost ()
INFO:__main__:Extracted: Willy Bragenheim ()
INFO:__main__:Extracted: Willy Gottschalk (trade)
INFO:__main__:Extracted 10 businesses from https://www2.hu-berlin.de/djgb/public/en/find?q=&fq=&sort=unternehmenasc&page=992
INFO:__main__:Extracted 10 businesses from https://www2.hu-berlin.de/djgb/public/en/find?q=&fq=&sort=unternehmenasc&page=993
INFO:__main__:Using cached content for https://www2.hu-berlin.de/djgb/public/en/find?q=&fq=&sort=unternehmenasc&page=996
INFO:__main__:Extracted: Willy Rosenthal Wiro Haus für Bedarfsartikel ()
INFO:__main__:Extracted: Willy Rosenthal jr. & Co ()
INFO:__main__:Extracted: Willy Salkow GmbH ()
INFO:__main__:Extracted: Willy Saly Looser ()
INFO:__main__:Extracted: Willy Sklarek Inhaber Gebrüder Sklarek (industry)
INFO:__main__:Extracted: Willy Sußmann (trade)
INFO:__main__:Extracted: Willy Vorholz ()
INFO:__main__:Extracted: Willy W. Cahn ()
INFO:__main__:Extracted: Willy Wallach ()
INFO:__main__:Extracted: Willy Wassermann ()
INFO:__main__:Extracted 10 businesses from https://www2.hu-berlin.de/djgb/public/en/find?q=&fq=&sort=unternehmenasc&page=996
INFO:__main__:Using cached content for https://www2.hu-berlin.de/djgb/public/en/find?q=&fq=&sort=unternehmenasc&page=997
INFO:__main__:Using cached content for https://www2.hu-berlin.de/djgb/public/en/find?q=&fq=&sort=unternehmenasc&page=995
INFO:__main__:Extracted: Willy Kornblum (trade)
INFO:__main__:Extracted: Willy Lachotzki ()
INFO:__main__:Extracted: Willy Lachotzki (trade)
INFO:__main__:Extracted: Willy Lowinsky, Ingenieur ()
INFO:__main__:Extracted: Willy Mausolf ()
INFO:__main__:Extracted: Willy Mendelsohn (trade)
INFO:__main__:Extracted: Willy Messer Fabrikation von Mützen (industry)
INFO:__main__:Extracted: Willy Moser ()
INFO:__main__:Extracted: Willy Neißer ()
INFO:__main__:Extracted: Willy Neumann Lederhandlung (trade)
INFO:__main__:Extracted 10 businesses from https://www2.hu-berlin.de/djgb/public/en/find?q=&fq=&sort=unternehmenasc&page=995
INFO:__main__:Extracted: Willy Weissbart ()
INFO:__main__:Extracted: Willy Wolffheim (trade)
INFO:__main__:Extracted: Wilmersdorfer Batterie-Hilfe Dipl.-Ing. Hans Baumann (handicraft)
INFO:__main__:Extracted: Wilmersdorfer Schuhreparaturen ()
INFO:__main__:Extracted: Wilmersdorfer Tabak-Zentrale ()
INFO:__main__:Extracted: Wima Druck und Verlagsgesellschaft GmbH ()
INFO:__main__:Extracted: Wima Druck- und Verlagsgesellschaft mbH (industry)
INFO:__main__:Extracted: Winkelmann & Krebs ()
INFO:__main__:Extracted: Winterfeld & Linz ()
INFO:__main__:Extracted: Winterfeld & Sohn ()
INFO:__main__:Extracted 10 businesses from https://www2.hu-berlin.de/djgb/public/en/find?q=&fq=&sort=unternehmenasc&page=997
INFO:__main__:Using cached content for https://www2.hu-berlin.de/djgb/public/en/find?q=&fq=&sort=unternehmenasc&page=998
INFO:__main__:Extracted: Winterfeld u. Linz, Steppdecken und Daunendeckenfabrik ()
INFO:__main__:Extracted: Wissotzky Tee-Handelsgesellschaft mbH ()
INFO:__main__:Extracted: Wittelsbach-Papierhandlung, Johanna Rosenbaum ()
INFO:__main__:Extracted: Wittenauer Boden-AG (trade)
INFO:__main__:Extracted: Wittenberg & Stern KG (trade)
INFO:__main__:Extracted: Wittenberg, Adolf ()
INFO:__main__:Extracted: Wittenberg-Apotheke L. Schluckebier (trade)
INFO:__main__:Extracted: Wittenberg-Sanatorium GmbH ()
INFO:__main__:Extracted: Woguna Nahrungsmittel-Industrie-GmbH (trade)
INFO:__main__:Extracted: Wohag Wohlfeil Handelsgesellschaft mbH ()
INFO:__main__:Extracted 10 businesses from https://www2.hu-berlin.de/djgb/public/en/find?q=&fq=&sort=unternehmenasc&page=998
INFO:__main__:Using cached content for https://www2.hu-berlin.de/djgb/public/en/find?q=&fq=&sort=unternehmenasc&page=999
INFO:__main__:Extracted: Wohl & Berger (trade)
INFO:__main__:Using cached content for https://www2.hu-berlin.de/djgb/public/en/find?q=&fq=&sort=unternehmenasc&page=1000
INFO:__main__:Extracted: Wohl & Heymann (industry)
INFO:__main__:Using cached content for https://www2.hu-berlin.de/djgb/public/en/find?q=&fq=&sort=unternehmenasc&page=1001
INFO:__main__:Extracted: Wolf Netter & Jacobi (industry)
INFO:__main__:Extracted: Wohlgemuth & Lissner Kunstverlagsgesellschaft mbH (trade)
INFO:__main__:Extracted: Wolff & Co ()
INFO:__main__:Extracted: Wolf Netter & Jacobi Werkshandel GmbH ()
INFO:__main__:Extracted: Wohlgemuth & Lissner, Grundstücksverwertungsgesellschaft mbH (trade)
INFO:__main__:Extracted: Wolff & Liepmann (trade)
INFO:__main__:Extracted: Wolf Netter & Jacobi-Werke KGaA ()
INFO:__main__:Extracted: Wohlmuth & Weinberger (trade)
INFO:__main__:Extracted: Wolff Eppstein ()
INFO:__main__:Extracted: Wolf Plaut (industry)
INFO:__main__:Extracted: Wohnungsbaugesellschaft Charlottenburg Soorstraße 29 mbH ()
INFO:__main__:Extracted: Wolff Guttmann (industry)
INFO:__main__:Extracted: Wolf Tscherwonajugoda ()
INFO:__main__:Extracted: Wohnungsbaugesellschaft Charlottenburg, Brettschneiderstraße mbH ()
INFO:__main__:Extracted: Wolff Jaffe Posen mit Zweigniederlassung in Berlin-Wilmersdorf (trade)
INFO:__main__:Extracted: Wolf Wachskerz (trade)
INFO:__main__:Extracted: Wolf & Schlachter ()
INFO:__main__:Extracted: Wolff Schmul (trade)
INFO:__main__:Extracted: Wolf Zucker (trade)
INFO:__main__:Extracted: Wolf Boas (trade)
INFO:__main__:Extracted: Wolff Weitz ()
INFO:__main__:Extracted: Wolf, Charlotte ()
INFO:__main__:Extracted: Wolf Eckstein (trade)
INFO:__main__:Extracted: Wolff u. Leonhardt (handicraft)
INFO:__main__:Extracted: Wolff ()
INFO:__main__:Extracted 10 businesses from https://www2.hu-berlin.de/djgb/public/en/find?q=&fq=&sort=unternehmenasc&page=999
INFO:__main__:Extracted: Wolffenstein & Horwitz ()
INFO:__main__:Extracted: Wolff & Bukoszer ()
INFO:__main__:Extracted: Wolfgang Plessner (trade)
INFO:__main__:Extracted 10 businesses from https://www2.hu-berlin.de/djgb/public/en/find?q=&fq=&sort=unternehmenasc&page=1000
INFO:__main__:Extracted 10 businesses from https://www2.hu-berlin.de/djgb/public/en/find?q=&fq=&sort=unternehmenasc&page=1001
INFO:__main__:Using cached content for https://www2.hu-berlin.de/djgb/public/en/find?q=&fq=&sort=unternehmenasc&page=1003
INFO:__main__:Extracted: Wreschner, Siegbert ()
INFO:__main__:Extracted: Wum Stoffe Jacob & Cohn ()
INFO:__main__:Extracted: Wyngaard & Ebeling ()
INFO:__main__:Extracted: Wärmestelle Steine und Erden GmbH ()
INFO:__main__:Extracted: Wäsche- u. Bettenhaus Salomon Einhorn (trade)
INFO:__main__:Extracted: Wäsche-Industrie Berlin vorm. Schloßmann GmbH (trade)
INFO:__main__:Extracted: Wäsche-Verleih-Geschäft Meteor Max Vandsburger ()
INFO:__main__:Extracted: Wäsche-Versand Georg Margulies ()
INFO:__main__:Extracted: Wäscheatelier Rado, Anna Sternberg und Susi Rado ()
INFO:__main__:Extracted: Wäschefabrik Sally Cohn (trade)
INFO:__main__:Extracted 10 businesses from https://www2.hu-berlin.de/djgb/public/en/find?q=&fq=&sort=unternehmenasc&page=1003
INFO:__main__:Using cached content for https://www2.hu-berlin.de/djgb/public/en/find?q=&fq=&sort=unternehmenasc&page=1002
INFO:__main__:Extracted: Wolfsohn & Müllerheim GmbH ()
INFO:__main__:Using cached content for https://www2.hu-berlin.de/djgb/public/en/find?q=&fq=&sort=unternehmenasc&page=1004
INFO:__main__:Extracted: Wolfsohn & Neumann ()
INFO:__main__:Extracted: Wäschefabrikation Centrum Leo Rosenberg ()
INFO:__main__:Extracted: Wolfson, Betty ()
INFO:__main__:Extracted: Wäschefabrikation am Winterfeldplatz Klara Dzialowski (industry)
INFO:__main__:Extracted: Wollenberg & Rachholz (trade)
INFO:__main__:Using cached content for https://www2.hu-berlin.de/djgb/public/en/find?q=&fq=&sort=unternehmenasc&page=1005
INFO:__main__:Extracted: Wäschehaus R. Kasper ()
INFO:__main__:Extracted: Wollitzer, Wilhelm ()
INFO:__main__:Extracted: Wäscherei Gletscher ()
INFO:__main__:Extracted: Wäschemanufaktur Karl Joel ()
INFO:__main__:Extracted: Wollkeller Hirschhaut & Co ()
INFO:__main__:Extracted: Wäscherei Innsbruck ()
INFO:__main__:Extracted: Wäscherei Antonius ()
INFO:__main__:Extracted: Wollstein, Textilgeschäft ()
INFO:__main__:Extracted: Wäscherei Kirbs ()
INFO:__main__:Extracted: Wäscherei Buley ()
INFO:__main__:Extracted: Wolpert & Bendix ()
INFO:__main__:Extracted: Wäscherei Köpke ()
INFO:__main__:Extracted: Wäscherei Frau Knauder ()
INFO:__main__:Extracted: Worrmann & Co ()
INFO:__main__:Extracted: Wäscherei Matthes ()
INFO:__main__:Extracted: Wäscherei Frauenlob ()
INFO:__main__:Extracted: Wrangel-Apotheke und Drogenhandlung Ludwig Peiser (trade)
INFO:__main__:Extracted: Wäscherei Matthey ()
INFO:__main__:Extracted: Wäscherei Geisberg ()
INFO:__main__:Extracted 10 businesses from https://www2.hu-berlin.de/djgb/public/en/find?q=&fq=&sort=unternehmenasc&page=1002
INFO:__main__:Extracted: Wäscherei Nives ()
INFO:__main__:Extracted: Wäscherei Gerda ()
INFO:__main__:Extracted: Wäscherei Roth… ()
INFO:__main__:Extracted 10 businesses from https://www2.hu-berlin.de/djgb/public/en/find?q=&fq=&sort=unternehmenasc&page=1004
INFO:__main__:Extracted: Wäscherei Schulz ()
INFO:__main__:Extracted: Wäscherei Selke ()
INFO:__main__:Extracted 10 businesses from https://www2.hu-berlin.de/djgb/public/en/find?q=&fq=&sort=unternehmenasc&page=1005
INFO:__main__:Using cached content for https://www2.hu-berlin.de/djgb/public/en/find?q=&fq=&sort=unternehmenasc&page=1006
INFO:__main__:Extracted: Wäscherei Wiener ()
INFO:__main__:Extracted: Wäscherei des Ostens, Lewin ()
INFO:__main__:Extracted: Wäscheverleih-Geschäft Elite Arno Vandsburger ()
INFO:__main__:Extracted: Wäscheverleihgeschäft Richard Bach ()
INFO:__main__:Extracted: Wäscheversandhaus Gebr. Weiß (trade)
INFO:__main__:Extracted: Würtenberg, Erich ()
INFO:__main__:Extracted: XXX Adolf Goldmann ()
INFO:__main__:Extracted: XXX Marguerite Werkstatt für kunstgewerbliche Erzeugnisse Margarete Zucker (industry)
INFO:__main__:Extracted: XXX Paul Hirsch (trade)
INFO:__main__:Extracted: Z. & H. Goldbarge KG, Parfümerie-Fabrikation, Vertrieb, Import und Export ()
INFO:__main__:Extracted 10 businesses from https://www2.hu-berlin.de/djgb/public/en/find?q=&fq=&sort=unternehmenasc&page=1006
INFO:__main__:Using cached content for https://www2.hu-berlin.de/djgb/public/en/find?q=&fq=&sort=unternehmenasc&page=1008
INFO:__main__:Extracted: Zellermayer & Bauer (trade)
INFO:__main__:Extracted: Zentra Apparate Vertrieb Regina Weißberger ()
INFO:__main__:Extracted: Zeppelin-Drogerie Apotheker Arthur Schaefer ()
INFO:__main__:Using cached content for https://www2.hu-berlin.de/djgb/public/en/find?q=&fq=&sort=unternehmenasc&page=1007
INFO:__main__:Extracted: Zernick, Eugen ()
INFO:__main__:Using cached content for https://www2.hu-berlin.de/djgb/public/en/find?q=&fq=&sort=unternehmenasc&page=1009
INFO:__main__:Extracted: Z. Alexander (trade)
INFO:__main__:Extracted: Zettha-Waren-Credit-GmbH (trade)
INFO:__main__:Extracted: Zigarettenfabrik Enver Bey GmbH ()
INFO:__main__:Extracted: Z. Alter & Co ()
INFO:__main__:Extracted: Zeug, Jakob ()
INFO:__main__:Extracted: Zigarren-Vertrieb Berolina GmbH (trade)
INFO:__main__:Extracted: Z. Rottenburg ()
INFO:__main__:Extracted: Ziegler, Hermann ()
INFO:__main__:Extracted: Zigarrenhaus Frohnhausen Gertrud Frohnhausen (trade)
INFO:__main__:Extracted: Zacharias Weinreb ()
INFO:__main__:Extracted: Zierler Sara ()
INFO:__main__:Extracted: Zigarrenhaus Stein ()
INFO:__main__:Extracted: Zander & Labisch ()
INFO:__main__:Extracted: Zieten Apotheke Carl Weiß ()
INFO:__main__:Extracted: Zilkeliski ()
INFO:__main__:Extracted: Zappert, Max ()
INFO:__main__:Extracted: Zigaretten- und Tabakfabrik Mossul Wilhelm Sand & Goldstein (industry)
INFO:__main__:Extracted: Zimmermann GmbH (trade)
INFO:__main__:Extracted: Zefan-GmbH (trade)
INFO:__main__:Extracted 10 businesses from https://www2.hu-berlin.de/djgb/public/en/find?q=&fq=&sort=unternehmenasc&page=1008
INFO:__main__:Extracted: Zimmerstrasse 10 Grundstücks-AG (trade)
INFO:__main__:Extracted: Zehl & Koch (handicraft)
INFO:__main__:Extracted: Zina Kerner Makler Agent (trade)
INFO:__main__:Extracted: Zeidler & Remak Metallwarenfabrik (industry)
INFO:__main__:Extracted: Zinkblech-Vertriebs-Gesellschaft mbH ()
INFO:__main__:Using cached content for https://www2.hu-berlin.de/djgb/public/en/find?q=&fq=&sort=unternehmenasc&page=1010
INFO:__main__:Extracted: Zelechow's Tabakwarengroßhandlung M. & B. Zelechow ()
INFO:__main__:Extracted: Zinkraffinerie Oberspree GmbH ()
INFO:__main__:Extracted: Zions-Apotheke u. Drogerie Isbert Semmel ()
INFO:__main__:Extracted 10 businesses from https://www2.hu-berlin.de/djgb/public/en/find?q=&fq=&sort=unternehmenasc&page=1007
INFO:__main__:Extracted 10 businesses from https://www2.hu-berlin.de/djgb/public/en/find?q=&fq=&sort=unternehmenasc&page=1009
INFO:__main__:Extracted: Zipa Dlougatsch ()
INFO:__main__:Extracted: Zobel & Co (trade)
INFO:__main__:Extracted: Zoellner Werke AG für Farben und Lackfabrikation vorm. S. H. Cohn ()
INFO:__main__:Extracted: Zoellner-Werke Gesellschaft für Farben- und Lackfabrikation mbH ()
INFO:__main__:Extracted: Zolki, Leopold ()
INFO:__main__:Extracted: Zollspedition B. Nachmansson & Co ()
INFO:__main__:Extracted: Zoo-Garagen und Gaststätten Betriebsgesellschaft mbH (services)
INFO:__main__:Extracted: Zschopauer Motorenwerke Jörgen Skafte Rasmussen, Büro Berlin, GmbH (industry)
INFO:__main__:Extracted: Zucker-Maisfutter GmbH (trade)
INFO:__main__:Extracted 10 businesses from https://www2.hu-berlin.de/djgb/public/en/find?q=&fq=&sort=unternehmenasc&page=1010
INFO:__main__:Using cached content for https://www2.hu-berlin.de/djgb/public/en/find?q=&fq=&sort=unternehmenasc&page=1012
INFO:__main__:Using cached content for https://www2.hu-berlin.de/djgb/public/en/find?q=&fq=&sort=unternehmenasc&page=1011
INFO:__main__:Extracted: van Bienen & Fischbein (trade)
INFO:__main__:Using cached content for https://www2.hu-berlin.de/djgb/public/en/find?q=&fq=&sort=unternehmenasc&page=1013
INFO:__main__:Extracted: Zucker-Vertrieb GmbH ()
INFO:__main__:Extracted: van Dam & Co (trade)
INFO:__main__:Extracted: Ökonom Technische Gesellschaft für Wärmewirtschaft und für selbsttätige Zuregelung für Feuerungsanlagen mbH (industry)
INFO:__main__:Extracted: Zuckermann, Goldstein & Co GmbH ()
INFO:__main__:Extracted: van Diemen & Co GmbH (trade)
INFO:__main__:Extracted 1 businesses from https://www2.hu-berlin.de/djgb/public/en/find?q=&fq=&sort=unternehmenasc&page=1013
INFO:__main__:Extracted: Zum Blusenkönig Inh. Richard u. Hedwig Hirschhahn (trade)
INFO:__main__:Extracted: van der Hoeven & Bickenbach AG Darmgroßhandlung und Saitlingssortieranstalt (trade)
INFO:__main__:Extracted: Zum Räucherfisch Ernst Neimann ()
INFO:__main__:Extracted: van der Hoeven & Bickenbach GmbH ()
INFO:__main__:Extracted: Zweig, Margot, geb. Leyser ()
INFO:__main__:Extracted: von Arnim & Erfurt GmbH ()
INFO:__main__:Extracted: Zwiebel & Co Elektrobau GmbH ()
INFO:__main__:Extracted: von Friedländer-Fuld Central-Verwaltung GmbH (services)
INFO:__main__:Extracted: Zyka (test maria db cms) ()
INFO:__main__:Extracted: von Goldschmidt-Rothschild & Co (trade)
INFO:__main__:Extracted: Zymel Tannenbaum ()
INFO:__main__:Extracted: von Heyne & Co ()
INFO:__main__:Extracted: beli Material Julius Cassel ()
INFO:__main__:Extracted: von Terpitz & Wachsmuth GmbH (trade)
INFO:__main__:Extracted: in Liq. Chorinerstraße 31 GmbH ()
INFO:__main__:Extracted 10 businesses from https://www2.hu-berlin.de/djgb/public/en/find?q=&fq=&sort=unternehmenasc&page=1012
INFO:__main__:Extracted 10 businesses from https://www2.hu-berlin.de/djgb/public/en/find?q=&fq=&sort=unternehmenasc&page=1011
INFO:__main__:Completed https://www2.hu-berlin.de/djgb/public/en/find?q=&fq=&sort=unternehmenasc&page=404: 10 businesses
INFO:__main__:Completed https://www2.hu-berlin.de/djgb/public/en/find?q=&fq=&sort=unternehmenasc&page=408: 10 businesses
INFO:__main__:Completed https://www2.hu-berlin.de/djgb/public/en/find?q=&fq=&sort=unternehmenasc&page=407: 10 businesses
INFO:__main__:Completed https://www2.hu-berlin.de/djgb/public/en/find?q=&fq=&sort=unternehmenasc&page=409: 10 businesses
INFO:__main__:Completed https://www2.hu-berlin.de/djgb/public/en/find?q=&fq=&sort=unternehmenasc&page=412: 10 businesses
INFO:__main__:Completed https://www2.hu-berlin.de/djgb/public/en/find?q=&fq=&sort=unternehmenasc&page=411: 10 businesses
INFO:__main__:Completed https://www2.hu-berlin.de/djgb/public/en/find?q=&fq=&sort=unternehmenasc&page=410: 10 businesses
INFO:__main__:Completed https://www2.hu-berlin.de/djgb/public/en/find?q=&fq=&sort=unternehmenasc&page=413: 10 businesses
INFO:__main__:Completed https://www2.hu-berlin.de/djgb/public/en/find?q=&fq=&sort=unternehmenasc&page=414: 10 businesses
INFO:__main__:Completed https://www2.hu-berlin.de/djgb/public/en/find?q=&fq=&sort=unternehmenasc&page=415: 10 businesses
INFO:__main__:Completed https://www2.hu-berlin.de/djgb/public/en/find?q=&fq=&sort=unternehmenasc&page=416: 10 businesses
INFO:__main__:Completed https://www2.hu-berlin.de/djgb/public/en/find?q=&fq=&sort=unternehmenasc&page=417: 10 businesses
INFO:__main__:Completed https://www2.hu-berlin.de/djgb/public/en/find?q=&fq=&sort=unternehmenasc&page=419: 10 businesses
INFO:__main__:Completed https://www2.hu-berlin.de/djgb/public/en/find?q=&fq=&sort=unternehmenasc&page=418: 10 businesses
INFO:__main__:Completed https://www2.hu-berlin.de/djgb/public/en/find?q=&fq=&sort=unternehmenasc&page=420: 10 businesses
INFO:__main__:Completed https://www2.hu-berlin.de/djgb/public/en/find?q=&fq=&sort=unternehmenasc&page=421: 10 businesses
INFO:__main__:Completed https://www2.hu-berlin.de/djgb/public/en/find?q=&fq=&sort=unternehmenasc&page=422: 10 businesses
INFO:__main__:Completed https://www2.hu-berlin.de/djgb/public/en/find?q=&fq=&sort=unternehmenasc&page=423: 10 businesses
INFO:__main__:Completed https://www2.hu-berlin.de/djgb/public/en/find?q=&fq=&sort=unternehmenasc&page=425: 10 businesses
INFO:__main__:Completed https://www2.hu-berlin.de/djgb/public/en/find?q=&fq=&sort=unternehmenasc&page=424: 10 businesses
INFO:__main__:Completed https://www2.hu-berlin.de/djgb/public/en/find?q=&fq=&sort=unternehmenasc&page=426: 10 businesses
INFO:__main__:Completed https://www2.hu-berlin.de/djgb/public/en/find?q=&fq=&sort=unternehmenasc&page=428: 10 businesses
INFO:__main__:Completed https://www2.hu-berlin.de/djgb/public/en/find?q=&fq=&sort=unternehmenasc&page=427: 10 businesses
INFO:__main__:Completed https://www2.hu-berlin.de/djgb/public/en/find?q=&fq=&sort=unternehmenasc&page=429: 10 businesses
INFO:__main__:Completed https://www2.hu-berlin.de/djgb/public/en/find?q=&fq=&sort=unternehmenasc&page=430: 10 businesses
INFO:__main__:Completed https://www2.hu-berlin.de/djgb/public/en/find?q=&fq=&sort=unternehmenasc&page=431: 10 businesses
INFO:__main__:Completed https://www2.hu-berlin.de/djgb/public/en/find?q=&fq=&sort=unternehmenasc&page=432: 10 businesses
INFO:__main__:Completed https://www2.hu-berlin.de/djgb/public/en/find?q=&fq=&sort=unternehmenasc&page=433: 10 businesses
INFO:__main__:Completed https://www2.hu-berlin.de/djgb/public/en/find?q=&fq=&sort=unternehmenasc&page=434: 10 businesses
INFO:__main__:Completed https://www2.hu-berlin.de/djgb/public/en/find?q=&fq=&sort=unternehmenasc&page=435: 10 businesses
INFO:__main__:Completed https://www2.hu-berlin.de/djgb/public/en/find?q=&fq=&sort=unternehmenasc&page=436: 10 businesses
INFO:__main__:Completed https://www2.hu-berlin.de/djgb/public/en/find?q=&fq=&sort=unternehmenasc&page=437: 10 businesses
INFO:__main__:Completed https://www2.hu-berlin.de/djgb/public/en/find?q=&fq=&sort=unternehmenasc&page=438: 10 businesses
INFO:__main__:Completed https://www2.hu-berlin.de/djgb/public/en/find?q=&fq=&sort=unternehmenasc&page=439: 10 businesses
INFO:__main__:Completed https://www2.hu-berlin.de/djgb/public/en/find?q=&fq=&sort=unternehmenasc&page=440: 10 businesses
INFO:__main__:Completed https://www2.hu-berlin.de/djgb/public/en/find?q=&fq=&sort=unternehmenasc&page=441: 10 businesses
INFO:__main__:Completed https://www2.hu-berlin.de/djgb/public/en/find?q=&fq=&sort=unternehmenasc&page=442: 10 businesses
INFO:__main__:Completed https://www2.hu-berlin.de/djgb/public/en/find?q=&fq=&sort=unternehmenasc&page=443: 10 businesses
INFO:__main__:Completed https://www2.hu-berlin.de/djgb/public/en/find?q=&fq=&sort=unternehmenasc&page=444: 10 businesses
INFO:__main__:Completed https://www2.hu-berlin.de/djgb/public/en/find?q=&fq=&sort=unternehmenasc&page=446: 10 businesses
INFO:__main__:Completed https://www2.hu-berlin.de/djgb/public/en/find?q=&fq=&sort=unternehmenasc&page=445: 10 businesses
INFO:__main__:Completed https://www2.hu-berlin.de/djgb/public/en/find?q=&fq=&sort=unternehmenasc&page=447: 10 businesses
INFO:__main__:Completed https://www2.hu-berlin.de/djgb/public/en/find?q=&fq=&sort=unternehmenasc&page=448: 10 businesses
INFO:__main__:Completed https://www2.hu-berlin.de/djgb/public/en/find?q=&fq=&sort=unternehmenasc&page=449: 10 businesses
INFO:__main__:Completed https://www2.hu-berlin.de/djgb/public/en/find?q=&fq=&sort=unternehmenasc&page=450: 10 businesses
INFO:__main__:Completed https://www2.hu-berlin.de/djgb/public/en/find?q=&fq=&sort=unternehmenasc&page=452: 10 businesses
INFO:__main__:Completed https://www2.hu-berlin.de/djgb/public/en/find?q=&fq=&sort=unternehmenasc&page=451: 10 businesses
INFO:__main__:Completed https://www2.hu-berlin.de/djgb/public/en/find?q=&fq=&sort=unternehmenasc&page=453: 10 businesses
INFO:__main__:Completed https://www2.hu-berlin.de/djgb/public/en/find?q=&fq=&sort=unternehmenasc&page=454: 10 businesses
INFO:__main__:Completed https://www2.hu-berlin.de/djgb/public/en/find?q=&fq=&sort=unternehmenasc&page=455: 10 businesses
INFO:__main__:Completed https://www2.hu-berlin.de/djgb/public/en/find?q=&fq=&sort=unternehmenasc&page=456: 10 businesses
INFO:__main__:Completed https://www2.hu-berlin.de/djgb/public/en/find?q=&fq=&sort=unternehmenasc&page=458: 10 businesses
INFO:__main__:Completed https://www2.hu-berlin.de/djgb/public/en/find?q=&fq=&sort=unternehmenasc&page=457: 10 businesses
INFO:__main__:Completed https://www2.hu-berlin.de/djgb/public/en/find?q=&fq=&sort=unternehmenasc&page=459: 10 businesses
INFO:__main__:Completed https://www2.hu-berlin.de/djgb/public/en/find?q=&fq=&sort=unternehmenasc&page=460: 10 businesses
INFO:__main__:Completed https://www2.hu-berlin.de/djgb/public/en/find?q=&fq=&sort=unternehmenasc&page=462: 10 businesses
INFO:__main__:Completed https://www2.hu-berlin.de/djgb/public/en/find?q=&fq=&sort=unternehmenasc&page=461: 10 businesses
INFO:__main__:Completed https://www2.hu-berlin.de/djgb/public/en/find?q=&fq=&sort=unternehmenasc&page=463: 10 businesses
INFO:__main__:Completed https://www2.hu-berlin.de/djgb/public/en/find?q=&fq=&sort=unternehmenasc&page=464: 10 businesses
INFO:__main__:Completed https://www2.hu-berlin.de/djgb/public/en/find?q=&fq=&sort=unternehmenasc&page=465: 10 businesses
INFO:__main__:Completed https://www2.hu-berlin.de/djgb/public/en/find?q=&fq=&sort=unternehmenasc&page=466: 10 businesses
INFO:__main__:Completed https://www2.hu-berlin.de/djgb/public/en/find?q=&fq=&sort=unternehmenasc&page=467: 10 businesses
INFO:__main__:Completed https://www2.hu-berlin.de/djgb/public/en/find?q=&fq=&sort=unternehmenasc&page=468: 10 businesses
INFO:__main__:Completed https://www2.hu-berlin.de/djgb/public/en/find?q=&fq=&sort=unternehmenasc&page=469: 10 businesses
INFO:__main__:Completed https://www2.hu-berlin.de/djgb/public/en/find?q=&fq=&sort=unternehmenasc&page=470: 10 businesses
INFO:__main__:Completed https://www2.hu-berlin.de/djgb/public/en/find?q=&fq=&sort=unternehmenasc&page=471: 10 businesses
INFO:__main__:Completed https://www2.hu-berlin.de/djgb/public/en/find?q=&fq=&sort=unternehmenasc&page=472: 10 businesses
INFO:__main__:Completed https://www2.hu-berlin.de/djgb/public/en/find?q=&fq=&sort=unternehmenasc&page=473: 10 businesses
INFO:__main__:Completed https://www2.hu-berlin.de/djgb/public/en/find?q=&fq=&sort=unternehmenasc&page=474: 10 businesses
INFO:__main__:Completed https://www2.hu-berlin.de/djgb/public/en/find?q=&fq=&sort=unternehmenasc&page=475: 10 businesses
INFO:__main__:Completed https://www2.hu-berlin.de/djgb/public/en/find?q=&fq=&sort=unternehmenasc&page=476: 10 businesses
INFO:__main__:Completed https://www2.hu-berlin.de/djgb/public/en/find?q=&fq=&sort=unternehmenasc&page=477: 10 businesses
INFO:__main__:Completed https://www2.hu-berlin.de/djgb/public/en/find?q=&fq=&sort=unternehmenasc&page=478: 10 businesses
INFO:__main__:Completed https://www2.hu-berlin.de/djgb/public/en/find?q=&fq=&sort=unternehmenasc&page=479: 10 businesses
INFO:__main__:Completed https://www2.hu-berlin.de/djgb/public/en/find?q=&fq=&sort=unternehmenasc&page=480: 10 businesses
INFO:__main__:Completed https://www2.hu-berlin.de/djgb/public/en/find?q=&fq=&sort=unternehmenasc&page=481: 10 businesses
INFO:__main__:Completed https://www2.hu-berlin.de/djgb/public/en/find?q=&fq=&sort=unternehmenasc&page=482: 10 businesses
INFO:__main__:Completed https://www2.hu-berlin.de/djgb/public/en/find?q=&fq=&sort=unternehmenasc&page=483: 10 businesses
INFO:__main__:Completed https://www2.hu-berlin.de/djgb/public/en/find?q=&fq=&sort=unternehmenasc&page=484: 10 businesses
INFO:__main__:Completed https://www2.hu-berlin.de/djgb/public/en/find?q=&fq=&sort=unternehmenasc&page=485: 10 businesses
INFO:__main__:Completed https://www2.hu-berlin.de/djgb/public/en/find?q=&fq=&sort=unternehmenasc&page=488: 10 businesses
INFO:__main__:Completed https://www2.hu-berlin.de/djgb/public/en/find?q=&fq=&sort=unternehmenasc&page=487: 10 businesses
INFO:__main__:Completed https://www2.hu-berlin.de/djgb/public/en/find?q=&fq=&sort=unternehmenasc&page=486: 10 businesses
INFO:__main__:Completed https://www2.hu-berlin.de/djgb/public/en/find?q=&fq=&sort=unternehmenasc&page=489: 10 businesses
INFO:__main__:Completed https://www2.hu-berlin.de/djgb/public/en/find?q=&fq=&sort=unternehmenasc&page=490: 10 businesses
INFO:__main__:Completed https://www2.hu-berlin.de/djgb/public/en/find?q=&fq=&sort=unternehmenasc&page=491: 10 businesses
INFO:__main__:Completed https://www2.hu-berlin.de/djgb/public/en/find?q=&fq=&sort=unternehmenasc&page=493: 10 businesses
INFO:__main__:Completed https://www2.hu-berlin.de/djgb/public/en/find?q=&fq=&sort=unternehmenasc&page=492: 10 businesses
INFO:__main__:Completed https://www2.hu-berlin.de/djgb/public/en/find?q=&fq=&sort=unternehmenasc&page=494: 10 businesses
INFO:__main__:Completed https://www2.hu-berlin.de/djgb/public/en/find?q=&fq=&sort=unternehmenasc&page=497: 10 businesses
INFO:__main__:Completed https://www2.hu-berlin.de/djgb/public/en/find?q=&fq=&sort=unternehmenasc&page=495: 10 businesses
INFO:__main__:Completed https://www2.hu-berlin.de/djgb/public/en/find?q=&fq=&sort=unternehmenasc&page=496: 10 businesses
INFO:__main__:Completed https://www2.hu-berlin.de/djgb/public/en/find?q=&fq=&sort=unternehmenasc&page=498: 10 businesses
INFO:__main__:Completed https://www2.hu-berlin.de/djgb/public/en/find?q=&fq=&sort=unternehmenasc&page=499: 10 businesses
INFO:__main__:Completed https://www2.hu-berlin.de/djgb/public/en/find?q=&fq=&sort=unternehmenasc&page=500: 10 businesses
INFO:__main__:Completed https://www2.hu-berlin.de/djgb/public/en/find?q=&fq=&sort=unternehmenasc&page=501: 10 businesses
INFO:__main__:Completed https://www2.hu-berlin.de/djgb/public/en/find?q=&fq=&sort=unternehmenasc&page=502: 10 businesses
INFO:__main__:Completed https://www2.hu-berlin.de/djgb/public/en/find?q=&fq=&sort=unternehmenasc&page=503: 10 businesses
INFO:__main__:Completed https://www2.hu-berlin.de/djgb/public/en/find?q=&fq=&sort=unternehmenasc&page=504: 10 businesses
INFO:__main__:Completed https://www2.hu-berlin.de/djgb/public/en/find?q=&fq=&sort=unternehmenasc&page=506: 10 businesses
INFO:__main__:Completed https://www2.hu-berlin.de/djgb/public/en/find?q=&fq=&sort=unternehmenasc&page=505: 10 businesses
INFO:__main__:Completed https://www2.hu-berlin.de/djgb/public/en/find?q=&fq=&sort=unternehmenasc&page=507: 10 businesses
INFO:__main__:Completed https://www2.hu-berlin.de/djgb/public/en/find?q=&fq=&sort=unternehmenasc&page=508: 10 businesses
INFO:__main__:Completed https://www2.hu-berlin.de/djgb/public/en/find?q=&fq=&sort=unternehmenasc&page=509: 10 businesses
INFO:__main__:Completed https://www2.hu-berlin.de/djgb/public/en/find?q=&fq=&sort=unternehmenasc&page=510: 10 businesses
INFO:__main__:Completed https://www2.hu-berlin.de/djgb/public/en/find?q=&fq=&sort=unternehmenasc&page=512: 10 businesses
INFO:__main__:Completed https://www2.hu-berlin.de/djgb/public/en/find?q=&fq=&sort=unternehmenasc&page=513: 10 businesses
INFO:__main__:Completed https://www2.hu-berlin.de/djgb/public/en/find?q=&fq=&sort=unternehmenasc&page=511: 10 businesses
INFO:__main__:Completed https://www2.hu-berlin.de/djgb/public/en/find?q=&fq=&sort=unternehmenasc&page=516: 10 businesses
INFO:__main__:Completed https://www2.hu-berlin.de/djgb/public/en/find?q=&fq=&sort=unternehmenasc&page=514: 10 businesses
INFO:__main__:Completed https://www2.hu-berlin.de/djgb/public/en/find?q=&fq=&sort=unternehmenasc&page=515: 10 businesses
INFO:__main__:Completed https://www2.hu-berlin.de/djgb/public/en/find?q=&fq=&sort=unternehmenasc&page=517: 10 businesses
INFO:__main__:Completed https://www2.hu-berlin.de/djgb/public/en/find?q=&fq=&sort=unternehmenasc&page=519: 10 businesses
INFO:__main__:Completed https://www2.hu-berlin.de/djgb/public/en/find?q=&fq=&sort=unternehmenasc&page=518: 10 businesses
INFO:__main__:Completed https://www2.hu-berlin.de/djgb/public/en/find?q=&fq=&sort=unternehmenasc&page=522: 10 businesses
INFO:__main__:Completed https://www2.hu-berlin.de/djgb/public/en/find?q=&fq=&sort=unternehmenasc&page=521: 10 businesses
INFO:__main__:Completed https://www2.hu-berlin.de/djgb/public/en/find?q=&fq=&sort=unternehmenasc&page=520: 10 businesses
INFO:__main__:Completed https://www2.hu-berlin.de/djgb/public/en/find?q=&fq=&sort=unternehmenasc&page=523: 10 businesses
INFO:__main__:Completed https://www2.hu-berlin.de/djgb/public/en/find?q=&fq=&sort=unternehmenasc&page=524: 10 businesses
INFO:__main__:Completed https://www2.hu-berlin.de/djgb/public/en/find?q=&fq=&sort=unternehmenasc&page=525: 10 businesses
INFO:__main__:Completed https://www2.hu-berlin.de/djgb/public/en/find?q=&fq=&sort=unternehmenasc&page=526: 10 businesses
INFO:__main__:Completed https://www2.hu-berlin.de/djgb/public/en/find?q=&fq=&sort=unternehmenasc&page=528: 10 businesses
INFO:__main__:Completed https://www2.hu-berlin.de/djgb/public/en/find?q=&fq=&sort=unternehmenasc&page=527: 10 businesses
INFO:__main__:Completed https://www2.hu-berlin.de/djgb/public/en/find?q=&fq=&sort=unternehmenasc&page=529: 10 businesses
INFO:__main__:Completed https://www2.hu-berlin.de/djgb/public/en/find?q=&fq=&sort=unternehmenasc&page=530: 10 businesses
INFO:__main__:Completed https://www2.hu-berlin.de/djgb/public/en/find?q=&fq=&sort=unternehmenasc&page=531: 10 businesses
INFO:__main__:Completed https://www2.hu-berlin.de/djgb/public/en/find?q=&fq=&sort=unternehmenasc&page=533: 10 businesses
INFO:__main__:Completed https://www2.hu-berlin.de/djgb/public/en/find?q=&fq=&sort=unternehmenasc&page=534: 10 businesses
INFO:__main__:Completed https://www2.hu-berlin.de/djgb/public/en/find?q=&fq=&sort=unternehmenasc&page=532: 10 businesses
INFO:__main__:Completed https://www2.hu-berlin.de/djgb/public/en/find?q=&fq=&sort=unternehmenasc&page=536: 10 businesses
INFO:__main__:Completed https://www2.hu-berlin.de/djgb/public/en/find?q=&fq=&sort=unternehmenasc&page=537: 10 businesses
INFO:__main__:Completed https://www2.hu-berlin.de/djgb/public/en/find?q=&fq=&sort=unternehmenasc&page=535: 10 businesses
INFO:__main__:Completed https://www2.hu-berlin.de/djgb/public/en/find?q=&fq=&sort=unternehmenasc&page=540: 10 businesses
INFO:__main__:Completed https://www2.hu-berlin.de/djgb/public/en/find?q=&fq=&sort=unternehmenasc&page=538: 10 businesses
INFO:__main__:Completed https://www2.hu-berlin.de/djgb/public/en/find?q=&fq=&sort=unternehmenasc&page=539: 10 businesses
INFO:__main__:Completed https://www2.hu-berlin.de/djgb/public/en/find?q=&fq=&sort=unternehmenasc&page=541: 10 businesses
INFO:__main__:Completed https://www2.hu-berlin.de/djgb/public/en/find?q=&fq=&sort=unternehmenasc&page=543: 10 businesses
INFO:__main__:Completed https://www2.hu-berlin.de/djgb/public/en/find?q=&fq=&sort=unternehmenasc&page=542: 10 businesses
INFO:__main__:Completed https://www2.hu-berlin.de/djgb/public/en/find?q=&fq=&sort=unternehmenasc&page=545: 10 businesses
INFO:__main__:Completed https://www2.hu-berlin.de/djgb/public/en/find?q=&fq=&sort=unternehmenasc&page=544: 10 businesses
INFO:__main__:Completed https://www2.hu-berlin.de/djgb/public/en/find?q=&fq=&sort=unternehmenasc&page=546: 10 businesses
INFO:__main__:Completed https://www2.hu-berlin.de/djgb/public/en/find?q=&fq=&sort=unternehmenasc&page=548: 10 businesses
INFO:__main__:Completed https://www2.hu-berlin.de/djgb/public/en/find?q=&fq=&sort=unternehmenasc&page=549: 10 businesses
INFO:__main__:Completed https://www2.hu-berlin.de/djgb/public/en/find?q=&fq=&sort=unternehmenasc&page=547: 10 businesses
INFO:__main__:Completed https://www2.hu-berlin.de/djgb/public/en/find?q=&fq=&sort=unternehmenasc&page=550: 10 businesses
INFO:__main__:Completed https://www2.hu-berlin.de/djgb/public/en/find?q=&fq=&sort=unternehmenasc&page=551: 10 businesses
INFO:__main__:Completed https://www2.hu-berlin.de/djgb/public/en/find?q=&fq=&sort=unternehmenasc&page=552: 10 businesses
INFO:__main__:Completed https://www2.hu-berlin.de/djgb/public/en/find?q=&fq=&sort=unternehmenasc&page=553: 10 businesses
INFO:__main__:Completed https://www2.hu-berlin.de/djgb/public/en/find?q=&fq=&sort=unternehmenasc&page=554: 10 businesses
INFO:__main__:Completed https://www2.hu-berlin.de/djgb/public/en/find?q=&fq=&sort=unternehmenasc&page=555: 10 businesses
INFO:__main__:Completed https://www2.hu-berlin.de/djgb/public/en/find?q=&fq=&sort=unternehmenasc&page=557: 10 businesses
INFO:__main__:Completed https://www2.hu-berlin.de/djgb/public/en/find?q=&fq=&sort=unternehmenasc&page=556: 10 businesses
INFO:__main__:Completed https://www2.hu-berlin.de/djgb/public/en/find?q=&fq=&sort=unternehmenasc&page=558: 10 businesses
INFO:__main__:Completed https://www2.hu-berlin.de/djgb/public/en/find?q=&fq=&sort=unternehmenasc&page=560: 10 businesses
INFO:__main__:Completed https://www2.hu-berlin.de/djgb/public/en/find?q=&fq=&sort=unternehmenasc&page=561: 10 businesses
INFO:__main__:Completed https://www2.hu-berlin.de/djgb/public/en/find?q=&fq=&sort=unternehmenasc&page=559: 10 businesses
INFO:__main__:Completed https://www2.hu-berlin.de/djgb/public/en/find?q=&fq=&sort=unternehmenasc&page=562: 10 businesses
INFO:__main__:Completed https://www2.hu-berlin.de/djgb/public/en/find?q=&fq=&sort=unternehmenasc&page=564: 10 businesses
INFO:__main__:Completed https://www2.hu-berlin.de/djgb/public/en/find?q=&fq=&sort=unternehmenasc&page=563: 10 businesses
INFO:__main__:Completed https://www2.hu-berlin.de/djgb/public/en/find?q=&fq=&sort=unternehmenasc&page=565: 10 businesses
INFO:__main__:Completed https://www2.hu-berlin.de/djgb/public/en/find?q=&fq=&sort=unternehmenasc&page=566: 10 businesses
INFO:__main__:Completed https://www2.hu-berlin.de/djgb/public/en/find?q=&fq=&sort=unternehmenasc&page=567: 10 businesses
INFO:__main__:Completed https://www2.hu-berlin.de/djgb/public/en/find?q=&fq=&sort=unternehmenasc&page=568: 10 businesses
INFO:__main__:Completed https://www2.hu-berlin.de/djgb/public/en/find?q=&fq=&sort=unternehmenasc&page=569: 10 businesses
INFO:__main__:Completed https://www2.hu-berlin.de/djgb/public/en/find?q=&fq=&sort=unternehmenasc&page=570: 10 businesses
INFO:__main__:Completed https://www2.hu-berlin.de/djgb/public/en/find?q=&fq=&sort=unternehmenasc&page=571: 10 businesses
INFO:__main__:Completed https://www2.hu-berlin.de/djgb/public/en/find?q=&fq=&sort=unternehmenasc&page=573: 10 businesses
INFO:__main__:Completed https://www2.hu-berlin.de/djgb/public/en/find?q=&fq=&sort=unternehmenasc&page=574: 10 businesses
INFO:__main__:Completed https://www2.hu-berlin.de/djgb/public/en/find?q=&fq=&sort=unternehmenasc&page=572: 10 businesses
INFO:__main__:Completed https://www2.hu-berlin.de/djgb/public/en/find?q=&fq=&sort=unternehmenasc&page=577: 10 businesses
INFO:__main__:Completed https://www2.hu-berlin.de/djgb/public/en/find?q=&fq=&sort=unternehmenasc&page=575: 10 businesses
INFO:__main__:Completed https://www2.hu-berlin.de/djgb/public/en/find?q=&fq=&sort=unternehmenasc&page=576: 10 businesses
INFO:__main__:Completed https://www2.hu-berlin.de/djgb/public/en/find?q=&fq=&sort=unternehmenasc&page=579: 10 businesses
INFO:__main__:Completed https://www2.hu-berlin.de/djgb/public/en/find?q=&fq=&sort=unternehmenasc&page=578: 10 businesses
INFO:__main__:Completed https://www2.hu-berlin.de/djgb/public/en/find?q=&fq=&sort=unternehmenasc&page=580: 10 businesses
INFO:__main__:Completed https://www2.hu-berlin.de/djgb/public/en/find?q=&fq=&sort=unternehmenasc&page=581: 10 businesses
INFO:__main__:Completed https://www2.hu-berlin.de/djgb/public/en/find?q=&fq=&sort=unternehmenasc&page=582: 10 businesses
INFO:__main__:Completed https://www2.hu-berlin.de/djgb/public/en/find?q=&fq=&sort=unternehmenasc&page=584: 10 businesses
INFO:__main__:Completed https://www2.hu-berlin.de/djgb/public/en/find?q=&fq=&sort=unternehmenasc&page=583: 10 businesses
INFO:__main__:Completed https://www2.hu-berlin.de/djgb/public/en/find?q=&fq=&sort=unternehmenasc&page=585: 10 businesses
INFO:__main__:Completed https://www2.hu-berlin.de/djgb/public/en/find?q=&fq=&sort=unternehmenasc&page=587: 10 businesses
INFO:__main__:Completed https://www2.hu-berlin.de/djgb/public/en/find?q=&fq=&sort=unternehmenasc&page=588: 10 businesses
INFO:__main__:Completed https://www2.hu-berlin.de/djgb/public/en/find?q=&fq=&sort=unternehmenasc&page=586: 10 businesses
INFO:__main__:Completed https://www2.hu-berlin.de/djgb/public/en/find?q=&fq=&sort=unternehmenasc&page=589: 10 businesses
INFO:__main__:Completed https://www2.hu-berlin.de/djgb/public/en/find?q=&fq=&sort=unternehmenasc&page=590: 10 businesses
INFO:__main__:Completed https://www2.hu-berlin.de/djgb/public/en/find?q=&fq=&sort=unternehmenasc&page=592: 10 businesses
INFO:__main__:Completed https://www2.hu-berlin.de/djgb/public/en/find?q=&fq=&sort=unternehmenasc&page=591: 10 businesses
INFO:__main__:Completed https://www2.hu-berlin.de/djgb/public/en/find?q=&fq=&sort=unternehmenasc&page=593: 10 businesses
INFO:__main__:Completed https://www2.hu-berlin.de/djgb/public/en/find?q=&fq=&sort=unternehmenasc&page=594: 10 businesses
INFO:__main__:Completed https://www2.hu-berlin.de/djgb/public/en/find?q=&fq=&sort=unternehmenasc&page=595: 10 businesses
INFO:__main__:Completed https://www2.hu-berlin.de/djgb/public/en/find?q=&fq=&sort=unternehmenasc&page=596: 10 businesses
INFO:__main__:Completed https://www2.hu-berlin.de/djgb/public/en/find?q=&fq=&sort=unternehmenasc&page=599: 10 businesses
INFO:__main__:Completed https://www2.hu-berlin.de/djgb/public/en/find?q=&fq=&sort=unternehmenasc&page=597: 10 businesses
INFO:__main__:Completed https://www2.hu-berlin.de/djgb/public/en/find?q=&fq=&sort=unternehmenasc&page=598: 10 businesses
INFO:__main__:Completed https://www2.hu-berlin.de/djgb/public/en/find?q=&fq=&sort=unternehmenasc&page=600: 10 businesses
INFO:__main__:Completed https://www2.hu-berlin.de/djgb/public/en/find?q=&fq=&sort=unternehmenasc&page=602: 10 businesses
INFO:__main__:Completed https://www2.hu-berlin.de/djgb/public/en/find?q=&fq=&sort=unternehmenasc&page=601: 10 businesses
INFO:__main__:Completed https://www2.hu-berlin.de/djgb/public/en/find?q=&fq=&sort=unternehmenasc&page=603: 10 businesses
INFO:__main__:Completed https://www2.hu-berlin.de/djgb/public/en/find?q=&fq=&sort=unternehmenasc&page=605: 10 businesses
INFO:__main__:Completed https://www2.hu-berlin.de/djgb/public/en/find?q=&fq=&sort=unternehmenasc&page=606: 10 businesses
INFO:__main__:Completed https://www2.hu-berlin.de/djgb/public/en/find?q=&fq=&sort=unternehmenasc&page=604: 10 businesses
INFO:__main__:Completed https://www2.hu-berlin.de/djgb/public/en/find?q=&fq=&sort=unternehmenasc&page=607: 10 businesses
INFO:__main__:Completed https://www2.hu-berlin.de/djgb/public/en/find?q=&fq=&sort=unternehmenasc&page=609: 10 businesses
INFO:__main__:Completed https://www2.hu-berlin.de/djgb/public/en/find?q=&fq=&sort=unternehmenasc&page=610: 10 businesses
INFO:__main__:Completed https://www2.hu-berlin.de/djgb/public/en/find?q=&fq=&sort=unternehmenasc&page=608: 10 businesses
INFO:__main__:Completed https://www2.hu-berlin.de/djgb/public/en/find?q=&fq=&sort=unternehmenasc&page=611: 10 businesses
INFO:__main__:Completed https://www2.hu-berlin.de/djgb/public/en/find?q=&fq=&sort=unternehmenasc&page=614: 10 businesses
INFO:__main__:Completed https://www2.hu-berlin.de/djgb/public/en/find?q=&fq=&sort=unternehmenasc&page=613: 10 businesses
INFO:__main__:Completed https://www2.hu-berlin.de/djgb/public/en/find?q=&fq=&sort=unternehmenasc&page=612: 10 businesses
INFO:__main__:Completed https://www2.hu-berlin.de/djgb/public/en/find?q=&fq=&sort=unternehmenasc&page=615: 10 businesses
INFO:__main__:Completed https://www2.hu-berlin.de/djgb/public/en/find?q=&fq=&sort=unternehmenasc&page=616: 10 businesses
INFO:__main__:Completed https://www2.hu-berlin.de/djgb/public/en/find?q=&fq=&sort=unternehmenasc&page=617: 10 businesses
INFO:__main__:Completed https://www2.hu-berlin.de/djgb/public/en/find?q=&fq=&sort=unternehmenasc&page=618: 10 businesses
INFO:__main__:Completed https://www2.hu-berlin.de/djgb/public/en/find?q=&fq=&sort=unternehmenasc&page=620: 10 businesses
INFO:__main__:Completed https://www2.hu-berlin.de/djgb/public/en/find?q=&fq=&sort=unternehmenasc&page=619: 10 businesses
INFO:__main__:Completed https://www2.hu-berlin.de/djgb/public/en/find?q=&fq=&sort=unternehmenasc&page=623: 10 businesses
INFO:__main__:Completed https://www2.hu-berlin.de/djgb/public/en/find?q=&fq=&sort=unternehmenasc&page=622: 10 businesses
INFO:__main__:Completed https://www2.hu-berlin.de/djgb/public/en/find?q=&fq=&sort=unternehmenasc&page=621: 10 businesses
INFO:__main__:Completed https://www2.hu-berlin.de/djgb/public/en/find?q=&fq=&sort=unternehmenasc&page=624: 10 businesses
INFO:__main__:Completed https://www2.hu-berlin.de/djgb/public/en/find?q=&fq=&sort=unternehmenasc&page=626: 10 businesses
INFO:__main__:Completed https://www2.hu-berlin.de/djgb/public/en/find?q=&fq=&sort=unternehmenasc&page=625: 10 businesses
INFO:__main__:Completed https://www2.hu-berlin.de/djgb/public/en/find?q=&fq=&sort=unternehmenasc&page=629: 10 businesses
INFO:__main__:Completed https://www2.hu-berlin.de/djgb/public/en/find?q=&fq=&sort=unternehmenasc&page=627: 10 businesses
INFO:__main__:Completed https://www2.hu-berlin.de/djgb/public/en/find?q=&fq=&sort=unternehmenasc&page=628: 10 businesses
INFO:__main__:Completed https://www2.hu-berlin.de/djgb/public/en/find?q=&fq=&sort=unternehmenasc&page=630: 10 businesses
INFO:__main__:Completed https://www2.hu-berlin.de/djgb/public/en/find?q=&fq=&sort=unternehmenasc&page=631: 10 businesses
INFO:__main__:Completed https://www2.hu-berlin.de/djgb/public/en/find?q=&fq=&sort=unternehmenasc&page=632: 10 businesses
INFO:__main__:Completed https://www2.hu-berlin.de/djgb/public/en/find?q=&fq=&sort=unternehmenasc&page=633: 10 businesses
INFO:__main__:Completed https://www2.hu-berlin.de/djgb/public/en/find?q=&fq=&sort=unternehmenasc&page=635: 10 businesses
INFO:__main__:Completed https://www2.hu-berlin.de/djgb/public/en/find?q=&fq=&sort=unternehmenasc&page=636: 10 businesses
INFO:__main__:Completed https://www2.hu-berlin.de/djgb/public/en/find?q=&fq=&sort=unternehmenasc&page=634: 10 businesses
INFO:__main__:Completed https://www2.hu-berlin.de/djgb/public/en/find?q=&fq=&sort=unternehmenasc&page=638: 10 businesses
INFO:__main__:Completed https://www2.hu-berlin.de/djgb/public/en/find?q=&fq=&sort=unternehmenasc&page=639: 10 businesses
INFO:__main__:Completed https://www2.hu-berlin.de/djgb/public/en/find?q=&fq=&sort=unternehmenasc&page=637: 10 businesses
INFO:__main__:Completed https://www2.hu-berlin.de/djgb/public/en/find?q=&fq=&sort=unternehmenasc&page=640: 10 businesses
INFO:__main__:Completed https://www2.hu-berlin.de/djgb/public/en/find?q=&fq=&sort=unternehmenasc&page=642: 10 businesses
INFO:__main__:Completed https://www2.hu-berlin.de/djgb/public/en/find?q=&fq=&sort=unternehmenasc&page=641: 10 businesses
INFO:__main__:Completed https://www2.hu-berlin.de/djgb/public/en/find?q=&fq=&sort=unternehmenasc&page=643: 10 businesses
INFO:__main__:Completed https://www2.hu-berlin.de/djgb/public/en/find?q=&fq=&sort=unternehmenasc&page=644: 10 businesses
INFO:__main__:Completed https://www2.hu-berlin.de/djgb/public/en/find?q=&fq=&sort=unternehmenasc&page=646: 10 businesses
INFO:__main__:Completed https://www2.hu-berlin.de/djgb/public/en/find?q=&fq=&sort=unternehmenasc&page=645: 10 businesses
INFO:__main__:Completed https://www2.hu-berlin.de/djgb/public/en/find?q=&fq=&sort=unternehmenasc&page=647: 10 businesses
INFO:__main__:Completed https://www2.hu-berlin.de/djgb/public/en/find?q=&fq=&sort=unternehmenasc&page=649: 10 businesses
INFO:__main__:Completed https://www2.hu-berlin.de/djgb/public/en/find?q=&fq=&sort=unternehmenasc&page=648: 10 businesses
INFO:__main__:Completed https://www2.hu-berlin.de/djgb/public/en/find?q=&fq=&sort=unternehmenasc&page=652: 10 businesses
INFO:__main__:Completed https://www2.hu-berlin.de/djgb/public/en/find?q=&fq=&sort=unternehmenasc&page=651: 10 businesses
INFO:__main__:Completed https://www2.hu-berlin.de/djgb/public/en/find?q=&fq=&sort=unternehmenasc&page=650: 10 businesses
INFO:__main__:Completed https://www2.hu-berlin.de/djgb/public/en/find?q=&fq=&sort=unternehmenasc&page=655: 10 businesses
INFO:__main__:Completed https://www2.hu-berlin.de/djgb/public/en/find?q=&fq=&sort=unternehmenasc&page=654: 10 businesses
INFO:__main__:Completed https://www2.hu-berlin.de/djgb/public/en/find?q=&fq=&sort=unternehmenasc&page=653: 10 businesses
INFO:__main__:Completed https://www2.hu-berlin.de/djgb/public/en/find?q=&fq=&sort=unternehmenasc&page=657: 10 businesses
INFO:__main__:Completed https://www2.hu-berlin.de/djgb/public/en/find?q=&fq=&sort=unternehmenasc&page=656: 10 businesses
INFO:__main__:Completed https://www2.hu-berlin.de/djgb/public/en/find?q=&fq=&sort=unternehmenasc&page=658: 10 businesses
INFO:__main__:Completed https://www2.hu-berlin.de/djgb/public/en/find?q=&fq=&sort=unternehmenasc&page=661: 10 businesses
INFO:__main__:Completed https://www2.hu-berlin.de/djgb/public/en/find?q=&fq=&sort=unternehmenasc&page=659: 10 businesses
INFO:__main__:Completed https://www2.hu-berlin.de/djgb/public/en/find?q=&fq=&sort=unternehmenasc&page=660: 10 businesses
INFO:__main__:Completed https://www2.hu-berlin.de/djgb/public/en/find?q=&fq=&sort=unternehmenasc&page=662: 10 businesses
INFO:__main__:Completed https://www2.hu-berlin.de/djgb/public/en/find?q=&fq=&sort=unternehmenasc&page=664: 10 businesses
INFO:__main__:Completed https://www2.hu-berlin.de/djgb/public/en/find?q=&fq=&sort=unternehmenasc&page=663: 10 businesses
INFO:__main__:Completed https://www2.hu-berlin.de/djgb/public/en/find?q=&fq=&sort=unternehmenasc&page=667: 10 businesses
INFO:__main__:Completed https://www2.hu-berlin.de/djgb/public/en/find?q=&fq=&sort=unternehmenasc&page=666: 10 businesses
INFO:__main__:Completed https://www2.hu-berlin.de/djgb/public/en/find?q=&fq=&sort=unternehmenasc&page=665: 10 businesses
INFO:__main__:Completed https://www2.hu-berlin.de/djgb/public/en/find?q=&fq=&sort=unternehmenasc&page=668: 10 businesses
INFO:__main__:Completed https://www2.hu-berlin.de/djgb/public/en/find?q=&fq=&sort=unternehmenasc&page=669: 10 businesses
INFO:__main__:Completed https://www2.hu-berlin.de/djgb/public/en/find?q=&fq=&sort=unternehmenasc&page=671: 10 businesses
INFO:__main__:Completed https://www2.hu-berlin.de/djgb/public/en/find?q=&fq=&sort=unternehmenasc&page=670: 10 businesses
INFO:__main__:Completed https://www2.hu-berlin.de/djgb/public/en/find?q=&fq=&sort=unternehmenasc&page=674: 10 businesses
INFO:__main__:Completed https://www2.hu-berlin.de/djgb/public/en/find?q=&fq=&sort=unternehmenasc&page=673: 10 businesses
INFO:__main__:Completed https://www2.hu-berlin.de/djgb/public/en/find?q=&fq=&sort=unternehmenasc&page=672: 10 businesses
INFO:__main__:Completed https://www2.hu-berlin.de/djgb/public/en/find?q=&fq=&sort=unternehmenasc&page=675: 10 businesses
INFO:__main__:Completed https://www2.hu-berlin.de/djgb/public/en/find?q=&fq=&sort=unternehmenasc&page=677: 10 businesses
INFO:__main__:Completed https://www2.hu-berlin.de/djgb/public/en/find?q=&fq=&sort=unternehmenasc&page=676: 10 businesses
INFO:__main__:Completed https://www2.hu-berlin.de/djgb/public/en/find?q=&fq=&sort=unternehmenasc&page=678: 10 businesses
INFO:__main__:Completed https://www2.hu-berlin.de/djgb/public/en/find?q=&fq=&sort=unternehmenasc&page=679: 10 businesses
INFO:__main__:Completed https://www2.hu-berlin.de/djgb/public/en/find?q=&fq=&sort=unternehmenasc&page=680: 10 businesses
INFO:__main__:Completed https://www2.hu-berlin.de/djgb/public/en/find?q=&fq=&sort=unternehmenasc&page=683: 10 businesses
INFO:__main__:Completed https://www2.hu-berlin.de/djgb/public/en/find?q=&fq=&sort=unternehmenasc&page=681: 10 businesses
INFO:__main__:Completed https://www2.hu-berlin.de/djgb/public/en/find?q=&fq=&sort=unternehmenasc&page=682: 10 businesses
INFO:__main__:Completed https://www2.hu-berlin.de/djgb/public/en/find?q=&fq=&sort=unternehmenasc&page=684: 10 businesses
INFO:__main__:Completed https://www2.hu-berlin.de/djgb/public/en/find?q=&fq=&sort=unternehmenasc&page=686: 10 businesses
INFO:__main__:Completed https://www2.hu-berlin.de/djgb/public/en/find?q=&fq=&sort=unternehmenasc&page=685: 10 businesses
INFO:__main__:Completed https://www2.hu-berlin.de/djgb/public/en/find?q=&fq=&sort=unternehmenasc&page=687: 10 businesses
INFO:__main__:Completed https://www2.hu-berlin.de/djgb/public/en/find?q=&fq=&sort=unternehmenasc&page=689: 10 businesses
INFO:__main__:Completed https://www2.hu-berlin.de/djgb/public/en/find?q=&fq=&sort=unternehmenasc&page=688: 10 businesses
INFO:__main__:Completed https://www2.hu-berlin.de/djgb/public/en/find?q=&fq=&sort=unternehmenasc&page=690: 10 businesses
INFO:__main__:Completed https://www2.hu-berlin.de/djgb/public/en/find?q=&fq=&sort=unternehmenasc&page=692: 10 businesses
INFO:__main__:Completed https://www2.hu-berlin.de/djgb/public/en/find?q=&fq=&sort=unternehmenasc&page=691: 10 businesses
INFO:__main__:Completed https://www2.hu-berlin.de/djgb/public/en/find?q=&fq=&sort=unternehmenasc&page=693: 10 businesses
INFO:__main__:Completed https://www2.hu-berlin.de/djgb/public/en/find?q=&fq=&sort=unternehmenasc&page=694: 10 businesses
INFO:__main__:Completed https://www2.hu-berlin.de/djgb/public/en/find?q=&fq=&sort=unternehmenasc&page=695: 10 businesses
INFO:__main__:Completed https://www2.hu-berlin.de/djgb/public/en/find?q=&fq=&sort=unternehmenasc&page=697: 10 businesses
INFO:__main__:Completed https://www2.hu-berlin.de/djgb/public/en/find?q=&fq=&sort=unternehmenasc&page=696: 10 businesses
INFO:__main__:Completed https://www2.hu-berlin.de/djgb/public/en/find?q=&fq=&sort=unternehmenasc&page=698: 10 businesses
INFO:__main__:Completed https://www2.hu-berlin.de/djgb/public/en/find?q=&fq=&sort=unternehmenasc&page=700: 10 businesses
INFO:__main__:Completed https://www2.hu-berlin.de/djgb/public/en/find?q=&fq=&sort=unternehmenasc&page=701: 10 businesses
INFO:__main__:Completed https://www2.hu-berlin.de/djgb/public/en/find?q=&fq=&sort=unternehmenasc&page=699: 10 businesses
INFO:__main__:Completed https://www2.hu-berlin.de/djgb/public/en/find?q=&fq=&sort=unternehmenasc&page=702: 10 businesses
INFO:__main__:Completed https://www2.hu-berlin.de/djgb/public/en/find?q=&fq=&sort=unternehmenasc&page=703: 10 businesses
INFO:__main__:Completed https://www2.hu-berlin.de/djgb/public/en/find?q=&fq=&sort=unternehmenasc&page=704: 10 businesses
INFO:__main__:Completed https://www2.hu-berlin.de/djgb/public/en/find?q=&fq=&sort=unternehmenasc&page=705: 10 businesses
INFO:__main__:Completed https://www2.hu-berlin.de/djgb/public/en/find?q=&fq=&sort=unternehmenasc&page=707: 10 businesses
INFO:__main__:Completed https://www2.hu-berlin.de/djgb/public/en/find?q=&fq=&sort=unternehmenasc&page=706: 10 businesses
INFO:__main__:Completed https://www2.hu-berlin.de/djgb/public/en/find?q=&fq=&sort=unternehmenasc&page=708: 10 businesses
INFO:__main__:Completed https://www2.hu-berlin.de/djgb/public/en/find?q=&fq=&sort=unternehmenasc&page=709: 10 businesses
INFO:__main__:Completed https://www2.hu-berlin.de/djgb/public/en/find?q=&fq=&sort=unternehmenasc&page=711: 10 businesses
INFO:__main__:Completed https://www2.hu-berlin.de/djgb/public/en/find?q=&fq=&sort=unternehmenasc&page=710: 10 businesses
INFO:__main__:Completed https://www2.hu-berlin.de/djgb/public/en/find?q=&fq=&sort=unternehmenasc&page=712: 10 businesses
INFO:__main__:Completed https://www2.hu-berlin.de/djgb/public/en/find?q=&fq=&sort=unternehmenasc&page=714: 10 businesses
INFO:__main__:Completed https://www2.hu-berlin.de/djgb/public/en/find?q=&fq=&sort=unternehmenasc&page=713: 10 businesses
INFO:__main__:Completed https://www2.hu-berlin.de/djgb/public/en/find?q=&fq=&sort=unternehmenasc&page=715: 10 businesses
INFO:__main__:Completed https://www2.hu-berlin.de/djgb/public/en/find?q=&fq=&sort=unternehmenasc&page=717: 10 businesses
INFO:__main__:Completed https://www2.hu-berlin.de/djgb/public/en/find?q=&fq=&sort=unternehmenasc&page=716: 10 businesses
INFO:__main__:Completed https://www2.hu-berlin.de/djgb/public/en/find?q=&fq=&sort=unternehmenasc&page=719: 10 businesses
INFO:__main__:Completed https://www2.hu-berlin.de/djgb/public/en/find?q=&fq=&sort=unternehmenasc&page=720: 10 businesses
INFO:__main__:Completed https://www2.hu-berlin.de/djgb/public/en/find?q=&fq=&sort=unternehmenasc&page=718: 10 businesses
INFO:__main__:Completed https://www2.hu-berlin.de/djgb/public/en/find?q=&fq=&sort=unternehmenasc&page=722: 10 businesses
INFO:__main__:Completed https://www2.hu-berlin.de/djgb/public/en/find?q=&fq=&sort=unternehmenasc&page=721: 10 businesses
INFO:__main__:Completed https://www2.hu-berlin.de/djgb/public/en/find?q=&fq=&sort=unternehmenasc&page=723: 10 businesses
INFO:__main__:Completed https://www2.hu-berlin.de/djgb/public/en/find?q=&fq=&sort=unternehmenasc&page=725: 10 businesses
INFO:__main__:Completed https://www2.hu-berlin.de/djgb/public/en/find?q=&fq=&sort=unternehmenasc&page=726: 10 businesses
INFO:__main__:Completed https://www2.hu-berlin.de/djgb/public/en/find?q=&fq=&sort=unternehmenasc&page=724: 10 businesses
INFO:__main__:Completed https://www2.hu-berlin.de/djgb/public/en/find?q=&fq=&sort=unternehmenasc&page=728: 10 businesses
INFO:__main__:Completed https://www2.hu-berlin.de/djgb/public/en/find?q=&fq=&sort=unternehmenasc&page=729: 10 businesses
INFO:__main__:Completed https://www2.hu-berlin.de/djgb/public/en/find?q=&fq=&sort=unternehmenasc&page=727: 10 businesses
INFO:__main__:Completed https://www2.hu-berlin.de/djgb/public/en/find?q=&fq=&sort=unternehmenasc&page=731: 10 businesses
INFO:__main__:Completed https://www2.hu-berlin.de/djgb/public/en/find?q=&fq=&sort=unternehmenasc&page=732: 10 businesses
INFO:__main__:Completed https://www2.hu-berlin.de/djgb/public/en/find?q=&fq=&sort=unternehmenasc&page=730: 10 businesses
INFO:__main__:Completed https://www2.hu-berlin.de/djgb/public/en/find?q=&fq=&sort=unternehmenasc&page=733: 10 businesses
INFO:__main__:Completed https://www2.hu-berlin.de/djgb/public/en/find?q=&fq=&sort=unternehmenasc&page=735: 10 businesses
INFO:__main__:Completed https://www2.hu-berlin.de/djgb/public/en/find?q=&fq=&sort=unternehmenasc&page=734: 10 businesses
INFO:__main__:Completed https://www2.hu-berlin.de/djgb/public/en/find?q=&fq=&sort=unternehmenasc&page=736: 10 businesses
INFO:__main__:Completed https://www2.hu-berlin.de/djgb/public/en/find?q=&fq=&sort=unternehmenasc&page=737: 10 businesses
INFO:__main__:Completed https://www2.hu-berlin.de/djgb/public/en/find?q=&fq=&sort=unternehmenasc&page=738: 10 businesses
INFO:__main__:Completed https://www2.hu-berlin.de/djgb/public/en/find?q=&fq=&sort=unternehmenasc&page=739: 10 businesses
INFO:__main__:Completed https://www2.hu-berlin.de/djgb/public/en/find?q=&fq=&sort=unternehmenasc&page=740: 10 businesses
INFO:__main__:Completed https://www2.hu-berlin.de/djgb/public/en/find?q=&fq=&sort=unternehmenasc&page=741: 10 businesses
INFO:__main__:Completed https://www2.hu-berlin.de/djgb/public/en/find?q=&fq=&sort=unternehmenasc&page=742: 10 businesses
INFO:__main__:Completed https://www2.hu-berlin.de/djgb/public/en/find?q=&fq=&sort=unternehmenasc&page=743: 10 businesses
INFO:__main__:Completed https://www2.hu-berlin.de/djgb/public/en/find?q=&fq=&sort=unternehmenasc&page=744: 10 businesses
INFO:__main__:Completed https://www2.hu-berlin.de/djgb/public/en/find?q=&fq=&sort=unternehmenasc&page=745: 10 businesses
INFO:__main__:Completed https://www2.hu-berlin.de/djgb/public/en/find?q=&fq=&sort=unternehmenasc&page=746: 10 businesses
INFO:__main__:Completed https://www2.hu-berlin.de/djgb/public/en/find?q=&fq=&sort=unternehmenasc&page=748: 10 businesses
INFO:__main__:Completed https://www2.hu-berlin.de/djgb/public/en/find?q=&fq=&sort=unternehmenasc&page=747: 10 businesses
INFO:__main__:Completed https://www2.hu-berlin.de/djgb/public/en/find?q=&fq=&sort=unternehmenasc&page=749: 10 businesses
INFO:__main__:Completed https://www2.hu-berlin.de/djgb/public/en/find?q=&fq=&sort=unternehmenasc&page=750: 10 businesses
INFO:__main__:Completed https://www2.hu-berlin.de/djgb/public/en/find?q=&fq=&sort=unternehmenasc&page=751: 10 businesses
INFO:__main__:Completed https://www2.hu-berlin.de/djgb/public/en/find?q=&fq=&sort=unternehmenasc&page=752: 10 businesses
INFO:__main__:Completed https://www2.hu-berlin.de/djgb/public/en/find?q=&fq=&sort=unternehmenasc&page=753: 10 businesses
INFO:__main__:Completed https://www2.hu-berlin.de/djgb/public/en/find?q=&fq=&sort=unternehmenasc&page=754: 10 businesses
INFO:__main__:Completed https://www2.hu-berlin.de/djgb/public/en/find?q=&fq=&sort=unternehmenasc&page=755: 10 businesses
INFO:__main__:Completed https://www2.hu-berlin.de/djgb/public/en/find?q=&fq=&sort=unternehmenasc&page=756: 10 businesses
INFO:__main__:Completed https://www2.hu-berlin.de/djgb/public/en/find?q=&fq=&sort=unternehmenasc&page=758: 10 businesses
INFO:__main__:Completed https://www2.hu-berlin.de/djgb/public/en/find?q=&fq=&sort=unternehmenasc&page=757: 10 businesses
INFO:__main__:Completed https://www2.hu-berlin.de/djgb/public/en/find?q=&fq=&sort=unternehmenasc&page=760: 10 businesses
INFO:__main__:Completed https://www2.hu-berlin.de/djgb/public/en/find?q=&fq=&sort=unternehmenasc&page=759: 10 businesses
INFO:__main__:Completed https://www2.hu-berlin.de/djgb/public/en/find?q=&fq=&sort=unternehmenasc&page=761: 10 businesses
INFO:__main__:Completed https://www2.hu-berlin.de/djgb/public/en/find?q=&fq=&sort=unternehmenasc&page=762: 10 businesses
INFO:__main__:Completed https://www2.hu-berlin.de/djgb/public/en/find?q=&fq=&sort=unternehmenasc&page=764: 10 businesses
INFO:__main__:Completed https://www2.hu-berlin.de/djgb/public/en/find?q=&fq=&sort=unternehmenasc&page=763: 10 businesses
INFO:__main__:Completed https://www2.hu-berlin.de/djgb/public/en/find?q=&fq=&sort=unternehmenasc&page=765: 10 businesses
INFO:__main__:Completed https://www2.hu-berlin.de/djgb/public/en/find?q=&fq=&sort=unternehmenasc&page=766: 10 businesses
INFO:__main__:Completed https://www2.hu-berlin.de/djgb/public/en/find?q=&fq=&sort=unternehmenasc&page=768: 10 businesses
INFO:__main__:Completed https://www2.hu-berlin.de/djgb/public/en/find?q=&fq=&sort=unternehmenasc&page=767: 10 businesses
INFO:__main__:Completed https://www2.hu-berlin.de/djgb/public/en/find?q=&fq=&sort=unternehmenasc&page=769: 10 businesses
INFO:__main__:Completed https://www2.hu-berlin.de/djgb/public/en/find?q=&fq=&sort=unternehmenasc&page=770: 10 businesses
INFO:__main__:Completed https://www2.hu-berlin.de/djgb/public/en/find?q=&fq=&sort=unternehmenasc&page=771: 10 businesses
INFO:__main__:Completed https://www2.hu-berlin.de/djgb/public/en/find?q=&fq=&sort=unternehmenasc&page=772: 10 businesses
INFO:__main__:Completed https://www2.hu-berlin.de/djgb/public/en/find?q=&fq=&sort=unternehmenasc&page=775: 10 businesses
INFO:__main__:Completed https://www2.hu-berlin.de/djgb/public/en/find?q=&fq=&sort=unternehmenasc&page=773: 10 businesses
INFO:__main__:Completed https://www2.hu-berlin.de/djgb/public/en/find?q=&fq=&sort=unternehmenasc&page=774: 10 businesses
INFO:__main__:Completed https://www2.hu-berlin.de/djgb/public/en/find?q=&fq=&sort=unternehmenasc&page=776: 10 businesses
INFO:__main__:Completed https://www2.hu-berlin.de/djgb/public/en/find?q=&fq=&sort=unternehmenasc&page=777: 10 businesses
INFO:__main__:Completed https://www2.hu-berlin.de/djgb/public/en/find?q=&fq=&sort=unternehmenasc&page=778: 10 businesses
INFO:__main__:Completed https://www2.hu-berlin.de/djgb/public/en/find?q=&fq=&sort=unternehmenasc&page=780: 10 businesses
INFO:__main__:Completed https://www2.hu-berlin.de/djgb/public/en/find?q=&fq=&sort=unternehmenasc&page=779: 10 businesses
INFO:__main__:Completed https://www2.hu-berlin.de/djgb/public/en/find?q=&fq=&sort=unternehmenasc&page=781: 10 businesses
INFO:__main__:Completed https://www2.hu-berlin.de/djgb/public/en/find?q=&fq=&sort=unternehmenasc&page=782: 10 businesses
INFO:__main__:Completed https://www2.hu-berlin.de/djgb/public/en/find?q=&fq=&sort=unternehmenasc&page=783: 10 businesses
INFO:__main__:Completed https://www2.hu-berlin.de/djgb/public/en/find?q=&fq=&sort=unternehmenasc&page=785: 10 businesses
INFO:__main__:Completed https://www2.hu-berlin.de/djgb/public/en/find?q=&fq=&sort=unternehmenasc&page=784: 10 businesses
INFO:__main__:Completed https://www2.hu-berlin.de/djgb/public/en/find?q=&fq=&sort=unternehmenasc&page=786: 10 businesses
INFO:__main__:Completed https://www2.hu-berlin.de/djgb/public/en/find?q=&fq=&sort=unternehmenasc&page=789: 10 businesses
INFO:__main__:Completed https://www2.hu-berlin.de/djgb/public/en/find?q=&fq=&sort=unternehmenasc&page=788: 10 businesses
INFO:__main__:Completed https://www2.hu-berlin.de/djgb/public/en/find?q=&fq=&sort=unternehmenasc&page=787: 10 businesses
INFO:__main__:Completed https://www2.hu-berlin.de/djgb/public/en/find?q=&fq=&sort=unternehmenasc&page=791: 10 businesses
INFO:__main__:Completed https://www2.hu-berlin.de/djgb/public/en/find?q=&fq=&sort=unternehmenasc&page=792: 10 businesses
INFO:__main__:Completed https://www2.hu-berlin.de/djgb/public/en/find?q=&fq=&sort=unternehmenasc&page=790: 10 businesses
INFO:__main__:Completed https://www2.hu-berlin.de/djgb/public/en/find?q=&fq=&sort=unternehmenasc&page=793: 10 businesses
INFO:__main__:Completed https://www2.hu-berlin.de/djgb/public/en/find?q=&fq=&sort=unternehmenasc&page=794: 10 businesses
INFO:__main__:Completed https://www2.hu-berlin.de/djgb/public/en/find?q=&fq=&sort=unternehmenasc&page=795: 10 businesses
INFO:__main__:Completed https://www2.hu-berlin.de/djgb/public/en/find?q=&fq=&sort=unternehmenasc&page=798: 10 businesses
INFO:__main__:Completed https://www2.hu-berlin.de/djgb/public/en/find?q=&fq=&sort=unternehmenasc&page=796: 10 businesses
INFO:__main__:Completed https://www2.hu-berlin.de/djgb/public/en/find?q=&fq=&sort=unternehmenasc&page=797: 10 businesses
INFO:__main__:Completed https://www2.hu-berlin.de/djgb/public/en/find?q=&fq=&sort=unternehmenasc&page=800: 10 businesses
INFO:__main__:Completed https://www2.hu-berlin.de/djgb/public/en/find?q=&fq=&sort=unternehmenasc&page=801: 10 businesses
INFO:__main__:Completed https://www2.hu-berlin.de/djgb/public/en/find?q=&fq=&sort=unternehmenasc&page=799: 10 businesses
INFO:__main__:Completed https://www2.hu-berlin.de/djgb/public/en/find?q=&fq=&sort=unternehmenasc&page=802: 10 businesses
INFO:__main__:Completed https://www2.hu-berlin.de/djgb/public/en/find?q=&fq=&sort=unternehmenasc&page=803: 10 businesses
INFO:__main__:Completed https://www2.hu-berlin.de/djgb/public/en/find?q=&fq=&sort=unternehmenasc&page=804: 10 businesses
INFO:__main__:Completed https://www2.hu-berlin.de/djgb/public/en/find?q=&fq=&sort=unternehmenasc&page=805: 10 businesses
INFO:__main__:Completed https://www2.hu-berlin.de/djgb/public/en/find?q=&fq=&sort=unternehmenasc&page=806: 10 businesses
INFO:__main__:Completed https://www2.hu-berlin.de/djgb/public/en/find?q=&fq=&sort=unternehmenasc&page=807: 10 businesses
INFO:__main__:Completed https://www2.hu-berlin.de/djgb/public/en/find?q=&fq=&sort=unternehmenasc&page=808: 10 businesses
INFO:__main__:Completed https://www2.hu-berlin.de/djgb/public/en/find?q=&fq=&sort=unternehmenasc&page=809: 10 businesses
INFO:__main__:Completed https://www2.hu-berlin.de/djgb/public/en/find?q=&fq=&sort=unternehmenasc&page=810: 10 businesses
INFO:__main__:Completed https://www2.hu-berlin.de/djgb/public/en/find?q=&fq=&sort=unternehmenasc&page=811: 10 businesses
INFO:__main__:Completed https://www2.hu-berlin.de/djgb/public/en/find?q=&fq=&sort=unternehmenasc&page=812: 10 businesses
INFO:__main__:Completed https://www2.hu-berlin.de/djgb/public/en/find?q=&fq=&sort=unternehmenasc&page=813: 10 businesses
INFO:__main__:Completed https://www2.hu-berlin.de/djgb/public/en/find?q=&fq=&sort=unternehmenasc&page=814: 10 businesses
INFO:__main__:Completed https://www2.hu-berlin.de/djgb/public/en/find?q=&fq=&sort=unternehmenasc&page=815: 10 businesses
INFO:__main__:Completed https://www2.hu-berlin.de/djgb/public/en/find?q=&fq=&sort=unternehmenasc&page=816: 10 businesses
INFO:__main__:Completed https://www2.hu-berlin.de/djgb/public/en/find?q=&fq=&sort=unternehmenasc&page=817: 10 businesses
INFO:__main__:Completed https://www2.hu-berlin.de/djgb/public/en/find?q=&fq=&sort=unternehmenasc&page=818: 10 businesses
INFO:__main__:Completed https://www2.hu-berlin.de/djgb/public/en/find?q=&fq=&sort=unternehmenasc&page=819: 10 businesses
INFO:__main__:Completed https://www2.hu-berlin.de/djgb/public/en/find?q=&fq=&sort=unternehmenasc&page=820: 10 businesses
INFO:__main__:Completed https://www2.hu-berlin.de/djgb/public/en/find?q=&fq=&sort=unternehmenasc&page=821: 10 businesses
INFO:__main__:Completed https://www2.hu-berlin.de/djgb/public/en/find?q=&fq=&sort=unternehmenasc&page=822: 10 businesses
INFO:__main__:Completed https://www2.hu-berlin.de/djgb/public/en/find?q=&fq=&sort=unternehmenasc&page=823: 10 businesses
INFO:__main__:Completed https://www2.hu-berlin.de/djgb/public/en/find?q=&fq=&sort=unternehmenasc&page=824: 10 businesses
INFO:__main__:Completed https://www2.hu-berlin.de/djgb/public/en/find?q=&fq=&sort=unternehmenasc&page=825: 10 businesses
INFO:__main__:Completed https://www2.hu-berlin.de/djgb/public/en/find?q=&fq=&sort=unternehmenasc&page=826: 10 businesses
INFO:__main__:Completed https://www2.hu-berlin.de/djgb/public/en/find?q=&fq=&sort=unternehmenasc&page=827: 10 businesses
INFO:__main__:Completed https://www2.hu-berlin.de/djgb/public/en/find?q=&fq=&sort=unternehmenasc&page=828: 10 businesses
INFO:__main__:Completed https://www2.hu-berlin.de/djgb/public/en/find?q=&fq=&sort=unternehmenasc&page=829: 10 businesses
INFO:__main__:Completed https://www2.hu-berlin.de/djgb/public/en/find?q=&fq=&sort=unternehmenasc&page=830: 10 businesses
INFO:__main__:Completed https://www2.hu-berlin.de/djgb/public/en/find?q=&fq=&sort=unternehmenasc&page=832: 10 businesses
INFO:__main__:Completed https://www2.hu-berlin.de/djgb/public/en/find?q=&fq=&sort=unternehmenasc&page=831: 10 businesses
INFO:__main__:Completed https://www2.hu-berlin.de/djgb/public/en/find?q=&fq=&sort=unternehmenasc&page=833: 10 businesses
INFO:__main__:Completed https://www2.hu-berlin.de/djgb/public/en/find?q=&fq=&sort=unternehmenasc&page=834: 10 businesses
INFO:__main__:Completed https://www2.hu-berlin.de/djgb/public/en/find?q=&fq=&sort=unternehmenasc&page=836: 10 businesses
INFO:__main__:Completed https://www2.hu-berlin.de/djgb/public/en/find?q=&fq=&sort=unternehmenasc&page=835: 10 businesses
INFO:__main__:Completed https://www2.hu-berlin.de/djgb/public/en/find?q=&fq=&sort=unternehmenasc&page=838: 10 businesses
INFO:__main__:Completed https://www2.hu-berlin.de/djgb/public/en/find?q=&fq=&sort=unternehmenasc&page=837: 10 businesses
INFO:__main__:Completed https://www2.hu-berlin.de/djgb/public/en/find?q=&fq=&sort=unternehmenasc&page=839: 10 businesses
INFO:__main__:Completed https://www2.hu-berlin.de/djgb/public/en/find?q=&fq=&sort=unternehmenasc&page=840: 10 businesses
INFO:__main__:Completed https://www2.hu-berlin.de/djgb/public/en/find?q=&fq=&sort=unternehmenasc&page=841: 10 businesses
INFO:__main__:Completed https://www2.hu-berlin.de/djgb/public/en/find?q=&fq=&sort=unternehmenasc&page=842: 10 businesses
INFO:__main__:Completed https://www2.hu-berlin.de/djgb/public/en/find?q=&fq=&sort=unternehmenasc&page=843: 10 businesses
INFO:__main__:Completed https://www2.hu-berlin.de/djgb/public/en/find?q=&fq=&sort=unternehmenasc&page=844: 10 businesses
INFO:__main__:Completed https://www2.hu-berlin.de/djgb/public/en/find?q=&fq=&sort=unternehmenasc&page=845: 10 businesses
INFO:__main__:Completed https://www2.hu-berlin.de/djgb/public/en/find?q=&fq=&sort=unternehmenasc&page=846: 10 businesses
INFO:__main__:Completed https://www2.hu-berlin.de/djgb/public/en/find?q=&fq=&sort=unternehmenasc&page=848: 10 businesses
INFO:__main__:Completed https://www2.hu-berlin.de/djgb/public/en/find?q=&fq=&sort=unternehmenasc&page=847: 10 businesses
INFO:__main__:Completed https://www2.hu-berlin.de/djgb/public/en/find?q=&fq=&sort=unternehmenasc&page=849: 10 businesses
INFO:__main__:Completed https://www2.hu-berlin.de/djgb/public/en/find?q=&fq=&sort=unternehmenasc&page=851: 10 businesses
INFO:__main__:Completed https://www2.hu-berlin.de/djgb/public/en/find?q=&fq=&sort=unternehmenasc&page=850: 10 businesses
INFO:__main__:Completed https://www2.hu-berlin.de/djgb/public/en/find?q=&fq=&sort=unternehmenasc&page=852: 10 businesses
INFO:__main__:Completed https://www2.hu-berlin.de/djgb/public/en/find?q=&fq=&sort=unternehmenasc&page=855: 10 businesses
INFO:__main__:Completed https://www2.hu-berlin.de/djgb/public/en/find?q=&fq=&sort=unternehmenasc&page=854: 10 businesses
INFO:__main__:Completed https://www2.hu-berlin.de/djgb/public/en/find?q=&fq=&sort=unternehmenasc&page=853: 10 businesses
INFO:__main__:Completed https://www2.hu-berlin.de/djgb/public/en/find?q=&fq=&sort=unternehmenasc&page=856: 10 businesses
INFO:__main__:Completed https://www2.hu-berlin.de/djgb/public/en/find?q=&fq=&sort=unternehmenasc&page=857: 10 businesses
INFO:__main__:Completed https://www2.hu-berlin.de/djgb/public/en/find?q=&fq=&sort=unternehmenasc&page=858: 10 businesses
INFO:__main__:Completed https://www2.hu-berlin.de/djgb/public/en/find?q=&fq=&sort=unternehmenasc&page=859: 10 businesses
INFO:__main__:Completed https://www2.hu-berlin.de/djgb/public/en/find?q=&fq=&sort=unternehmenasc&page=860: 10 businesses
INFO:__main__:Completed https://www2.hu-berlin.de/djgb/public/en/find?q=&fq=&sort=unternehmenasc&page=862: 10 businesses
INFO:__main__:Completed https://www2.hu-berlin.de/djgb/public/en/find?q=&fq=&sort=unternehmenasc&page=863: 10 businesses
INFO:__main__:Completed https://www2.hu-berlin.de/djgb/public/en/find?q=&fq=&sort=unternehmenasc&page=861: 10 businesses
INFO:__main__:Completed https://www2.hu-berlin.de/djgb/public/en/find?q=&fq=&sort=unternehmenasc&page=864: 10 businesses
INFO:__main__:Completed https://www2.hu-berlin.de/djgb/public/en/find?q=&fq=&sort=unternehmenasc&page=865: 10 businesses
INFO:__main__:Completed https://www2.hu-berlin.de/djgb/public/en/find?q=&fq=&sort=unternehmenasc&page=866: 10 businesses
INFO:__main__:Completed https://www2.hu-berlin.de/djgb/public/en/find?q=&fq=&sort=unternehmenasc&page=867: 10 businesses
INFO:__main__:Completed https://www2.hu-berlin.de/djgb/public/en/find?q=&fq=&sort=unternehmenasc&page=869: 10 businesses
INFO:__main__:Completed https://www2.hu-berlin.de/djgb/public/en/find?q=&fq=&sort=unternehmenasc&page=868: 10 businesses
INFO:__main__:Completed https://www2.hu-berlin.de/djgb/public/en/find?q=&fq=&sort=unternehmenasc&page=870: 10 businesses
INFO:__main__:Completed https://www2.hu-berlin.de/djgb/public/en/find?q=&fq=&sort=unternehmenasc&page=871: 10 businesses
INFO:__main__:Completed https://www2.hu-berlin.de/djgb/public/en/find?q=&fq=&sort=unternehmenasc&page=872: 10 businesses
INFO:__main__:Completed https://www2.hu-berlin.de/djgb/public/en/find?q=&fq=&sort=unternehmenasc&page=874: 10 businesses
INFO:__main__:Completed https://www2.hu-berlin.de/djgb/public/en/find?q=&fq=&sort=unternehmenasc&page=873: 10 businesses
INFO:__main__:Completed https://www2.hu-berlin.de/djgb/public/en/find?q=&fq=&sort=unternehmenasc&page=875: 10 businesses
INFO:__main__:Completed https://www2.hu-berlin.de/djgb/public/en/find?q=&fq=&sort=unternehmenasc&page=876: 10 businesses
INFO:__main__:Completed https://www2.hu-berlin.de/djgb/public/en/find?q=&fq=&sort=unternehmenasc&page=878: 10 businesses
INFO:__main__:Completed https://www2.hu-berlin.de/djgb/public/en/find?q=&fq=&sort=unternehmenasc&page=877: 10 businesses
INFO:__main__:Completed https://www2.hu-berlin.de/djgb/public/en/find?q=&fq=&sort=unternehmenasc&page=879: 10 businesses
INFO:__main__:Completed https://www2.hu-berlin.de/djgb/public/en/find?q=&fq=&sort=unternehmenasc&page=880: 10 businesses
INFO:__main__:Completed https://www2.hu-berlin.de/djgb/public/en/find?q=&fq=&sort=unternehmenasc&page=881: 10 businesses
INFO:__main__:Completed https://www2.hu-berlin.de/djgb/public/en/find?q=&fq=&sort=unternehmenasc&page=882: 10 businesses
INFO:__main__:Completed https://www2.hu-berlin.de/djgb/public/en/find?q=&fq=&sort=unternehmenasc&page=884: 10 businesses
INFO:__main__:Completed https://www2.hu-berlin.de/djgb/public/en/find?q=&fq=&sort=unternehmenasc&page=885: 10 businesses
INFO:__main__:Completed https://www2.hu-berlin.de/djgb/public/en/find?q=&fq=&sort=unternehmenasc&page=883: 10 businesses
INFO:__main__:Completed https://www2.hu-berlin.de/djgb/public/en/find?q=&fq=&sort=unternehmenasc&page=888: 10 businesses
INFO:__main__:Completed https://www2.hu-berlin.de/djgb/public/en/find?q=&fq=&sort=unternehmenasc&page=887: 10 businesses
INFO:__main__:Completed https://www2.hu-berlin.de/djgb/public/en/find?q=&fq=&sort=unternehmenasc&page=886: 10 businesses
INFO:__main__:Completed https://www2.hu-berlin.de/djgb/public/en/find?q=&fq=&sort=unternehmenasc&page=890: 10 businesses
INFO:__main__:Completed https://www2.hu-berlin.de/djgb/public/en/find?q=&fq=&sort=unternehmenasc&page=889: 10 businesses
INFO:__main__:Completed https://www2.hu-berlin.de/djgb/public/en/find?q=&fq=&sort=unternehmenasc&page=891: 10 businesses
INFO:__main__:Completed https://www2.hu-berlin.de/djgb/public/en/find?q=&fq=&sort=unternehmenasc&page=892: 10 businesses
INFO:__main__:Completed https://www2.hu-berlin.de/djgb/public/en/find?q=&fq=&sort=unternehmenasc&page=894: 10 businesses
INFO:__main__:Completed https://www2.hu-berlin.de/djgb/public/en/find?q=&fq=&sort=unternehmenasc&page=893: 10 businesses
INFO:__main__:Completed https://www2.hu-berlin.de/djgb/public/en/find?q=&fq=&sort=unternehmenasc&page=897: 10 businesses
INFO:__main__:Completed https://www2.hu-berlin.de/djgb/public/en/find?q=&fq=&sort=unternehmenasc&page=895: 10 businesses
INFO:__main__:Completed https://www2.hu-berlin.de/djgb/public/en/find?q=&fq=&sort=unternehmenasc&page=896: 10 businesses
INFO:__main__:Completed https://www2.hu-berlin.de/djgb/public/en/find?q=&fq=&sort=unternehmenasc&page=898: 10 businesses
INFO:__main__:Completed https://www2.hu-berlin.de/djgb/public/en/find?q=&fq=&sort=unternehmenasc&page=899: 10 businesses
INFO:__main__:Completed https://www2.hu-berlin.de/djgb/public/en/find?q=&fq=&sort=unternehmenasc&page=900: 10 businesses
INFO:__main__:Completed https://www2.hu-berlin.de/djgb/public/en/find?q=&fq=&sort=unternehmenasc&page=901: 10 businesses
INFO:__main__:Completed https://www2.hu-berlin.de/djgb/public/en/find?q=&fq=&sort=unternehmenasc&page=902: 10 businesses
INFO:__main__:Completed https://www2.hu-berlin.de/djgb/public/en/find?q=&fq=&sort=unternehmenasc&page=903: 10 businesses
INFO:__main__:Completed https://www2.hu-berlin.de/djgb/public/en/find?q=&fq=&sort=unternehmenasc&page=904: 10 businesses
INFO:__main__:Completed https://www2.hu-berlin.de/djgb/public/en/find?q=&fq=&sort=unternehmenasc&page=905: 10 businesses
INFO:__main__:Completed https://www2.hu-berlin.de/djgb/public/en/find?q=&fq=&sort=unternehmenasc&page=906: 10 businesses
INFO:__main__:Completed https://www2.hu-berlin.de/djgb/public/en/find?q=&fq=&sort=unternehmenasc&page=907: 10 businesses
INFO:__main__:Completed https://www2.hu-berlin.de/djgb/public/en/find?q=&fq=&sort=unternehmenasc&page=908: 10 businesses
INFO:__main__:Completed https://www2.hu-berlin.de/djgb/public/en/find?q=&fq=&sort=unternehmenasc&page=909: 10 businesses
INFO:__main__:Completed https://www2.hu-berlin.de/djgb/public/en/find?q=&fq=&sort=unternehmenasc&page=910: 10 businesses
INFO:__main__:Completed https://www2.hu-berlin.de/djgb/public/en/find?q=&fq=&sort=unternehmenasc&page=912: 10 businesses
INFO:__main__:Completed https://www2.hu-berlin.de/djgb/public/en/find?q=&fq=&sort=unternehmenasc&page=911: 10 businesses
INFO:__main__:Completed https://www2.hu-berlin.de/djgb/public/en/find?q=&fq=&sort=unternehmenasc&page=913: 10 businesses
INFO:__main__:Completed https://www2.hu-berlin.de/djgb/public/en/find?q=&fq=&sort=unternehmenasc&page=914: 10 businesses
INFO:__main__:Completed https://www2.hu-berlin.de/djgb/public/en/find?q=&fq=&sort=unternehmenasc&page=915: 10 businesses
INFO:__main__:Completed https://www2.hu-berlin.de/djgb/public/en/find?q=&fq=&sort=unternehmenasc&page=916: 10 businesses
INFO:__main__:Completed https://www2.hu-berlin.de/djgb/public/en/find?q=&fq=&sort=unternehmenasc&page=917: 10 businesses
INFO:__main__:Completed https://www2.hu-berlin.de/djgb/public/en/find?q=&fq=&sort=unternehmenasc&page=919: 10 businesses
INFO:__main__:Completed https://www2.hu-berlin.de/djgb/public/en/find?q=&fq=&sort=unternehmenasc&page=918: 10 businesses
INFO:__main__:Completed https://www2.hu-berlin.de/djgb/public/en/find?q=&fq=&sort=unternehmenasc&page=920: 10 businesses
INFO:__main__:Completed https://www2.hu-berlin.de/djgb/public/en/find?q=&fq=&sort=unternehmenasc&page=921: 10 businesses
INFO:__main__:Completed https://www2.hu-berlin.de/djgb/public/en/find?q=&fq=&sort=unternehmenasc&page=922: 10 businesses
INFO:__main__:Completed https://www2.hu-berlin.de/djgb/public/en/find?q=&fq=&sort=unternehmenasc&page=923: 10 businesses
INFO:__main__:Completed https://www2.hu-berlin.de/djgb/public/en/find?q=&fq=&sort=unternehmenasc&page=924: 10 businesses
INFO:__main__:Completed https://www2.hu-berlin.de/djgb/public/en/find?q=&fq=&sort=unternehmenasc&page=925: 10 businesses
INFO:__main__:Completed https://www2.hu-berlin.de/djgb/public/en/find?q=&fq=&sort=unternehmenasc&page=926: 10 businesses
INFO:__main__:Completed https://www2.hu-berlin.de/djgb/public/en/find?q=&fq=&sort=unternehmenasc&page=927: 10 businesses
INFO:__main__:Completed https://www2.hu-berlin.de/djgb/public/en/find?q=&fq=&sort=unternehmenasc&page=928: 10 businesses
INFO:__main__:Completed https://www2.hu-berlin.de/djgb/public/en/find?q=&fq=&sort=unternehmenasc&page=929: 10 businesses
INFO:__main__:Completed https://www2.hu-berlin.de/djgb/public/en/find?q=&fq=&sort=unternehmenasc&page=930: 10 businesses
INFO:__main__:Completed https://www2.hu-berlin.de/djgb/public/en/find?q=&fq=&sort=unternehmenasc&page=931: 10 businesses
INFO:__main__:Completed https://www2.hu-berlin.de/djgb/public/en/find?q=&fq=&sort=unternehmenasc&page=932: 10 businesses
INFO:__main__:Completed https://www2.hu-berlin.de/djgb/public/en/find?q=&fq=&sort=unternehmenasc&page=933: 10 businesses
INFO:__main__:Completed https://www2.hu-berlin.de/djgb/public/en/find?q=&fq=&sort=unternehmenasc&page=934: 10 businesses
INFO:__main__:Completed https://www2.hu-berlin.de/djgb/public/en/find?q=&fq=&sort=unternehmenasc&page=935: 10 businesses
INFO:__main__:Completed https://www2.hu-berlin.de/djgb/public/en/find?q=&fq=&sort=unternehmenasc&page=936: 10 businesses
INFO:__main__:Completed https://www2.hu-berlin.de/djgb/public/en/find?q=&fq=&sort=unternehmenasc&page=937: 10 businesses
INFO:__main__:Completed https://www2.hu-berlin.de/djgb/public/en/find?q=&fq=&sort=unternehmenasc&page=938: 10 businesses
INFO:__main__:Completed https://www2.hu-berlin.de/djgb/public/en/find?q=&fq=&sort=unternehmenasc&page=939: 10 businesses
INFO:__main__:Completed https://www2.hu-berlin.de/djgb/public/en/find?q=&fq=&sort=unternehmenasc&page=940: 10 businesses
INFO:__main__:Completed https://www2.hu-berlin.de/djgb/public/en/find?q=&fq=&sort=unternehmenasc&page=941: 10 businesses
INFO:__main__:Completed https://www2.hu-berlin.de/djgb/public/en/find?q=&fq=&sort=unternehmenasc&page=942: 10 businesses
INFO:__main__:Completed https://www2.hu-berlin.de/djgb/public/en/find?q=&fq=&sort=unternehmenasc&page=943: 10 businesses
INFO:__main__:Completed https://www2.hu-berlin.de/djgb/public/en/find?q=&fq=&sort=unternehmenasc&page=944: 10 businesses
INFO:__main__:Completed https://www2.hu-berlin.de/djgb/public/en/find?q=&fq=&sort=unternehmenasc&page=946: 10 businesses
INFO:__main__:Completed https://www2.hu-berlin.de/djgb/public/en/find?q=&fq=&sort=unternehmenasc&page=945: 10 businesses
INFO:__main__:Completed https://www2.hu-berlin.de/djgb/public/en/find?q=&fq=&sort=unternehmenasc&page=948: 10 businesses
INFO:__main__:Completed https://www2.hu-berlin.de/djgb/public/en/find?q=&fq=&sort=unternehmenasc&page=949: 10 businesses
INFO:__main__:Completed https://www2.hu-berlin.de/djgb/public/en/find?q=&fq=&sort=unternehmenasc&page=947: 10 businesses
INFO:__main__:Completed https://www2.hu-berlin.de/djgb/public/en/find?q=&fq=&sort=unternehmenasc&page=950: 10 businesses
INFO:__main__:Completed https://www2.hu-berlin.de/djgb/public/en/find?q=&fq=&sort=unternehmenasc&page=952: 10 businesses
INFO:__main__:Completed https://www2.hu-berlin.de/djgb/public/en/find?q=&fq=&sort=unternehmenasc&page=951: 10 businesses
INFO:__main__:Completed https://www2.hu-berlin.de/djgb/public/en/find?q=&fq=&sort=unternehmenasc&page=953: 10 businesses
INFO:__main__:Completed https://www2.hu-berlin.de/djgb/public/en/find?q=&fq=&sort=unternehmenasc&page=955: 10 businesses
INFO:__main__:Completed https://www2.hu-berlin.de/djgb/public/en/find?q=&fq=&sort=unternehmenasc&page=954: 10 businesses
INFO:__main__:Completed https://www2.hu-berlin.de/djgb/public/en/find?q=&fq=&sort=unternehmenasc&page=958: 10 businesses
INFO:__main__:Completed https://www2.hu-berlin.de/djgb/public/en/find?q=&fq=&sort=unternehmenasc&page=957: 10 businesses
INFO:__main__:Completed https://www2.hu-berlin.de/djgb/public/en/find?q=&fq=&sort=unternehmenasc&page=956: 10 businesses
INFO:__main__:Completed https://www2.hu-berlin.de/djgb/public/en/find?q=&fq=&sort=unternehmenasc&page=961: 10 businesses
INFO:__main__:Completed https://www2.hu-berlin.de/djgb/public/en/find?q=&fq=&sort=unternehmenasc&page=959: 10 businesses
INFO:__main__:Completed https://www2.hu-berlin.de/djgb/public/en/find?q=&fq=&sort=unternehmenasc&page=960: 10 businesses
INFO:__main__:Completed https://www2.hu-berlin.de/djgb/public/en/find?q=&fq=&sort=unternehmenasc&page=964: 10 businesses
INFO:__main__:Completed https://www2.hu-berlin.de/djgb/public/en/find?q=&fq=&sort=unternehmenasc&page=962: 10 businesses
INFO:__main__:Completed https://www2.hu-berlin.de/djgb/public/en/find?q=&fq=&sort=unternehmenasc&page=963: 10 businesses
INFO:__main__:Completed https://www2.hu-berlin.de/djgb/public/en/find?q=&fq=&sort=unternehmenasc&page=966: 10 businesses
INFO:__main__:Completed https://www2.hu-berlin.de/djgb/public/en/find?q=&fq=&sort=unternehmenasc&page=965: 10 businesses
INFO:__main__:Completed https://www2.hu-berlin.de/djgb/public/en/find?q=&fq=&sort=unternehmenasc&page=967: 10 businesses
INFO:__main__:Completed https://www2.hu-berlin.de/djgb/public/en/find?q=&fq=&sort=unternehmenasc&page=968: 10 businesses
INFO:__main__:Completed https://www2.hu-berlin.de/djgb/public/en/find?q=&fq=&sort=unternehmenasc&page=969: 10 businesses
INFO:__main__:Completed https://www2.hu-berlin.de/djgb/public/en/find?q=&fq=&sort=unternehmenasc&page=970: 10 businesses
INFO:__main__:Completed https://www2.hu-berlin.de/djgb/public/en/find?q=&fq=&sort=unternehmenasc&page=971: 10 businesses
INFO:__main__:Completed https://www2.hu-berlin.de/djgb/public/en/find?q=&fq=&sort=unternehmenasc&page=972: 10 businesses
INFO:__main__:Completed https://www2.hu-berlin.de/djgb/public/en/find?q=&fq=&sort=unternehmenasc&page=974: 10 businesses
INFO:__main__:Completed https://www2.hu-berlin.de/djgb/public/en/find?q=&fq=&sort=unternehmenasc&page=973: 10 businesses
INFO:__main__:Completed https://www2.hu-berlin.de/djgb/public/en/find?q=&fq=&sort=unternehmenasc&page=975: 10 businesses
INFO:__main__:Completed https://www2.hu-berlin.de/djgb/public/en/find?q=&fq=&sort=unternehmenasc&page=976: 10 businesses
INFO:__main__:Completed https://www2.hu-berlin.de/djgb/public/en/find?q=&fq=&sort=unternehmenasc&page=978: 10 businesses
INFO:__main__:Completed https://www2.hu-berlin.de/djgb/public/en/find?q=&fq=&sort=unternehmenasc&page=977: 10 businesses
INFO:__main__:Completed https://www2.hu-berlin.de/djgb/public/en/find?q=&fq=&sort=unternehmenasc&page=979: 10 businesses
INFO:__main__:Completed https://www2.hu-berlin.de/djgb/public/en/find?q=&fq=&sort=unternehmenasc&page=980: 10 businesses
INFO:__main__:Completed https://www2.hu-berlin.de/djgb/public/en/find?q=&fq=&sort=unternehmenasc&page=981: 10 businesses
INFO:__main__:Completed https://www2.hu-berlin.de/djgb/public/en/find?q=&fq=&sort=unternehmenasc&page=982: 10 businesses
INFO:__main__:Completed https://www2.hu-berlin.de/djgb/public/en/find?q=&fq=&sort=unternehmenasc&page=985: 10 businesses
INFO:__main__:Completed https://www2.hu-berlin.de/djgb/public/en/find?q=&fq=&sort=unternehmenasc&page=984: 10 businesses
INFO:__main__:Completed https://www2.hu-berlin.de/djgb/public/en/find?q=&fq=&sort=unternehmenasc&page=983: 10 businesses
INFO:__main__:Completed https://www2.hu-berlin.de/djgb/public/en/find?q=&fq=&sort=unternehmenasc&page=986: 10 businesses
INFO:__main__:Completed https://www2.hu-berlin.de/djgb/public/en/find?q=&fq=&sort=unternehmenasc&page=988: 10 businesses
INFO:__main__:Completed https://www2.hu-berlin.de/djgb/public/en/find?q=&fq=&sort=unternehmenasc&page=987: 10 businesses
INFO:__main__:Completed https://www2.hu-berlin.de/djgb/public/en/find?q=&fq=&sort=unternehmenasc&page=990: 10 businesses
INFO:__main__:Completed https://www2.hu-berlin.de/djgb/public/en/find?q=&fq=&sort=unternehmenasc&page=989: 10 businesses
INFO:__main__:Completed https://www2.hu-berlin.de/djgb/public/en/find?q=&fq=&sort=unternehmenasc&page=991: 10 businesses
INFO:__main__:Completed https://www2.hu-berlin.de/djgb/public/en/find?q=&fq=&sort=unternehmenasc&page=994: 10 businesses
INFO:__main__:Completed https://www2.hu-berlin.de/djgb/public/en/find?q=&fq=&sort=unternehmenasc&page=992: 10 businesses
INFO:__main__:Completed https://www2.hu-berlin.de/djgb/public/en/find?q=&fq=&sort=unternehmenasc&page=993: 10 businesses
INFO:__main__:Completed https://www2.hu-berlin.de/djgb/public/en/find?q=&fq=&sort=unternehmenasc&page=996: 10 businesses
INFO:__main__:Completed https://www2.hu-berlin.de/djgb/public/en/find?q=&fq=&sort=unternehmenasc&page=995: 10 businesses
INFO:__main__:Completed https://www2.hu-berlin.de/djgb/public/en/find?q=&fq=&sort=unternehmenasc&page=997: 10 businesses
INFO:__main__:Completed https://www2.hu-berlin.de/djgb/public/en/find?q=&fq=&sort=unternehmenasc&page=998: 10 businesses
INFO:__main__:Completed https://www2.hu-berlin.de/djgb/public/en/find?q=&fq=&sort=unternehmenasc&page=999: 10 businesses
INFO:__main__:Completed https://www2.hu-berlin.de/djgb/public/en/find?q=&fq=&sort=unternehmenasc&page=1000: 10 businesses
INFO:__main__:Completed https://www2.hu-berlin.de/djgb/public/en/find?q=&fq=&sort=unternehmenasc&page=1001: 10 businesses
INFO:__main__:Completed https://www2.hu-berlin.de/djgb/public/en/find?q=&fq=&sort=unternehmenasc&page=1003: 10 businesses
INFO:__main__:Completed https://www2.hu-berlin.de/djgb/public/en/find?q=&fq=&sort=unternehmenasc&page=1002: 10 businesses
INFO:__main__:Completed https://www2.hu-berlin.de/djgb/public/en/find?q=&fq=&sort=unternehmenasc&page=1004: 10 businesses
INFO:__main__:Completed https://www2.hu-berlin.de/djgb/public/en/find?q=&fq=&sort=unternehmenasc&page=1005: 10 businesses
INFO:__main__:Completed https://www2.hu-berlin.de/djgb/public/en/find?q=&fq=&sort=unternehmenasc&page=1006: 10 businesses
INFO:__main__:Completed https://www2.hu-berlin.de/djgb/public/en/find?q=&fq=&sort=unternehmenasc&page=1008: 10 businesses
INFO:__main__:Completed https://www2.hu-berlin.de/djgb/public/en/find?q=&fq=&sort=unternehmenasc&page=1007: 10 businesses
INFO:__main__:Completed https://www2.hu-berlin.de/djgb/public/en/find?q=&fq=&sort=unternehmenasc&page=1009: 10 businesses
INFO:__main__:Completed https://www2.hu-berlin.de/djgb/public/en/find?q=&fq=&sort=unternehmenasc&page=1010: 10 businesses
INFO:__main__:Completed https://www2.hu-berlin.de/djgb/public/en/find?q=&fq=&sort=unternehmenasc&page=1013: 1 businesses
INFO:__main__:Completed https://www2.hu-berlin.de/djgb/public/en/find?q=&fq=&sort=unternehmenasc&page=1012: 10 businesses
INFO:__main__:Completed https://www2.hu-berlin.de/djgb/public/en/find?q=&fq=&sort=unternehmenasc&page=1011: 10 businesses
INFO:__main__:Saved 6121 businesses to /Users/samfrons/Desktop/storymaps/jewish_businesses_batch_4.json
INFO:__main__:=== BATCH 4 SCRAPING SUMMARY ===
INFO:__main__:Total businesses extracted: 6121
INFO:__main__:Expected businesses (approx.): ~6130 (10 per page × 613 pages)
INFO:__main__:Extraction rate: 99.9%
INFO:__main__:
Main category breakdown:
INFO:__main__:  handicraft: 53
INFO:__main__:  industry: 476
INFO:__main__:  services: 97
INFO:__main__:  trade: 2266
INFO:__main__:  uncategorized: 3229
INFO:__main__:
Founding years range: 1798 - 1970
INFO:__main__:Closing years range: 1900 - 1961
INFO:__main__:
Top detailed subcategories:
INFO:__main__:  textiles and clothing: 656
INFO:__main__:  bel: 183
INFO:__main__:  Nahrungs- und Genussmittel: 167
INFO:__main__:  leather and shoes: 76
INFO:__main__:  banks and insurance: 73
INFO:__main__:  machines, motor vehicles & technical articles: 63
INFO:__main__:  chemicals and pharmaceuticals: 59
INFO:__main__:  metals and metal goods: 51
INFO:__main__:  pharmacies: 50
INFO:__main__:  other: 44
INFO:__main__:  construction materials and fuel: 34
INFO:__main__:  paper and paper goods: 32
INFO:__main__:  publishing and printing: 31
INFO:__main__:  household goods: 24
INFO:__main__:
=== SAMPLE ENTRIES ===
INFO:__main__:
Business 1:
INFO:__main__:  Name: Harf & Co
INFO:__main__:  Category: trade
INFO:__main__:  Detailed Subcategory: Harf & Co Harf & Co textiles and clothing
INFO:__main__:  Address: Stübbenstr. 4, Berlin
INFO:__main__:  Years: 1924 - 1938
INFO:__main__:
Business 2:
INFO:__main__:  Name: Harik & Co GmbH
INFO:__main__:  Category: 
INFO:__main__:  Address: Steinmetzstr. 6, Berlin
INFO:__main__:  Years: 1929 - None
INFO:__main__:
Business 3:
INFO:__main__:  Name: Harke & Leiser GmbH
INFO:__main__:  Category: 
INFO:__main__:  Address: Burgstr. 19, Berlin
INFO:__main__:  Years: 1922 - 1938
INFO:__main__:
=== COMPLETE DATABASE EXTRACTION SUMMARY ===
INFO:__main__:Total expected businesses across all batches:
INFO:__main__:  Batch 1 (pages 1-50): ~500 businesses
INFO:__main__:  Batch 2 (pages 51-150): ~1000 businesses
INFO:__main__:  Batch 3 (pages 151-400): ~2500 businesses
INFO:__main__:  Batch 4 (pages 401-1013): ~6130 businesses
INFO:__main__:  TOTAL DATABASE: ~10,130 businesses
INFO:__main__:This batch extracted: 6121 businesses
INFO:__main__:Database extraction is now COMPLETE!
