id,title,address,owner,business_type,registration_info,raw_text,source_url,batch_file,startDate,endDate
business_00012,A. Wagner & Co GmbH,"Wusterhausener Str. 17, Berlin",,,,,,,1911-01-01,1935-12-31
business_00013,A. Wertheim GmbH,"und 132/137, Berlin",,,,,,,1909-01-01,1937-12-31
business_00015,A. Woitke,"Ecke Nachod Str., Berlin",,,,,,,1900-01-01,1945-12-31
business_00018,AG Adler für chemische Industrie,"Matthaikirchstr. 10, Berlin",,,,,,,1923-01-01,1939-12-31
business_00023,AMBI Lagerei und Handel-GmbH,"Segelfliederdamm 27, Berlin",,,,,,,1932-01-01,1939-12-31
business_00036,Abraham Glitzenstein,"Abraham Glitzenstein textiles and clothing Paul-Singer-Str.  97, Berlin",,,,,,,1900-01-01,1945-12-31
business_00042,Abraham Pommeranz,"Gollnowstr.  11, Berlin",,,,,,,1900-01-01,1945-12-31
business_00049,Abraham Weingold,"enburger Str. 75, Berlin",,,,,,,1916-01-01,1938-12-31
business_00052,"Abraham, Ludwig","Ludwig textiles and clothing Schöneberger Str. 15, Berlin",,,,,,,1900-01-01,1945-12-31
business_00059,Achterberg & Co Kunst- und Offsetdruckerei GmbH,"Belle-Alliance-Str. 92, Berlin",,,,,,,1928-01-01,1934-12-31
business_00060,Acker und Wald GmbH,"Weissenburgstr. 16, Berlin",,,,,,,1932-01-01,1932-12-31
business_00065,Adam & Philipsohn,"Allensteinerstr. 39, Berlin",,,,,,,1923-01-01,1936-12-31
business_00069,Adele Brody,"Adele Brody textiles and clothing Freisinger Str.  2, Berlin",,,,,,,1900-01-01,1945-12-31
business_00071,Adler,"Saarlandstr.  52, Berlin",,,,,,,1900-01-01,1945-12-31
business_00083,Adolf A. Stern,"Bischofstr. 25/26, Berlin",,,,,,,1910-01-01,1935-12-31
business_00085,Adolf Alpern,"Adolf Alpern textiles and clothing Martin-Luther-Str.  86, Berlin",,,,,,,1900-01-01,1945-12-31
business_00094,Adolf Bernstein,"Meineckestr. 24, Berlin",,,,,,,1902-01-01,1935-12-31
business_00096,Adolf Bielschowski,"Adolf Bielschowski textiles and clothing Oberlandgarten  26, Berlin",,,,,,,1900-01-01,1945-12-31
business_00098,Adolf Boese,"Alt Moabit 111, Berlin",,,,,,,1937-01-01,1937-12-31
business_00113,Adolf Feinberg,"Alte Schönhauser 46, Berlin",,,,,,,1902-01-01,1938-12-31
business_00116,Adolf Frankenstein,"Langhannsstr.  144, Berlin",,,,,,,1900-01-01,1945-12-31
business_00119,Adolf Förster,"Prenzlauer Str. 20, Berlin",,,,,,,1935-01-01,1940-12-31
business_00128,Adolf Hanau,"Dellbrückstr. 19, Berlin",,,,,,,1938-01-01,1942-12-31
business_00129,Adolf Heidemann,"Marsiliusstr. 7, Berlin",,,,,,,1925-01-01,1938-12-31
business_00137,Adolf Hojda,"Adolf Hojda textiles and clothing Berliner Allee  255, Berlin",,,,,,,1900-01-01,1945-12-31
business_00142,Adolf Kaplan,"Landsberger Str. 66/67, Berlin",,,,,,,1931-01-01,1940-12-31
business_00144,Adolf Kessel,"Adolf Kessel textiles and clothing Zorndorfer Str.  33, Berlin",,,,,,,1900-01-01,1945-12-31
business_00145,Adolf Kolatacz,"enburger Str. 72, Berlin",,,,,,,1934-01-01,1939-12-31
business_00161,"Adolf Löbl Obst, Gemüse und Südfrüchte","Zentralmarkthalle Stand 250, Berlin",,,,,,,1916-01-01,1938-12-31
business_00170,Adolf Pelz,"Unter den Linden 56, Berlin",,,,,,,1899-01-01,1939-12-31
business_00171,Adolf Pergamenter,"Möllendorfstr.  115, Berlin",,,,,,,1900-01-01,1945-12-31
business_00172,Adolf Peters,"Adolf Peters electrical goods Grünauer Str.  20, Berlin",,,,,,,1900-01-01,1945-12-31
business_00173,"Adolf Petrikowski, in Firma Peteko","in Firma Peteko publishing and printing Fürstenwalder Str.  14, Berlin",,,,,,,1900-01-01,1945-12-31
business_00174,Adolf Petrowsky,"Adolf Petrowsky Landsberger Str.  14, Berlin",,,,,,,1900-01-01,1945-12-31
business_00179,Adolf Rosenau & Co,"Raupachstr. 12, Berlin",,,,,,,1900-01-01,1940-12-31
business_00181,Adolf Rosenzweig,"Adolf Rosenzweig pharmacies Oranienburger Str.  39, Berlin",,,,,,,1900-01-01,1945-12-31
business_00183,Adolf Rothschild,"Adolf Rothschild textiles and clothing Oranienburger Str.  50, Berlin",,,,,,,1900-01-01,1945-12-31
business_00195,Adolf Stern jr.,"Dresdner Str. 37, Berlin",,,,,,,1917-01-01,1943-12-31
business_00196,"Adolf Stern, Reg. Baumeister a.D.","construction Lietzenburger Str.  8, Berlin",,,,,,,1900-01-01,1945-12-31
business_00198,Adolf Stängel,"Adolf Stängel Landsberger Str.  21, Berlin",,,,,,,1900-01-01,1945-12-31
business_00199,Adolf Tannenbaum,"Adolf Tannenbaum textiles and clothing Britzer Str.  21, Berlin",,,,,,,1900-01-01,1945-12-31
business_00200,Adolf Tauber,"Adolf Tauber leather and shoes Reinickendorfer Str.  50, Berlin",,,,,,,1900-01-01,1945-12-31
business_00206,Adolf Weininger,"Hochhaus am Alexanderplatz  1, Berlin",,,,,,,1900-01-01,1945-12-31
business_00217,Adolph Greiffenhagen,"Dresdner Str. 94, Berlin",,,,,,,1901-01-01,1939-12-31
business_00218,Adolph Kirchner,"Adolph Kirchner chemicals and pharmaceuticals Köpenicker Str.  114, Berlin",,,,,,,1900-01-01,1945-12-31
business_00222,Adolph Lewin Farbspritzerei,"Wusterhausener Str. 14/16, Berlin",,,,,,,1907-01-01,1940-12-31
business_00225,Adolph Rehfeldt & Leo Rehfeldt,"Leo Rehfeldt household goods Nürnberger Str.  27, Berlin",,,,,,,1900-01-01,1945-12-31
business_00227,Adrema Export GmbH,"Alt Moabit 62/63, Berlin",,,,,,,1934-01-01,1937-12-31
business_00228,Adrema Maschinenbau-GmbH,"Alt Moabit 63/63, Berlin",,,,,,,1913-01-01,1934-12-31
business_00229,Adrema-Verwaltungsgesellschaft mbH,"Alt Moabit 62/63, Berlin",,,,,,,1919-01-01,1934-12-31
business_00231,Adrut-Verlag Berger und Lubowski,"Kalkreuthstr. 15, Berlin",,,,,,,1927-01-01,1927-12-31
business_00235,Agenturfirma Julius Lichtstern,"Oranienburger Str. 87/89, Berlin",,,,,,,1915-01-01,1939-12-31
business_00239,Ahage Allgemeine Hotelgesellschaft mbH,"Unter den Linden 45, Berlin",,,,,,,1934-01-01,1936-12-31
business_00242,"Ahlfeld, Georg","Georg textiles and clothing Rosenheimer Str. 16, Berlin",,,,,,,1900-01-01,1945-12-31
business_00243,"Ahrends, Edmund","Wannsee 5, Berlin",,,,,,,1900-01-01,1945-12-31
business_00246,Aktiengesellschaft Lignose,"Molktestr. 1, Berlin",,,,,,,1915-01-01,1934-12-31
business_00256,Albert Bloch,"Dirckesenstr. 50, Berlin",,,,,,,1902-01-01,1937-12-31
business_00262,Albert Carl & Co GmbH,"Dresdner Str. 112, Berlin",,,,,,,1925-01-01,1936-12-31
business_00264,Albert David,"Unter den Linden 39, Berlin",,,,,,,1909-01-01,1939-12-31
business_00265,Albert Deutz,"Neue Ansbacher Str. 11, Berlin",,,,,,,1924-01-01,1938-12-31
business_00280,Albert Herlitz,"Waßmannstr. 15, Berlin",,,,,,,1900-01-01,1938-12-31
business_00286,"Albert Kaufmann, Sachverständiger der Handelskammer","Sachverständiger der Handelskammer Köpenicker Str.  39, Berlin",,,,,,,1900-01-01,1945-12-31
business_00295,"Albert Marx, 50 Jahre alt","Albert Marx, 50 Jahre alt ,  Berlin",,,,,,,1900-01-01,1945-12-31
business_00296,Albert Mautner,"und Genussmittel Prenzlauer Allee  236, Berlin",,,,,,,1900-01-01,1945-12-31
business_00305,Albert Rosenhain Exportgesellschaft mbH,"Leipziger Str. 72/74, Berlin",,,,,,,1936-01-01,1939-12-31
business_00306,Albert Rosenhain GmbH,"Leipziger Str. 72/74, Berlin",,,,,,,1922-01-01,1938-12-31
business_00315,Albert Wallach,"Jerusalemer Str. 63/64, Berlin",,,,,,,1902-01-01,1936-12-31
business_00316,Albert Wisniewski,"( Trade ) Eingetragen im Handelsregister/ Gründung 1928 Erloschen 1939 Potsdamer Str. 82d,  Berlin",,,,,,,1928-01-01,1939-12-31
business_00325,Albula Grundstücksgesellschaft mbH,"Siegmundshof 16, Berlin",,,,,,,1920-01-01,1940-12-31
business_00326,Alcophor. GmbH,"Ringsstr 42, Berlin",,,,,,,1928-01-01,1933-12-31
business_00333,Alex Eisenstädt,"Luisenufer 11, Berlin",,,,,,,1903-01-01,1940-12-31
business_00339,Alex Pander,"Heiligegeiststr. 37, Berlin",,,,,,,1926-01-01,1939-12-31
business_00342,Alex. Mandelbaum,"Nürnberger Str. 37/38, Berlin",,,,,,,1903-01-01,1938-12-31
business_00343,Alexander & Co,"enburger Str. 46, Berlin",,,,,,,1921-01-01,1938-12-31
business_00345,Alexander Beitsch,"Alexander Beitsch textiles and clothing Boxhagener Str.  3, Berlin",,,,,,,1900-01-01,1945-12-31
business_00352,Alexander Hermers,"Hochwildpfad 1, Berlin",,,,,,,1935-01-01,1939-12-31
business_00356,Alexander Jacoby & Co,"Blumeshof 15, Berlin",,,,,,,1909-01-01,1940-12-31
business_00357,Alexander Krawetz,"Alexander Krawetz electrical goods Innsbrucker Str.  28, Berlin",,,,,,,1900-01-01,1945-12-31
business_00373,Alfons Goldstein,"Eisenacher Str. 32/33, Berlin",,,,,,,1919-01-01,1938-12-31
business_00374,Alfons Hopp,"Alfons Hopp Möbel Potsdamer Str.  82, Berlin",,,,,,,1900-01-01,1945-12-31
business_00379,Alfons Tausk,"Alfons Tausk publishing and printing Köpenicker Str.  74, Berlin",,,,,,,1900-01-01,1945-12-31
business_00381,Alfred Abraham,"Mendelsohnstr.  9, Berlin",,,,,,,1900-01-01,1945-12-31
business_00394,Alfred Brüll,"technical articles Bamberger Str. 19, Berlin",,,,,,,1900-01-01,1945-12-31
business_00401,Alfred Dienstfertig & Co,"Unter den Linden 40/41, Berlin",,,,,,,1927-01-01,1935-12-31
business_00409,Alfred F. Meyer,"Kalkreuthstr. 10, Berlin",,,,,,,1926-01-01,1937-12-31
business_00422,Alfred Frank,"Heiligegeiststr. 6, Berlin",,,,,,,1917-01-01,1938-12-31
business_00427,Alfred H. Hieronymus,"und Genussmittel Kaiserallee  111, Berlin",,,,,,,1900-01-01,1945-12-31
business_00413,Alfred Hirsch,"Ilmenaustr. 2, Berlin",,,,,,,1927-01-01,1939-12-31
business_00418,"Alfred Jacobsohn, Licht und Kraft","Licht und Kraft electrical goods Speyerer Str.  2, Berlin",,,,,,,1900-01-01,1945-12-31
business_00446,Alfred Knopf Getreide & Futtermittel en gros,"Cüstriner Str. 23, Berlin",,,,,,,1923-01-01,1938-12-31
business_00449,Alfred Kronheim & Co,"Lothringer Str. 8, Berlin",,,,,,,1919-01-01,1939-12-31
business_00451,Alfred Leiser,"und 79, Berlin",,,,,,,1921-01-01,1940-12-31
business_00460,Alfred M. Caher,"Caher banks and insurance Freisinger Str.  17, Berlin",,,,,,,1900-01-01,1945-12-31
business_00432,Alfred Marcus,"Greifswalder Str. 26/27, Berlin",,,,,,,1910-01-01,1940-12-31
business_00435,Alfred Mayer,"Theaterstraße  12, Berlin",,,,,,,1900-01-01,1945-12-31
business_00436,Alfred Meseritz,"( Trade ) Eingetragen im Handelsregister/ Gründung 1910 Erloschen 1940 Neuenburger Str. 1a,  Berlin",,,,,,,1910-01-01,1940-12-31
business_00471,Alfred Nathusius KG,"Gerichtsstr. 27, Berlin",,,,,,,1938-01-01,1939-12-31
business_00474,Alfred Oschitzki,"Alfred Oschitzki textiles and clothing Choriner Str.  3, Berlin",,,,,,,1900-01-01,1945-12-31
business_00477,Alfred Preusser Nachflg.,"Landwehrstr. 11, Berlin",,,,,,,1905-01-01,1905-12-31
business_00487,Alfred Sulke,"Unter den Linden 15, Berlin",,,,,,,1920-01-01,1940-12-31
business_00512,Alice Oelsner,"Alice Oelsner advertising Pfalzburger Str.  72, Berlin",,,,,,,1900-01-01,1945-12-31
business_00513,Alice Weißblum,"blum publishing and printing Passauer Str.  27, Berlin",,,,,,,1900-01-01,1945-12-31
business_00521,Alma Loewenstein,"Alma Loewenstein publishing and printing Heilbronner Str.  25, Berlin",,,,,,,1900-01-01,1945-12-31
business_00522,"Alma Polajewer, in Firma Wäsche-Verleih ""Propre""""""","textiles and clothing Köpenicker Str.  63, Berlin",,,,,,,1900-01-01,1945-12-31
business_00525,"Almus, Alfred","Alfred textiles and clothing Schleswiger Ufer 9, Berlin",,,,,,,1900-01-01,1945-12-31
business_00526,Alois Adler,"Saarlandstr. 6, Berlin",,,,,,,1900-01-01,1945-12-31
business_00529,Alpo-Leder-Company GmbH,"Neue Ansbacher Str. 9, Berlin",,,,,,,1932-01-01,1939-12-31
business_00542,Altenheim Friedrichshagen GmbH,"Altenheim Friedrichshagen GmbH Müggelseedamm 212, Berlin",,,,,,,1900-01-01,1945-12-31
business_00544,Altkunst GmbH,"Unter den Linden 21, Berlin",,,,,,,1917-01-01,1938-12-31
business_00545,Altmann & Gerson,"Lothringer Str. 32, Berlin",,,,,,,1937-01-01,1939-12-31
business_00546,Altschul & Sinzheimer,"Leipziger Str. 71/72, Berlin",,,,,,,1929-01-01,1939-12-31
business_00549,Amalie Fiedler,"Amalie Fiedler leather and shoes Rostocker Str.  37, Berlin",,,,,,,1900-01-01,1945-12-31
business_00531,Amandus Graetz,"Amandus Graetz textiles and clothing Lippehner Str.  29, Berlin",,,,,,,1900-01-01,1945-12-31
business_00536,Ambi Waggon- und Apparatebau AG,"Flugplatzstr. 3, Berlin",,,,,,,1923-01-01,1937-12-31
business_00537,Ambros Wäscherei,"Ambros Wäscherei textiles and clothing Schwäbische Str.  14, Berlin",,,,,,,1900-01-01,1945-12-31
business_00538,Amelie Gorny,"Zentralmarkthalle Stand 132, Berlin",,,,,,,1935-01-01,1939-12-31
business_00555,Anghuli,,,,,,,,1900-01-01,1945-12-31
business_00559,Anna Bornstein,"Reihe  5, Berlin",,,,,,,1900-01-01,1945-12-31
business_00561,Anna Haller,"Gollnowstr.  13, Berlin",,,,,,,1900-01-01,1945-12-31
business_00564,Anna Jaffé,"Kaiserkorso 4, Berlin",,,,,,,1904-01-01,1938-12-31
business_00566,Anna Michalewsky,"Anna Michalewsky textiles and clothing Tharandter Str.  5, Berlin",,,,,,,1900-01-01,1945-12-31
business_00582,Antivenerin GmbH,"Belle-Alliance-Str. 81, Berlin",,,,,,,1921-01-01,1937-12-31
business_00595,Apisdorf u. Co Tabak und Zigarettenfabrik GmbH,"Lothringer Str. 25, Berlin",,,,,,,1925-01-01,1936-12-31
business_00597,Apotecker & Günzburger,"Leipziger Str. 31/32, Berlin",,,,,,,1926-01-01,1939-12-31
business_00623,Armin Katz,"Armin Katz textiles and clothing Ansbacher Str.  8, Berlin",,,,,,,1900-01-01,1945-12-31
business_00624,Arndt & Medina Vertrieb patentierter Neuheiten,"Prinz-Louis-Ferdinand-Str. 5, Berlin",,,,,,,1931-01-01,1939-12-31
business_00629,Arnold A. May,"May Steglitzer Str.  44, Berlin",,,,,,,1900-01-01,1945-12-31
business_00644,Arnold Moses,"Arnold Moses metals and metal goods Marienburger Str.  24, Berlin",,,,,,,1900-01-01,1945-12-31
business_00647,Arnold Naftaniel,"Arnold Naftaniel chemicals and pharmaceuticals Alte Schönhauser Str.  60, Berlin",,,,,,,1900-01-01,1945-12-31
business_00655,Aron Bercovici,"Nürnberger Platz 5, Berlin",,,,,,,1920-01-01,1937-12-31
business_00664,Aron Roschanski,"Aron Roschanski Marburger Str.  12, Berlin",,,,,,,1900-01-01,1945-12-31
business_00665,Aron Rosenberg,"Aron Rosenberg Wilmersdorfer Str.  33, Berlin",,,,,,,1900-01-01,1945-12-31
business_00667,"Aron, George","George textiles and clothing Bamberger Str. 26, Berlin",,,,,,,1900-01-01,1945-12-31
business_00679,Arthur Cassirer Großbuchhandlung und Kleinkunsterzeugnisse,"Gustav-Freitag-Str. 7, Berlin",,,,,,,1922-01-01,1937-12-31
business_00704,Arthur Fabian & Co,"Neuer Markt 16, Berlin",,,,,,,1907-01-01,1938-12-31
business_00707,Arthur Fischer,"Prenzlauer Str. 27, Berlin",,,,,,,1902-01-01,1939-12-31
business_00692,Arthur Geisler,"Arthur Geisler textiles and clothing Ansbacher Str.  42, Berlin",,,,,,,1900-01-01,1945-12-31
business_00695,Arthur Goldberg Edelmetalle,"Elisabethufer 43, Berlin",,,,,,,1921-01-01,1940-12-31
business_00700,Arthur Hirsch,"Bischofstr. 2/3, Berlin",,,,,,,1926-01-01,1935-12-31
business_00681,Arthur Hirschberg,"( Trade ) Eingetragen im Handelsregister/ Gründung 1934 Erloschen 1939 Ostbahnhof ,  Berlin",,,,,,,1934-01-01,1939-12-31
business_00684,Arthur Jacobi,"Saarlandstr. 65, Berlin",,,,,,,1902-01-01,1931-12-31
business_00686,Arthur Karger,"Neuer Markt 16, Berlin",,,,,,,1912-01-01,1939-12-31
business_00732,Arthur Lacher,"Arthur Lacher publishing and printing Lothringer Str.  34, Berlin",,,,,,,1900-01-01,1945-12-31
business_00736,Arthur Leyser,"e Frankfurter Str. 55, Berlin",,,,,,,1911-01-01,1939-12-31
business_00740,Arthur Maass ( Arthur Maaß),"textiles and clothing Holsteiner Ufer  2, Berlin",,,,,,,1900-01-01,1945-12-31
business_00714,Arthur Maschler,"Meinauerstr. 13, Berlin",,,,,,,1936-01-01,1940-12-31
business_00722,Arthur Rainowitz,"( Trade ) Eingetragen im Handelsregister/ Gründung 1922 Erloschen 1938 Nonnendammallee 93a,  Berlin",,,,,,,1922-01-01,1938-12-31
business_00725,Arthur Rotholz,"Arthur Rotholz Alte Schönhauser Str.  57, Berlin",,,,,,,1900-01-01,1945-12-31
business_00767,Arthur Seldis,"Arthur Seldis banks and insurance Meraner Str.  11, Berlin",,,,,,,1900-01-01,1945-12-31
business_00770,Arthur Tobinski,"Arthur Tobinski Badensche Str.  29, Berlin",,,,,,,1900-01-01,1945-12-31
business_00743,Arthur Weißler,"ler Wilmersdorfer Str.  37, Berlin",,,,,,,1900-01-01,1945-12-31
business_00752,Artur Blumenthal,"e Frankfurter Str. 53, Berlin",,,,,,,1919-01-01,1939-12-31
business_00754,Artur Calmon,"Unter den Linden 16, Berlin",,,,,,,1911-01-01,1939-12-31
business_00771,Ary Doctor,"An der Schleuse 12, Berlin",,,,,,,1904-01-01,1938-12-31
business_00772,"Asch, Elsbeth geb. Schmoll","Schmoll Bozener Str. 9, Berlin",,,,,,,1900-01-01,1945-12-31
business_00775,Aschheim & Poetsch,"Neuer Markt 8/12, Berlin",,,,,,,1928-01-01,1931-12-31
business_00776,Asco Cigaretten und Tabakwarenvertrieb Sally Cohn,"Kallstr. 24, Berlin",,,,,,,1933-01-01,1939-12-31
business_00778,Ast & Rupprecht,"Rupprecht textiles and clothing Leipziger Str.  29, Berlin",,,,,,,1900-01-01,1945-12-31
business_00794,Atelier Pein-Baruch Frau Emma Baruch,"Nettelbeckstr. 5, Berlin",,,,,,,1924-01-01,1937-12-31
business_00796,Atelier für Kunstgewerbe AKG,"Atelier für Kunstgewerbe AKG advertising Marburger Str.  6, Berlin",,,,,,,1900-01-01,1945-12-31
business_00799,Atlantis-Film GmbH,"Unter den Linden 16, Berlin",,,,,,,1929-01-01,1934-12-31
business_00781,Atlas-Verlag Dr. Alterthum & Co,"Albrecht-Archilles-Str. 58, Berlin",,,,,,,1926-01-01,1937-12-31
business_00782,Atlas-Verlag GmbH,"Albert-Archilles-Str. 58, Berlin",,,,,,,1933-01-01,1933-12-31
business_00789,"Auerbach, Marie","Marie Aschaffenburger Str. 9, Berlin",,,,,,,1900-01-01,1945-12-31
business_00822,August Burg,"Potsdamer Str. 127/128, Berlin",,,,,,,1900-01-01,1936-12-31
business_00825,August Kuhnen,"5, Berlin",,,,,,,1909-01-01,1909-12-31
business_00827,August Rosenfeld,"Grolmannstr. 21, Berlin",,,,,,,1927-01-01,1937-12-31
business_00828,August Schlothauer Nachfg. GmbH,"( Trade ) Eingetragen im Handelsregister/ Gründung 1935 Besitzübernahme 1938 Urbanhafen ,  Berlin",,,,,,,1935-01-01,1938-12-31
business_00811,Auguste Hennig,"Oppenstr.  30, Berlin",,,,,,,1900-01-01,1945-12-31
business_00814,Auktionshaus am Reichskanzlerplatz GmbH,"Französische Str. 22/23, Berlin",,,,,,,1932-01-01,1939-12-31
business_00818,Auto-Karfunkel,"technische Artikel Köpenicker Str.  180, Berlin",,,,,,,1900-01-01,1945-12-31
business_00801,Autodienst Ehrenhaus,"Autodienst Ehrenhaus electrical goods Genthiner Str.  17, Berlin",,,,,,,1900-01-01,1945-12-31
business_00802,Autogen Gasaccumulator AG,"Johaniterstr. 6, Berlin",,,,,,,1920-01-01,1945-12-31
business_00808,Autoreifen Magazin,"technische Artikel Alt Moabit  130, Berlin",,,,,,,1900-01-01,1945-12-31
business_00834,B. Ambach jr.,"( Trade ) Eingetragen im Handelsregister/ Gründung 1937 Erloschen 1940 Keine Angabe ,  Berlin",,,,,,,1937-01-01,1940-12-31
business_00836,"B. Bud, Vertreter","Fredericastr.  5, Berlin",,,,,,,1900-01-01,1945-12-31
business_00844,B. Hecht,"Kaiserkorso 4, Berlin",,,,,,,1903-01-01,1939-12-31
business_00845,B. Jonassohn,"Jonassohn Xantener Str. 18, Berlin",,,,,,,1900-01-01,1945-12-31
business_00851,B. Mendelsohn & Co,"Luisenufer 39, Berlin",,,,,,,1919-01-01,1937-12-31
business_00855,B. Seiden & Co,"Saarlandstr. 56, Berlin",,,,,,,1920-01-01,1940-12-31
business_00857,B. Sulmann & Co,"Dresdner Str. 50/51, Berlin",,,,,,,1918-01-01,1942-12-31
business_00858,B. Szycmann,"Szycmann Alte Schönhauser Str.  9, Berlin",,,,,,,1900-01-01,1945-12-31
business_00860,B. Wolff,"Alte Schönhauser Str. 23/24, Berlin",,,,,,,1904-01-01,1940-12-31
business_00863,B.R.C. Helvetia e.V.,"und Genussmittel An der Wuhlheide 196, Berlin",,,,,,,1900-01-01,1945-12-31
business_00876,Baermann & Schuster,"Rosenthaler Str. 40/41, Berlin",,,,,,,1903-01-01,1938-12-31
business_00892,Bandelin & Wertheim Radium Licht OHG,"Bendlerstr. 36, Berlin",,,,,,,1900-01-01,1945-12-31
business_00882,Barbetrieb Rane,"Barbetrieb Rane restaurants Kaiserallee  47, Berlin",,,,,,,1900-01-01,1945-12-31
business_00886,Barmat,,,,,,,,1900-01-01,1945-12-31
business_00887,Baron & Co,"Dresdner Str. 97, Berlin",,,,,,,1920-01-01,1941-12-31
business_00904,Baruch May,"Gollnowstr. 13, Berlin",,,,,,,1924-01-01,1940-12-31
business_00910,Bau- und Bodengesellschaft Wannsee mbH,"Am Sandwerder 10, Berlin",,,,,,,1923-01-01,1937-12-31
business_00913,Baugesellschaft Zentrum GmbH,"Belle-Alliance-Str. 7/10, Berlin",,,,,,,1926-01-01,1937-12-31
business_00916,"Baum, Minna","Minna textiles and clothing Essener Str. 24, Berlin",,,,,,,1900-01-01,1945-12-31
business_00918,Baumel,"Baumel Landsberger Str.  14, Berlin",,,,,,,1900-01-01,1945-12-31
business_00919,Baustoffbetrieb des Westens,"Baustoffbetrieb des Westens construction materials and fuel Eislebener Str.  5, Berlin",,,,,,,1900-01-01,1945-12-31
business_00936,Bechhold & Co KG,"Unter den Linden 56, Berlin",,,,,,,1927-01-01,1942-12-31
business_00923,"Behrend, Emil",,,,,,,,1900-01-01,1945-12-31
business_00930,Bekafa Berliner Knopffabrik GmbH,"Fresenwalder Str. 15, Berlin",,,,,,,1929-01-01,1939-12-31
business_00947,"Bekufa Berliner Kunstspeisefett- und Schmalz-Fabrikation, GmbH","Schweinfurther Str. 94, Berlin",,,,,,,1933-01-01,1939-12-31
business_00952,Belle Alliance Apotheke zum weißen Hirsch Dr. Paul Weinreich Nachf.,"Belle-Alliance-Str. 12, Berlin",,,,,,,1905-01-01,1936-12-31
business_00955,Bellevue-Drogerie,"Drogerie chemicals and pharmaceuticals Brückenallee  17, Berlin",,,,,,,1900-01-01,1945-12-31
business_00959,"Benda, Heinrich","Dörnbergstr. 1, Berlin",,,,,,,1900-01-01,1945-12-31
business_00961,"Bendit, Paula, geb. Schwersenz","technische Artikel Blumeshof 15, Berlin",,,,,,,1900-01-01,1945-12-31
business_00962,Bendix & Comp,"Bischofstr. 19/21, Berlin",,,,,,,1901-01-01,1939-12-31
business_00967,Benjamin Goldberg,"Prenzlauer Str. 22, Berlin",,,,,,,1935-01-01,1939-12-31
business_00979,Benno Freifeld,"Benno Freifeld jewelry and precious metals Lothringer Str.  10, Berlin",,,,,,,1900-01-01,1945-12-31
business_00983,Benno Halpern,"Benno Halpern textiles and clothing Pariser Str.  27, Berlin",,,,,,,1900-01-01,1945-12-31
business_00992,Benno Ludmer,"Heiliggeiststr.  39, Berlin",,,,,,,1900-01-01,1945-12-31
business_01000,Benno Samuel,"Meierettostr. 6, Berlin",,,,,,,1918-01-01,1935-12-31
business_01004,Benno Silberberg,"Heiligegeiststr. 22, Berlin",,,,,,,1928-01-01,1941-12-31
business_01006,Benno Simoni,"Benno Simoni textiles and clothing Landsberger Str. 13, Berlin",,,,,,,1900-01-01,1945-12-31
business_01015,Bepa-Verlag Benski & Pakuscher,"Blumeshof 5, Berlin",,,,,,,1924-01-01,1939-12-31
business_01025,Berger & Co,"Elsässer Str. 45/46, Berlin",,,,,,,1925-01-01,1940-12-31
business_01026,"Berger, Eduard","Eduard Eisenacher Str. 79, Berlin",,,,,,,1900-01-01,1945-12-31
business_01027,"Berger, Irma","Irma chemicals and pharmaceuticals Bamberger Str. 37, Berlin",,,,,,,1900-01-01,1945-12-31
business_01028,"Berger, Leopold","Leopold textiles and clothing Flensburger Str. 20, Berlin",,,,,,,1900-01-01,1945-12-31
business_01031,"Bergmann, Gustav","Gustav Wilsnacker Str. 20, Berlin",,,,,,,1900-01-01,1945-12-31
business_01033,Bergthal & Wurmann,"Wurmann textiles and clothing Passauer Str.  38, Berlin",,,,,,,1900-01-01,1945-12-31
business_01035,"Berkowitz, Betty","Betty electrical goods Nymphenburger Str. 11, Berlin",,,,,,,1900-01-01,1945-12-31
business_01036,"Berlak, Milli","Milli Habelschwerdter Allee 7, Berlin",,,,,,,1900-01-01,1945-12-31
business_01037,Berlin-Erfurter Maschinenfabrik Henry Pels & Co AG,"Grolmannstr. 5, Berlin",,,,,,,1927-01-01,1935-12-31
business_01053,Berliner Bank-Institut Joseph Goldschmidt & Co,"Französische Str. 57/58, Berlin",,,,,,,1900-01-01,1938-12-31
business_01054,"Berliner Bazar Fr. Steiler, Inhaber Leopold Stargardter","Wilhelminenstr. 33, Berlin",,,,,,,1922-01-01,1939-12-31
business_01055,Berliner Bettenhaus Franz Schlesinger,"Wilmersdorfer Str. 50/51, Berlin",,,,,,,1919-01-01,1940-12-31
business_01057,Berliner Börsen-Berichte Herausgeber Karfunkelstein & Surel,"Heiligegeiststr. 49, Berlin",,,,,,,1911-01-01,1940-12-31
business_01049,Berliner Furniermesserei GmbH,"Berliner Furniermesserei GmbH Berliner Furniermesserei Goossens, Wennholtz & Co KG (26.02.1937) Berliner Furniermesserei GmbH construction materials and fuel",,,,,,,1931-01-01,1931-12-31
business_01063,Berliner Hermannmühle Berthold Rotholz,"Köpenicker Str. 16/17, Berlin",,,,,,,1922-01-01,1938-12-31
business_01068,Berliner Industriebank KGaA,"Heiligegeiststr. 43/44, Berlin",,,,,,,1924-01-01,1934-12-31
business_01097,Berliner Logenhaus Actien-Gesellschaft,"Kleistraße 10, Berlin",,,,,,,1901-01-01,1901-12-31
business_01100,Berliner Luffawaren Fabrik Louis Rosenberg,"Brandenburgstr. 69, Berlin",,,,,,,1906-01-01,1937-12-31
business_01073,Berliner Produktenspeicher Werner Reiwald,"Wusterhausener Str. 14, Berlin",,,,,,,1928-01-01,1943-12-31
business_01076,Berliner Rollgesellschaft mbH,Berliner Rollgesellschaft mbH Berliner Rollgesellschaft mbH (13.05.1932) transportation,,,,,,,1932-01-01,1936-12-31
business_01105,Berliner Tageblatt Rudolf Mosse,"Jerusalemer Str. 46/49, Berlin",,,,,,,1901-01-01,1938-12-31
business_01107,Berliner Velvetfabrik M. Mengers & Söhne AG,"Köpenicker Str. 18/20, Berlin",,,,,,,1905-01-01,1939-12-31
business_01109,Berliner Walkextrakt- und Fettfabrik GmbH,"Kaiser-Wilhelm-Str. 81/83, Berlin",,,,,,,1919-01-01,1938-12-31
business_01127,Berliner Öl- und Reifenvertrieb Josef Goldberg,"Graetzstr. 42/43, Berlin",,,,,,,1937-01-01,1939-12-31
business_01130,Berlinische Immobilien-Kredit-Anstalt AG,"Königin-Augusta-Str. 13, Berlin",,,,,,,1924-01-01,1938-12-31
business_01111,Berlinische Verlagsanstalt GmbH,"Reichspietschufer 76, Berlin",,,,,,,1903-01-01,1937-12-31
business_01118,Bernhard Arenstein,"Bernhard Arenstein textiles and clothing Rathenower Str.  24, Berlin",,,,,,,1900-01-01,1945-12-31
business_01151,Bernhard Bendit,"Bernhard Bendit textiles and clothing Passauer Str.  17, Berlin",,,,,,,1900-01-01,1945-12-31
business_01153,Bernhard Bremmler,"Bernhard Bremmler Augsburger Str.  44, Berlin",,,,,,,1900-01-01,1945-12-31
business_01159,Bernhard Coper,"Replowplatz 8, Berlin",,,,,,,1937-01-01,1940-12-31
business_01134,Bernhard Francke,"Bernhard Francke publishing and printing Skalitzer Str.  136, Berlin",,,,,,,1900-01-01,1945-12-31
business_01165,Bernhard Rainer,"Bernhard Rainer chemicals and pharmaceuticals Wiener Str.  14, Berlin",,,,,,,1900-01-01,1945-12-31
business_01167,Bernhard Rosenstein,"Lothringer Str. 34/35, Berlin",,,,,,,1919-01-01,1940-12-31
business_01172,"Bernhard Schumann, Eisdiele","Eisdiele Hermannplatz, Berlin",,,,,,,1900-01-01,1945-12-31
business_01174,Bernhard Tannenbaum,"Rosenthaler Str. 16/17, Berlin",,,,,,,1922-01-01,1936-12-31
business_01176,Bernhard Wolkowitz,"Nettelbeckstr. 7/8, Berlin",,,,,,,1928-01-01,1937-12-31
business_01183,"Bernhardt, Hans","Hans Freisinger Str. 14, Berlin",,,,,,,1900-01-01,1945-12-31
business_01190,"Bernstein, Emma","Emma Meraner Str. 6, Berlin",,,,,,,1900-01-01,1945-12-31
business_01191,"Bernstein, Mylius","Bernstein, Mylius Dortmunder Str. 3, II.,,  Berlin",,,,,,,1900-01-01,1945-12-31
business_01204,Bertha Kallmann,"Bertha Kallmann Rosenheimer Str.  7, Berlin",,,,,,,1900-01-01,1945-12-31
business_01207,Berthold Blumenau Futterstoffe-Ausrüstung-GmbH,"Meineckestr. 25, Berlin",,,,,,,1932-01-01,1936-12-31
business_01209,Berthold Blumenhein,"Wallnertheaterstr. 23, Berlin",,,,,,,1913-01-01,1935-12-31
business_01214,Berthold Hirschfeldt,"Derflinger Str. 22, Berlin",,,,,,,1930-01-01,1938-12-31
business_01219,Berthold Metzger,"Wilmersdorfer Str. 60/61, Berlin",,,,,,,1933-01-01,1933-12-31
business_01243,Betty Ephraim,"Betty Ephraim textiles and clothing Joachim-Friedrich-Str.  20, Berlin",,,,,,,1900-01-01,1945-12-31
business_01244,Betty Fraenkel,"technische Artikel Landsberger Allee  138, Berlin",,,,,,,1900-01-01,1945-12-31
business_01245,Betty Fraenkel,"Betty Fraenkel Landsberger Allee  138, Berlin",,,,,,,1900-01-01,1945-12-31
business_01247,Betty Jacobsohn,"Betty Jacobsohn Innsbrucker Str.  40, Berlin",,,,,,,1900-01-01,1945-12-31
business_01232,Betty Wolffsohn,"Betty Wolffsohn publishing and printing Eisenacher Str.  22, Berlin",,,,,,,1900-01-01,1945-12-31
business_01233,"Beuthner, Hertha","Beuthner, Hertha Badensche Str. 54, G. I.,,  Berlin",,,,,,,1900-01-01,1945-12-31
business_01234,"Beutler, Willi","Willi Bozener Str. 18, Berlin",,,,,,,1900-01-01,1945-12-31
business_01235,Bewässerungsgesellschaft Palästina mbH,,,,,,,,1911-01-01,1935-12-31
business_01269,Bierhaus Kurfürstendamm GmbH,"Kurfüstendamm 101, Berlin",,,,,,,1932-01-01,1932-12-31
business_01282,Binnenländische Fischkonservenfabrik GmbH,"Roederstr. 26, Berlin",,,,,,,1938-01-01,1938-12-31
business_01289,"Blankenburg, Wilhelm","Wilhelm Flensburger Str. 10, Berlin",,,,,,,1900-01-01,1945-12-31
business_01290,Blasbalg & Schneider,"Prenzlauer Str. 41, Berlin",,,,,,,1920-01-01,1938-12-31
business_01271,"Blaschke, Eugen","Eugen advertising Nürnberger Str. 66, Berlin",,,,,,,1900-01-01,1945-12-31
business_01272,Blaue Apotheke Edmund Schirokauer,"Dahlwitzplatz 6, Berlin",,,,,,,1931-01-01,1936-12-31
business_01273,Blaues Schuhhaus,"Blaues Schuhhaus leather and shoes Wilmersdorfer Str.  10, Berlin",,,,,,,1900-01-01,1945-12-31
business_01274,"Blaut, Kurt","Kurt used goods Heilbronner Str. 9, Berlin",,,,,,,1900-01-01,1945-12-31
business_01275,Bleibtreu Maier & Co,"Unter den Linden 56, Berlin",,,,,,,1923-01-01,1938-12-31
business_01277,"Bleiweiß (oder Bleiweiss), Toni","Toni textiles and clothing Berliner Allee 238, Berlin",,,,,,,1900-01-01,1945-12-31
business_01293,"Bloch, Eva","Eva Rosenheimer Str. 13, Berlin",,,,,,,1900-01-01,1945-12-31
business_01299,Blum & Abt,"Bischofstr. 19, Berlin",,,,,,,1919-01-01,1939-12-31
business_01300,"Blum, Adolf","Adolf Landshuter Str. 4, Berlin",,,,,,,1900-01-01,1945-12-31
business_01311,Blumen Barisch,"Blumen Barisch Pariser Str.  39, Berlin",,,,,,,1900-01-01,1945-12-31
business_01312,"Blumenau, Oskar","Oskar Speyrer Str. 24, Berlin",,,,,,,1900-01-01,1945-12-31
business_01315,"Blumenfeld, Moritz","Moritz jewelry and precious metals Eisenacher Str. 37, Berlin",,,,,,,1900-01-01,1945-12-31
business_01317,Blumenhaus Hildegard,"Blumenhaus Hildegard Berliner Str.  14, Berlin",,,,,,,1900-01-01,1945-12-31
business_01319,"Blumenreich, Eugen","Eugen Martin-Luther-Str. 16, Berlin",,,,,,,1900-01-01,1945-12-31
business_01302,"Blumenthal, Nathan","Melanchtonstr. 17, Berlin",,,,,,,1900-01-01,1945-12-31
business_01303,Blumner's Wiener Moden,"s Wiener Moden textiles and clothing Bayerischer Platz  4, Berlin",,,,,,,1900-01-01,1945-12-31
business_01308,"Boas, Fritz","Fritz Lindauer Str. 4, Berlin",,,,,,,1900-01-01,1945-12-31
business_01322,Bodengesellschaft Saarbrückerstraße AG,"Saarbrücker Str. 20/21, Berlin",,,,,,,1922-01-01,1942-12-31
business_01324,Bodlaender & Co,"Neuer Markt 16, Berlin",,,,,,,1933-01-01,1939-12-31
business_01330,"Bonwitt, Else","technische Artikel Bamberger Str. 18, Berlin",,,,,,,1900-01-01,1945-12-31
business_01342,Borchardt & Flanzreich,"e Frankfurter Str. 10, Berlin",,,,,,,1924-01-01,1941-12-31
business_01337,Braduco Strickwarenfabrik Brand & Co,"Neue Schönhausenstr 3, Berlin",,,,,,,1936-01-01,1936-12-31
business_01338,Bragus Handelsgesellschaft mbH,"Wilhelmsaue 4, Berlin",,,,,,,1925-01-01,1940-12-31
business_01339,Brahn & Blumenthal,"Heiligegeiststr. 43/44, Berlin",,,,,,,1901-01-01,1937-12-31
business_01373,"Brauer, Rudolf","Rudolf Burchardt Str. 9, Berlin",,,,,,,1900-01-01,1945-12-31
business_01377,"Braun, Eisenwarenhändler","Eisenwarenhändler Brauner Weg  29, Berlin",,,,,,,1900-01-01,1945-12-31
business_01378,"Braun, Leo Friedrich","Leo Friedrich transportation Bochumer Str. 14, Berlin",,,,,,,1900-01-01,1945-12-31
business_01363,"Breslauer, Albert","Albert textiles and clothing Dortmunder Str. 8, Berlin",,,,,,,1900-01-01,1945-12-31
business_01364,Bresser & Apelbaum,"Jerusalemer Str. 19/20, Berlin",,,,,,,1924-01-01,1939-12-31
business_01392,Briske & Prohl,"Potsdamer Str. 10/11, Berlin",,,,,,,1910-01-01,1941-12-31
business_01393,"Brody, Adele","Adele textiles and clothing Freisinger Str. 2, Berlin",,,,,,,1900-01-01,1945-12-31
business_01394,"Broh, Louis","Louis textiles and clothing Bamberger Str. 30, Berlin",,,,,,,1900-01-01,1945-12-31
business_01395,"Broh, Walther","Walther Bamberger Str. 30, Berlin",,,,,,,1900-01-01,1945-12-31
business_01396,Brokerhoff & Lipschütz,"Frommelstr. 1, Berlin",,,,,,,1910-01-01,1936-12-31
business_01397,Broni Teichberg,"Nettelbeckstr. 7/8, Berlin",,,,,,,1934-01-01,1940-12-31
business_01383,Bruno Berg,"Bruno Berg Augsburger Str.  47, Berlin",,,,,,,1900-01-01,1945-12-31
business_01384,Bruno Bernstein,"Bruno Bernstein textiles and clothing Reinickendorfer Str., Berlin",,,,,,,1900-01-01,1945-12-31
business_01385,Bruno Bohne,"( Trade ) Eingetragen im Handelsregister/ Gründung 1926 Erloschen 1938 Burgstr. ,  Berlin",,,,,,,1926-01-01,1938-12-31
business_01386,Bruno Cassirer,"Derflinger Str. 15, Berlin",,,,,,,1901-01-01,1939-12-31
business_01422,Bruno Jacobsohn,"Bruno Jacobsohn Woldenberger Str.  32, Berlin",,,,,,,1900-01-01,1945-12-31
business_01428,Bruno Lazarus,"Bruno Lazarus pharmacies Elsasser Str.  9, Berlin",,,,,,,1900-01-01,1945-12-31
business_01414,Bruno Pollack,"Raupachstr.  7, Berlin",,,,,,,1900-01-01,1945-12-31
business_01404,"Brüder Bergmann, Damen- und Herrenbekleidung","Heiligegeiststr. 23, Berlin",,,,,,,1932-01-01,1939-12-31
business_01409,"Brühl, Hedwig geb. Wasser","Wasser textiles and clothing Freisinger str. 5, Berlin",,,,,,,1900-01-01,1945-12-31
business_01438,Buchhandlung am Zoo Fritz Ring,"Joachimsthaler Str. 43/44, Berlin",,,,,,,1909-01-01,1937-12-31
business_01442,"Buium, Oskar","Buium, Oskar advertising Elberfelder Str. 20, b/Witt,,  Berlin",,,,,,,1900-01-01,1945-12-31
business_01446,"Bureaubia mbH, Gesellschaft für moderne Bureauartikel und andere Neuheiten","Junkerstr. 1, Berlin",,,,,,,1924-01-01,1936-12-31
business_01448,Burkhardt Kaffee,"Burkhardt Kaffee Nahrungs- und Genussmittel Düsseldorfer Str.  16, Berlin",,,,,,,1900-01-01,1945-12-31
business_01450,"Busse, Vilma","Busse, Vilma restaurants Aschaffenburger Str. 6, ptr.,,  Berlin",,,,,,,1900-01-01,1945-12-31
business_01455,Béla Rott,"la Rott pharmacies Martin-Luther-Str.  77, Berlin",,,,,,,1900-01-01,1945-12-31
business_01456,Béla Steingießer,"er textiles and clothing Elsasser Str.  43, Berlin",,,,,,,1900-01-01,1945-12-31
business_01457,Böhm & Bormann,"Kaiserkorse 001, Berlin",,,,,,,1937-01-01,1938-12-31
business_01465,Büro Simon Presse- und Nachrichtendienst GmbH,"Zähriger Str. 33, Berlin",,,,,,,1925-01-01,1937-12-31
business_01467,Bürohaus Potsdamer Straße 26a und 26b GmbH,"Bürohaus Potsdamer Straße 26a 62, Berlin",,,,,,,1922-01-01,1938-12-31
business_01473,C. A. Herpich Söhne,"Herpich Söhne Leipziger Str. 9 13, Berlin",,,,,,,1900-01-01,1945-12-31
business_01475,C. Becker & Co GmbH,"Westhafen 1, Berlin",,,,,,,1932-01-01,1941-12-31
business_01484,C. Leiser & Co,"e Frankfurter Str. 53, Berlin",,,,,,,1903-01-01,1937-12-31
business_01485,C. Malter,"Malter Landsberger Str.  91, Berlin",,,,,,,1900-01-01,1945-12-31
business_01487,C. N. Engelhard,"An der Schleuse 13, Berlin",,,,,,,1900-01-01,1938-12-31
business_01489,C. Preisel,"Preisel jewelry and precious metals Wilmersdorfer Str.  71, Berlin",,,,,,,1900-01-01,1945-12-31
business_01494,C. Stenzel,"( Trade ) Eingetragen im Handelsregister/ Gründung 1904 Erloschen 1938 Ostbahnhof ,  Berlin",,,,,,,1904-01-01,1938-12-31
business_01495,C. Wolfenstein & Co,"Köpenicker Str. 36/38, Berlin",,,,,,,1900-01-01,1941-12-31
business_01499,Cady Wolfsfeld,"Heiligegeiststr. 23, Berlin",,,,,,,1909-01-01,1939-12-31
business_01505,Café Riedel Inhaberin Gisela Herzog,"Belle-Alliance-Str. 13, Berlin",,,,,,,1903-01-01,1939-12-31
business_01523,Carl Cahn,"Französische Str. 60/61, Berlin",,,,,,,1903-01-01,1937-12-31
business_01527,Carl Eitig Zweigniederlassung Berlin,"4, Berlin",,,,,,,1925-01-01,1930-12-31
business_01555,Carl Hausdorf,"Leipziger Str. 101/102, Berlin",,,,,,,1904-01-01,1939-12-31
business_01545,Carl Ockler,"Prenzlauer Str. 13, Berlin",,,,,,,1901-01-01,1936-12-31
business_01546,Carl Oelsner,"Friedrichsgracht 57, Berlin",,,,,,,1904-01-01,1938-12-31
business_01550,Carl Pick Nachfolger,"Köpenicker Str. 150/151, Berlin",,,,,,,1900-01-01,1938-12-31
business_01534,Carl Schulz Berliner Eisenmöbel-Fabrik GmbH,"Hasenheide 9, Berlin",,,,,,,1932-01-01,1938-12-31
business_01535,Carl Schulz Erste Berliner Eisen-Möbel-Fabrik,"Hasenheide 9, Berlin",,,,,,,1900-01-01,1935-12-31
business_01566,"Carsch, Catharina Babette","Catharina Babette restaurants Altonaer Str. 5, Berlin",,,,,,,1900-01-01,1945-12-31
business_01572,Cellaro Luxuskarten-Fabrik GmbH,"Köpenicker Str. 46/49, Berlin",,,,,,,1923-01-01,1939-12-31
business_01578,Centrale für Melasseverwertung Alfred Lesser,"Siegmundshof 6, Berlin",,,,,,,1907-01-01,1938-12-31
business_01583,Ch. Angielzcyk,"Angielzcyk construction materials and fuel Strelitzer Str.  64, Berlin",,,,,,,1900-01-01,1945-12-31
business_01587,Ch. David Kost,"( Trade ) Eingetragen im Handelsregister/ Gründung 1919 Köpenicker Str. 33a,  Berlin",,,,,,,1919-01-01,1945-12-31
business_01594,Ch. Rolider,"Rolider leather and shoes Pariser Str.  24, Berlin",,,,,,,1900-01-01,1945-12-31
business_01598,Chaim Eule,"Waßmannstr. 28, Berlin",,,,,,,1927-01-01,1938-12-31
business_01604,Chaim Kestenbaum,"Lothringer Str. 75, Berlin",,,,,,,1916-01-01,1938-12-31
business_01605,Chaim Korngut,"Chaim Korngut Krumme Str.  67, Berlin",,,,,,,1900-01-01,1945-12-31
business_01606,Chaim Krebs,"Chaim Krebs textiles and clothing Lothringer Str.  13, Berlin",,,,,,,1900-01-01,1945-12-31
business_01611,Charl. Gosseis,"Gosseis Lippehner Str.  35, Berlin",,,,,,,1900-01-01,1945-12-31
business_01620,Charlottenburger Schuhhaus,"Charlottenburger Schuhhaus leather and shoes Wilmersdorfer Str.  35, Berlin",,,,,,,1900-01-01,1945-12-31
business_01623,Charlottenburger Westend-Apotheke am Spandauer Berg Ella Handschuhmacher,"Spandauer Berg 10/12, Berlin",,,,,,,1936-01-01,1936-12-31
business_01633,Chemische Fabrik Dr. Seidel & Co GmbH,"Industr, Berlin",,,,,,,1937-01-01,1938-12-31
business_01655,Cigarettenfabrik Corida Inhaber Adolf Scheidemann,"Gollnowstr. 44, Berlin",,,,,,,1910-01-01,1936-12-31
business_01660,Cigarrenhaus Bartmann,"Cigarrenhaus Bartmann Nahrungs- und Genussmittel Konstanzer Str.  2, Berlin",,,,,,,1900-01-01,1945-12-31
business_01662,Cilly Courvoisier,"Cilly Courvoisier construction Elsasser Str.  25, Berlin",,,,,,,1900-01-01,1945-12-31
business_01664,Cilly Hamburger,"Cilly Hamburger Kurfürstendamm  229, Berlin",,,,,,,1900-01-01,1945-12-31
business_01667,Citographia,"Citographia publishing and printing Jerusalemer Str.  44, Berlin",,,,,,,1900-01-01,1945-12-31
business_01669,City-Cafébetriebsgesellschaft mbH,"Potsdamer Str. 136/138, Berlin",,,,,,,1928-01-01,1932-12-31
business_01680,Clemens Treibicz,"Clemens Treibicz textiles and clothing Bayreuther Str. 29, Berlin",,,,,,,1900-01-01,1945-12-31
business_01688,Cohn & Wertheim,"Prenzlauer Str. 36, Berlin",,,,,,,1900-01-01,1941-12-31
business_01693,"Cohn, Waldemar","Waldemar Eisenacher Str. 41, Berlin",,,,,,,1900-01-01,1945-12-31
business_01701,Columbia Matratzen Stempel & Co,"Lothringer Str. 46, Berlin",,,,,,,1935-01-01,1939-12-31
business_01702,Columbus-Apparate-Vertrieb,"Vertrieb chemicals and pharmaceuticals Nikolsburger Platz  2, Berlin",,,,,,,1900-01-01,1945-12-31
business_01705,Concordia-Apotheke Dr. Max Haase Inhaber Theodor Kauf,,,,,,,,1903-01-01,1936-12-31
business_01713,Conrad Fließer,"er books and art Von-der-Heydt-Str.  1, Berlin",,,,,,,1900-01-01,1945-12-31
business_01719,Continental-Armaturen-Fabrik Gustav Salomon,"Köpenicker Str. 36/38, Berlin",,,,,,,1910-01-01,1933-12-31
business_01720,Continentale Papierwaren-Werke Büttner & Seidel GmbH,"Werner-Siemens-Str. 20/21, Berlin",,,,,,,1917-01-01,1940-12-31
business_01721,"Coriolan, Grundstücksverwertungs-GmbH","Burgherrnstr. 11, Berlin",,,,,,,1922-01-01,1945-12-31
business_01723,Cornelius Rohn,"Cornelius Rohn leather and shoes Kurfürstendamm  74, Berlin",,,,,,,1900-01-01,1945-12-31
business_01724,"Cornelius-Straße 4a Grundstücks-GmbH, z.Hd. v. Herrn E. A. K. Schönberg","Schönberg real estate Brückenallee 9, Berlin",,,,,,,1900-01-01,1945-12-31
business_01728,Cravattenfabrik Schindler & Co,"Waterlooufer 3, Berlin",,,,,,,1899-01-01,1938-12-31
business_01730,Crescendo Theaterverlag GmbH,"Jerusalemer Str. 46/49, Berlin",,,,,,,1924-01-01,1934-12-31
business_01736,Curt Ephraim,"Curt Ephraim Weidenweg  53, Berlin",,,,,,,1900-01-01,1945-12-31
business_01737,Curt Goldstein Webwarenfabrikate,"Bundesratsufer 9, Berlin",,,,,,,1935-01-01,1940-12-31
business_01738,Curt Gruenbaum,"Curt Gruenbaum electrical goods Marienburger Str.  26, Berlin",,,,,,,1900-01-01,1945-12-31
business_01740,Curt Landsberg,"Regentenstr. 20, Berlin",,,,,,,1907-01-01,1936-12-31
business_01745,"Curt Salomon, Metalle","Artilleriestr. 9, Berlin",,,,,,,1923-01-01,1940-12-31
business_01753,Cäsar Luft,"Prenzlauer Str. 46, Berlin",,,,,,,1921-01-01,1939-12-31
business_01767,D. L. Haim & Co GmbH,"Potsdamer Str. 129/130, Berlin",,,,,,,1926-01-01,1934-12-31
business_01775,D. Segal Inh. Hermann Goldner,"Dresdner Str. 75, Berlin",,,,,,,1902-01-01,1939-12-31
business_01776,D. Traurig,"technische Artikel Lothringer Str.  82, Berlin",,,,,,,1900-01-01,1945-12-31
business_01777,D. Woythaler,"Derflinger Str. 32/34, Berlin",,,,,,,1920-01-01,1938-12-31
business_01779,Dachpix Gesellschaft Klemann & Co GmbH,"Alt Moabit 75, Berlin",,,,,,,1905-01-01,1937-12-31
business_01781,Dagobert Koeppler,"Dagobert Koeppler textiles and clothing Wilhelmsaue  134, Berlin",,,,,,,1900-01-01,1945-12-31
business_01783,Dagobert Lissner,"Winterfeldstr. 45, Berlin",,,,,,,1935-01-01,1939-12-31
business_01786,Dagobert Wahlburg,"Gerviniusstr. 17, Berlin",,,,,,,1912-01-01,1939-12-31
business_01805,Dampfwäscherei Carola,"Dampfwäscherei Carola textiles and clothing Prinzen Allee  34, Berlin",,,,,,,1900-01-01,1945-12-31
business_01806,Dampfwäscherei Jäger Kreutzberger & Rosenberg,"Thüringerstr. 16, Berlin",,,,,,,1934-01-01,1939-12-31
business_01808,Danico Feinseifenfabrik GmbH,"Joachim-Friedrich-Str. 37/38, Berlin",,,,,,,1925-01-01,1938-12-31
business_01813,Daniel Milberg,"Daniel Milberg transportation Unter den Linden  38, Berlin",,,,,,,1900-01-01,1945-12-31
business_01814,Daniel Moses,"Daniel Moses jewelry and precious metals Greifswalder Str.  190, Berlin",,,,,,,1900-01-01,1945-12-31
business_01817,"Daniel, Klara","Klara Berliner Str. 24, Berlin",,,,,,,1900-01-01,1945-12-31
business_01820,"Danziger, Bruno","Bruno Berchtesgadener Str. 36, Berlin",,,,,,,1900-01-01,1945-12-31
business_01828,David Alpern,"Nettelbeckstr. 24, Berlin",,,,,,,1920-01-01,1940-12-31
business_01838,David Fischmann,"e Frankfurter Str. 87, Berlin",,,,,,,1920-01-01,1935-12-31
business_01839,David Goldberg,"Bischofstr. 6/8, Berlin",,,,,,,1924-01-01,1939-12-31
business_01840,David Gärtner,"David Gärtner textiles and clothing Landsberger Str.  90, Berlin",,,,,,,1900-01-01,1945-12-31
business_01842,David Herschkowitz,"David Herschkowitz Lippehner Str.  33, Berlin",,,,,,,1900-01-01,1945-12-31
business_01848,David Neger,"David Neger Wilhelmshöher Str.  6, Berlin",,,,,,,1900-01-01,1945-12-31
business_01854,David Schönberg,"David Schönberg textiles and clothing Elberfelder Str.  24, Berlin",,,,,,,1900-01-01,1945-12-31
business_01857,David Spritzer,"David Spritzer textiles and clothing Potsdamer Str.  7, Berlin",,,,,,,1900-01-01,1945-12-31
business_01861,David Winer,"David Winer Möbel Heinrich-Roller-Str.  1, Berlin",,,,,,,1900-01-01,1945-12-31
business_01865,"David, Kurt","Kurt textiles and clothing Freisinger Str. 4, Berlin",,,,,,,1900-01-01,1945-12-31
business_01869,Defa Deutsche Export-GmbH,"( Trade ) Eingetragen im Handelsregister/ Gründung 1917 Erloschen 1936 Keine Angabe ,  Berlin",,,,,,,1917-01-01,1936-12-31
business_01877,Delej & Co,"Leipziger Str. 54/56, Berlin",,,,,,,1919-01-01,1938-12-31
business_01878,Delikatessen- und Conservenfabrik Delikafag AG,"Roederstr. 26, Berlin",,,,,,,1923-01-01,1939-12-31
business_01879,Demo Deutscher Montanhandel GmbH,"Hindersinstr. 3, Berlin",,,,,,,1925-01-01,1938-12-31
business_01880,Dentos Dental-Depot des Ostens Emil Cohen,"Copernikuststr. 23, Berlin",,,,,,,1930-01-01,1943-12-31
business_01883,Der Eierspezialist',"Bogen  8, Berlin",,,,,,,1900-01-01,1945-12-31
business_01890,Der deutsche Qualitäts-Schuh,"Der deutsche Qualitäts-Schuh Potsdamer Str., Berlin",,,,,,,1900-01-01,1945-12-31
business_01896,Dettmar Lewin,"Dettmar Lewin jewelry and precious metals Landshuter Str.  9, Berlin",,,,,,,1900-01-01,1945-12-31
business_01901,Deutsch-Böhmische Kohlen-Handelsgesellschaft mbH,"Potsdamer Str. 127/128, Berlin",,,,,,,1914-01-01,1914-12-31
business_01903,Deutsch-Holländische Grunderwerbsgesellschaft mbH,"Prinz-Louis-Ferdinand-Str. 1, Berlin",,,,,,,1920-01-01,1937-12-31
business_01906,Deutsche Bahnspedition Schenker & Co GmbH,"Unter den Linden 39, Berlin",,,,,,,1919-01-01,1919-12-31
business_01909,Deutsche Compagnie Heitinger & Co,"Dresdner Str. 20, Berlin",,,,,,,1902-01-01,1933-12-31
business_01911,Deutsche Eisenbahn-Reklame GmbH,"Nordsternplatz, Berlin",,,,,,,1920-01-01,1937-12-31
business_01912,Deutsche Familien-Bekleidungsgesellschaft mbH Defaka B. G.,"Rosenthaler Str. 40/41, Berlin",,,,,,,1932-01-01,1933-12-31
business_01916,Deutsche Genossenschafts-Revisions- und Treuhand-AG,"Hinter dem Gießhaus 3, Berlin",,,,,,,1922-01-01,1945-12-31
business_01917,Deutsche Genossenschafts-Revisions- und Treuhandges. m.b.H,"Hinter dem Gießhaus 3, Berlin",,,,,,,1925-01-01,1945-12-31
business_01926,Deutsche Industrie AG,"Potsdamer Str. 127/128, Berlin",,,,,,,1913-01-01,1945-12-31
business_01927,Deutsche Industrie-AG,"Potsdamer Str. 127/128, Berlin",,,,,,,1913-01-01,1936-12-31
business_01929,Deutsche Kohlenhandelsgesellschaft mbH,"Potsdamer Str. 127/128, Berlin",,,,,,,1914-01-01,1938-12-31
business_01930,Deutsche Kupferhaus GmbH,"Unter den Linden 65, Berlin",,,,,,,1932-01-01,1935-12-31
business_01931,Deutsche Leinen und Webwaren GmbH,"Bischofstr. 6, Berlin",,,,,,,1929-01-01,1938-12-31
business_01933,Deutsche Länderbank AG,"Unter den Linden 78, Berlin",,,,,,,1910-01-01,1933-12-31
business_01945,Deutsche Taschentuch-Industrie AG,"Leipziger Str. 75/76, Berlin",,,,,,,1923-01-01,1932-12-31
business_01948,Deutsche Unionbank AG,"Unter den Linden 17/18, Berlin",,,,,,,1922-01-01,1933-12-31
business_01950,Deutsche Werkstätten Berlin GmbH,"Leipziger Str. 81/82, Berlin",,,,,,,1933-01-01,1933-12-31
business_01956,Deutscher Lozon Vertrieb Gerhard Lagro,"Belle-Alliance-Str. 92, Berlin",,,,,,,1929-01-01,1929-12-31
business_01962,Deutscher Werkfilm GmbH,"( Trade ) Eingetragen im Handelsregister/ Gründung 1925 Erloschen 1934 Potsdamer Str. 119b,  Berlin",,,,,,,1925-01-01,1934-12-31
business_01965,Deutsches National-Theater AG,"Am Zirkus 1, Berlin",,,,,,,1917-01-01,1934-12-31
business_01970,Diaetei Berlin Georg Cohn,"Porbststr. 14/15, Berlin",,,,,,,1915-01-01,1938-12-31
business_01983,Dichterherzog,"Dichterherzog books and art Flensburger Str.  22, Berlin",,,,,,,1900-01-01,1945-12-31
business_01995,Dipl.-Ing. Alfred Strauß,"Südwestkorso 9, Berlin",,,,,,,1919-01-01,1938-12-31
business_01996,Dipl.-Ing. M. Lossos & Co,"( Trade ) Eingetragen im Handelsregister/ Gründung 1935 Erloschen 1938 Freisinger Str. 5a,  Berlin",,,,,,,1935-01-01,1938-12-31
business_02000,Dita Stern,"Dita Stern textiles and clothing Bayreuther Str.  32, Berlin",,,,,,,1900-01-01,1945-12-31
business_01971,Diät-Friedemann,"Diät-Friedemann Bamberger Str.  5, Berlin",,,,,,,1900-01-01,1945-12-31
business_01972,Diätspeisewirtschaft Friedemann,"Diätspeisewirtschaft Friedemann Bamberger Str.  3, Berlin",,,,,,,1900-01-01,1945-12-31
business_01977,Domus Häusergesellschaft mbH,"Neue Ansbacher Str. 19, Berlin",,,,,,,1922-01-01,1938-12-31
business_02006,Doppellandhaus Dahlem GmbH,"Am Erlenbusch 4, Berlin",,,,,,,1912-01-01,1936-12-31
business_02011,Dora Wachtel,,,,,,,,1900-01-01,1945-12-31
business_02017,Dossmar,"Dossmar electrical goods Bochumer Str.  7, Berlin",,,,,,,1900-01-01,1945-12-31
business_02021,Dr. Alfred Hecht,"Alfred Hecht real estate Emser Str.  109, Berlin",,,,,,,1900-01-01,1945-12-31
business_02022,Dr. Alfred Oppenheim,"Nostizstr. 30, Berlin",,,,,,,1910-01-01,1939-12-31
business_02033,Dr. Fischer's Apotheke,"s Apotheke pharmacies Kurfürstendamm  101, Berlin",,,,,,,1900-01-01,1945-12-31
business_02035,Dr. Franz Bial & Co GmbH,"Oppenstr. 61, Berlin",,,,,,,1922-01-01,1939-12-31
business_02039,Dr. Georg Henning chemisch-pharmazeutisches Werk GmbH,"Oudenarder Str. 14/15, Berlin",,,,,,,1933-01-01,1934-12-31
business_02041,Dr. Gustav Wicke,"Industr, Berlin",,,,,,,1909-01-01,1938-12-31
business_02050,Dr. Ing. Straus & Berliner,"Dörnbergstr. 1, Berlin",,,,,,,1919-01-01,1937-12-31
business_02051,Dr. Ing. Subkis & Co Ingenieurbüro,"Elisabethufer 55, Berlin",,,,,,,1919-01-01,1941-12-31
business_02057,"Dr. Kurt Mendel, Sanatorium Mendel","Sanatorium Mendel pharmacies Jungfernstieg  14, Berlin",,,,,,,1900-01-01,1945-12-31
business_02067,Dr. Oskar u. Paula Guttmann,"Paula Guttmann Regensburger Str.  23, Berlin",,,,,,,1900-01-01,1945-12-31
business_02070,Dr. Philipp Hirsch,"Greifswalder Str. 140/141, Berlin",,,,,,,1900-01-01,1939-12-31
business_02071,Dr. Philipp Lederer,"Am Kupfergraben 4, Berlin",,,,,,,1910-01-01,1937-12-31
business_02073,Dr. Rudolf Reiß Rheumasan- u. Lenicet-Fabrik,"Leibnitzstr. 33, Berlin",,,,,,,1905-01-01,1933-12-31
business_02080,"Dr. Toni Haber, Pension Westend",,,,,,,,1900-01-01,1945-12-31
business_02087,Dr. jur. Leopold Prinz,"Leopold Prinz real estate Potsdamer Str.  1, Berlin",,,,,,,1900-01-01,1945-12-31
business_02088,Dr. jur. Max Raphael,"Max Raphael Salzburger Str.  14, Berlin",,,,,,,1900-01-01,1945-12-31
business_02089,Dr. med. Elfriede Ehrenreich,"Elfriede Ehrenreich Kurfürstendamm  43, Berlin",,,,,,,1900-01-01,1945-12-31
business_02098,Droga Herbert Josephson,"Lützower Str. 6, Berlin",,,,,,,1925-01-01,1939-12-31
business_02105,"Drogerie-Mack, Versandhaus, I. Ranges (1938)","chemicals and pharmaceuticals Kurfürstendamm  127, Berlin",,,,,,,1938-01-01,1945-12-31
business_02107,Drucker & Nagler,"Stralauer Str. 3/6, Berlin",,,,,,,1920-01-01,1940-12-31
business_02109,Druckfarben-GmbH,"Privatstraße an der Ringbahn 9, Berlin",,,,,,,1926-01-01,1938-12-31
business_02125,E. Apfeldorf,"Apfeldorf publishing and printing Schönhauser Allee  150, Berlin",,,,,,,1900-01-01,1945-12-31
business_02132,E. Braun & Co,"Unter den Linden 2, Berlin",,,,,,,1903-01-01,1939-12-31
business_02133,"E. Brinitzer, Dipl.-Ing.","real estate Holsteinische Str.  19, Berlin",,,,,,,1900-01-01,1945-12-31
business_02143,E. L. Friedmann & Co,"Unter den Linden 12, Berlin",,,,,,,1920-01-01,1936-12-31
business_02150,E. Müller & Co,"( Trade ) Eingetragen im Handelsregister/ Gründung 1934 Besitzübernahme 1938 Keine Angabe ,  Berlin",,,,,,,1934-01-01,1938-12-31
business_02175,Edgar Ritterband,,,,,,,,1900-01-01,1945-12-31
business_02178,Edith Flatow,"Edith Flatow textiles and clothing Marbacher Str.  13, Berlin",,,,,,,1900-01-01,1945-12-31
business_02180,Edith Poppelauer,"Edith Poppelauer Nahrungs- und Genussmittel Augsburger Str.  68, Berlin",,,,,,,1900-01-01,1945-12-31
business_02186,Edmund Rappaport,"Derflinger Str. 2, Berlin",,,,,,,1901-01-01,1938-12-31
business_02191,Eduard Cassel,"Eduard Cassel Davoser Str.  82, Berlin",,,,,,,1900-01-01,1945-12-31
business_02195,Eduard Glaser,"Eduard Glaser Greifswalder Str.  88, Berlin",,,,,,,1900-01-01,1945-12-31
business_02197,Eduard Growald,"Jerusalemer Str. 11/12, Berlin",,,,,,,1901-01-01,1939-12-31
business_02200,Eduard Jacobsohn,"Landwehrstr. 11, Berlin",,,,,,,1901-01-01,1943-12-31
business_02202,Eduard Lichtenstein,"Hasenheide 59, Berlin",,,,,,,1900-01-01,1938-12-31
business_02206,Eduard Pincuß,"e Frankfurter Str. 13, Berlin",,,,,,,1901-01-01,1939-12-31
business_02212,Edwin L. Hurtig,"Hurtig Kaiserallee  138, Berlin",,,,,,,1900-01-01,1945-12-31
business_02218,Egon Loewenberg,"Egon Loewenberg pharmacies Potsdamer Str.  33, Berlin",,,,,,,1900-01-01,1945-12-31
business_02221,Ehrenwerth & Schüler,"Meineckestr. 14, Berlin",,,,,,,1922-01-01,1937-12-31
business_02231,"Einkaufszentrale J. Schocken Söhne, GmbH, Zweigniederlassung Berlin","Jerusalemer Str. 65/66, Berlin",,,,,,,1920-01-01,1939-12-31
business_02235,Eisdiele Kohn,"Eisdiele Kohn Kottbusser Damm, Berlin",,,,,,,1900-01-01,1945-12-31
business_02236,Eisdiele des Westens,"Eisdiele des Westens Hohenzollerndamm  11, Berlin",,,,,,,1900-01-01,1945-12-31
business_02239,Eisen-Union AG,"Neue Ansbacher Str. 7, Berlin",,,,,,,1924-01-01,1937-12-31
business_02246,Eisladen der Senta Reibach-Ruß,"Neue Ansbacher Str. 9, Berlin",,,,,,,1900-01-01,1945-12-31
business_02265,Elias Bernstein Tabakwaren,"Prüßstr. 30, Berlin",,,,,,,1931-01-01,1939-12-31
business_02270,Elias Nossen,"Elias Nossen photography and film Weidenweg  35, Berlin",,,,,,,1900-01-01,1945-12-31
business_02271,Elias Olejer,"Elias Olejer textiles and clothing Brandenburgische Str.  19, Berlin",,,,,,,1900-01-01,1945-12-31
business_02272,Elias Ring,"Elias Ring textiles and clothing Lothringer Str.  49, Berlin",,,,,,,1900-01-01,1945-12-31
business_02278,Elisabeth Bankin,"Elisabeth Bankin textiles and clothing Kaiserallee  28, Berlin",,,,,,,1900-01-01,1945-12-31
business_02286,"Elkeles, Max","Max Berchtesgadener Str. 38, Berlin",,,,,,,1900-01-01,1945-12-31
business_02290,Ella Schwerk,"Ella Schwerk Ella Schwerk (04.06.1935) Eingetragen im Handelsregister/ Gründung 1935 ,  Berlin",,,,,,,1935-01-01,1935-12-31
business_02292,Ellen Fischer-Milch,"Milch restaurants Hohenzollerndamm  96, Berlin",,,,,,,1900-01-01,1945-12-31
business_02297,Elli Rogasinski,"Elli Rogasinski Berliner Str.  5, Berlin",,,,,,,1900-01-01,1945-12-31
business_02302,Elsa Liedke,,,,,,,,1900-01-01,1945-12-31
business_02304,Elsbeth Probst,"Elsbeth Probst textiles and clothing Lübecker Str.  25, Berlin",,,,,,,1900-01-01,1945-12-31
business_02308,Else Herzberger ( Elsa Herzberger),"textiles and clothing Pommersche Str.  7, Berlin",,,,,,,1900-01-01,1945-12-31
business_02309,Else Josephson,"Else Josephson Heilbronner Str.  26, Berlin",,,,,,,1900-01-01,1945-12-31
business_02313,Else Marcus,"Else Marcus Krefelder Str.  9, Berlin",,,,,,,1900-01-01,1945-12-31
business_02314,Else Oldendorff,"Else Oldendorff publishing and printing Heilbronner Str.  31, Berlin",,,,,,,1900-01-01,1945-12-31
business_02316,"Elwinn Lachmann, Diplom","Diplom Duisburger Str.  19, Berlin",,,,,,,1900-01-01,1945-12-31
business_02322,Emanuel Friedlaender & Comp.,"Unter den Linden 61, Berlin",,,,,,,1900-01-01,1937-12-31
business_02324,Emanuel Grausmann,"Bretschneiderstr. 5, Berlin",,,,,,,1937-01-01,1939-12-31
business_02333,Emanuel Zeller,"Alt Moabit 106, Berlin",,,,,,,1924-01-01,1941-12-31
business_02338,"Emil A. Bopst, Baugesellschaft mbH","Reichstr. 24/26, Berlin",,,,,,,1920-01-01,1938-12-31
business_02359,Emil H. Wolff,"Kottbusser Ufer 12/15, Berlin",,,,,,,1912-01-01,1941-12-31
business_02360,Emil Heinicke AG,"Saarlandstr. 72, Berlin",,,,,,,1911-01-01,1936-12-31
business_02361,Emil Henschel,"Magdeburger Str. 8, Berlin",,,,,,,1902-01-01,1936-12-31
business_02372,"Emil Köster, Deutsche Beamten-Einkaufs-AG, Zweigniederlassung Berlin","Rosenthaler Str. 39/40, Berlin",,,,,,,1926-01-01,1933-12-31
business_02388,Emil Prager,"Zentralmarkthalle Stand 49/50, Berlin",,,,,,,1922-01-01,1936-12-31
business_02399,Emil Zweigenthal,"Emil Zweigenthal pharmacies Wilmersdorfer Str.  86, Berlin",,,,,,,1900-01-01,1945-12-31
business_02402,"Emma Bette, Bud & Lachmann & Co Damen- und Kindermoden GmbH","Leipziger Str. 30/31, Berlin",,,,,,,1932-01-01,1932-12-31
business_02403,Emma Samter,"Köpenicker Str. 96/97, Berlin",,,,,,,1906-01-01,1938-12-31
business_02407,Emmy Hirschfeld,"Emmy Hirschfeld textiles and clothing Lietzenburger Str.  24, Berlin",,,,,,,1900-01-01,1945-12-31
business_02408,Emmy Rosenbaum Kosmetikfachschule,"Emmy Rosenbaum Kosmetikfachschule Lietzenburger Str.  6, Berlin",,,,,,,1900-01-01,1945-12-31
business_02414,"Engelmann, Heinz","Heinz Birkbuschgarten 11, Berlin",,,,,,,1900-01-01,1945-12-31
business_02417,Entfleckerei Lucie Herald,"Entfleckerei Lucie Herald chemicals and pharmaceuticals Sächsische Str.  9, Berlin",,,,,,,1900-01-01,1945-12-31
business_02432,Erich Boehden & Co Fabrik chemisch-pharmazeutischer Präparate GmbH,"Hindersinstr. 3, Berlin",,,,,,,1922-01-01,1939-12-31
business_02443,Erich Gottfurcht,"Erich Gottfurcht textiles and clothing Kastanienallee  22, Berlin",,,,,,,1900-01-01,1945-12-31
business_02445,Erich Hirsch Cartonagen-Fabrik Inhaber: Erich Hirsch,"Marsiliusstr. 23, Berlin",,,,,,,1905-01-01,1939-12-31
business_02449,Erich Jacoby,"Eisenacher Str. 38/39, Berlin",,,,,,,1918-01-01,1938-12-31
business_02464,Erich Rosenwald,"Erich Rosenwald construction Steinacher Str.  2, Berlin",,,,,,,1900-01-01,1945-12-31
business_02477,"Erna Barnaß, Vertreterin","Vertreterin textiles and clothing Pfalzburger Str.  3, Berlin",,,,,,,1900-01-01,1945-12-31
business_02483,"Erna Marcus, in Firma Arthur Aron","in Firma Arthur Aron chemicals and pharmaceuticals Köpenicker Str.  111, Berlin",,,,,,,1900-01-01,1945-12-31
business_02491,"Ernst Birawer, Leipziger Straße 4","Ernst Birawer, Leipziger Straße 4 ,  Berlin",,,,,,,1900-01-01,1945-12-31
business_02539,Ernst Popper,"Gollnowstr.  28, Berlin",,,,,,,1900-01-01,1945-12-31
business_02543,Ernst Schwarz- Wäscherei Spreetal,"Ernst Schwarz- Wäscherei Spreetal textiles and clothing Grünauer Str.  32, Berlin",,,,,,,1900-01-01,1945-12-31
business_02544,Ernst Schützer,"Waßmannstr. 28, Berlin",,,,,,,1920-01-01,1940-12-31
business_02554,Ernst Wilhelm Samuel,"Wilhelm Samuel textiles and clothing Akazienstr 29, Berlin",,,,,,,1900-01-01,1945-12-31
business_02564,Erwin Herrnstadt,"e Frankfurter Str. 4, Berlin",,,,,,,1933-01-01,1939-12-31
business_02569,Erwin Lindner,"Erwin Lindner construction materials and fuel Martin-Luther-Str.  15, Berlin",,,,,,,1900-01-01,1945-12-31
business_02572,Erwin Wortsmann & Co GmbH,"Babbarossastr. 49, Berlin",,,,,,,1934-01-01,1939-12-31
business_02578,Etablissement Mayer GmbH,"Prinz-Albrecht-Str. 8, Berlin",,,,,,,1925-01-01,1939-12-31
business_02579,Etel Fachler,"Etel Fachler Prenzlauer Str.  10, Berlin",,,,,,,1900-01-01,1945-12-31
business_02583,Eugen Better,"Eugen Better textiles and clothing Brandenburgische Str.  4, Berlin",,,,,,,1900-01-01,1945-12-31
business_02585,Eugen Burckhardt,"Junkerstr. 7, Berlin",,,,,,,1924-01-01,1933-12-31
business_02588,Eugen Folkmar,"Wilhelmsaue 7, Berlin",,,,,,,1930-01-01,1940-12-31
business_02593,Eugen Gumpert,"Belle-Alliance-Str. 23, Berlin",,,,,,,1926-01-01,1939-12-31
business_02598,Eugen Isacsohn,"Brunostr.  49, Berlin",,,,,,,1900-01-01,1945-12-31
business_02599,Eugen Kohn,,,,,,,,1900-01-01,1945-12-31
business_02600,Eugen Lauchheimer,"Bischofstr. 19/21, Berlin",,,,,,,1931-01-01,1939-12-31
business_02607,Eugen Rothschild,"Eugen Rothschild construction Sachsendamm  75, Berlin",,,,,,,1900-01-01,1945-12-31
business_02612,Eugen Wendriner & Sohn,,,,,,,,1936-01-01,1939-12-31
business_02615,Eugenie Liebenbaum,"Eugenie Liebenbaum Bozener Str.  9, Berlin",,,,,,,1900-01-01,1945-12-31
business_02618,Euphorion Verlag Berlin GmbH,"Grolmannstr. 1/2, Berlin",,,,,,,1922-01-01,1939-12-31
business_02622,Eva Philippsthal,"Eva Philippsthal Kaiser-Friedrich-Str.  16, Berlin",,,,,,,1900-01-01,1945-12-31
business_02623,Eva Schönberg,"Meierottstr.  6, Berlin",,,,,,,1900-01-01,1945-12-31
business_02636,Export Gasglühlicht GmbH,"Warschauer Str. 41/42, Berlin",,,,,,,1900-01-01,1940-12-31
business_02637,"Expreß, Reinigungsanstalt und Färberei Inhaberin Wilhelmine Rhonheimer","Gesellschaftsstr. 19, Berlin",,,,,,,1900-01-01,1945-12-31
business_02650,F. Klag & Co,"Alt Moabit 86, Berlin",,,,,,,1923-01-01,1939-12-31
business_02652,F. Messerer,"Messerer textiles and clothing Augsburger Str.  53, Berlin",,,,,,,1900-01-01,1945-12-31
business_02653,"F. Meyer, 1937: Martin Mayer","Gräfestr.  8, Berlin",,,,,,,1937-01-01,1945-12-31
business_02658,F. Reichelt AG vormals Contor chemischer Präparate,"Köpenicker Str. 80/82, Berlin",,,,,,,1922-01-01,1933-12-31
business_02665,F. V. Grünfeld,"Leipziger Str. 20/22, Berlin",,,,,,,1901-01-01,1938-12-31
business_02668,Fa-El-Be Fabrik elektr. Beleuchtungskörper Alfred Aronsohn,"Brandenburgstr. 27, Berlin",,,,,,,1925-01-01,1939-12-31
business_02669,"Fa. Goma, Grundstücks GmbH","Grundstücks GmbH real estate Eisenacher Str. 44, Berlin",,,,,,,1900-01-01,1945-12-31
business_02672,Fa. Ruheplatz 12 Hausverwaltungs-GmbH,"GmbH real estate Am Park 11, Berlin",,,,,,,1900-01-01,1945-12-31
business_02675,Fabian & Co Graphische Kunstanstalt GmbH,"Dresdner Str. 43, Berlin",,,,,,,1923-01-01,1939-12-31
business_02676,Fabian & Hrich,"Hrich textiles and clothing Unter den Linden 71, Berlin",,,,,,,1907-01-01,1941-12-31
business_02678,Fabrik aeth. Oele & Essenzen Ludwig Citron,"Waßmannstr. 28, Berlin",,,,,,,1910-01-01,1937-12-31
business_02695,Fahrschule Ing. Leopold,"Leopold Bamberger Str.  41, Berlin",,,,,,,1900-01-01,1945-12-31
business_02686,Familienheim,"Familienheim Konstanzer Str.  7, Berlin",,,,,,,1900-01-01,1945-12-31
business_02688,Fanny Wachsner Nachf.,"Belle-Alliance-Str. 103, Berlin",,,,,,,1913-01-01,1938-12-31
business_02689,Fanny Wasserreich,"Fanny Wasserreich Nahrungs- und Genussmittel Regensburger Str.  25, Berlin",,,,,,,1900-01-01,1945-12-31
business_02716,Feinbäckerei Grüsser,"Feinbäckerei Grüsser Nahrungs- und Genussmittel Ansbacher Str.  29, Berlin",,,,,,,1900-01-01,1945-12-31
business_02718,Feinbäckerei Wache,"Feinbäckerei Wache Nahrungs- und Genussmittel Speyerer Str.  20, Berlin",,,,,,,1900-01-01,1945-12-31
business_02719,Feinkost O. Frühauf,"Frühauf Nahrungs- und Genussmittel Innsbrucker Str.  18, Berlin",,,,,,,1900-01-01,1945-12-31
business_02720,Feinkost Pförtner,"Feinkost Pförtner Nahrungs- und Genussmittel Am Bayerischen Platz, Berlin",,,,,,,1900-01-01,1945-12-31
business_02721,Feinkost Richter,"und Genussmittel Siegmundshof  22, Berlin",,,,,,,1900-01-01,1945-12-31
business_02723,Feinkost-Meyer,"und Genussmittel Kurfürstendamm  197, Berlin",,,,,,,1900-01-01,1945-12-31
business_02728,Felix Abel,"( Trade ) Eingetragen im Handelsregister/ Gründung 1901 Erloschen 1933 Kaiserallee 45a,  Berlin",,,,,,,1901-01-01,1933-12-31
business_02741,Felix Horwitz,"Bischofstr. 23, Berlin",,,,,,,1926-01-01,1939-12-31
business_02747,Felix Karpé,"Wusterhausener Str. 16, Berlin",,,,,,,1900-01-01,1940-12-31
business_02753,Felix Oppel,"Felix Oppel Heilbronner Str.  28, Berlin",,,,,,,1900-01-01,1945-12-31
business_02754,Felix Philippson,"Leipziger Str. 110/111, Berlin",,,,,,,1924-01-01,1940-12-31
business_02770,Felsenberg,"Felsenberg Nahrungs- und Genussmittel Kaiser-Friedrich-Str.  41, Berlin",,,,,,,1900-01-01,1945-12-31
business_02771,Felske & Kantorowicz,"Siegmundshof 15, Berlin",,,,,,,1920-01-01,1937-12-31
business_02782,Ferdinand Katz,"Prenzlauer Str. 20, Berlin",,,,,,,1923-01-01,1938-12-31
business_02786,Ferdinand Weil,"Unter den Linden 39, Berlin",,,,,,,1928-01-01,1939-12-31
business_02792,Feuchtwanger & Co GmbH,"Industr, Berlin",,,,,,,1933-01-01,1938-12-31
business_02794,Feuer & Levy,"Gertraudtenstr. 18/19, Berlin",,,,,,,1921-01-01,1937-12-31
business_02795,Ficher Meilich,"Ficher Meilich Rostocker Str.  35, Berlin",,,,,,,1900-01-01,1945-12-31
business_02798,Finger's Malerei,"s Malerei Lothringer Str.  28, Berlin",,,,,,,1900-01-01,1945-12-31
business_02801,Firma Salberg,"Firma Salberg, Berlin",,,,,,,1900-01-01,1945-12-31
business_02809,Fischer-Druck GmbH,"Köpenicker Str. 48/49, Berlin",,,,,,,1923-01-01,1936-12-31
business_02813,Flatow-Ladenbau,"Flatow-Ladenbau construction Nürnberger Str.  66, Berlin",,,,,,,1900-01-01,1945-12-31
business_02821,Flora Adler,"Dresdner Str. 128, Berlin",,,,,,,1909-01-01,1938-12-31
business_02830,Forgatsch,"Forgatsch Nahrungs- und Genussmittel Badensche Str.  13, Berlin",,,,,,,1900-01-01,1945-12-31
business_02831,Formstecher & Co,"( Handicraft ) Eingetragen im Handelsregister/ Gründung 1927 Am Fehrbelliner Platz ,  Berlin",,,,,,,1927-01-01,1927-12-31
business_02832,"Forst-Apotheke, W. Blevers ( W. Rievers)","pharmacies gegenüber dem Lunapark, Berlin",,,,,,,1900-01-01,1945-12-31
business_02838,Foto-Binder GmbH,"Binder GmbH Kurfürstendamm  205, Berlin",,,,,,,1900-01-01,1945-12-31
business_02839,Fotofex-Kameras Fritz Kaftanski,"Königgrätzer Str. 82, Berlin",,,,,,,1929-01-01,1938-12-31
business_02841,Fr. Posener,"Posener Berliner Str.  84, Berlin",,,,,,,1900-01-01,1945-12-31
business_02846,"Fraenkel, Hugo","Hugo Eisenacher Str. 103, Berlin",,,,,,,1900-01-01,1945-12-31
business_02852,Frank & Neuthal,"Hollmanstr. 18, Berlin",,,,,,,1912-01-01,1938-12-31
business_02856,Frankenschwerth & Blank,"Jerusalemer Str. 65/66, Berlin",,,,,,,1894-01-01,1940-12-31
business_02859,"Frankl, Richard","Richard textiles and clothing Eisenacher Str. 58, Berlin",,,,,,,1900-01-01,1945-12-31
business_02865,"Franz Hirsch, Berlin","Berlin , Berlin",,,,,,,1900-01-01,1945-12-31
business_02869,Franz Lehmann Perser-Teppich-Großhandelsgesellschaft mbH,"Unter der Linden 34, Berlin",,,,,,,1928-01-01,1940-12-31
business_02872,Franz Markowits,"Franz Markowits textiles and clothing Jenaer Str.  1, Berlin",,,,,,,1900-01-01,1945-12-31
business_02880,Franz Rutzen u. Co. Brunnenbau u. Tiefbaugeschäft,"Kamer Str. 29, Berlin",,,,,,,1900-01-01,1940-12-31
business_02881,Franz Schweisser,"Franz Schweisser textiles and clothing Lietzenburger Str.  4, Berlin",,,,,,,1900-01-01,1945-12-31
business_02882,Franz Seeliger Buchhandlung und Antiquariat,"Nettelbeckstr. 22, Berlin",,,,,,,1909-01-01,1937-12-31
business_02888,Frederick Rozendaal,"8, Berlin",,,,,,,1917-01-01,1937-12-31
business_02892,Fremdenheim Bocke am Zoo,"Fremdenheim Bocke am Zoo Nürnberger Str.  7, Berlin",,,,,,,1900-01-01,1945-12-31
business_02895,"Freund, Lucie","Lucie textiles and clothing Bamberger Str. 27, Berlin",,,,,,,1900-01-01,1945-12-31
business_02902,Frieda Löbenstein,"Frieda Löbenstein textiles and clothing Kaiser-Friedrich-Str.  241, Berlin",,,,,,,1900-01-01,1945-12-31
business_02903,Frieda Oppenheim ( Oppenheimer),"textiles and clothing Trelleborger Str.  40, Berlin",,,,,,,1900-01-01,1945-12-31
business_02907,Frieda Taendler,"Frieda Taendler Emser Str.  39, Berlin",,,,,,,1900-01-01,1945-12-31
business_02909,Frieda Weinkeller,"Frieda Weinkeller Wilmersdorfer Str.  98, Berlin",,,,,,,1900-01-01,1945-12-31
business_02920,Friedmann & Süßkind,"Unter den Linden 15, Berlin",,,,,,,1921-01-01,1940-12-31
business_02924,Friedrich Cohn,"Lothringer Str. 60, Berlin",,,,,,,1920-01-01,1939-12-31
business_02925,Friedrich Diener,"Friedrich Diener Möbel Pariser Str.  39, Berlin",,,,,,,1900-01-01,1945-12-31
business_02938,Friedrich Zoellner GmbH,"Neuköllnische Alllee 60/74, Berlin",,,,,,,1935-01-01,1939-12-31
business_02941,Frigga-Drogerie,"Drogerie chemicals and pharmaceuticals Nürnberger Platz  1, Berlin",,,,,,,1900-01-01,1945-12-31
business_02943,Frischauer & Comp,"Schaffhausener Str. 10/11, Berlin",,,,,,,1905-01-01,1945-12-31
business_02946,Friseur Tuna,"Friseur Tuna Schönhauser Allee  166, Berlin",,,,,,,1900-01-01,1945-12-31
business_02947,Fritz Abraham Lederagenturen & Großhandel,"Meineckestr. 25, Berlin",,,,,,,1927-01-01,1938-12-31
business_02956,Fritz David,"Blumeshof 15, Berlin",,,,,,,1930-01-01,1938-12-31
business_02961,"Fritz Finkelstein, Damenmäntel","Damenmäntel Leipziger Str.  94, Berlin",,,,,,,1900-01-01,1945-12-31
business_02968,Fritz Halbers,"Fritz Halbers Nürnberger Str.  65, Berlin",,,,,,,1900-01-01,1945-12-31
business_02989,Fritz Mosse GmbH,"Bischofstr. 19/21, Berlin",,,,,,,1932-01-01,1939-12-31
business_02999,Fritz Rosenberg Werkstätte für Friedhofskunst,"Lothringenstr. 26, Berlin",,,,,,,1933-01-01,1933-12-31
business_03000,Fritz Rosenstock Gesellschaft für moderne Beleuchtungskörper mbH,"Elisabethufer 34/35, Berlin",,,,,,,1929-01-01,1938-12-31
business_03008,Fritz Vogel,"Fritz Vogel Jerusalemer Str.  30, Berlin",,,,,,,1900-01-01,1945-12-31
business_03009,Fritz Wachsmuth,"Fritz Wachsmuth Nahrungs- und Genussmittel Bayerische Str.  32, Berlin",,,,,,,1900-01-01,1945-12-31
business_03013,Fritz und Erna Zwirn,"Goszlowskistr. 19, Berlin",,,,,,,1900-01-01,1945-12-31
business_03017,"Fromm, Felix","Felix Friedrich-Franz-Str. 17, Berlin",,,,,,,1900-01-01,1945-12-31
business_03025,Fuchs & Petersdorff,"Bischofstr. 22, Berlin",,,,,,,1920-01-01,1938-12-31
business_03029,Funeralia Feibel & Wedel,"Marsiliusstr. 23, Berlin",,,,,,,1903-01-01,1939-12-31
business_03033,Fürstenbrunn GmbH,"Alter Fürstenbrunner Weg 25/32, Berlin",,,,,,,1937-01-01,1938-12-31
business_03041,"G. Fränkel (früher behördl. Dolmetscher, ehem. Prokurist)",,,,,,,,1900-01-01,1945-12-31
business_03044,"G. Knobel, Ingenieur","technische Artikel Lindower Str.  18, Berlin",,,,,,,1900-01-01,1945-12-31
business_03047,G. Loewenberg & Co,"Unter den Linden 42, Berlin",,,,,,,1900-01-01,1934-12-31
business_03049,G. Oberneck & Co,"Hoffmanndamm 31, Berlin",,,,,,,1901-01-01,1942-12-31
business_03053,"Gabler, Arnold","Arnold Bayrischer Platz 4, Berlin",,,,,,,1900-01-01,1945-12-31
business_03056,Gabriel Weinblatt,"Gabriel Weinblatt household goods Anklamer Str.  47, Berlin",,,,,,,1900-01-01,1945-12-31
business_03057,Gadiels Apotheke zum Bär Hermann Gadiel,"Berlin 
    
                                                                                          Xantener Str. 8 94, Berlin",,,,,,,1901-01-01,1937-12-31
business_03065,Garbaty Zigarrenfabrik GmbH,"Unter den Linden 60, Berlin",,,,,,,1919-01-01,1939-12-31
business_03066,Garbáty Cigarettenfabrik GmbH,"Berliner Str. 123/125, Berlin",,,,,,,1930-01-01,1936-12-31
business_03067,Garbáty Cigarettenfabrik KG,"Berliner Str. 123/125, Berlin",,,,,,,1902-01-01,1931-12-31
business_03073,Gasfernzündergesellschaft mbH,"Rominterner Str. 26, Berlin",,,,,,,1920-01-01,1938-12-31
business_03076,Ge-Ka Leiser Eliaschewitz,"Gollnowstr. 2, Berlin",,,,,,,1936-01-01,1939-12-31
business_03078,Gea's Ausstattungshaus Abrahamowicz & Gottschall,"Potsdamer Str. 129/130, Berlin",,,,,,,1935-01-01,1940-12-31
business_03081,Gebr. Arendt,"Heiligegeiststr. 17/18, Berlin",,,,,,,1920-01-01,1938-12-31
business_03083,Gebr. Auster,"Auster textiles and clothing Lothringer Str.  77, Berlin",,,,,,,1900-01-01,1945-12-31
business_03094,Gebr. D. & M. Lange,"Heiligegeiststr. 12, Berlin",,,,,,,1919-01-01,1934-12-31
business_03096,Gebr. Dannenbaum,"Bischofstr. 9, Berlin",,,,,,,1919-01-01,1939-12-31
business_03097,Gebr. Ehrenberg,"Yorkstr. 14, Berlin",,,,,,,1920-01-01,1940-12-31
business_03103,Gebr. Friedländer,"Industr, Berlin",,,,,,,1900-01-01,1938-12-31
business_03104,Gebr. Friedländer & Maaß,"Bischofstr. 6/8, Berlin",,,,,,,1901-01-01,1951-12-31
business_03110,Gebr. Gordon,"Gerichtsstr.  12, Berlin",,,,,,,1900-01-01,1945-12-31
business_03126,Gebr. Katzenstein vormals Simon Wertheim & Co,"e Hamburger Str. 17, Berlin",,,,,,,1922-01-01,1938-12-31
business_03136,Gebr. Lipcke,"Glasowstr. 68, Berlin",,,,,,,1903-01-01,1940-12-31
business_03142,Gebr. Nadel,"Kaiser-Wilhelm-Str. 37/38, Berlin",,,,,,,1920-01-01,1939-12-31
business_03143,Gebr. Nathan,"Unter den Lindenn 5/6, Berlin",,,,,,,1903-01-01,1939-12-31
business_03147,Gebr. Pulvermacher,"81/85, Berlin",,,,,,,1900-01-01,1939-12-31
business_03155,Gebr. Rosenthal,"Winterfeldstr. 27, Berlin",,,,,,,1924-01-01,1938-12-31
business_03156,Gebr. Rotholz,"Bischofstr. 11, Berlin",,,,,,,1919-01-01,1939-12-31
business_03197,Gebrüder Bratt GmbH,"Greifswalder Str. 96/98, Berlin",,,,,,,1927-01-01,1939-12-31
business_03198,Gebrüder Braude GmbH,"Siegmundshof 16, Berlin",,,,,,,1921-01-01,1937-12-31
business_03209,Gebrüder Friedmann,"Lothringer Str. 59, Berlin",,,,,,,1929-01-01,1938-12-31
business_03217,Gebrüder Helft GmbH,"Dresdner Str. 43, Berlin",,,,,,,1926-01-01,1933-12-31
business_03220,Gebrüder Hirschler,"Reichstagsufer 1, Berlin",,,,,,,1872-01-01,1924-12-31
business_03230,Gebrüder Kroner,"Warschauer Str. 34/36, Berlin",,,,,,,1900-01-01,1937-12-31
business_03249,Gebrüder Pese,"Kottbusser Ufer 39/40, Berlin",,,,,,,1907-01-01,1938-12-31
business_03250,Gebrüder Pincus,"Spandauer Str. 17/19, Berlin",,,,,,,1926-01-01,1939-12-31
business_03253,Gebrüder Ranis,"Wittelsbacherkorso 16, Berlin",,,,,,,1933-01-01,1941-12-31
business_03259,Gebrüder Schein,"Lothringer Str. 6, Berlin",,,,,,,1923-01-01,1939-12-31
business_03271,Gebrüder Veit & Co,"Hinter der katholischen Kirche 1, Berlin",,,,,,,1900-01-01,1937-12-31
business_03275,Gebrüder Weißkopf,"Gebrüder Weißkopf household goods Schönhauser Allee  110, Berlin",,,,,,,1900-01-01,1945-12-31
business_03276,Gebrüder Wolfermann,"Am Friedrichshain 16/23, Berlin",,,,,,,1912-01-01,1938-12-31
business_03282,Geis & Co,"17, Berlin",,,,,,,1934-01-01,1934-12-31
business_03289,Genossenschafts-Treuhandgesellschaft mbH,"Hinter dem Gießhaus 3, Berlin",,,,,,,1925-01-01,1925-12-31
business_03297,Georg Blumenfeld & Co,"Unter den Linden 27, Berlin",,,,,,,1907-01-01,1940-12-31
business_03307,Georg Dobrin mechanische Werkstatt,"Grolmannstr.  12, Berlin",,,,,,,1900-01-01,1945-12-31
business_03310,Georg Eichelgrün,"Jerusalemer Str. 11/12, Berlin",,,,,,,1927-01-01,1933-12-31
business_03312,Georg Erich Jakszt,"Dresdner Str. 42/43, Berlin",,,,,,,1936-01-01,1936-12-31
business_03314,Georg Flach & Engel,"Jerusalemer Str. 19/20, Berlin",,,,,,,1902-01-01,1938-12-31
business_03325,Georg Held,"Hasenheide 19, Berlin",,,,,,,1925-01-01,1939-12-31
business_03326,Georg Herrmann Eisen- und Maschinenhandlung,"Buchholzer Str. 62/65, Berlin",,,,,,,1910-01-01,1939-12-31
business_03327,Georg Heskel,"( Trade ) Eingetragen im Handelsregister/ Gründung 1901 Erloschen 1931 Kurfürstendamm 125a,  Berlin",,,,,,,1901-01-01,1931-12-31
business_03328,Georg Holefleisch,"Georg Holefleisch construction Luckauer Str.  4, Berlin",,,,,,,1900-01-01,1945-12-31
business_03332,Georg Issler,"Gerviniusstr. 8, Berlin",,,,,,,1925-01-01,1938-12-31
business_03340,Georg Kellermann,"Georg Kellermann household goods Neue Schönhauser Str.  2, Berlin",,,,,,,1900-01-01,1945-12-31
business_03347,Georg Lewinson,"Köpenicker Str. 86/87, Berlin",,,,,,,1920-01-01,1938-12-31
business_03359,Georg Neustadt Furniere und Hölzer,"Warschauer Str. 37/38, Berlin",,,,,,,1922-01-01,1942-12-31
business_03363,Georg Pintus,"Alte Leipziger Str. 7/9, Berlin",,,,,,,1900-01-01,1939-12-31
business_03376,Georg Schönland,"Bischofstr. 22, Berlin",,,,,,,1911-01-01,1938-12-31
business_03392,Georg Wedell,"Verlängerte Morsestr., Berlin",,,,,,,1921-01-01,1937-12-31
business_03396,Georg Wiener Bau & Nutzholzhandlung,"Köllnisches Ufer 29/31, Berlin",,,,,,,1906-01-01,1939-12-31
business_03406,"Gerechter, Recha, Sara, geb. Blum","Gerechter, Recha, Sara, geb. Blum Elberfelder Str. 32, I., b/Phiebig,,  Berlin",,,,,,,1900-01-01,1945-12-31
business_03407,Gerhard Berwin,"Lothringenstr.  2, Berlin",,,,,,,1900-01-01,1945-12-31
business_03412,Gerhard Rosenzweig,"Gerhard Rosenzweig transportation Elsasser Str.  9, Berlin",,,,,,,1900-01-01,1945-12-31
business_03413,Gerhard Unger,"Landwehrstr.  1, Berlin",,,,,,,1900-01-01,1945-12-31
business_03417,Germania Apotheke am Rosenthaler Platz. Ignatz Hadra,"Lothringer Str. 50, Berlin",,,,,,,1905-01-01,1936-12-31
business_03422,Gerson Bernstein,"Gerson Bernstein textiles and clothing Brandenburgische Str.  16, Berlin",,,,,,,1900-01-01,1945-12-31
business_03426,"Gerson, Katharina","Katharina Freisinger Str. 7, Berlin",,,,,,,1900-01-01,1945-12-31
business_03429,Gertrud Heymann,"Gertrud Heymann Rosenheimer Str.  29, Berlin",,,,,,,1900-01-01,1945-12-31
business_03433,Gertrud Powitzer,"Prenzlauer Str. 42, Berlin",,,,,,,1936-01-01,1940-12-31
business_03434,Gertrud Rosenberg,"Gertrud Rosenberg Wiesbadener Str.  83, Berlin",,,,,,,1900-01-01,1945-12-31
business_03437,Gertrud Stillmann,"Gertrud Stillmann textiles and clothing Frankfurter Allee  302, Berlin",,,,,,,1900-01-01,1945-12-31
business_03438,Ges. für Karpfenhandel mbH,"C  2, Berlin",,,,,,,1900-01-01,1945-12-31
business_03439,Geschw. Bibo,"Bibo textiles and clothing Frankfurter Allee  26, Berlin",,,,,,,1900-01-01,1945-12-31
business_03442,Geschw. Jacks,"Jacks textiles and clothing Konstanzer Str.  6, Berlin",,,,,,,1900-01-01,1945-12-31
business_03444,Geschw. Pollnow,"Pollnow restaurants Bamberger Str.  61, Berlin",,,,,,,1900-01-01,1945-12-31
business_03447,Geschwister Hülse,"Geschwister Hülse textiles and clothing Apostel-Paulus-Str.  26, Berlin",,,,,,,1900-01-01,1945-12-31
business_03448,Geschwister Leiser,"Geschwister Leiser textiles and clothing Wilmersdorfer Str.  36, Berlin",,,,,,,1900-01-01,1945-12-31
business_03450,Geschwister Salomon,"und Genussmittel Prager Platz  5, Berlin",,,,,,,1933-01-01,1945-12-31
business_03456,"Gesellschaft für Feldbahn-Industrie Smochewer & Co, Niederlassung Berlin","Steglitzer Str. 20, Berlin",,,,,,,1924-01-01,1940-12-31
business_03458,Gesellschaft für Grundbesitz und Kapitalanlagen GmbH,"Prinz-Louis-Ferdinand-Str. 1, Berlin",,,,,,,1913-01-01,1937-12-31
business_03459,Gesellschaft für Hausratsverwaltung und -verwertung für Mitglieder der jüdischen Gemeinden Deutschlands GmbH,"Greifswalder Str. 160/162, Berlin",,,,,,,1934-01-01,1937-12-31
business_03463,Gesellschaft für Sterilisation mbH,"Stöckerzeile 22, Berlin",,,,,,,1913-01-01,1939-12-31
business_03468,Gesellschaft für elektrische Isolierungen GmbH,"Reichenberger Str. 79/80, Berlin",,,,,,,1920-01-01,1945-12-31
business_03473,Getraide & Co,"Brandenburgstr. 43, Berlin",,,,,,,1937-01-01,1939-12-31
business_03476,Getreide-Verwertung AG,,,,,,,,1930-01-01,1937-12-31
business_03502,Giem,"Giem textiles and clothing Heiliggeistgasse  6, Berlin",,,,,,,1900-01-01,1945-12-31
business_03505,"Giesenow, Martin","Martin Blumenweg 16, Berlin",,,,,,,1900-01-01,1945-12-31
business_03507,"Gimpel, Frieda","Frieda textiles and clothing Eisenacher Str. 85, Berlin",,,,,,,1900-01-01,1945-12-31
business_03482,Gladiator Fabrik für elektrotechnische Apparate GmbH,"Luisenufer 44, Berlin",,,,,,,1922-01-01,1941-12-31
business_03497,Glücksohn & Co Bankgeschäft,"Unter den Linden 27, Berlin",,,,,,,1920-01-01,1937-12-31
business_03500,Goetz & Co,"( Trade ) Eingetragen im Handelsregister/ Gründung 1921 Erloschen 1938 Köpenicker Str. 9a,  Berlin",,,,,,,1921-01-01,1938-12-31
business_03524,"Goldberg, Erna","Erna Berliner Str. 23, Berlin",,,,,,,1900-01-01,1945-12-31
business_03534,Goldwaaren Industrie Belmonte & Co.,"Leipziger Str. 97/98, Berlin",,,,,,,1901-01-01,1939-12-31
business_03511,"Gottheim, Berthold","Berthold leather and shoes Flensburger Str. 11, Berlin",,,,,,,1900-01-01,1945-12-31
business_03546,Graphische Kunstanstalt Ernst Zieger,"Graphische Kunstanstalt Ernst Zieger advertising Am Johannistisch  9, Berlin",,,,,,,1900-01-01,1945-12-31
business_03554,Growald Landsberg & Rosenheim,"Heiligegeiststr. 21, Berlin",,,,,,,1916-01-01,1939-12-31
business_03560,Groß-Einkaufsbund deutscher Schuhhändler e. GmbH (Genossenschaft),"Bischofstr.  26, Berlin",,,,,,,1900-01-01,1945-12-31
business_03572,Großberliner Möbel-Vertrieb GmbH,"e Frankfurter Str. 59, Berlin",,,,,,,1933-01-01,1940-12-31
business_03575,"Großmann, Else","Else Flensburger Str. 8, Berlin",,,,,,,1900-01-01,1945-12-31
business_03576,Großwäscherei Küster,"Großwäscherei Küster textiles and clothing Holsteiner Ufer  5, Berlin",,,,,,,1900-01-01,1945-12-31
business_03577,Großwäscherei Riebe,,,,,,,,1900-01-01,1945-12-31
business_03578,Großwäscherei Schuller,"Großwäscherei Schuller textiles and clothing Wilhelmsaue  108, Berlin",,,,,,,1900-01-01,1945-12-31
business_03579,Gruenbaum-Wulf,"Gruenbaum-Wulf textiles and clothing Marburger Str.  2, Berlin",,,,,,,1900-01-01,1945-12-31
business_03580,"Grunau, Paul","Paul Essener Str. 10, Berlin",,,,,,,1900-01-01,1945-12-31
business_03581,Grunauer und Freudenberg,"Jerusalemer Str. 19/20, Berlin",,,,,,,1921-01-01,1933-12-31
business_03585,Grundstücks-AG Dido,"Prinz-Louis-Ferdinand-Str. 1, Berlin",,,,,,,1923-01-01,1935-12-31
business_03590,Grundstücksgesellschaft Schönfried mbH,"Neue Bayreuther Str. 8, Berlin",,,,,,,1922-01-01,1936-12-31
business_03600,Grünbaum,"Grünbaum Dragonerstr 48, Berlin",,,,,,,1900-01-01,1945-12-31
business_03605,Grünebaum & Scheuer,"Belle-Alliance-Str. 3, Berlin",,,,,,,1901-01-01,1939-12-31
business_03613,Gummi Confection Alexis Sachs,"( Trade ) Eingetragen im Handelsregister/ Gründung 1912 Erloschen 1937 Alt Moabit 83b,  Berlin",,,,,,,1912-01-01,1937-12-31
business_03618,Gust. Salinger,"Am Kupfergraben 5, Berlin",,,,,,,1900-01-01,1932-12-31
business_03643,Gustav Kunze jr. GmbH,"( Trade ) Eingetragen im Handelsregister/ Gründung 1907 Flottenstr. ,  Berlin",,,,,,,1907-01-01,1907-12-31
business_03669,Gustav Löwenberg,"Gustav Löwenberg textiles and clothing Alt Moabit  114, Berlin",,,,,,,1900-01-01,1945-12-31
business_03679,Gustav Reinke,"Gustav Reinke textiles and clothing Rathenower Str.  5, Berlin",,,,,,,1900-01-01,1945-12-31
business_03684,Gustav Seelig,"Gustav Seelig household goods Deidesheimer Str.  8, Berlin",,,,,,,1900-01-01,1945-12-31
business_03686,Gustav Stahr,"Artilleriestr.  36, Berlin",,,,,,,1900-01-01,1945-12-31
business_03691,Gustav Zamory,"Bischofstr. 11, Berlin",,,,,,,1909-01-01,1939-12-31
business_03705,Götzel Jacob,"Götzel Jacob Rostocker Str.  28, Berlin",,,,,,,1900-01-01,1945-12-31
business_03707,Günther Hartwich,"Günther Hartwich electrical goods Heilbronner Str.  30, Berlin",,,,,,,1900-01-01,1945-12-31
business_03710,Güter-Sammelverkehr-GmbH,"Alt Moabit 139, Berlin",,,,,,,1932-01-01,1936-12-31
business_03726,H. Engel's Nachfolger,"Heiligegeiststr. 39, Berlin",,,,,,,1877-01-01,1938-12-31
business_03727,H. Erdberg,"Erdberg jewelry and precious metals Pariser Str.  23, Berlin",,,,,,,1900-01-01,1945-12-31
business_03730,H. Fink,"Fink Elberfelder Str.  29, Berlin",,,,,,,1900-01-01,1945-12-31
business_03736,H. Gruschka,"Gruschka textiles and clothing Landsberger Str.  89, Berlin",,,,,,,1900-01-01,1945-12-31
business_03751,H. Herzberg,"Joachimsthaler Str. 7/8, Berlin",,,,,,,1900-01-01,1939-12-31
business_03755,H. Joseph & Co,"Berliner Str. 54/55, Berlin",,,,,,,1900-01-01,1937-12-31
business_03765,H. Pein,"Spandauer Berg 31, Berlin",,,,,,,1900-01-01,1939-12-31
business_03768,H. Rosenbund,"Dresdner Str. 55, Berlin",,,,,,,1931-01-01,1934-12-31
business_03771,H. Schlesinger Wäschefabrik,"Rosenthaler Str. 63/64, Berlin",,,,,,,1900-01-01,1938-12-31
business_03773,H. Schoyer,"Joachimsthaler Str. 43/44, Berlin",,,,,,,1903-01-01,1941-12-31
business_03778,H. Vaisman,"Vaisman textiles and clothing Leipziger Str.  58, Berlin",,,,,,,1900-01-01,1945-12-31
business_03790,Haase & Meyer,"Hasenheide 22, Berlin",,,,,,,1919-01-01,1941-12-31
business_03793,Hael-Werkstätten für künstlerische Keramik GmbH,,,,,,,,1923-01-01,1935-12-31
business_03794,Hafrie Liköre Spirituosenfabrikation und Weingroß-Handlung Inh. Helene Friedlaender,"( Trade ) Eingetragen im Handelsregister/ Gründung 1938 Besitzübernahme 1938 Keine Angabe ,  Berlin",,,,,,,1938-01-01,1938-12-31
business_03798,"Hahn, Samuel","Samuel Nahrungs- und Genussmittel Eisenacher Str. 87, Berlin",,,,,,,1900-01-01,1945-12-31
business_03800,Haidar Hussein,"Haidar Hussein textiles and clothing Wilmersdorfer Str.  52, Berlin",,,,,,,1900-01-01,1945-12-31
business_03802,Hallesches Tor Grundstücksverwaltungs AG,"Königin-Augusta-Str. 20, Berlin",,,,,,,1922-01-01,1941-12-31
business_03808,"Hammel, Rosalie geb. Silberberg","Silberberg restaurants Flensburger Str. 23, Berlin",,,,,,,1900-01-01,1945-12-31
business_03814,Handels- und Verwaltungs-GmbH,"( Trade ) Eingetragen im Handelsregister/ Gründung 1933 Alexandrinenstr. ,  Berlin",,,,,,,1933-01-01,1933-12-31
business_03823,Handwäscherei Klein,"Handwäscherei Klein textiles and clothing Prenzlauer Berg  11, Berlin",,,,,,,1900-01-01,1945-12-31
business_03828,Hanna Feiertag,"Hanna Feiertag Altonaer Str.  32, Berlin",,,,,,,1900-01-01,1945-12-31
business_03838,Hans Bombek,"Hans Bombek textiles and clothing Ansbacher Str.  48, Berlin",,,,,,,1900-01-01,1945-12-31
business_03843,Hans Danielsohn,"Hans Danielsohn Kottbusser Damm  6, Berlin",,,,,,,1900-01-01,1945-12-31
business_03844,Hans Eppenheim,"Hans Eppenheim publishing and printing Paul-Singer-Str.  110, Berlin",,,,,,,1900-01-01,1945-12-31
business_03847,Hans Fürstenwalde Hypotheken und Grundbesitz,"Nürnberger Str. 39/40, Berlin",,,,,,,1912-01-01,1939-12-31
business_03849,Hans Goldstein,"Rosenhaimer Str. 15, Berlin",,,,,,,1927-01-01,1938-12-31
business_03859,Hans Jacob Bornstein,,,,,,,,1900-01-01,1945-12-31
business_03860,Hans Joseph & Co,"Berliner Str. 51/55, Berlin",,,,,,,1900-01-01,1940-12-31
business_03861,Hans Josephson,"Hans Josephson construction Würzburger Str. 1, Berlin",,,,,,,1900-01-01,1945-12-31
business_03865,Hans Klehr,"Hans Klehr textiles and clothing Berchdesgadener Str.  24, Berlin",,,,,,,1900-01-01,1945-12-31
business_03869,Hans Lehmann,"Württembergische Str. 36/37, Berlin",,,,,,,1923-01-01,1935-12-31
business_03875,Hans Max Samuel Kirstein,,,,,,,,1900-01-01,1945-12-31
business_03879,Hans Obstbaum,"Hans Obstbaum leather and shoes Lübecker Str.  4, Berlin",,,,,,,1900-01-01,1945-12-31
business_03890,Hans Stroh,"e Frankfurter Str. 86, Berlin",,,,,,,1935-01-01,1939-12-31
business_03892,Hans Troinski,"Hans Troinski textiles and clothing Holsteinische Str.  56, Berlin",,,,,,,1900-01-01,1945-12-31
business_03893,Hans Vallentin,"Meineckestr. 14, Berlin",,,,,,,1919-01-01,1939-12-31
business_03894,Hans Wall,"Holtzdamm am Tegeler Weg, Berlin",,,,,,,1925-01-01,1938-12-31
business_03912,Hansa-Mützenfabrikation Julius Fabian,"e Frankfurter Str. 95, Berlin",,,,,,,1921-01-01,1939-12-31
business_03914,Hansjacob Bornstein,"Hansjacob Bornstein banks and insurance An der Spandauer Brücke  9, Berlin",,,,,,,1900-01-01,1945-12-31
business_03907,Harry Cohn,"Harry Cohn construction Regensburger Str.  28, Berlin",,,,,,,1900-01-01,1945-12-31
business_03923,Harry Jeidels,"Harry Jeidels photography and film Martin-Luther-Str.  56, Berlin",,,,,,,1900-01-01,1945-12-31
business_03926,Harry Loschinski,"Harry Loschinski Tauroggener Str.  2, Berlin",,,,,,,1900-01-01,1945-12-31
business_03933,Hauser & Rubinstein,"Hankestr. 2, Berlin",,,,,,,1931-01-01,1941-12-31
business_03936,Haw-Propellerbau GmbH,"( Industry ) Eingetragen im Handelsregister/ Gründung 1925 Erloschen 1937 Feldstr. k. A.,  Berlin",,,,,,,1925-01-01,1937-12-31
business_03940,Hecht & Reiwith,"Landsberger Str. 66/67, Berlin",,,,,,,1930-01-01,1938-12-31
business_03942,Hedwig Baerwald,"Hedwig Baerwald publishing and printing Nürnberger Str.  19, Berlin",,,,,,,1900-01-01,1945-12-31
business_03943,Hedwig Gruenbaum,"Hedwig Gruenbaum Marienburger Str.  26, Berlin",,,,,,,1900-01-01,1945-12-31
business_03948,Hedwig Wyngaard,"Leipziger Str. 110/111, Berlin",,,,,,,1937-01-01,1940-12-31
business_03949,Hedyra Neuheiten Herstellungs- und Vetriebs-GmbH,"Steglitzer Str. 7, Berlin",,,,,,,1924-01-01,1938-12-31
business_03950,"Heilborn, Richard","Richard Freisinger Str. 18, Berlin",,,,,,,1900-01-01,1945-12-31
business_03977,"Heimann, Fritz","Fritz textiles and clothing Berliner Allee 74, Berlin",,,,,,,1900-01-01,1945-12-31
business_03978,Heimbau- und Wirtschafts-GmbH,"Vikrotiastr. 39, Berlin",,,,,,,1914-01-01,1937-12-31
business_03979,Hein & Co GmbH,"Magdeburger Str. 34, Berlin",,,,,,,1926-01-01,1940-12-31
business_03970,Heinrich Apisdorf,"Heinrich Apisdorf Nahrungs- und Genussmittel Lothringer Str.  25, Berlin",,,,,,,1900-01-01,1945-12-31
business_04012,Heinrich Dreyfuss,"Winterfeldstr. 27, Berlin",,,,,,,1925-01-01,1931-12-31
business_04013,Heinrich E. Simon,"Unter den Linden 17/18, Berlin",,,,,,,1932-01-01,1939-12-31
business_04018,Heinrich Fleckmann,"Heinrich Fleckmann textiles and clothing Meraner Str.  7, Berlin",,,,,,,1900-01-01,1945-12-31
business_04019,Heinrich Flink,"Heinrich Flink textiles and clothing Höchste Str.  22, Berlin",,,,,,,1900-01-01,1945-12-31
business_04002,Heinrich Genuit sen.,"Warschauer Str. 41/42, Berlin",,,,,,,1908-01-01,1936-12-31
business_03994,Heinrich Katz Fabrikvertretungen,"Kaiserkorso 3, Berlin",,,,,,,1922-01-01,1937-12-31
business_03996,Heinrich Knoller,"Heinrich Knoller advertising Alte Schönhauser Str.  18, Berlin",,,,,,,1900-01-01,1945-12-31
business_03999,Heinrich Kopplowitz,"Heinrich Kopplowitz Landsberger Str.  22, Berlin",,,,,,,1900-01-01,1945-12-31
business_04027,Heinrich Michaelis Apotheker,"Nürnberger Platz 3, Berlin",,,,,,,1922-01-01,1932-12-31
business_04028,Heinrich Nager,"Kaiser-Franz-Grenadier-Str. 3, Berlin",,,,,,,1922-01-01,1939-12-31
business_04031,Heinrich Perl,"Alt Moabit 109, Berlin",,,,,,,1924-01-01,1939-12-31
business_04037,Heinrich Schlanger,"Prenzlauer Str. 7/8, Berlin",,,,,,,1923-01-01,1939-12-31
business_04040,Heinrich Seidenberg,"Bischofstr. 10, Berlin",,,,,,,1935-01-01,1939-12-31
business_04043,Heinrich Spritzer,"Alte Schönhauser 3, Berlin",,,,,,,1924-01-01,1936-12-31
business_04050,"Heinrich Wolff, in Firma Leopold Wolff","in Firma Leopold Wolff construction Danziger Str.  87, Berlin",,,,,,,1900-01-01,1945-12-31
business_04053,Heinrich Zeida,"Heinrich Zeida textiles and clothing Fehrbelliner Str.  18, Berlin",,,,,,,1900-01-01,1945-12-31
business_04056,Heinz Gayer,"Heinz Gayer electrical goods Alte Schönhauser Str.  35, Berlin",,,,,,,1900-01-01,1945-12-31
business_04060,Heinz Lilienthal,"Zähriger Str. 17, Berlin",,,,,,,1927-01-01,1937-12-31
business_04064,Heinz Propper,"Heinz Propper textiles and clothing Steglitzer str.  27, Berlin",,,,,,,1900-01-01,1945-12-31
business_04068,Heinz Stern & Co,"Heiligegeiststr. 45, Berlin",,,,,,,1920-01-01,1939-12-31
business_04070,Hektor Grundstücksgesellschaft mbH,"Prinz-Louis-Ferdinand-Str. 7, Berlin",,,,,,,1913-01-01,1938-12-31
business_04081,Hektor-Drogerie,"Hektor-Drogerie chemicals and pharmaceuticals Küstriner Str.  23, Berlin",,,,,,,1900-01-01,1945-12-31
business_04086,Helfft & Friedländer,,,,,,,,1900-01-01,1945-12-31
business_04087,Helga Mayer-Landauer,"Helga Mayer-Landauer photography and film Konstanzer Str.  2, Berlin",,,,,,,1900-01-01,1945-12-31
business_04074,Helmuth Meyer Speditions- u. Assekuranzbüro,"Großgörschen Platz 120/123, Berlin",,,,,,,1929-01-01,1932-12-31
business_04075,Helphand,,,,,,,,1900-01-01,1945-12-31
business_04076,Helro,"Helro electrical goods Neue Promenade  4, Berlin",,,,,,,1900-01-01,1945-12-31
business_04079,Hemdenpracht,"Hemdenpracht textiles and clothing Leipziger Str.  82, Berlin",,,,,,,1900-01-01,1945-12-31
business_04080,Hendlisch & Cie,"Wallnertheaterstr. 6, Berlin",,,,,,,1925-01-01,1940-12-31
business_04093,Henriette Frischer,"Henriette Frischer restaurants Neue Ansbacher Str.  9, Berlin",,,,,,,1900-01-01,1945-12-31
business_04100,Henry Pels & Cie,"Grolmannstr. 5, Berlin",,,,,,,1929-01-01,1938-12-31
business_04104,Heraklit Grundstücksverwertungs-AG,"Saarlandstr. 72, Berlin",,,,,,,1922-01-01,1940-12-31
business_04111,Herbert Gottlieb,"Herbert Gottlieb pharmacies Ahlbecker Str.  14, Berlin",,,,,,,1900-01-01,1945-12-31
business_04114,Herbert J. Heilbronner,"Heilbronner chemicals and pharmaceuticals Holsteinische Str.  48, Berlin",,,,,,,1900-01-01,1945-12-31
business_04115,Herbert Jonassohn,"Herbert Jonassohn Xantener Str.  18, Berlin",,,,,,,1900-01-01,1945-12-31
business_04125,Herbert Putter,"Herbert Putter electrical goods Marburger Str.  9, Berlin",,,,,,,1900-01-01,1945-12-31
business_04142,Herbert Tyrasch,"Unter den Linden 5/6, Berlin",,,,,,,1927-01-01,1937-12-31
business_04134,Hermann Barkowsky,"Hermann Barkowsky textiles and clothing Greifswalder Str.  31, Berlin",,,,,,,1900-01-01,1945-12-31
business_04136,Hermann Bernsohn,"Prenzlauer Str. 18, Berlin",,,,,,,1921-01-01,1939-12-31
business_04138,Hermann Bibo,"Hermann Bibo textiles and clothing Choriner Str.  62, Berlin",,,,,,,1900-01-01,1945-12-31
business_04139,Hermann Bierer,"Lothringenstr.  28, Berlin",,,,,,,1900-01-01,1945-12-31
business_04140,Hermann Bleiberg,"Gollnowstr.  27, Berlin",,,,,,,1900-01-01,1945-12-31
business_04153,Hermann Bodenheimer,"( Trade ) Eingetragen im Handelsregister/ Gründung 1921 Erloschen 1936 Potsdamer Str. 76a,  Berlin",,,,,,,1921-01-01,1936-12-31
business_04159,Hermann Cohn sr.,"Alte Leipziger Str. 7/9, Berlin",,,,,,,1903-01-01,1941-12-31
business_04171,Hermann Dobrin,"Matieustr. 29, Berlin",,,,,,,1921-01-01,1937-12-31
business_04174,Hermann Eichhorn Nachf.,"household goods Friedrichsgracht  37, Berlin",,,,,,,1900-01-01,1945-12-31
business_04178,Hermann Elkan,"Wilhelmsaue 106, Berlin",,,,,,,1918-01-01,1935-12-31
business_04183,Hermann Gewerz,"Hermann Gewerz construction Landsberger Str.  34, Berlin",,,,,,,1900-01-01,1945-12-31
business_04187,Hermann Goldberg & Co,"Leipziger Str. 67/70, Berlin",,,,,,,1905-01-01,1939-12-31
business_04188,Hermann Goldberg & Co GmbH,"( Trade ) Eingetragen im Handelsregister/ Gründung 1923 Erloschen 1935 Leipziger Str 67-70,  Berlin",,,,,,,1923-01-01,1935-12-31
business_04212,Hermann Jontofsohn,,,,,,,,1905-01-01,1940-12-31
business_04216,Hermann Kramarski,"Winterfeldstr. 24, Berlin",,,,,,,1924-01-01,1938-12-31
business_04218,Hermann Krumm,"Eisenacher Str. 44/45, Berlin",,,,,,,1935-01-01,1939-12-31
business_04224,Hermann Lesser Wirkwaren,"Heiligegeiststr. 52, Berlin",,,,,,,1922-01-01,1939-12-31
business_04232,Hermann Löwinger,"Hermann Löwinger textiles and clothing Ansbacher Str.  40, Berlin",,,,,,,1900-01-01,1945-12-31
business_04236,Hermann Masur,"Unter den Linden 39, Berlin",,,,,,,1916-01-01,1938-12-31
business_04267,Hermann Salomonski,"Dresdener Str. 88/89, Berlin",,,,,,,1908-01-01,1939-12-31
business_04275,Hermann Tietz,"Leipziger Str. 46/49, Berlin",,,,,,,1900-01-01,1935-12-31
business_04277,Hermann Türckfeld,"Hermann Türckfeld textiles and clothing Unter den Linden  64, Berlin",,,,,,,1900-01-01,1945-12-31
business_04278,Hermann Ury,"Gollnowstr. 13, Berlin",,,,,,,1925-01-01,1938-12-31
business_04283,Hermann Weinwurm,"Hermann Weinwurm paper and paper goods Dresdener Str.  74, Berlin",,,,,,,1900-01-01,1945-12-31
business_04284,Hermann Weiß,"Heiligegeiststr. 19, Berlin",,,,,,,1911-01-01,1935-12-31
business_04287,Hermann Zankier,"Hermann Zankier textiles and clothing Frankfurter Str.  101, Berlin",,,,,,,1900-01-01,1945-12-31
business_04290,Hermann und Hertha Hirschberg,"Hermann und Hertha Hirschberg photography and film Passauer Str.  4, Berlin",,,,,,,1900-01-01,1945-12-31
business_04317,Herrmann Schlesinger & Co,"Prenzlauer Str. 35, Berlin",,,,,,,1900-01-01,1939-12-31
business_04321,"Herrnberg, Walter","Walter Essener Str. 21, Berlin",,,,,,,1900-01-01,1945-12-31
business_04322,Hersch Schipper,"Kottbusser Ufer 42/43, Berlin",,,,,,,1935-01-01,1939-12-31
business_04324,Herschel Gutschein,"Herschel Gutschein Krumme Str. 14, Berlin",,,,,,,1900-01-01,1945-12-31
business_04330,"Herta Salomon, Salon Herta","Salon Herta chemicals and pharmaceuticals Neue Ansbacher Str.  14, Berlin",,,,,,,1900-01-01,1945-12-31
business_04336,"Herzberg, Berthold","Berthold household goods Am Wieselbau 26, Berlin",,,,,,,1900-01-01,1945-12-31
business_04339,"Herzfeld, Walter","Walter Bamberger Str. 27, Berlin",,,,,,,1900-01-01,1945-12-31
business_04353,Hessenberger,"Gotzkowskistr.  1, Berlin",,,,,,,1900-01-01,1945-12-31
business_04341,"Heymann, Walter","Bonizettistr. 9, Berlin",,,,,,,1900-01-01,1945-12-31
business_04343,"Heynemann, Selmar","Selmar Freisinger Str. 4, Berlin",,,,,,,1900-01-01,1945-12-31
business_04362,"Hinz-Fabrik, GmbH","Lankwitzer-Str. 16/18, Berlin",,,,,,,1910-01-01,1933-12-31
business_04363,Hirsch & Blaschke,"Blaschke Berliner Str.  97, Berlin",,,,,,,1900-01-01,1945-12-31
business_04371,Hirsch Machtinger,"Gollnowstr.  36, Berlin",,,,,,,1900-01-01,1945-12-31
business_04373,Hirsch Solländer,,,,,,,,1917-01-01,1941-12-31
business_04375,"Hirsch, Kupfer- und Messingwerke AG","Unter den Linden 57/58, Berlin",,,,,,,1907-01-01,1936-12-31
business_04376,"Hirsch, Revisions-Gesellschaft mbH","Unter den Linden 57/58, Berlin",,,,,,,1924-01-01,1933-12-31
business_04379,"Hirschberg, Leo","Leo Bozener Str. 9, Berlin",,,,,,,1900-01-01,1945-12-31
business_04383,Hirschowitz und Baumann,"( Trade ) Eingetragen im Handelsregister/ Gründung 1938 Erloschen 1943 Keine Angabe ,  Berlin",,,,,,,1938-01-01,1943-12-31
business_04384,Hirschwald'sche Buchhandlung,"Unter den Linden 68, Berlin",,,,,,,1900-01-01,1935-12-31
business_04392,"Hoffmann, Alex","Alex Barbarossa Str. 44, Berlin",,,,,,,1900-01-01,1945-12-31
business_04398,Hohenzollern Apotheke Siegfried Falk,"Königin-Augusta-Str. 50, Berlin",,,,,,,1902-01-01,1936-12-31
business_04411,"Holländer, Emanuel","Emanuel textiles and clothing Bochumer Str. 25, Berlin",,,,,,,1900-01-01,1945-12-31
business_04417,Holzindustrie Wittkowsky GmbH,"Bissingzeile 7, Berlin",,,,,,,1903-01-01,1939-12-31
business_04420,Honnet & Holdheim GmbH,"Wilmersdorfer Str. 143/144, Berlin",,,,,,,1926-01-01,1935-12-31
business_04402,Hopp & Peiser,"Alte Leipziger Str. 7/9, Berlin",,,,,,,1920-01-01,1939-12-31
business_04403,Hoppe's Möbelfabrik & Lager,"Prenzlauer Str. 37, Berlin",,,,,,,1900-01-01,1932-12-31
business_04404,Hoppe's Möbellager KG,"Prenzlauer Str. 37, Berlin",,,,,,,1931-01-01,1945-12-31
business_04408,"Horwitz, James","James Nahrungs- und Genussmittel Apostel-Paulus-Str. 20, Berlin",,,,,,,1900-01-01,1945-12-31
business_04434,Hugo Bergmann,"Hugo Bergmann leather and shoes Pariser Str.  32, Berlin",,,,,,,1900-01-01,1945-12-31
business_04450,"Hugo Haas, Sport- und Regenbekleidung","( Trade ) Eingetragen im Handelsregister/ Gründung 1938 Erloschen 1940 Keine Angabe ,  Berlin",,,,,,,1938-01-01,1940-12-31
business_04454,Hugo Herz Stickerei Atelier,"Köpenicker Str. 36/38, Berlin",,,,,,,1904-01-01,1939-12-31
business_04463,Hugo Liebenthal,"Unter den Linden 20, Berlin",,,,,,,1910-01-01,1939-12-31
business_04468,Hugo Messer,"Hugo Messer textiles and clothing Dresdener Str.  76, Berlin",,,,,,,1900-01-01,1945-12-31
business_04488,Hugo Roberg,"Magdeburger Str. 22, Berlin",,,,,,,1929-01-01,1938-12-31
business_04493,Hugo Samter,"Artilleriestr. 3, Berlin",,,,,,,1935-01-01,1939-12-31
business_04517,"Hugo Woyda Papiergroßhandlung, Stanzerei und Tütenfabrik, gegr. 1911","Unter den Linden 43, Berlin",,,,,,,1918-01-01,1939-12-31
business_04518,Hugo Woyda Waren-Ein- und Verkaufsgesellschaft mbH,"Unter den Linden 43, Berlin",,,,,,,1923-01-01,1934-12-31
business_04501,Hulda Berendt,"Hulda Berendt restaurants Savignyplatz  5, Berlin",,,,,,,1900-01-01,1945-12-31
business_04503,Hulda Rosenkranz,"Hulda Rosenkranz Nahrungs- und Genussmittel Kaiser-Friedrich-Str.  80, Berlin",,,,,,,1900-01-01,1945-12-31
business_04506,Hundesalon,"Hundesalon Brandenburgische Str.  33, Berlin",,,,,,,1900-01-01,1945-12-31
business_04535,Hönigsberg Zelt & Co GmbH,"NW 40, Berlin",,,,,,,1921-01-01,1934-12-31
business_04543,I. Davidowicz,"Gollnowstr.  5, Berlin",,,,,,,1900-01-01,1945-12-31
business_04549,I. Kleinmann,"Ecke Goldstr., Berlin",,,,,,,1922-01-01,1939-12-31
business_04559,Ida Kovacs - Wiener Modeartikel,"Wiener Modeartikel textiles and clothing Prager Platz  6, Berlin",,,,,,,1900-01-01,1945-12-31
business_04561,Ida Weile,"Dresdner Str. 119, Berlin",,,,,,,1918-01-01,1938-12-31
business_04564,Ignatz Guttmann,"Ignatz Guttmann textiles and clothing Alte Schönhauser Str.  59, Berlin",,,,,,,1900-01-01,1945-12-31
business_04577,Ildefons Auerbach,"Leipziger Str. 115/116, Berlin",,,,,,,1912-01-01,1939-12-31
business_04579,Illes Heimann,"Illes Heimann textiles and clothing Perleberger Str.  50, Berlin",,,,,,,1900-01-01,1945-12-31
business_04581,Ilse Levy,"Ilse Levy Olivaer Platz  9, Berlin",,,,,,,1900-01-01,1945-12-31
business_04590,"Industria, Blechwaaren-Fabrik GmbH","Elisabethufer 53, Berlin",,,,,,,1900-01-01,1945-12-31
business_04596,Industrie-Verwaltungs- und Revisions-Gesellschaft mbH,"( Services ) Eingetragen im Handelsregister/ Gründung 1932 Erloschen 1937 Schiffbauerdamm ,  Berlin",,,,,,,1932-01-01,1937-12-31
business_04598,Industriehaus Wilmersdorferstraße GmbH,"Wilmersdorfer Str. 53/54, Berlin",,,,,,,1912-01-01,1945-12-31
business_04604,Ingenieurbüro West,"Ingenieurbüro West electrical goods Markgraf-Albrecht-Str.  14, Berlin",,,,,,,1900-01-01,1945-12-31
business_04609,Interessengemeinschaft von Bauhandwerkern und Lieferfirmen der früheren Fritz Klein AG GmbH,,,,,,,,1933-01-01,1937-12-31
business_04614,Internationales Speditions-Bureau Brokerhoff & Lipschütz GmbH,"Frommelstr. 1, Berlin",,,,,,,1930-01-01,1938-12-31
business_04617,Invention Gesellschaft für Verwaltung und Verwertung chemisch-technischer Patente GmbH,,,,,,,,1931-01-01,1937-12-31
business_04619,Iris-Schuhbesohlung,"Iris-Schuhbesohlung leather and shoes Savignyplatz, Berlin",,,,,,,1900-01-01,1945-12-31
business_04626,Isaak,"Isaak Berliner Allee  24, Berlin",,,,,,,1900-01-01,1945-12-31
business_04630,Isaak Lewin,"Zentralmarkthalle Stand 139, Berlin",,,,,,,1916-01-01,1938-12-31
business_04631,Isaak Reitzes,"Isaak Reitzes advertising Prenzlauer Allee  148, Berlin",,,,,,,1900-01-01,1945-12-31
business_04632,Isaak Schenk,"Georgenkirchplatz 19, Berlin",,,,,,,1916-01-01,1938-12-31
business_04636,Isabella Bick,"Isabella Bick Möbel Schönhauser Allee  62, Berlin",,,,,,,1900-01-01,1945-12-31
business_04637,Isac Grünfeld,"Alt Moabit 86, Berlin",,,,,,,1910-01-01,1932-12-31
business_04641,"Isak Szydlow, Geflügel- und Lebensmittelhandlung","Prenzlauer Str. 44, Berlin",,,,,,,1935-01-01,1940-12-31
business_04646,Isidor Alexander,"Waißstr.  4, Berlin",,,,,,,1900-01-01,1945-12-31
business_04654,Isidor Goldemann,"Zentralmarkthalle Stand 178, Berlin",,,,,,,1904-01-01,1936-12-31
business_04660,Isidor Kielbik Import und Export,"Karthrinenstr. 5, Berlin",,,,,,,1920-01-01,1932-12-31
business_04677,Isidor Süßkind,"kind Frankfurter Str.  89, Berlin",,,,,,,1900-01-01,1945-12-31
business_04686,Israel Baron,"( Trade ) Eingetragen im Handelsregister/ Gründung 1912 Erloschen 1937 Rosenthaler Str. 8a,  Berlin",,,,,,,1912-01-01,1937-12-31
business_04687,Israel Bezner,"Franzeckstr. 12, Berlin",,,,,,,1930-01-01,1937-12-31
business_04696,Israel Wahlfisch,"Gollnowstr.  17, Berlin",,,,,,,1900-01-01,1945-12-31
business_04698,"Israel-Frister AG Verkaufsgesellschaft der vereinigten Fabriken für Beleuchtungskörper, Heiz- und Kochapparate","Kottbusser Str. 9/10, Berlin",,,,,,,1927-01-01,1933-12-31
business_04700,"Italiener, Jenö","Italiener, Jenö Nahrungs- und Genussmittel Elberfelder Str. 28, II.,,  Berlin",,,,,,,1900-01-01,1945-12-31
business_04712,J. & W. Hauser Wäschefabrik GmbH,"Wusterhausener Str. 16, Berlin",,,,,,,1911-01-01,1911-12-31
business_04716,J. Adler junr. & Co Gesellschaft für chemische Industrie mbH,"Matthäikirchstr. 10, Berlin",,,,,,,1920-01-01,1936-12-31
business_04723,J. Bekier,"Bekier leather and shoes Gustav-Adolf-Str.  155, Berlin",,,,,,,1900-01-01,1945-12-31
business_04727,J. Brann Röhrengeschäft,"Wallnertheaterstr. 43, Berlin",,,,,,,1902-01-01,1938-12-31
business_04728,J. Brieger,"( Trade ) Eingetragen im Handelsregister/ Gründung 1935 Erloschen 1939 Kaiserdamm 3a,  Berlin",,,,,,,1935-01-01,1939-12-31
business_04729,J. Brisgelsky,"Brisgelsky metals and metal goods Siegmundshof  12, Berlin",,,,,,,1900-01-01,1945-12-31
business_04732,J. C. Lutter (Weingroßhandlung) AG,"Leipziger Str. 73/74, Berlin",,,,,,,1919-01-01,1941-12-31
business_04737,J. Cyfer,"Cyfer leather and shoes Alte Schönhauser Str.  60, Berlin",,,,,,,1900-01-01,1945-12-31
business_04739,J. Danziger,"Junkerstr. 18, Berlin",,,,,,,1904-01-01,1936-12-31
business_04741,J. Dobschiner,"Dobschiner Möbel Stahlheimer Str.  30, Berlin",,,,,,,1900-01-01,1945-12-31
business_04744,J. Duchowny,"Fellnerstr.  1, Berlin",,,,,,,1900-01-01,1945-12-31
business_04747,J. Feige,"Gollnowstr. 13, Berlin",,,,,,,1903-01-01,1939-12-31
business_04778,J. H. Waßer,"Siegmundshof 99, Berlin",,,,,,,1901-01-01,1938-12-31
business_04761,J. Hauswirth,"Hauswirth Martin-Luther-Str.  88, Berlin",,,,,,,1900-01-01,1945-12-31
business_04760,J. Landsberger,"Rosenthaler Str. 40/41, Berlin",,,,,,,1900-01-01,1941-12-31
business_04788,J. Lewinski & Co,"An der Jerusalemer Kirche 2, Berlin",,,,,,,1931-01-01,1939-12-31
business_04796,J. Menkes,"Menkes advertising Buckower Str.  5, Berlin",,,,,,,1900-01-01,1945-12-31
business_04802,J. Michel & Co,"Bischofstr. 16, Berlin",,,,,,,1911-01-01,1936-12-31
business_04804,J. Munderstein,"enburger Str.  52, Berlin",,,,,,,1900-01-01,1945-12-31
business_04823,J. Prilutzky,"Prilutzky transportation Schleswiger Ufer  16, Berlin",,,,,,,1900-01-01,1945-12-31
business_04825,J. Radel,"Radel Pariser Str.  49, Berlin",,,,,,,1900-01-01,1945-12-31
business_04811,"J. Sander Nachfg., Fabrik für Badeöfen, Spültische und Zinkwaschgefäße GmbH","Kottbusser Ufer 42/43, Berlin",,,,,,,1932-01-01,1938-12-31
business_04812,J. Schabschin,"Schabschin textiles and clothing Augsburger Str.  50, Berlin",,,,,,,1900-01-01,1945-12-31
business_04815,J. Schneider & Co GmbH,,,,,,,,1930-01-01,1938-12-31
business_04819,J. Segalowitsch,"Segalowitsch textiles and clothing Küstriner Str.  12, Berlin",,,,,,,1900-01-01,1945-12-31
business_04835,J. Themal,"Wusterhausener Str. 16, Berlin",,,,,,,1922-01-01,1941-12-31
business_04852,J. Weissler,"Weissler textiles and clothing Kurfürstendamm  29, Berlin",,,,,,,1900-01-01,1945-12-31
business_04854,Jablonski & Co KG,"Prinz-Louis-Ferdinand-Str. 1, Berlin",,,,,,,1912-01-01,1938-12-31
business_04855,Jack Hölzer,"Lothringer Str. 88, Berlin",,,,,,,1935-01-01,1939-12-31
business_04858,Jacob & Mannheim,"Bischofstr. 23/24, Berlin",,,,,,,1900-01-01,1939-12-31
business_04843,Jacob Claassen,"Jacob Claassen Möbel Pariser Str.  59, Berlin",,,,,,,1900-01-01,1945-12-31
business_04871,Jacob Goldbaum,"Düsseldorfer Str. 44/45, Berlin",,,,,,,1921-01-01,1934-12-31
business_04872,Jacob Grubner,"Leipziger Str. 60/61, Berlin",,,,,,,1923-01-01,1940-12-31
business_04876,Jacob Jacobsohn,"Meineckestr. 18, Berlin",,,,,,,1920-01-01,1939-12-31
business_04878,Jacob Judey,"Jacob Judey electrical goods Martin-Luther-Str.  13, Berlin",,,,,,,1900-01-01,1945-12-31
business_04883,Jacob Lindemann,"Gollnowstr.  28, Berlin",,,,,,,1900-01-01,1945-12-31
business_04885,Jacob Moses,"Neuer Markt 16, Berlin",,,,,,,1917-01-01,1936-12-31
business_04886,Jacob Neumark,"Prinz-Albrecht-Str. 1, Berlin",,,,,,,1915-01-01,1934-12-31
business_04887,Jacob Pasch,"Heiligegeiststr. 5/6, Berlin",,,,,,,1900-01-01,1933-12-31
business_04895,Jacob Schwarzschild,"Grolmannstr. 43, Berlin",,,,,,,1906-01-01,1938-12-31
business_04902,"Jacob, Gertrud, verehel. Rosenbaum","Rosenbaum real estate Flensburger Str. 19, Berlin",,,,,,,1900-01-01,1945-12-31
business_04903,"Jacob, Mathilde","Mathilde Altonaer Str. 11, Berlin",,,,,,,1900-01-01,1945-12-31
business_04908,"Jacobsohn, Emmy","Emmy textiles and clothing Am Treptower Park 49, Berlin",,,,,,,1900-01-01,1945-12-31
business_04909,"Jacobsohn, Hedwig","Jacobsohn, Hedwig Freisinger Str. 2, IV. l.,,  Berlin",,,,,,,1900-01-01,1945-12-31
business_04910,"Jacobsohn, Siegfried","Siegfried restaurants Barbarossa Platz 3, Berlin",,,,,,,1900-01-01,1945-12-31
business_04922,Jacquier & Securius,"An der Stechbahn 3/4, Berlin",,,,,,,1817-01-01,1938-12-31
business_04929,Jakob Freier,"Jakob Freier textiles and clothing Oranienburger Str.  86, Berlin",,,,,,,1900-01-01,1945-12-31
business_04938,Jakob Markus,"Jakob Markus textiles and clothing Berliner str.  144, Berlin",,,,,,,1900-01-01,1945-12-31
business_04951,Jakob Poezter,"Jakob Poezter textiles and clothing Kottbusser Damm  15, Berlin",,,,,,,1900-01-01,1945-12-31
business_04954,Jakob Setzka,"Jakob Setzka Wilmersdorfer Str.  35, Berlin",,,,,,,1900-01-01,1945-12-31
business_04943,Jalousien-Stein,"Jalousien-Stein textiles and clothing Ansbacher Str.  29, Berlin",,,,,,,1900-01-01,1945-12-31
business_04945,James Baer & Co,"Prinregentenstr. 84, Berlin",,,,,,,1920-01-01,1937-12-31
business_04966,James Schlesinger,"Raupachstr.  16, Berlin",,,,,,,1900-01-01,1945-12-31
business_04967,James Schmetz,"In den Zelten 17, Berlin",,,,,,,1922-01-01,1933-12-31
business_04971,Jankiel Rosenberg,"Steglitzer Str. 53, Berlin",,,,,,,1928-01-01,1940-12-31
business_04977,Jaromir Herz,"Jaromir Herz Nahrungs- und Genussmittel Putbusser Str.  7, Berlin",,,,,,,1900-01-01,1945-12-31
business_04978,Jaroslaw's Erste Glimmerwaaren-Fabrik in Berlin,"Reichenberger Str. 79/80, Berlin",,,,,,,1900-01-01,1940-12-31
business_04981,"Jastrow, Klara","Klara Altonaer Str. 11, Berlin",,,,,,,1900-01-01,1945-12-31
business_04991,Jellenick,,,,,,,,1900-01-01,1945-12-31
business_04993,Jenny Helmrich,"Jenny Helmrich chemicals and pharmaceuticals Augsburger Str.  28, Berlin",,,,,,,1900-01-01,1945-12-31
business_04995,Jenny Kohn,"Jenny Kohn textiles and clothing Joachim-Friedrich-Str.  4, Berlin",,,,,,,1900-01-01,1945-12-31
business_05022,Jetty Behrendt,"Jetty Behrendt textiles and clothing Brüsseler Str.  47, Berlin",,,,,,,1900-01-01,1945-12-31
business_05025,"Joachim Koppel, Metallgießerei GmbH","Gottlieb-Dunkel-Str. 43/44, Berlin",,,,,,,1930-01-01,1935-12-31
business_05028,Jockey Club Hermann Fürstenthal,"Unter den Linden 75, Berlin",,,,,,,1900-01-01,1933-12-31
business_05001,Joel Kleczewski,"Joel Kleczewski Berliner Str.  95, Berlin",,,,,,,1900-01-01,1945-12-31
business_05004,Joh. Borck,"Borck chemicals and pharmaceuticals Holsteinische Str.  33, Berlin",,,,,,,1900-01-01,1945-12-31
business_05008,Johanna Levin,"Johanna Levin textiles and clothing Pariser Str.  32, Berlin",,,,,,,1900-01-01,1945-12-31
business_05009,Johanna Münzer,"Johanna Münzer textiles and clothing Salzburger Str.  11, Berlin",,,,,,,1900-01-01,1945-12-31
business_05011,Johanna Silberstein (geb. Obersky),"textiles and clothing Aschaffenburger Str.  15, Berlin",,,,,,,1900-01-01,1945-12-31
business_05014,John Jesersky Holzhandlung,"Nürnberger Platz 4, Berlin",,,,,,,1924-01-01,1940-12-31
business_05018,Jonas Salzmann,"Bischofstr.  10, Berlin",,,,,,,1900-01-01,1945-12-31
business_05020,Jonaß & Co AG,"Belle-Alliance-Str. 7/10, Berlin",,,,,,,1928-01-01,1938-12-31
business_05046,Jos. Ritterband,"Ritterband paper and paper goods Bamberger Str.  12, Berlin",,,,,,,1900-01-01,1945-12-31
business_05049,Josef Antel,"e Frankfurter Str. 34, Berlin",,,,,,,1903-01-01,1934-12-31
business_05054,Josef Beiner,"Josef Beiner jewelry and precious metals Königin-Elisabeth-Str.  2, Berlin",,,,,,,1900-01-01,1945-12-31
business_05059,Josef Fleischer,"Raupachstr. 12, Berlin",,,,,,,1911-01-01,1940-12-31
business_05062,Josef Landsberger,"Jerusalemer Str. 63/64, Berlin",,,,,,,1932-01-01,1939-12-31
business_05063,Josef Laufbaum,"Josef Laufbaum Möbel Weinbergsweg  9, Berlin",,,,,,,1900-01-01,1945-12-31
business_05065,Josef Luster,"Lothringer Str. 106, Berlin",,,,,,,1936-01-01,1939-12-31
business_05067,Josef Meyer Kleider,"Leipziger Str. 54/56, Berlin",,,,,,,1936-01-01,1940-12-31
business_05068,Josef Neuberger,"Josef Neuberger leather and shoes Choriner Str.  6, Berlin",,,,,,,1900-01-01,1945-12-31
business_05081,Josef Rappaport & Sohn Textilwaren,"Prenzlauer Str. 45, Berlin",,,,,,,1935-01-01,1939-12-31
business_05090,Josef Schmiedl,"Josef Schmiedl textiles and clothing Mannheimer Str.  37, Berlin",,,,,,,1900-01-01,1945-12-31
business_05071,Josef Schreiber,"Zentralmarkthalle Stand 244/247, Berlin",,,,,,,1902-01-01,1941-12-31
business_05073,Josef Schweitzer,"Landshuter Str. 19/20, Berlin",,,,,,,1918-01-01,1934-12-31
business_05074,Josef Simon,"Unter den Linden 43/45, Berlin",,,,,,,1907-01-01,1939-12-31
business_05079,Josef Weißenberg,"enburger Str.  28, Berlin",,,,,,,1900-01-01,1945-12-31
business_05102,Joseph Fraenkel Baugeschäft AG,"Derflinger Str. 8, Berlin",,,,,,,1922-01-01,1922-12-31
business_05105,Joseph Funke & Sohn,"Sohn textiles and clothing Meininger Str.  13, Berlin",,,,,,,1900-01-01,1945-12-31
business_05106,Joseph Grünbaum,"Brandenburgstr.  33, Berlin",,,,,,,1900-01-01,1945-12-31
business_05107,Joseph Hecht Vertretung für Gummiwaren,"( Trade ) Eingetragen im Handelsregister/ Gründung 1938 Erloschen 1938 Bischofstr. ,  Berlin",,,,,,,1938-01-01,1938-12-31
business_05122,Joseph Schaefer,"Zentralmarkthalle Stand 35, Berlin",,,,,,,1916-01-01,1938-12-31
business_05123,Joseph Schaul,"Gollnowstr.  13, Berlin",,,,,,,1900-01-01,1945-12-31
business_05129,Joseph Weiss,"Joseph Weiss construction Innsbrucker Str.  7, Berlin",,,,,,,1900-01-01,1945-12-31
business_05130,Joseph Wilkow & Co,"Wilmersdorfer Str. 55/56, Berlin",,,,,,,1920-01-01,1938-12-31
business_05132,"Joseph, Adolf","Adolf Apostel-Paulus-Str. 26, Berlin",,,,,,,1900-01-01,1945-12-31
business_05133,Josua Friedlaender,"Steglitzer Str. 22, Berlin",,,,,,,1920-01-01,1935-12-31
business_05136,Jubelski & Cohen Knaben- Jünglings- und Burschenkleidung,"( Trade ) Eingetragen im Handelsregister/ Gründung 1922 Erloschen 1932 Kottbusser Damm 12a,  Berlin",,,,,,,1922-01-01,1932-12-31
business_05150,Julie Brasch,"Julie Brasch Hohenbirker Weg  6, Berlin",,,,,,,1900-01-01,1945-12-31
business_05158,"Julius Baruchsohn, in Firma: Kleiderpflege Hilda","Kleiderpflege Hilda chemicals and pharmaceuticals Prenzlauer Allee  87, Berlin",,,,,,,1900-01-01,1945-12-31
business_05159,Julius Bendix Söhne,"Neuer Markt 1/2, Berlin",,,,,,,1901-01-01,1941-12-31
business_05160,Julius Bendix Söhne Leinen Gesellschaft mbH,"Neuer Markt 1/2, Berlin",,,,,,,1933-01-01,1939-12-31
business_05172,Julius Blacharz,"Julius Blacharz pharmacies Passauer Str.  38, Berlin",,,,,,,1900-01-01,1945-12-31
business_05179,Julius Brettner,"( Trade ) Eingetragen im Handelsregister/ Gründung 1916 Erloschen 1937 Zentralmarkthalle ,  Berlin",,,,,,,1916-01-01,1937-12-31
business_05161,Julius Buchsbaum,"Brendrickestr.  11, Berlin",,,,,,,1900-01-01,1945-12-31
business_05183,Julius Friedländer Schokoladen- und Zuckerwaren en gros,"Greifswalder Str. 41/42, Berlin",,,,,,,1928-01-01,1938-12-31
business_05188,Julius Goldschmidt,"Königin-Augusta-Str. 20, Berlin",,,,,,,1902-01-01,1937-12-31
business_05198,Julius Heller & Co GmbH,"Schwäische Str. 7, Berlin",,,,,,,1920-01-01,1938-12-31
business_05200,Julius Heskel,"Nürnberger Str. 37/38, Berlin",,,,,,,1909-01-01,1936-12-31
business_05235,Julius Josephsohn,"Julius Josephsohn Nahrungs- und Genussmittel Augsburger Str.  60, Berlin",,,,,,,1900-01-01,1945-12-31
business_05214,Julius Knopf Nutzholzhandlung,"( Trade ) Eingetragen im Handelsregister/ Gründung 1924 Erloschen 1937 Grünthaler Str. ,  Berlin",,,,,,,1924-01-01,1937-12-31
business_05221,Julius Kroll,"Zentralmarkthalle 65/68, Berlin",,,,,,,1916-01-01,1938-12-31
business_05269,Julius Löbenstein,"Julius Löbenstein advertising Kaiser-Friedrich-Str.  241, Berlin",,,,,,,1900-01-01,1945-12-31
business_05260,Julius Nawratzki,"( Trade ) Erloschen 1933 Alt-Moabit 82d,  Berlin",,,,,,,1933-01-01,1933-12-31
business_05290,Julius Püttmann,"( Industry ) Eingetragen im Handelsregister/ Gründung 1933 Erloschen 1936 Hauptstr. ,  Berlin",,,,,,,1933-01-01,1936-12-31
business_05295,Julius Rose Mehl engros,"e Frankfurter Str. 87, Berlin",,,,,,,1922-01-01,1937-12-31
business_05274,Julius Rothmann,"Alt Moabit 80, Berlin",,,,,,,1913-01-01,1939-12-31
business_05301,Julius Schimmel & Co,"Am Königsgraben 4, Berlin",,,,,,,1935-01-01,1941-12-31
business_05325,Julius Victor,"( Trade ) Eingetragen im Handelsregister/ Gründung 1912 Erloschen 1938 Potsdamer Str. 39a,  Berlin",,,,,,,1912-01-01,1938-12-31
business_05326,Julius W. Cohn,"Unter den Linden 21, Berlin",,,,,,,1923-01-01,1937-12-31
business_05327,Julius W. Fabian,"Lange Str. 15/16, Berlin",,,,,,,1915-01-01,1932-12-31
business_05330,Julius Weizenblüth,"Gollnowstr.  9, Berlin",,,,,,,1900-01-01,1945-12-31
business_05318,Justin Lehmann,"Passauer Str. 27/28, Berlin",,,,,,,1926-01-01,1938-12-31
business_05341,Juwelen-Handelsgesellschaft Feldmann & Lesnik,"Unter den Linden 21, Berlin",,,,,,,1921-01-01,1933-12-31
business_05332,K. Loebenstein,"Saarlandstr., Berlin",,,,,,,1920-01-01,1938-12-31
business_05335,"K. Schulz, vormals: W. Finger","Nahrungs- und Genussmittel Innsbrucker Str.  6, Berlin",,,,,,,1933-01-01,1945-12-31
business_05340,Kaet & Brockwitz,"Brockwitz Varziner Str.  5, Berlin",,,,,,,1900-01-01,1945-12-31
business_05364,Kammerich-Werke AG,"Am Karlsbad 16, Berlin",,,,,,,1896-01-01,1938-12-31
business_05365,Kammerjäger Moses,"Kammerjäger Moses chemicals and pharmaceuticals Greifswalder Str.  219, Berlin",,,,,,,1900-01-01,1945-12-31
business_05366,Kammerjäger Simon,"Kammerjäger Simon chemicals and pharmaceuticals Prenzlauer Allee  214, Berlin",,,,,,,1900-01-01,1945-12-31
business_05367,Kammerjägerei Girrolin,"Kammerjägerei Girrolin chemicals and pharmaceuticals Skalitzer Str.  98, Berlin",,,,,,,1900-01-01,1945-12-31
business_05376,"Karfunkelstein, Ernst","und Genussmittel Berliner Allee 237, Berlin",,,,,,,1900-01-01,1945-12-31
business_05379,Karl & Josef Kleinmann,"Heiligegeiststr. 13/14, Berlin",,,,,,,1930-01-01,1939-12-31
business_05380,Karl Abrahamowsky,"Karl Abrahamowsky Nahrungs- und Genussmittel Altonaer Str.  3, Berlin",,,,,,,1900-01-01,1945-12-31
business_05391,Karl Blattmann,"Gollnowstr.  38, Berlin",,,,,,,1900-01-01,1945-12-31
business_05392,Karl Bosse,"Karl Bosse Elbinger Str.  70, Berlin",,,,,,,1900-01-01,1945-12-31
business_05395,Karl Dietrich Schreibmaschinen-Automaten,,,,,,,,1900-01-01,1945-12-31
business_05401,Karl Herzberg & Co,"Unter den Linden 12, Berlin",,,,,,,1908-01-01,1939-12-31
business_05403,Karl Hornung,"Karl Hornung textiles and clothing Rudower Str.  34, Berlin",,,,,,,1900-01-01,1945-12-31
business_05405,Karl Köhler & Co Literarischer Verlag,"Hundekehlenstr. 10, Berlin",,,,,,,1920-01-01,1920-12-31
business_05407,Karl Loewensohn,"Karl Loewensohn Eisvogelweg  5, Berlin",,,,,,,1900-01-01,1945-12-31
business_05410,Karl Reinke,"Karl Reinke textiles and clothing Prager Str.  6, Berlin",,,,,,,1900-01-01,1945-12-31
business_05412,Karl Samuelsdorff,"Dresdner Str. 82/83, Berlin",,,,,,,1923-01-01,1939-12-31
business_05421,Kasper & Isaacsohn,"Heiligegeiststr. 11, Berlin",,,,,,,1919-01-01,1940-12-31
business_05422,Katakombe Kabarett GmbH,"Martin-Luther-Str. 22/24, Berlin",,,,,,,1934-01-01,1937-12-31
business_05424,"Katz, Regina geb. Hirsch","Hirsch textiles and clothing Eisenacher Str. 104, Berlin",,,,,,,1900-01-01,1945-12-31
business_05432,Kaufhaus Glückshof Sally Levy,"Mariendorferstr. 51, Berlin",,,,,,,1913-01-01,1939-12-31
business_05434,Kaufhaus Hermann Herzog,"( Trade ) Eingetragen im Handelsregister/ Gründung 1907 Erloschen 1939 Irmhildstraße ,  Berlin",,,,,,,1907-01-01,1939-12-31
business_05450,Kaufmann & Co,"Eilslebener Str. 15, Berlin",,,,,,,1904-01-01,1937-12-31
business_05466,Kavalier-Klub Hugo Samuel,"Unter den Linden 61, Berlin",,,,,,,1909-01-01,1939-12-31
business_05467,Kawe Wellpappenfabrik Karl Welzel & Co GmbH,"Engelufer 2, Berlin",,,,,,,1924-01-01,1939-12-31
business_05455,"Keren. Tora Wa Awoda f. Deutschland, Fonds der religiös-zionistischen Jugend","Fonds der religiös-zionistischen Jugend Augsburger Str. 60, Berlin",,,,,,,1900-01-01,1945-12-31
business_05457,Kettler & Jehle,"Jehle Olivaer Platz, Berlin",,,,,,,1900-01-01,1945-12-31
business_05471,"Kimelman & Schmidt, Ingenieure","Ingenieure Nürnberger Platz  5, Berlin",,,,,,,1900-01-01,1945-12-31
business_05473,Kingsway Werkzeugmaschinen GmbH,"( Trade ) Eingetragen im Handelsregister/ Gründung 1937 Erloschen 1939 Keine Angabe ,  Berlin",,,,,,,1937-01-01,1939-12-31
business_05474,"Kino GmbH, Tegel-Berlin","August-Müller-Str. 2, Berlin",,,,,,,1932-01-01,1934-12-31
business_05479,Kirschstein & Blumenfeld,"Friedeberger Str. 18, Berlin",,,,,,,1920-01-01,1939-12-31
business_05504,"Klapper, Wäschefabrik","Wäschefabrik Neue Schönhauser Str.  20, Berlin",,,,,,,1900-01-01,1945-12-31
business_05505,Klara Andermann,"Klara Andermann textiles and clothing Budapester Str.  30, Berlin",,,,,,,1900-01-01,1945-12-31
business_05508,Klasko Pelzmoden GmbH,"Rosenthaler Str. 40/41, Berlin",,,,,,,1927-01-01,1933-12-31
business_05487,Klein & Fessel,"enburger Str. 11, Berlin",,,,,,,1925-01-01,1939-12-31
business_05514,"Knoller, Jakob","Jakob books and art Flensburger Str. 5, Berlin",,,,,,,1900-01-01,1945-12-31
business_05515,"Knopp, Arnold","Arnold Berliner Str. 33, Berlin",,,,,,,1900-01-01,1945-12-31
business_05517,Kohlenhof GmbH,"Potsdamer Str. 128/129, Berlin",,,,,,,1918-01-01,1938-12-31
business_05519,"Kohn, Kurt","Kohn, Kurt Maschinen und Fahrzeuge, technische Artikel Bamberger Str. 46, Gth. IV.,,  Berlin",,,,,,,1900-01-01,1945-12-31
business_05522,Konfiserie 'Kino-Wittelsbach',"Nahrungs- und Genussmittel Berliner Str.  166, Berlin",,,,,,,1900-01-01,1945-12-31
business_05526,Konstantinowsky & Just,"Just metals and metal goods Helmstedter Str.  9, Berlin",,,,,,,1900-01-01,1945-12-31
business_05541,"Koppel, Edith","Edith restaurants Badensche Str. 6, Berlin",,,,,,,1900-01-01,1945-12-31
business_05542,"Koppel, Josef Erich","Koppel, Josef Erich Badensche Str. 6, Böhm,,  Berlin",,,,,,,1900-01-01,1945-12-31
business_05543,"Koppel, Max","Max Badensche Str. 6, Berlin",,,,,,,1900-01-01,1945-12-31
business_05546,Korsettsalon Ilen,"Korsettsalon Ilen textiles and clothing Kaiserkorso  3, Berlin",,,,,,,1900-01-01,1945-12-31
business_05551,Kosmos-Betriebe GmbH,"e Präsidenten Str. 3, Berlin",,,,,,,1938-01-01,1938-12-31
business_05552,Kota-Lederwaren,"Lederwaren leather and shoes Bayerischer Platz  5, Berlin",,,,,,,1900-01-01,1945-12-31
business_05556,"Kraft, Leo","Leo textiles and clothing Altonaer Str. 35, Berlin",,,,,,,1900-01-01,1945-12-31
business_05557,Krakau & Hesse,"( Trade ) Eingetragen im Handelsregister/ Gründung 1869 Erloschen 1939 Am Kupfergraben 4a,  Berlin",,,,,,,1869-01-01,1939-12-31
business_05558,"Kramer, Auguste, geb. Pannwitz","Pannwitz Nahrungs- und Genussmittel Elberfelder Str. 29, Berlin",,,,,,,1900-01-01,1945-12-31
business_05571,Kristall-Haus Leo Gluskinos,"Saarlandstr.  101, Berlin",,,,,,,1900-01-01,1945-12-31
business_05582,"Krämer, Clara","Krämer, Clara real estate Aschaffenburger Str. 20, III.,,  Berlin",,,,,,,1900-01-01,1945-12-31
business_05585,Kuchen-und Keksbäckerei Bergmann,"Kuchen-und Keksbäckerei Bergmann Nahrungs- und Genussmittel Breite Str.  15, Berlin",,,,,,,1900-01-01,1945-12-31
business_05590,Kunstgewerbehaus Kaiserdamm,"Kunstgewerbehaus Kaiserdamm Kaiserdamm  7, Berlin",,,,,,,1900-01-01,1945-12-31
business_05592,Kunstharz-Presserei Carl Germer,"Kepplerstr. 22, Berlin",,,,,,,1934-01-01,1934-12-31
business_05598,Kupfer-Import-GmbH,"Unter den Linden 17/18, Berlin",,,,,,,1920-01-01,1938-12-31
business_05600,Kurfürsten-Apotheke B. Liebenthal,"Woryschstr. 20, Berlin",,,,,,,1903-01-01,1936-12-31
business_05602,Kurfürsteneck,"Kurfürsteneck Kurfürstendamm  33, Berlin",,,,,,,1900-01-01,1945-12-31
business_05603,Kurhaus Cladow Karl Kutschera,"( Services ) Eingetragen im Handelsregister/ Gründung 1924 Erloschen 1937 Kirchweg ,  Berlin",,,,,,,1924-01-01,1937-12-31
business_05609,Kurt Asch,"Meinikestr. 2, Berlin",,,,,,,1907-01-01,1936-12-31
business_05633,Kurt Bieber,"Jerusalemer Str. 19/20, Berlin",,,,,,,1934-01-01,1939-12-31
business_05640,Kurt Gehr,"Kurt Gehr Landsberger Str.  90, Berlin",,,,,,,1900-01-01,1945-12-31
business_05614,Kurt Grischkat,"( Industry ) Eingetragen im Handelsregister/ Gründung 1936 Hindenburgdamm 137 (lt. 30),  Berlin",,,,,,,1936-01-01,1936-12-31
business_05617,Kurt Gumpert,"Kurt Gumpert electrical goods Retzbacher Weg  20, Berlin",,,,,,,1900-01-01,1945-12-31
business_05622,Kurt Helmrich & Co,"Marsiliusstr. 18, Berlin",,,,,,,1936-01-01,1939-12-31
business_05623,Kurt Herzog,"Kurt Herzog Nahrungs- und Genussmittel Eberswalder Str.  35, Berlin",,,,,,,1900-01-01,1945-12-31
business_05652,Kurt Lisser Reklame,"Hohenzollernkorso 67, Berlin",,,,,,,1935-01-01,1937-12-31
business_05653,Kurt Loewenstein,"Grünthaler Str., Berlin",,,,,,,1927-01-01,1939-12-31
business_05658,Kurt Neuwahl,"technische Artikel Bayreuther Str.  1, Berlin",,,,,,,1900-01-01,1945-12-31
business_05659,"Kurt Pinner, Vertreter der Firma Pototzky & Co","Co banks and insurance Düsseldorfer Str.  73, Berlin",,,,,,,1900-01-01,1945-12-31
business_05663,Kurt Schenkolewski,,,,,,,,1900-01-01,1945-12-31
business_05664,Kurt Seldis,"Düsseldorfer Str. 19/20, Berlin",,,,,,,1922-01-01,1938-12-31
business_05642,"Kurz, Siegbert","Siegbert Bochumer Str. 18, Berlin",,,,,,,1900-01-01,1945-12-31
business_05644,Kurzwaren-Großhandlung Walter Levy,"Bischofstr. 18, Berlin",,,,,,,1933-01-01,1939-12-31
business_05645,"Kuttner, Erich","Erich Bozener Str. 10, Berlin",,,,,,,1900-01-01,1945-12-31
business_05646,Käte Feilchenfeld,"Käte Feilchenfeld textiles and clothing Westfälische Str.  42, Berlin",,,,,,,1900-01-01,1945-12-31
business_05684,"Königlich Privilegierte Berlinische Zeitung von Staats- und gelehrten Sachen, Vossische Zeitung. Im Verlage Vossischer Erben GmbH","Berlinische Zeitung von Staats- und gelehrten Sachen, Vossische Zeitung. Im Verlage Vossischer Erben GmbH Königlich Privilegierte Berlinische Zeitung von Staats- und gelehrten Sachen",,,,,,,1909-01-01,1936-12-31
business_05689,Königshof Grundstückserwerbs- und Verwertungs-GmbH,"Unter den Linden 39, Berlin",,,,,,,1918-01-01,1945-12-31
business_05671,Küchen-Himmel Joseph Himmel,"Lothringer Str. 22, Berlin",,,,,,,1935-01-01,1935-12-31
business_05673,Kürschnerei Braumark,"enburger Str.  6, Berlin",,,,,,,1900-01-01,1945-12-31
business_05676,L. & J. Seligsohn,"Seesener Str. 65/73, Berlin",,,,,,,1901-01-01,1939-12-31
business_05679,L. Casper,"Rosenthaler Str. 40/41, Berlin",,,,,,,1901-01-01,1939-12-31
business_05714,L. Nagoschiner,"Alte Schönhauser Str. 14/15, Berlin",,,,,,,1902-01-01,1938-12-31
business_05717,L. Philipp & Co,"Königsallee 31, Berlin",,,,,,,1913-01-01,1938-12-31
business_05718,L. Reimann,"Dresdner Str. 81, Berlin",,,,,,,1901-01-01,1937-12-31
business_05734,L. Schlochauer & Co,"Alt Moabit 95/96, Berlin",,,,,,,1918-01-01,1940-12-31
business_05738,L. Sonntag ( weibl.),"publishing and printing Rosenheimer Str.  11, Berlin",,,,,,,1900-01-01,1945-12-31
business_05739,L. Thorner,"Waßmannstr. 12, Berlin",,,,,,,1902-01-01,1943-12-31
business_05721,L. W. Schneider & Co,"Prenzlauer Str. 35, Berlin",,,,,,,1900-01-01,1900-12-31
business_05725,"L. Zobel, Foto-Fix","Fix photography and film Bayerischer Platz  1, Berlin",,,,,,,1900-01-01,1945-12-31
business_05726,La Florida,"La Florida Kurfürstendamm  33, Berlin",,,,,,,1900-01-01,1945-12-31
business_05729,Labopharma Dr. Laboschin GmbH,"Bendlerstr. 11/14, Berlin",,,,,,,1927-01-01,1938-12-31
business_05730,Laboratorium Champion,"Grolmannstr.  53, Berlin",,,,,,,1900-01-01,1945-12-31
business_05741,Laboratorium Dr. Rossert GmbH,"Simeonstr. 22, Berlin",,,,,,,1926-01-01,1936-12-31
business_05771,Lagro & Richter,"Belle-Alliance-Str. 92, Berlin",,,,,,,1904-01-01,1938-12-31
business_05772,Lambert Horstmeier,"Lambert Horstmeier textiles and clothing Cuxhavener Str.  13, Berlin",,,,,,,1900-01-01,1945-12-31
business_05775,Landsberger & Co,"Wilmersdorfer Str. 96/97, Berlin",,,,,,,1938-01-01,1939-12-31
business_05780,Lange & Gilberg,"Zeebrüggestr. 34, Berlin",,,,,,,1905-01-01,1936-12-31
business_05751,Lange & Wüstenhagen,"Heiligegeiststr. 12, Berlin",,,,,,,1933-01-01,1940-12-31
business_05753,"Langweil, Richard","Richard Am Park 23, Berlin",,,,,,,1900-01-01,1945-12-31
business_05756,Laskau & Brandler,"Brandler textiles and clothing Passauer Str.  29, Berlin",,,,,,,1900-01-01,1945-12-31
business_05758,Lauenburger Fleischzentrale,"Lauenburger Fleischzentrale Nahrungs- und Genussmittel Lauenburger Str.  12, Berlin",,,,,,,1900-01-01,1945-12-31
business_05764,Lazarus Posen Wwe.,"Unter den Linden 56, Berlin",,,,,,,1901-01-01,1939-12-31
business_05767,Lebensmittel-Engros-Handlung,,,,,,,,1900-01-01,1945-12-31
business_05783,Lederfabrik Alfred Popper Abteilung Portefeuille- & Möbelleder,"Landsberger Str. 43/47, Berlin",,,,,,,1924-01-01,1938-12-31
business_05784,Ledigenheim der Jüdischen Gemeinde zu Berlin GmbH,"Bendlerstr. 18, Berlin",,,,,,,1930-01-01,1932-12-31
business_05786,Lehmann & Kronheim,"Bischofstr. 19/21, Berlin",,,,,,,1902-01-01,1940-12-31
business_05787,"Lehniner Drogerie, Kuschiel Taubin","Kuschiel Taubin chemicals and pharmaceuticals Küstriner Str.  5, Berlin",,,,,,,1900-01-01,1945-12-31
business_05790,Leib Kufert,"Gollnowstr.  13, Berlin",,,,,,,1900-01-01,1945-12-31
business_05798,Leihbibliothek Rose Maria Hoch,"Leihbibliothek Rose Maria Hoch books and art Kurfürstendamm  94, Berlin",,,,,,,1900-01-01,1945-12-31
business_05799,Leihbibliothek am Nikolsburgerplatz,"Leihbibliothek am Nikolsburgerplatz Nikolsburger Platz, Berlin",,,,,,,1900-01-01,1945-12-31
business_05800,Leihhaus David Rosenberg,"Grolmannstr. 1, Berlin",,,,,,,1911-01-01,1939-12-31
business_05803,Leiser Grundleger,"Kalkreutstr. 15, Berlin",,,,,,,1935-01-01,1939-12-31
business_05810,Lemel Weinmann,"Prenzlauer Str. 22, Berlin",,,,,,,1921-01-01,1939-12-31
business_05824,Leo Anger,"Unter den Linden 20, Berlin",,,,,,,1900-01-01,1938-12-31
business_05825,Leo Balnemones,"Elsässer Str. 17/18, Berlin",,,,,,,1924-01-01,1937-12-31
business_05832,Leo Bohm,"( Trade ) Eingetragen im Handelsregister/ Gründung 1920 Erloschen 1939 Potsdamer Str. 118c,  Berlin",,,,,,,1920-01-01,1939-12-31
business_05833,Leo Braun,"Gollnowstr.  46, Berlin",,,,,,,1900-01-01,1945-12-31
business_05835,Leo Bromberger,"Leo Bromberger chemicals and pharmaceuticals Kottbusser Damm  22, Berlin",,,,,,,1900-01-01,1945-12-31
business_05839,Leo Davidsohn,"Heiligegeiststr. 46, Berlin",,,,,,,1908-01-01,1939-12-31
business_05843,Leo Feist,"Leo Feist Weimarer Str. 15, Berlin",,,,,,,1900-01-01,1945-12-31
business_05844,Leo Geisenberg,"e Frankfurter Str. 83, Berlin",,,,,,,1937-01-01,1938-12-31
business_05851,Leo Grünberg Lebensmittel Großhandlung Import und Export,"e Hamburger Str. 30, Berlin",,,,,,,1930-01-01,1933-12-31
business_05852,"Leo Gumpert, Inhaber: Hugo Translateur",,,,,,,,1900-01-01,1945-12-31
business_05859,Leo Jacobus,"textiles and clothing Berliner Str.  58, Berlin",,,,,,,1970-01-01,1945-12-31
business_05873,Leo Kalb,"Winterfeldstr.  34, Berlin",,,,,,,1900-01-01,1945-12-31
business_05874,Leo Karpen,"Heiligegeiststr. 19, Berlin",,,,,,,1920-01-01,1940-12-31
business_05877,Leo Kirschen,"enburger Str. 6, Berlin",,,,,,,1935-01-01,1936-12-31
business_05862,Leo Manasse,"Leo Manasse textiles and clothing Neue Ansbacher Str.  3, Berlin",,,,,,,1900-01-01,1945-12-31
business_05868,Leo Moschkowitz,"Leo Moschkowitz leather and shoes Passauer Str.  35, Berlin",,,,,,,1900-01-01,1945-12-31
business_05869,Leo Nußbaum GmbH,"Yorkstr. 11, Berlin",,,,,,,1930-01-01,1933-12-31
business_05893,Leo Presser,"Leipziger Str. 101/102, Berlin",,,,,,,1933-01-01,1940-12-31
business_05894,Leo Pruschnowski,"Wallnertheaterstr.  39, Berlin",,,,,,,1900-01-01,1945-12-31
business_05896,Leo Reissner,"Hohenzollernkorso 68, Berlin",,,,,,,1919-01-01,1938-12-31
business_05897,Leo Rietzker,"Leo Rietzker textiles and clothing Pfalzburger Str.  17, Berlin",,,,,,,1900-01-01,1945-12-31
business_05914,Leo Schwarzmann,"Gollnowstr.  27, Berlin",,,,,,,1900-01-01,1945-12-31
business_05918,Leo Spagat,"Prenzlauer Str. 50, Berlin",,,,,,,1921-01-01,1939-12-31
business_05922,Leon Fenichl,"Hochmeisterstr. 16, Berlin",,,,,,,1910-01-01,1940-12-31
business_05925,Leon Kahané,"Zähriger Str. 17, Berlin",,,,,,,1921-01-01,1935-12-31
business_05952,Leon Véissid Orient-Teppich-Import,"Joachimsthaler Str. 33/34, Berlin",,,,,,,1935-01-01,1941-12-31
business_05953,Leonhard Bloch,"Brandenburgstr. 22, Berlin",,,,,,,1905-01-01,1939-12-31
business_05957,Leonhard Tietz AG,"Stralauer Str. 42/43, Berlin",,,,,,,1923-01-01,1936-12-31
business_05942,Leopold Domnauer GmbH,"Bischofstr. 22, Berlin",,,,,,,1921-01-01,1941-12-31
business_05944,Leopold Feigenbaum,"Spandauer Str. 40/42, Berlin",,,,,,,1913-01-01,1942-12-31
business_05947,Leopold Glaß (Glass),"household goods Berliner Str.  10, Berlin",,,,,,,1900-01-01,1945-12-31
business_05962,Leopold Honig,"Romintener Str. 26, Berlin",,,,,,,1903-01-01,1936-12-31
business_05991,Leopold Koos,"Leopold Koos textiles and clothing Fehrbelliner Str.  9, Berlin",,,,,,,1900-01-01,1945-12-31
business_05997,Leopold Loewinsohn,"Gollnowstr.  36, Berlin",,,,,,,1900-01-01,1945-12-31
business_05998,Leopold Löwenstein,"Grünthaler Str. 1, Berlin",,,,,,,1902-01-01,1941-12-31
business_05999,Leopold Markus,"Reichstr.  83, Berlin",,,,,,,1900-01-01,1945-12-31
business_06000,Leopold Matthes,,,,,,,,1900-01-01,1945-12-31
business_05977,Leopold Rausnitz,"Leopold Rausnitz textiles and clothing Kurfürstendamm  145, Berlin",,,,,,,1900-01-01,1945-12-31
business_05979,Leopold Rosenow,"Dresdner Str. 50/51, Berlin",,,,,,,1902-01-01,1936-12-31
business_06002,Leopold Zeisel,"Leopold Zeisel Möbel Rheinsberger Str.  12, Berlin",,,,,,,1900-01-01,1945-12-31
business_06004,Lesezirkel Daheim,"Lesezirkel Daheim Innsbrucker Str. 16, Berlin",,,,,,,1900-01-01,1945-12-31
business_06033,Lettner & Co,"Bischofstr. 17, Berlin",,,,,,,1909-01-01,1933-12-31
business_06035,Levator-Hebezeug-GmbH,"Brandenburgstr. 72/73, Berlin",,,,,,,1918-01-01,1937-12-31
business_06038,"Levi, Fleischer & Co KG","Unter den Linden 56, Berlin",,,,,,,1923-01-01,1934-12-31
business_06025,Levy & Wolfsohn,"Heiligegeiststr. 3/4, Berlin",,,,,,,1904-01-01,1939-12-31
business_06027,"Levy, Leo","Leo Berliner Str. 31, Berlin",,,,,,,1900-01-01,1945-12-31
business_06028,"Lewandowski, Lilli","Lilli Nahrungs- und Genussmittel Berliner Str. 33, Berlin",,,,,,,1900-01-01,1945-12-31
business_06029,Lewek Bachner,"Lewek Bachner textiles and clothing Zehdenicker Str.  2, Berlin",,,,,,,1900-01-01,1945-12-31
business_06030,Lewi Fungerhut,"Gollnowstr.  29, Berlin",,,,,,,1900-01-01,1945-12-31
business_06013,"Lewin, Gertrud","Lewin, Gertrud textiles and clothing Bamberger Str. 15, Gths. I., III.,,  Berlin",,,,,,,1900-01-01,1945-12-31
business_06014,"Lewin, Paul","Paul Freisinger Str. 6, Berlin",,,,,,,1900-01-01,1945-12-31
business_06017,Lewinnek-Modelle,"Modelle textiles and clothing Kurfürstendamm  146, Berlin",,,,,,,1900-01-01,1945-12-31
business_06047,Leyser & Alterthum,"Köpenicker Str. 36/38, Berlin",,,,,,,1912-01-01,1939-12-31
business_06049,"Leyser, Fritz","Fritz textiles and clothing Berliner Str. 114, Berlin",,,,,,,1900-01-01,1945-12-31
business_06054,"Lichtenstein, Hans","Gerhardstr. 9, Berlin",,,,,,,1900-01-01,1945-12-31
business_06059,Lidsky-Müller,"Lidsky-Müller Nahrungs- und Genussmittel Rüdesheimer Str.  4, Berlin",,,,,,,1900-01-01,1945-12-31
business_06060,"Liebenbaum, Eugenie","Eugenie Bozener Str. 9, Berlin",,,,,,,1900-01-01,1945-12-31
business_06061,Lieber & Co GmbH,"Wallnertheaterstr. 23, Berlin",,,,,,,1931-01-01,1940-12-31
business_06064,"Liebert, Alfred","Alfred textiles and clothing Elberfelder Str. 29, Berlin",,,,,,,1900-01-01,1945-12-31
business_06069,Likör und Weinhandlung Brauner Weg 100 Else Czwiklitzer,"Likör und Weinhandlung Brauner Weg 100, Berlin",,,,,,,1935-01-01,1939-12-31
business_06070,Likörfabrikation und Weinhandlung Feuerstein u. Czwiklitzer,"Straussberger Str. 25, Berlin",,,,,,,1937-01-01,1940-12-31
business_06071,Lilienthal & Samelson,"Franzeckistr. 6, Berlin",,,,,,,1927-01-01,1940-12-31
business_06072,"Lilli Aronheim, Vertreterin der Firma Sambach Edellikörfabrik GmbH","Grolmannstr.  41, Berlin",,,,,,,1900-01-01,1945-12-31
business_06073,Lilly Bielschowsky,"Lilly Bielschowsky photography and film Kurfürstendamm  186, Berlin",,,,,,,1900-01-01,1945-12-31
business_06074,Lilly Jacobius (Lilli Jacobius),"jewelry and precious metals Pfalzburger Str.  7, Berlin",,,,,,,1900-01-01,1945-12-31
business_06075,"Lilly Silberstein, in Firma Stickerei Lehmann","Bärwaldstr.  47, Berlin",,,,,,,1970-01-01,1945-12-31
business_06076,Lilly Stern,"Lilly Stern Eislebener Str.  1, Berlin",,,,,,,1900-01-01,1945-12-31
business_06077,Limba GmbH zur Herstellung alkoholfreier Getränke,"Alt Moabit 95/96, Berlin",,,,,,,1934-01-01,1937-12-31
business_06096,"Lipski, Ruth","Ruth Bochumer Str. 18, Berlin",,,,,,,1900-01-01,1945-12-31
business_06081,"Lissy Meyersohn, Familienheim Lietzensee",,,,,,,,1900-01-01,1945-12-31
business_06085,"Litten, Benno","Benno Eisenacher Str. 47, Berlin",,,,,,,1900-01-01,1945-12-31
business_06121,Loeb & Sutheim,"Jerusalemer Str. 63/64, Berlin",,,,,,,1916-01-01,1939-12-31
business_06123,Loeser & Bielschowsky,"Friedrichsgracht 58, Berlin",,,,,,,1933-01-01,1939-12-31
business_06124,Loeser & Bielschowsky AG,"Friedrichsgracht 58, Berlin",,,,,,,1923-01-01,1934-12-31
business_06125,Loeser & Bielschowsky in Liquidation,"Wilhelmshöhe 10, Berlin",,,,,,,1926-01-01,1933-12-31
business_06129,"Loewensohn, Carl","Carl books and art Eisvogelweg 5, Berlin",,,,,,,1900-01-01,1945-12-31
business_06112,"Loewenthal, Anny","Anny photography and film Ehrwalder Str. 1, Berlin",,,,,,,1900-01-01,1945-12-31
business_06114,Lombard- und Leihhaus Winterfeldt Moritz Warschauer,"Winterfeldstr. 2/3, Berlin",,,,,,,1911-01-01,1933-12-31
business_06117,Lonny Wohlmann,"Lonny Wohlmann textiles and clothing Kaiserallee  209, Berlin",,,,,,,1900-01-01,1945-12-31
business_06120,Lore Löwenstein,"Lore Löwenstein textiles and clothing Kurfürstendamm  235, Berlin",,,,,,,1900-01-01,1945-12-31
business_06102,Lortzing-Apotheke und Droguerie am Händelplatz Erhardt Otto,"Geliciusstr. 2, Berlin",,,,,,,1930-01-01,1937-12-31
business_06107,Lotte Kahn-Faffer,"Faffer Kaiserallee  22, Berlin",,,,,,,1900-01-01,1945-12-31
business_06110,Louis Baszynski,"Blumeshof 13, Berlin",,,,,,,1920-01-01,1938-12-31
business_06136,Louis Brünneck,"Louis Brünneck textiles and clothing Schönholzer Str.  11, Berlin",,,,,,,1900-01-01,1945-12-31
business_06158,Louis Hamburger & Co,"Unter den Linden 54/55, Berlin",,,,,,,1915-01-01,1938-12-31
business_06147,Louis L. Rabow,"An der Schleuse 12, Berlin",,,,,,,1915-01-01,1938-12-31
business_06149,"Louis Lewinsohn, Bücherbude-Britz","Britz advertising Rudower Allee  64, Berlin",,,,,,,1900-01-01,1945-12-31
business_06172,Louis Loeffler,"Joachimsthaler Str. 39/40, Berlin",,,,,,,1937-01-01,1939-12-31
business_06173,Louis Loewenthal,"Leipziger Str. 71/72, Berlin",,,,,,,1903-01-01,1937-12-31
business_06174,Louis Mandelbaum,"Louis Mandelbaum leather and shoes Aschaffenburger Str.  22, Berlin",,,,,,,1900-01-01,1945-12-31
business_06179,Louis Oppenheimer,"Leipziger Str. 101/102, Berlin",,,,,,,1909-01-01,1938-12-31
business_06183,Louis Rosenberg,"( Trade ) Eingetragen im Handelsregister/ Gründung 1911 Erloschen 1942 Zentralviehhof ,  Berlin",,,,,,,1911-01-01,1942-12-31
business_06191,Lucie Hartstein,"Steglitzer Str. 47, Berlin",,,,,,,1919-01-01,1940-12-31
business_06193,Ludwig & Robert Reichmann KG,"technische Artikel Südwestkorso  13, Berlin",,,,,,,1900-01-01,1945-12-31
business_06201,Ludwig Bowman,"Nürnberger Platz 6, Berlin",,,,,,,1903-01-01,1936-12-31
business_06207,Ludwig Döblin,"Möllendorfstr. 19, Berlin",,,,,,,1907-01-01,1937-12-31
business_06210,Ludwig Flach,"Winterfeldstr. 14, Berlin",,,,,,,1908-01-01,1935-12-31
business_06223,Ludwig Klinger Bank-Kommissionsgeschäft,"Unter den Linden 39, Berlin",,,,,,,1918-01-01,1935-12-31
business_06228,Ludwig Levy,"Brückenallee 10, Berlin",,,,,,,1917-01-01,1944-12-31
business_06229,Ludwig Levy GmbH,"Brückenallee 10, Berlin",,,,,,,1921-01-01,1935-12-31
business_06256,Ludwig Misch,"Sandwerder 30, Berlin",,,,,,,1920-01-01,1938-12-31
business_06234,Ludwig R. Simon,"Mohenstr. 52/53, Berlin",,,,,,,1907-01-01,1938-12-31
business_06250,Ludwig Sommerfeld,"Ludwig Sommerfeld construction Kieferngrund  6, Berlin",,,,,,,1900-01-01,1945-12-31
business_06288,Ludwig Weiß Lederartikel,"Grolmannstr. 32/33, Berlin",,,,,,,1919-01-01,1939-12-31
business_06261,Ludwig Wiener,"Oranienburger Str. 60/63, Berlin",,,,,,,1929-01-01,1942-12-31
business_06263,"Lueck, Georg","Georg books and art Blumes Hof 15, Berlin",,,,,,,1900-01-01,1945-12-31
business_06266,Luisen Drogerie F. W. Sehrndt Nachf. Inh. Ludwig Begach,"Dresdner Str. 115, Berlin",,,,,,,1902-01-01,1938-12-31
business_06293,Lydia Hahlo,"Lydia Hahlo textiles and clothing Schlangenbader Str.  81, Berlin",,,,,,,1900-01-01,1945-12-31
business_06298,"Lövin, Erna geb. Koslowski","Koslowski Eisenacher Str. 30, Berlin",,,,,,,1900-01-01,1945-12-31
business_06299,Löwen-Apotheke Georg Heering,"( Trade ) Eingetragen im Handelsregister/ Gründung 1931 Besitzübernahme 1936 Keine Angabe ,  Berlin",,,,,,,1931-01-01,1936-12-31
business_06320,M. & E. Staub,"Kurfüstendamm 188, Berlin",,,,,,,1926-01-01,1935-12-31
business_06329,M. Fiedier,"Fiedier textiles and clothing Münchener Str., Berlin",,,,,,,1900-01-01,1945-12-31
business_06337,M. Gonzer,"Gonzer books and art Oranienburger Str.  26, Berlin",,,,,,,1900-01-01,1945-12-31
business_06357,"M. Hartlieb, Sachverständiger","Sachverständiger construction Fichte Str. 17, Berlin",,,,,,,1900-01-01,1945-12-31
business_06344,M. J. Teich,"Wallnertheaterstr. 19, Berlin",,,,,,,1902-01-01,1937-12-31
business_06347,M. Kahnemann jr.,"Stralauer Str. 3/6, Berlin",,,,,,,1903-01-01,1938-12-31
business_06365,M. Kurz & Söhne Wäscheversand,"Lothringer Str. 34/35, Berlin",,,,,,,1927-01-01,1939-12-31
business_06384,M. Lichtenstein Nchf. D. Cohn,"( Trade ) Eingetragen im Handelsregister/ Gründung 1931 Erloschen 1938 Grünstr. ,  Berlin",,,,,,,1931-01-01,1938-12-31
business_06371,M. Loewy Wäscheverleih-Gesellschaft,"Bethanienufer 6, Berlin",,,,,,,1920-01-01,1934-12-31
business_06372,M. Lövinsohn,"Grolmannstr. 28, Berlin",,,,,,,1902-01-01,1934-12-31
business_06375,M. Meyerhof,"Luisenufer 48/49, Berlin",,,,,,,1900-01-01,1939-12-31
business_06378,M. Murawin (Michael Murawin),"leather and shoes Gabriel-Max-Str.  18, Berlin",,,,,,,1900-01-01,1945-12-31
business_06379,M. N. Nasch GmbH,"Passage 37/41, Berlin",,,,,,,1903-01-01,1945-12-31
business_06391,M. Sondheimer,"Unter den Linden 38, Berlin",,,,,,,1935-01-01,1942-12-31
business_06394,M. Sperling Getreide-AG,"Unter den Linden 36, Berlin",,,,,,,1940-01-01,1940-12-31
business_06399,M. Waldberg,"Waldberg textiles and clothing Bamberger Str.  35, Berlin",,,,,,,1900-01-01,1945-12-31
business_06445,M. Zachart,"Lothringer Str. 15, Berlin",,,,,,,1904-01-01,1939-12-31
business_06446,M. Zellermayer GmbH,"Zentralmarkthalle Stand 156, Berlin",,,,,,,1928-01-01,1938-12-31
business_06447,M. Zmigrod,"Zmigrod textiles and clothing Königsberger Str.  35, Berlin",,,,,,,1900-01-01,1945-12-31
business_06433,Maertin,"Maertin textiles and clothing Konstanzer Str.  4, Berlin",,,,,,,1900-01-01,1945-12-31
business_06438,Magnus Nachum,"Norkusstr. 7, Berlin",,,,,,,1934-01-01,1940-12-31
business_06439,"Magnus, Benjamin David","Benjamin David advertising Altonaer Str. 16, Berlin",,,,,,,1900-01-01,1945-12-31
business_06440,Maier Margulies,"Mirbachstr. 38, Berlin",,,,,,,1916-01-01,1938-12-31
business_06421,Maiyor Frye,"Gollnowstr.  9, Berlin",,,,,,,1900-01-01,1945-12-31
business_06429,Malzfabrik Spandau GmbH,"Schönwalder Str. 55/56, Berlin",,,,,,,1926-01-01,1941-12-31
business_06461,"Mamlok, Messow & Hirschfeldt","Auguste-Viktoria-Weg, Berlin",,,,,,,1919-01-01,1933-12-31
business_06464,Manasse Hanfling gen. Burta,"Gollnowstr. 44, Berlin",,,,,,,1916-01-01,1941-12-31
business_06465,"Mandl, Leopold","Leopold Berchtesgadener Str. 14, Berlin",,,,,,,1900-01-01,1945-12-31
business_06468,Manfred Leopold,"Manfred Leopold Alt Moabit  51, Berlin",,,,,,,1900-01-01,1945-12-31
business_06452,"Mannheimer, Albert","Mannheimer, Albert Augsburger Str. 53, Biswanger,,  Berlin",,,,,,,1900-01-01,1945-12-31
business_06455,Marcel Steinbach,"Luisenufer 32, Berlin",,,,,,,1920-01-01,1941-12-31
business_06458,Marcus & Volkmar,"( Trade ) Eingetragen im Handelsregister/ Gründung 1900 Erloschen 1937 Am Weidendamm 1a,  Berlin",,,,,,,1900-01-01,1937-12-31
business_06460,Marcus Frankenstein,"Marcus Frankenstein household goods Speyerer Str.  24, Berlin",,,,,,,1900-01-01,1945-12-31
business_06471,Marcus Israel Söhne,"Kottbusser Ufer 17, Berlin",,,,,,,1900-01-01,1937-12-31
business_06473,Marcus Nagler,"Marcus Nagler textiles and clothing Hohenzollerndamm  18, Berlin",,,,,,,1900-01-01,1945-12-31
business_06477,Marg. Krumnow,"Krumnow Nahrungs- und Genussmittel Bochumer Str.  7, Berlin",,,,,,,1900-01-01,1945-12-31
business_06478,Marg. Reichmann,"Maikowskystr.  113, Berlin",,,,,,,1900-01-01,1945-12-31
business_06479,Marga Hecht-Lubinski,"Marga Hecht-Lubinski textiles and clothing Pariser Str.  59, Berlin",,,,,,,1900-01-01,1945-12-31
business_06495,Margarete Hurtig,"Margarete Hurtig restaurants Kaiserallee  138, Berlin",,,,,,,1900-01-01,1945-12-31
business_06500,Margarethe Meyer (Papier-Meyer),"paper and paper goods Augsburger Str.  43, Berlin",,,,,,,1900-01-01,1945-12-31
business_06503,Marggraffs Rothe Apotheke Dr. Wilhelm Wartenberg,"Rosenthaler Str. 46/47, Berlin",,,,,,,1902-01-01,1936-12-31
business_06504,Margot Keßler,"Margot Keßler publishing and printing Kurfürstendamm  212, Berlin",,,,,,,1900-01-01,1945-12-31
business_06506,"Margraf & Co, GmbH","Unter den Linden 21, Berlin",,,,,,,1912-01-01,1938-12-31
business_06509,Marie Auerbach,"Marie Auerbach restaurants Aschaffenburger Str.  9, Berlin",,,,,,,1900-01-01,1945-12-31
business_06481,Marie Lichtenfeld,"Marie Lichtenfeld Fürstenwalder Str.  478, Berlin",,,,,,,1900-01-01,1945-12-31
business_06483,Marien-Apotheke Sonntag & Oelsner,"Wilhelmsaue 110, Berlin",,,,,,,1900-01-01,1936-12-31
business_06514,Marku. Solomon,"Solomon Marburger Str.  5, Berlin",,,,,,,1900-01-01,1945-12-31
business_06515,Markus Billet,"Markus Billet Nahrungs- und Genussmittel Speyerer Str.  26, Berlin",,,,,,,1900-01-01,1945-12-31
business_06517,Markus Frankenstein,"Markus Frankenstein household goods Wilhelmsaue  133, Berlin",,,,,,,1900-01-01,1945-12-31
business_06533,Markus Löwenthal,"Gollnowstr.  46, Berlin",,,,,,,1900-01-01,1945-12-31
business_06521,Markus Wolkowitz,"Winterfeldstr.  8, Berlin",,,,,,,1900-01-01,1945-12-31
business_06523,Markwald & Co in Liqu.,"Unter den Linden 64, Berlin",,,,,,,1923-01-01,1937-12-31
business_06530,"Marta Seeligmann, in Firma Fleckweg","in Firma Fleckweg chemicals and pharmaceuticals Eisenacher Str.  107, Berlin",,,,,,,1900-01-01,1945-12-31
business_06563,Martha Bucki,"Martha Bucki publishing and printing Schoelerpark  8, Berlin",,,,,,,1900-01-01,1945-12-31
business_06564,Martha Eisenberg ( Maria Eisenberg),"textiles and clothing Kaiserallee  188, Berlin",,,,,,,1900-01-01,1945-12-31
business_06568,Martha Ladewig,"Martha Ladewig textiles and clothing Passauer Str.  24, Berlin",,,,,,,1900-01-01,1945-12-31
business_06553,Martha Thamm,"Martha Thamm construction materials and fuel Pfalzburger Str.  81, Berlin",,,,,,,1900-01-01,1945-12-31
business_06560,Martin Bernhold,"Martin Bernhold textiles and clothing Carmen-Sylva-Str.  106, Berlin",,,,,,,1900-01-01,1945-12-31
business_06547,Martin Cohn,"Kleine Frankfurter Str. 8/9, Berlin",,,,,,,1916-01-01,1938-12-31
business_06574,Martin Glas,"Martin Glas Kurfürstendamm  153, Berlin",,,,,,,1900-01-01,1945-12-31
business_06582,Martin Günther GmbH,"Köpenicker Str. 18/20, Berlin",,,,,,,1933-01-01,1938-12-31
business_06583,Martin Hirschfeld,"Bardelebenstr. 7, Berlin",,,,,,,1918-01-01,1938-12-31
business_06585,Martin Horwitz,,,,,,,,1937-01-01,1937-12-31
business_06587,Martin Jacobson,"Alt Moabit 95/96, Berlin",,,,,,,1904-01-01,1938-12-31
business_06601,Martin Kahn & Co GmbH,"Wallnertheaterstr. 23, Berlin",,,,,,,1929-01-01,1940-12-31
business_06596,Martin Liebenwalde,"Köpenicker Str. 93/94, Berlin",,,,,,,1925-01-01,1939-12-31
business_06624,Martin Neustadt & Co,"e Frankfurter Str. 73, Berlin",,,,,,,1931-01-01,1942-12-31
business_06641,Martin Wittenberg in Firma Fuchs,"Martin Wittenberg in Firma Fuchs textiles and clothing Planufer  24, Berlin",,,,,,,1900-01-01,1945-12-31
business_06662,Matador-Film GmbH,"Falkenried 20, Berlin",,,,,,,1931-01-01,1937-12-31
business_06668,Max & Fritz Stammreich,"Prenzlauer Str. 27, Berlin",,,,,,,1928-01-01,1938-12-31
business_06670,Max A. Goldschmidt,"( Trade ) Eingetragen im Handelsregister/ Gründung 1927 Erloschen 1938 Am Weidendamm 1a,  Berlin",,,,,,,1927-01-01,1938-12-31
business_06653,Max Albert Meyer,"Unter den Linden 56, Berlin",,,,,,,1915-01-01,1935-12-31
business_06658,Max Ascher Großhandel in Kleiderstoffen,"Bischofstr. 23, Berlin",,,,,,,1921-01-01,1936-12-31
business_06673,Max Beer,"Max Beer Berliner Str.  95, Berlin",,,,,,,1900-01-01,1945-12-31
business_06675,Max Berg & Co,"Luisenufer 11, Berlin",,,,,,,1919-01-01,1940-12-31
business_06677,Max Berlfein,"Max Berlfein jewelry and precious metals Hohenzollerndamm  94, Berlin",,,,,,,1900-01-01,1945-12-31
business_06681,"Max Bernstein, Vertreter der Würtembergischen Metallwarenfabrik","Vertreter der Würtembergischen Metallwarenfabrik jewelry and precious metals Düsseldorfer Str.  14, Berlin",,,,,,,1900-01-01,1945-12-31
business_06682,Max Bertuch,"Bischofstr. 10, Berlin",,,,,,,1936-01-01,1939-12-31
business_06685,Max Bielschowsky,"Brandenburgstr. 24, Berlin",,,,,,,1920-01-01,1937-12-31
business_06692,Max Brinitzer,"Max Brinitzer banks and insurance Heidekrug  55, Berlin",,,,,,,1900-01-01,1945-12-31
business_06716,Max Eger,"Gollnowstr. 43, Berlin",,,,,,,1917-01-01,1938-12-31
business_06722,Max Falck,"Unter den Linden 16, Berlin",,,,,,,1928-01-01,1938-12-31
business_06760,Max Gutfeld,"Hindersinstr. 11, Berlin",,,,,,,1916-01-01,1934-12-31
business_06745,Max Harrwitz,"Normannstr. 2, Berlin",,,,,,,1902-01-01,1933-12-31
business_06747,Max Heimann,"( Trade ) Eingetragen im Handelsregister/ Gründung 1924 Erloschen 1939 Südhafen ,  Berlin",,,,,,,1924-01-01,1939-12-31
business_06762,Max Herzberger & Co,"Elisabethufer 5, Berlin",,,,,,,1922-01-01,1936-12-31
business_06779,Max Jungstein Elektro-Radio-Großhandlung,"Kottbusser Ufer 42, Berlin",,,,,,,1935-01-01,1940-12-31
business_06791,Max Kalischer,"technische Artikel Schönhauser allee  188, Berlin",,,,,,,1900-01-01,1945-12-31
business_06794,Max Kanarienvogel,"Max Kanarienvogel leather and shoes Frankfurter Allee  67, Berlin",,,,,,,1900-01-01,1945-12-31
business_06811,Max Kempler,"Max Kempler textiles and clothing Kottbusser Damm  7, Berlin",,,,,,,1900-01-01,1945-12-31
business_06818,Max Kreslawsky,"Wusterhausener Str. 16, Berlin",,,,,,,1906-01-01,1934-12-31
business_06819,Max Krotoschiner,"Marsiliusstr. 23, Berlin",,,,,,,1932-01-01,1939-12-31
business_06820,Max Krüger Berliner Kartonfabrik,"Elisabethufer 44, Berlin",,,,,,,1906-01-01,1939-12-31
business_06806,Max Lasnitzki,"Zentralmarkthalle Stand 14, Berlin",,,,,,,1922-01-01,1938-12-31
business_06824,Max Levi Lederwaren,"Am Rosenanger 21, Berlin",,,,,,,1915-01-01,1938-12-31
business_06833,Max Lindemann - Etam,"Prinz-Albrecht-Str. 8, Berlin",,,,,,,1916-01-01,1938-12-31
business_06846,Max Maibaum Technische Vertretungen,"Zähriger Str. 17, Berlin",,,,,,,1921-01-01,1939-12-31
business_06901,Max Pollak & Co GmbH,"Heiligegeiststr. 11, Berlin",,,,,,,1926-01-01,1937-12-31
business_06904,Max Prager & Jenny Prager,"Jenny Prager publishing and printing Detmolder Str.  3, Berlin",,,,,,,1900-01-01,1945-12-31
business_06905,Max Preiß & Co,"Köpenicker Str. 36/38, Berlin",,,,,,,1924-01-01,1932-12-31
business_06883,Max Rosenbaum Filiale Berlin,"Jerusalemer Str. 11/12, Berlin",,,,,,,1911-01-01,1939-12-31
business_06888,Max Rosenheimer,"Potsdamer Str. 31/32, Berlin",,,,,,,1908-01-01,1938-12-31
business_06899,Max Samuelis,"Max Samuelis Berliner Str.  61, Berlin",,,,,,,1900-01-01,1945-12-31
business_06912,Max Scheier,"Max Scheier Schillerpromenade  36, Berlin",,,,,,,1900-01-01,1945-12-31
business_06914,Max Schkoll,"Max Schkoll textiles and clothing Elbinger Str.  64, Berlin",,,,,,,1900-01-01,1945-12-31
business_06917,Max Schmal,"Heiligegeiststr. 17, Berlin",,,,,,,1937-01-01,1940-12-31
business_06922,Max Schwarzwald,"Max Schwarzwald household goods Marburger Str.  8, Berlin",,,,,,,1900-01-01,1945-12-31
business_06926,Max Schöneberg,"Mariendorfer Str. 16, Berlin",,,,,,,1900-01-01,1939-12-31
business_06931,Max Seligmann,"Allensteinerstr. 36, Berlin",,,,,,,1917-01-01,1939-12-31
business_06935,Max Simon,"Am Kupfergraben 5, Berlin",,,,,,,1908-01-01,1940-12-31
business_06937,Max Sittner Gotzkowsky-Apotheke Allopathie u. Homöopathie engros u. Export,"Alt Moabit 52, Berlin",,,,,,,1923-01-01,1936-12-31
business_06938,Max Smoliansky,"Heiligegeiststr. 15, Berlin",,,,,,,1920-01-01,1939-12-31
business_06946,Max Stroheim & Co,"In den Zelten 12, Berlin",,,,,,,1919-01-01,1935-12-31
business_06947,Max Stöckler,"Max Stöckler textiles and clothing Höchste Str.  31, Berlin",,,,,,,1900-01-01,1945-12-31
business_06949,Max Tarlowsky,"Am Zirkus 7, Berlin",,,,,,,1923-01-01,1937-12-31
business_06963,"Max Trakatsch, in Firma Drecoll","in Firma Drecoll textiles and clothing Kurfürstendamm  200, Berlin",,,,,,,1900-01-01,1945-12-31
business_06966,Max Tyger,"Max Tyger textiles and clothing Marburger Str.  11, Berlin",,,,,,,1900-01-01,1945-12-31
business_06968,Max Wachtel,"e Frankfurter Str. 32, Berlin",,,,,,,1903-01-01,1938-12-31
business_06952,Max Warszawski,"Leipziger Str. 54/56, Berlin",,,,,,,1936-01-01,1940-12-31
business_06971,Max Wolff,"Mommensenstr. 14, Berlin",,,,,,,1900-01-01,1939-12-31
business_06987,Mayr Scheer,"Mayr Scheer Dietrich-Eckart-Str.  14, Berlin",,,,,,,1900-01-01,1945-12-31
business_07002,Mechler & Pinkus,"Friedrichsgracht 61, Berlin",,,,,,,1924-01-01,1924-12-31
business_07007,Meier,"Meier Landsberger Str.  13, Berlin",,,,,,,1900-01-01,1945-12-31
business_07000,Mendel Blumenberg,"Wallnertheaterstr. 8, Berlin",,,,,,,1935-01-01,1939-12-31
business_07011,Mendel Engländer,"Mendel Engländer construction Lehrter Str.  48, Berlin",,,,,,,1900-01-01,1945-12-31
business_07012,Mendel Gefen,"Mendel Gefen jewelry and precious metals Drontheimer Str.  25, Berlin",,,,,,,1900-01-01,1945-12-31
business_07013,Mendel Holländer junior,"Lothringer Str. 38, Berlin",,,,,,,1907-01-01,1938-12-31
business_07014,Mendel Kesten,"15, Berlin",,,,,,,1922-01-01,1935-12-31
business_07016,Mendel Niederhoffer,"Schönhauser Alee 128, Berlin",,,,,,,1928-01-01,1934-12-31
business_07018,Mendel Safir,"Am Markt 1, Berlin",,,,,,,1936-01-01,1940-12-31
business_07019,"Mendel, Alfred","Alfred textiles and clothing Bundesratufer 9, Berlin",,,,,,,1900-01-01,1945-12-31
business_07035,Menelaos Grundstückserwerbsgesellschaft mbH,"( Trade ) Eingetragen im Handelsregister/ Gründung 1922 Badener Ring 36 (Quelle: 6),  Berlin",,,,,,,1922-01-01,1945-12-31
business_07036,Menke & Herzfeld,"Bischofstr. 13, Berlin",,,,,,,1919-01-01,1945-12-31
business_07025,"Merten, Leo","Moabit 84, Berlin",,,,,,,1900-01-01,1945-12-31
business_07026,Meta Fuhrmann,"Meta Fuhrmann textiles and clothing Rigaer Str.  70, Berlin",,,,,,,1900-01-01,1945-12-31
business_07028,Meta Jacoby,"Lothringer Str. 41, Berlin",,,,,,,1914-01-01,1939-12-31
business_07029,Meta Mossner,"Meta Mossner textiles and clothing Kurfürstendamm  185, Berlin",,,,,,,1900-01-01,1945-12-31
business_07030,Meta Sawady,"Meta Sawady Nahrungs- und Genussmittel Innsbrucker Str.  40, Berlin",,,,,,,1900-01-01,1945-12-31
business_07050,Metallkontor GmbH,"Tirpitzufer 60/62, Berlin",,,,,,,1931-01-01,1936-12-31
business_07066,Meyer & Co,"Hinter der katholischen Kirche 1, Berlin",,,,,,,1900-01-01,1939-12-31
business_07069,Meyer & Hirsch,"Oranienburger Str. 87/89, Berlin",,,,,,,1900-01-01,1938-12-31
business_07059,Mica-Haus GmbH,"Reichenberger Str. 79/80, Berlin",,,,,,,1921-01-01,1945-12-31
business_07094,Michael Holzmann,,,,,,,,1900-01-01,1945-12-31
business_07076,Michalowitz & Voß,"Neuer Markt 16, Berlin",,,,,,,1920-01-01,1937-12-31
business_07080,Michels & Cie,"Leipziger Str. 43/44, Berlin",,,,,,,1902-01-01,1937-12-31
business_07087,Minna Landauer,"Minna Landauer textiles and clothing Münchner Str.  9, Berlin",,,,,,,1900-01-01,1945-12-31
business_07089,Minnie Nachschön,"Minnie Nachschön textiles and clothing Badensche Str.  8, Berlin",,,,,,,1900-01-01,1945-12-31
business_07118,"Mockrauer, Fritz","Fritz Bochumer Str. 1, Berlin",,,,,,,1900-01-01,1945-12-31
business_07101,Modehaus Neutempelhof Max Samelsohn,"Hohenzollernkorso 2, Berlin",,,,,,,1920-01-01,1940-12-31
business_07102,Modehaus Wilhelm Metzner,"e Frankfurter Str. 92, Berlin",,,,,,,1900-01-01,1940-12-31
business_07123,Moderne Kunst Gemäldegalerie Ignaz Regierer,"Saarlandstr. 105, Berlin",,,,,,,1918-01-01,1940-12-31
business_07126,Modesalon E. Lichtblau,"Lichtblau textiles and clothing Augsburger Str.  8, Berlin",,,,,,,1900-01-01,1945-12-31
business_07128,Modewa Hugo Hirsch,"Leipziger Str. 54/55, Berlin",,,,,,,1933-01-01,1939-12-31
business_07129,Modewarenhaus Max Oppenheim,"Wilmersdorfer Str. 115/116, Berlin",,,,,,,1921-01-01,1938-12-31
business_07154,"Mohr, Adolf","Adolf Altonaer Str. 17, Berlin",,,,,,,1900-01-01,1945-12-31
business_07160,"Mordko, Kalman Wilf, gen. Clemens Treibicz","Clemens Treibicz textiles and clothing Bayreuther Str. 29, Berlin",,,,,,,1900-01-01,1945-12-31
business_07133,Moritz Amtmann,"Moritz Amtmann construction Schönhauser Allee  40, Berlin",,,,,,,1900-01-01,1945-12-31
business_07141,Moritz Dobrin,"Köllnisches Ufer 66/68, Berlin",,,,,,,1908-01-01,1933-12-31
business_07144,Moritz Galberg,"technische Artikel Greifswalder Str.  228, Berlin",,,,,,,1900-01-01,1945-12-31
business_07146,Moritz Greiner,"Moritz Greiner textiles and clothing Martin-Luther-Str.  83, Berlin",,,,,,,1900-01-01,1945-12-31
business_07147,Moritz Heilbrun,"( Trade ) Eingetragen im Handelsregister/ Gründung 1912 Erloschen 1936 Potsdamer Str. 123a,  Berlin",,,,,,,1912-01-01,1936-12-31
business_07150,Moritz Holz Bergwerks- und Hüttenprodukte,"( Industry ) Eingetragen im Handelsregister/ Gründung 1919 Erloschen 1934 Granitzstr. ,  Berlin",,,,,,,1919-01-01,1934-12-31
business_07183,Moritz Kaffmann,"Moritz Kaffmann textiles and clothing Rosenthaler Str.  14, Berlin",,,,,,,1900-01-01,1945-12-31
business_07187,Moritz Lefebre,"Moritz Lefebre Nahrungs- und Genussmittel Lothringer Str.  16, Berlin",,,,,,,1900-01-01,1945-12-31
business_07165,Moritz Löffler,"textiles and clothing Krefelder Str.  15, Berlin",,,,,,,1970-01-01,1945-12-31
business_07167,Moritz Marcus,"( Trade ) Eingetragen im Handelsregister/ Gründung 1919 Erloschen 1938 Magerviehhof ,  Berlin",,,,,,,1919-01-01,1938-12-31
business_07173,Moritz Pfeil,"Maybachplatz 15, Berlin",,,,,,,1920-01-01,1938-12-31
business_07175,Moritz Rosenstein,"Heiligegeiststr. 47, Berlin",,,,,,,1921-01-01,1940-12-31
business_07176,Moritz Rosenthal,"Stralauer Str. 44/45, Berlin",,,,,,,1906-01-01,1939-12-31
business_07180,Moritz Schereck,"Nettelbeckstr. 9, Berlin",,,,,,,1923-01-01,1937-12-31
business_07220,Moritz Veiß (Veiss),"electrical goods Pariser Str.  16, Berlin",,,,,,,1900-01-01,1945-12-31
business_07191,Moritz Vogel,"Moritz Vogel Nahrungs- und Genussmittel Passauer Str.  11, Berlin",,,,,,,1900-01-01,1945-12-31
business_07208,Moses Kirschenbaum,"Moses Kirschenbaum textiles and clothing An der Spandauer Brücke  6, Berlin",,,,,,,1900-01-01,1945-12-31
business_07221,"Moses Lesnik, Juwelen und Bijouteriewaren","Unter den Linden 22/23, Berlin",,,,,,,1936-01-01,1941-12-31
business_07223,Moses Lowicki,"Skalitzer Str. 30/31, Berlin",,,,,,,1928-01-01,1940-12-31
business_07224,Moses Salamander,"Moses Salamander Möbel Landsberger Str.  109, Berlin",,,,,,,1900-01-01,1945-12-31
business_07228,Moses Zweig,"11, Berlin",,,,,,,1923-01-01,1931-12-31
business_07229,"Moses, Franziska","Franziska textiles and clothing Aschaffenburger Str. 15, Berlin",,,,,,,1900-01-01,1945-12-31
business_07241,"Mossner, Max","Max Bozener Str. 6, Berlin",,,,,,,1900-01-01,1945-12-31
business_07242,"Mosson, Henny","Henny restaurants Badensche-Str. 4, Berlin",,,,,,,1900-01-01,1945-12-31
business_07245,Motorwagen-Vertrieb Ludwig u. Robert Reichmann,"Am Schloßplatz 1, Berlin",,,,,,,1935-01-01,1939-12-31
business_07248,Mozartsaal Theaterbetriebsgesellschaft mbH,,,,,,,,1933-01-01,1935-12-31
business_07232,"Murray, Wollstein & Co Bankkommission","( Trade ) Eingetragen im Handelsregister/ Gründung 1925 Erloschen 1937 Französische Str. ,  Berlin",,,,,,,1925-01-01,1937-12-31
business_07240,Märkische Karton- und Kartonnagen AG,"Hasenheide 5/6, Berlin",,,,,,,1928-01-01,1940-12-31
business_07251,Märkische Leihwäsche GmbH,"Bethanienufer 6, Berlin",,,,,,,1930-01-01,1934-12-31
business_07256,Märkische Terrain-Gesellschaft mbH,"Unter den Linden 12/18, Berlin",,,,,,,1909-01-01,1909-12-31
business_07266,Möbel-Alexander Heinrich Alexander,"Prenzlauer Str. 47, Berlin",,,,,,,1937-01-01,1940-12-31
business_07268,Möbel-Cohn Louis Cohn,"e Frankfurter Str. 84, Berlin",,,,,,,1901-01-01,1934-12-31
business_07276,"Möbelbazar Kreismann, Schulmann & Co","Hermmanplatz 8, Berlin",,,,,,,1926-01-01,1941-12-31
business_07280,Möbelhaus Luisenstadt Gedalie Lechner,"Köpenicker Str. 77/78, Berlin",,,,,,,1910-01-01,1938-12-31
business_07281,Möbelhaus Scheenfeldt,"Möbelhaus Scheenfeldt Möbel Potsdamer Str.  143, Berlin",,,,,,,1900-01-01,1945-12-31
business_07283,Möbelhaus Winterfeld & Co,"e Frankfurter Str. 29, Berlin",,,,,,,1926-01-01,1939-12-31
business_07305,N. Helfft & Co,"Unter den Linden 52, Berlin",,,,,,,1901-01-01,1937-12-31
business_07307,N. Levy-Stern & Co AG,"Prinz-Albrecht-Str. 8, Berlin",,,,,,,1925-01-01,1938-12-31
business_07308,N. Moses,"Dresdner Str. 79, Berlin",,,,,,,1901-01-01,1941-12-31
business_07312,NORMA Textilges. mbH,"mbH textiles and clothing Potsdamer Str.  122, Berlin",,,,,,,1900-01-01,1945-12-31
business_07316,Nachf. Geschw. Zeininger,"Zeininger Möbel Berkaer Str.  4, Berlin",,,,,,,1900-01-01,1945-12-31
business_07317,"Nachf. Oscar Schwanhäuser., Walter Kornblum","Walter Kornblum household goods Wilmersdorfer Str.  75, Berlin",,,,,,,1900-01-01,1945-12-31
business_07321,Nachfl. Paul Lustig,"Paul Lustig chemicals and pharmaceuticals Bayerischer Platz  6, Berlin",,,,,,,1900-01-01,1945-12-31
business_07323,Nachfolger E. Kunzendorf,"Kunzendorf chemicals and pharmaceuticals Rosenthaler Str.  42, Berlin",,,,,,,1900-01-01,1945-12-31
business_07337,Nathan Berg,"Zentralmarkthalle Stand 229, Berlin",,,,,,,1921-01-01,1936-12-31
business_07353,Nathan Markowicz,"Nathan Markowicz textiles and clothing Prenzlauer Str.  35, Berlin",,,,,,,1900-01-01,1945-12-31
business_07357,Nathan Rubenzik,,,,,,,,1900-01-01,1945-12-31
business_07360,Nathan Stern,,,,,,,,1900-01-01,1945-12-31
business_07374,Nathan Winter,"Memhardtstr. 19, Berlin",,,,,,,1935-01-01,1940-12-31
business_07377,Nationale Automobil-Gesellschaft AG,"Ostendestr. 15, Berlin",,,,,,,1912-01-01,1935-12-31
business_07361,Neederländische Grond- und Kreditbank,,,,,,,,1900-01-01,1945-12-31
business_07367,Nero-Film AG,"Unter den Linden 21, Berlin",,,,,,,1927-01-01,1935-12-31
business_07368,Nesselberger & Herz,"Leipziger Str. 71/73, Berlin",,,,,,,1902-01-01,1933-12-31
business_07388,Neue Boden-AG,"Freiherr-vom-Stein-Str. 17/18, Berlin",,,,,,,1920-01-01,1945-12-31
business_07389,Neue Häuserausbau-Gesellschaft mbH,"Rudower Allee 86, Berlin",,,,,,,1922-01-01,1945-12-31
business_07392,Neuköllner Möbelvertriebsgesellschaft Leiser & Rogasner,"Kaiser Friedrich-Str. 43/44, Berlin",,,,,,,1921-01-01,1932-12-31
business_07394,Neuköllner Reparaturwerk Wolf,"technische Artikel Berliner Str.  32, Berlin",,,,,,,1900-01-01,1945-12-31
business_07399,Neumann & Kolski,"Zentralmarkthalle Stand 25, Berlin",,,,,,,1902-01-01,1941-12-31
business_07418,Niunia Marbach,"Niunia Marbach Prenzlauer Str.  16, Berlin",,,,,,,1900-01-01,1945-12-31
business_07426,Norbert Kohlmann,"Gollnowstr.  20, Berlin",,,,,,,1900-01-01,1945-12-31
business_07433,Norddeutsche Eisengesellschaft AG,"Neue Ansbacher Str. 7, Berlin",,,,,,,1923-01-01,1938-12-31
business_07441,Nordland-Verkehre Ernst Huffmann KG,"Rosstr. 7, Berlin",,,,,,,1935-01-01,1938-12-31
business_07442,Nordpol-Pelze Benno Reicher,"( Trade ) Eingetragen im Handelsregister/ Gründung 1921 Erloschen 1939 Potsdamer Str. 31a,  Berlin",,,,,,,1921-01-01,1939-12-31
business_07451,Novopin-Fabrik Pharmocosma GmbH,"Sturmvogelstr. 1, Berlin",,,,,,,1924-01-01,1924-12-31
business_07459,O. Drabinowski,"Drabinowski textiles and clothing Rosenthaler Str.  16, Berlin",,,,,,,1900-01-01,1945-12-31
business_07472,Obst- und Gartenbau-GmbH,"Steinickestr. 2, Berlin",,,,,,,1922-01-01,1937-12-31
business_07474,Odenheimer & Marx,"Meineckestr. 12/13, Berlin",,,,,,,1921-01-01,1938-12-31
business_07479,Ofenhaus-Centrum,"Hankestr.  5, Berlin",,,,,,,1900-01-01,1945-12-31
business_07462,"Ohnstein, Dr. Siegfried","Siegfried Elberfelder Str. 33, Berlin",,,,,,,1900-01-01,1945-12-31
business_07465,Olbrich & Co,"Greifswalder Str. 140/141, Berlin",,,,,,,1932-01-01,1939-12-31
business_07468,Olga Hecht,"Gollnowstr.  35, Berlin",,,,,,,1900-01-01,1945-12-31
business_07470,Oliva-Buchhandlung Berthold Wolfssohn Bücher und Kunst,"Lietzenburger Str. 24/25, Berlin",,,,,,,1928-01-01,1936-12-31
business_07491,Olly Saenger,"Olly Saenger Martin-Luther-Str.  84, Berlin",,,,,,,1900-01-01,1945-12-31
business_07497,Oppenheim's Familienheim,"s Familienheim restaurants Kurfürstendamm  94, Berlin",,,,,,,1900-01-01,1945-12-31
business_07481,"Oppenheimer, Erich","Oppenheimer, Erich textiles and clothing Belziger Str. 41, I.,,  Berlin",,,,,,,1900-01-01,1945-12-31
business_07511,Oscar Blumenau,"Speyerer Str. 24/25, Berlin",,,,,,,1908-01-01,1939-12-31
business_07518,Oscar Goldstein & Luise Goldstein,"Luise Goldstein Möbel Südwestkorso  20, Berlin",,,,,,,1900-01-01,1945-12-31
business_07520,Oscar Heimann & Co,"Königsallee 41, Berlin",,,,,,,1901-01-01,1935-12-31
business_07534,Oscar Naumann,"Zähriger Str. 17, Berlin",,,,,,,1900-01-01,1937-12-31
business_07537,Oscar Schmaltz GmbH,"Saarlandstr. 25, Berlin",,,,,,,1917-01-01,1938-12-31
business_07538,Oscar Schulz GmbH,"Pariser Str. 23/26, Berlin",,,,,,,1911-01-01,1940-12-31
business_07522,Oscar Winter Kaufhaus,"Grünbergstr. 71, Berlin",,,,,,,1927-01-01,1939-12-31
business_07525,"Oschitzki, Leo","technische Artikel Eitel-Fritz-Str. 7, Berlin",,,,,,,1900-01-01,1945-12-31
business_07526,Osias Goldstein,"Osias Goldstein publishing and printing Greifswalder Str.  38, Berlin",,,,,,,1900-01-01,1945-12-31
business_07557,Oskar Zinstein,"Oskar Zinstein textiles and clothing Lippehner Str.  2, Berlin",,,,,,,1900-01-01,1945-12-31
business_07571,Ost- und Nord-Expreß,"chemicals and pharmaceuticals Gubener Str.  33, Berlin",,,,,,,1900-01-01,1945-12-31
business_07573,Ostdeutsches Holzkontor Alexander Bodzanowski,"Hoffmann-von-Fallersleben-Str. 3, Berlin",,,,,,,1930-01-01,1935-12-31
business_07575,Ostpreußische Sägewerke Julius Hirsch GmbH,"Hohenlohestr. 11, Berlin",,,,,,,1924-01-01,1936-12-31
business_07566,Otto Geller,"Wallnertheaterstr.  28, Berlin",,,,,,,1900-01-01,1945-12-31
business_07567,Otto Gröner,"e Hamburger Str. 20, Berlin",,,,,,,1902-01-01,1940-12-31
business_07587,Otto Kempner (Kemper),"chemicals and pharmaceuticals Ansbacher Str.  46, Berlin",,,,,,,1900-01-01,1945-12-31
business_07589,Otto Lewy,"C  2, Berlin",,,,,,,1900-01-01,1945-12-31
business_07592,Otto Loeb & Co,"Industr, Berlin",,,,,,,1911-01-01,1937-12-31
business_07594,"Otto Menzel, Antiquariat Hansa","Antiquariat Hansa books and art Altonaer Str.  7, Berlin",,,,,,,1900-01-01,1945-12-31
business_07603,Otto Sochaczewer,"Leipziger Str. 75/76, Berlin",,,,,,,1926-01-01,1938-12-31
business_07605,Otto Staar,"Otto Staar construction materials and fuel Berchtesgadener Str.  38, Berlin",,,,,,,1900-01-01,1945-12-31
business_07608,Otto Thau,"e Frankfurter Str. 66, Berlin",,,,,,,1929-01-01,1939-12-31
business_07613,"P. Fonquet, Inh. Salomon","Salomon Prenzlauer Allee  183, Berlin",,,,,,,1900-01-01,1945-12-31
business_07614,"P. Hagelberg, GmbH","Brandenburgstr. 42, Berlin",,,,,,,1932-01-01,1932-12-31
business_07619,P.Quasner,"Hohenstauffenstr.  31, Berlin",,,,,,,1900-01-01,1945-12-31
business_07640,Pann & Sternberg,"Friedrichsgracht 29, Berlin",,,,,,,1920-01-01,1920-12-31
business_07645,Parfümerie und Drogerie am Bayerischen Platz 6 Paul Lustig Nachfolger Erich Wangenheim,"Parfümerie und Drogerie am Bayerischen Platz 6 9, Berlin",,,,,,,1922-01-01,1939-12-31
business_07647,Pariser & Silber,"Lothringer Str. 69, Berlin",,,,,,,1929-01-01,1945-12-31
business_07622,Patent Matratzenfabrik Globus Ludwig Lewin,"Krautsstr. 52, Berlin",,,,,,,1920-01-01,1938-12-31
business_07623,Paul & Jul. Cassel,"Heiligegeiststr. 49, Berlin",,,,,,,1928-01-01,1939-12-31
business_07626,Paul Aschner GmbH,"Mohenstr. 37, Berlin",,,,,,,1933-01-01,1939-12-31
business_07651,Paul Boroschek,"( Trade ) Eingetragen im Handelsregister/ Gründung 1926 Erloschen 1936 Rönnebergstr. ,  Berlin",,,,,,,1926-01-01,1936-12-31
business_07652,Paul Bouveron GmbH,"Karl-Friedrich-Platz 3, Berlin",,,,,,,1919-01-01,1919-12-31
business_07653,Paul Brandel,"Paul Brandel publishing and printing Köpenicker Str.  108, Berlin",,,,,,,1900-01-01,1945-12-31
business_07655,Paul Bruckner (Brückner),"Nahrungs- und Genussmittel Bayerische Str.  27, Berlin",,,,,,,1900-01-01,1945-12-31
business_07658,Paul Caspari,"Paul Caspari electrical goods Hoher Steinweg   6, Berlin",,,,,,,1900-01-01,1945-12-31
business_07659,Paul Caspari,"Paul Caspari textiles and clothing Hoher Steinweg   6, Berlin",,,,,,,1900-01-01,1945-12-31
business_07665,Paul Dorff GmbH,"Allee 108/109, Berlin",,,,,,,1901-01-01,1945-12-31
business_07666,Paul E. Cohn,"vrestr. 18, Berlin",,,,,,,1910-01-01,1938-12-31
business_07669,Paul Falkenstein,"Paul Falkenstein leather and shoes Lauenburger Str.  2, Berlin",,,,,,,1900-01-01,1945-12-31
business_07697,Paul Herzberg & Co GmbH,"Luisenufer 34, Berlin",,,,,,,1927-01-01,1932-12-31
business_07682,Paul Immerglück,"Paul Immerglück textiles and clothing Allensteiner Str.  38, Berlin",,,,,,,1900-01-01,1945-12-31
business_07687,Paul Kaminski,"Brückenallee 20, Berlin",,,,,,,1930-01-01,1937-12-31
business_07707,Paul Latte,"Buchholzer Str. 28/31, Berlin",,,,,,,1907-01-01,1940-12-31
business_07718,Paul Marcus Bankkommissionsgeschäft,"Dernburgplatz 1, Berlin",,,,,,,1927-01-01,1935-12-31
business_07719,"Paul Marcuse, Vertreter","Blankenfeldestr.  13, Berlin",,,,,,,1900-01-01,1945-12-31
business_07722,"Paul Meier ""Wäscherei Gaugel""""""","textiles and clothing Nikolsburger Platz  4, Berlin",,,,,,,1900-01-01,1945-12-31
business_07723,Paul Merel Pappen-Großhandlung,"Am Friedrichshain 16/23, Berlin",,,,,,,1931-01-01,1934-12-31
business_07727,Paul Mikolajewicz,"Paul Mikolajewicz textiles and clothing Eisenacher Str.  113, Berlin",,,,,,,1900-01-01,1945-12-31
business_07743,Paul Panitz,"Paul Panitz Engelmannweg  74, Berlin",,,,,,,1900-01-01,1945-12-31
business_07746,Paul Quetschke,"Paul Quetschke construction materials and fuel Pariser Str.  5, Berlin",,,,,,,1900-01-01,1945-12-31
business_07747,Paul Ramlau,"Paul Ramlau textiles and clothing Glienicker Str.  37, Berlin",,,,,,,1900-01-01,1945-12-31
business_07751,Paul Steinberg & Co,"Rosenthaler Str. 40/41, Berlin",,,,,,,1917-01-01,1937-12-31
business_07755,Paul Szepanski,"Paul Szepanski textiles and clothing Grünauer Str.  62, Berlin",,,,,,,1900-01-01,1945-12-31
business_07760,Paul Victor Stern,"technical articles Greifswalder Str. 7, Berlin",,,,,,,1900-01-01,1945-12-31
business_07782,Paul Wallach,"Wallnertheaterstr. 23, Berlin",,,,,,,1919-01-01,1937-12-31
business_07783,Paul Wertheimer,"Paul Wertheimer Berliner Str.  18, Berlin",,,,,,,1900-01-01,1945-12-31
business_07787,Paul Woliner (Paul Wollner),"jewelry and precious metals Wilmersdorfer Str.  83, Berlin",,,,,,,1900-01-01,1945-12-31
business_07788,Paul Zeidler,"Zähriger Str. 17, Berlin",,,,,,,1922-01-01,1940-12-31
business_07771,Paul Zielinski,"Paul Zielinski construction materials and fuel Rosenheimer Str.  15, Berlin",,,,,,,1900-01-01,1945-12-31
business_07772,Paula Buschke,"( Trade ) Eingetragen im Handelsregister/ Gründung 1936 Erloschen 1939 Alt Moabit 85a,  Berlin",,,,,,,1936-01-01,1939-12-31
business_07776,"Paula Phillippsohn, Vertreterin der Firma F. W. Grosse Söhne GmbH","Grosse Söhne GmbH construction materials and fuel Elsasser Str.  54, Berlin",,,,,,,1900-01-01,1945-12-31
business_07778,Pauly & Pinner,"Elisabethufer 5/6, Berlin",,,,,,,1901-01-01,1937-12-31
business_07779,Pax-Schirme und Handtaschen,"Pax-Schirme und Handtaschen leather and shoes Wilmersdorfer Str.  112, Berlin",,,,,,,1900-01-01,1945-12-31
business_07780,Pechbrenner,"Pechbrenner Brauner Weg  22, Berlin",,,,,,,1900-01-01,1945-12-31
business_07815,Penizek & Rainer,"Unter den Linden 75, Berlin",,,,,,,1928-01-01,1939-12-31
business_07818,Pension Ascher,"Pension Ascher Neue Ansbacher Str.  5, Berlin",,,,,,,1900-01-01,1945-12-31
business_07819,Pension Atlanta,"Allee  200, Berlin",,,,,,,1900-01-01,1945-12-31
business_07791,Pension Berendt,"Pension Berendt restaurants Kurfürstendamm  56, Berlin",,,,,,,1900-01-01,1945-12-31
business_07793,Pension Bernstein,"Pension Bernstein Bayrischer Platz  10, Berlin",,,,,,,1900-01-01,1945-12-31
business_07794,Pension Bernstein,"Pension Bernstein restaurants Bayerischer Platz  10, Berlin",,,,,,,1900-01-01,1945-12-31
business_07795,Pension Boas,"Pension Boas Bayrischer Platz  1, Berlin",,,,,,,1900-01-01,1945-12-31
business_07796,Pension Camilla Milch,"Pension Camilla Milch Bregenzer Str.  14, Berlin",,,,,,,1900-01-01,1945-12-31
business_07797,Pension Castell,"Pension Castell Kudamm  57, Berlin",,,,,,,1900-01-01,1945-12-31
business_07798,Pension Charlottenburg,"Grolmannstr.  32, Berlin",,,,,,,1900-01-01,1945-12-31
business_07799,Pension Egra,"Grolmannstr.  40, Berlin",,,,,,,1900-01-01,1945-12-31
business_07800,Pension Elton,"Pension Elton Kurfürstendamm  66, Berlin",,,,,,,1900-01-01,1945-12-31
business_07803,Pension Goldstein,"Pension Goldstein restaurants Schwäbische Str.  7, Berlin",,,,,,,1900-01-01,1945-12-31
business_07805,Pension Ilse,"Pension Ilse Kudamm  70, Berlin",,,,,,,1900-01-01,1945-12-31
business_07807,Pension Kahn,"Pension Kahn restaurants Kaiserallee  41, Berlin",,,,,,,1900-01-01,1945-12-31
business_07808,Pension Klein,"Pension Klein Bayreuther Str.  2, Berlin",,,,,,,1900-01-01,1945-12-31
business_07821,Pension Lissauer,"Pension Lissauer Kurfürstendamm  157, Berlin",,,,,,,1900-01-01,1945-12-31
business_07822,Pension Lüdecke,"Pension Lüdecke restaurants Landshuter Str.  17, Berlin",,,,,,,1900-01-01,1945-12-31
business_07823,Pension Metropol,"Pension Metropol Kudamm  165, Berlin",,,,,,,1900-01-01,1945-12-31
business_07826,Pension Olympic,"Pension Olympic Kurfürstendamm  64, Berlin",,,,,,,1900-01-01,1945-12-31
business_07827,Pension Pariser Eck,"Pension Pariser Eck Pariser Str.  1, Berlin",,,,,,,1900-01-01,1945-12-31
business_07829,Pension Philipp,"Grolmannstr.  40, Berlin",,,,,,,1900-01-01,1945-12-31
business_07830,Pension Rinkel,"Pension Rinkel Kaiserallee  22, Berlin",,,,,,,1900-01-01,1945-12-31
business_07836,Pension Schlesinger,"Pension Schlesinger Kurfürstendamm  50, Berlin",,,,,,,1900-01-01,1945-12-31
business_07837,Pension Schmidt,"Pension Schmidt Joachimsthaler Str.  3, Berlin",,,,,,,1900-01-01,1945-12-31
business_07839,Pension Select,"Pension Select Kudamm  62, Berlin",,,,,,,1900-01-01,1945-12-31
business_07841,Pension Stern,"Pension Stern Kudamm  217, Berlin",,,,,,,1900-01-01,1945-12-31
business_07843,Pension Wegner,"Pension Wegner restaurants Kaiserallee  176, Berlin",,,,,,,1900-01-01,1945-12-31
business_07847,Pension von Kessel,"Pension von Kessel Potsdamer Straße  118, Berlin",,,,,,,1900-01-01,1945-12-31
business_07848,Pepi Leibowicz,"Gollnowstr.  13, Berlin",,,,,,,1900-01-01,1945-12-31
business_07863,Peter Prichodko,"Peter Prichodko leather and shoes Bayerische Str.  1, Berlin",,,,,,,1900-01-01,1945-12-31
business_07867,Pfeil-Verlag GmbH,"Industr 27, Berlin",,,,,,,1919-01-01,1936-12-31
business_07872,Pharmaport Gesellschaft für chemisch-pharmazeutische Produkte mbH,"Yorkstr. 59, Berlin",,,,,,,1930-01-01,1945-12-31
business_07859,Philipp Kochmann Chemische Fabrik,"Kottbusser Ufer 39/40, Berlin",,,,,,,1919-01-01,1936-12-31
business_07883,"Philippson, Margarete geb. Salomon","Salomon textiles and clothing Breitenbachplatz 14, Berlin",,,,,,,1900-01-01,1945-12-31
business_07884,"Philipsborn, Victor","Moabit 86, Berlin",,,,,,,1900-01-01,1945-12-31
business_07889,Phonogramm-Verlag GmbH,"Bundesratsufer 11, Berlin",,,,,,,1911-01-01,1937-12-31
business_07891,Photo-Richtheimer,"Laden  11, Berlin",,,,,,,1900-01-01,1945-12-31
business_07892,Photo-Spiegel,"Spiegel photography and film Wagnerplatz  4, Berlin",,,,,,,1900-01-01,1945-12-31
business_07896,Photothek Römer & Bernstein,"Belle-Alliance-Str. 82, Berlin",,,,,,,1914-01-01,1937-12-31
business_07911,Piccolo-Automaten GmbH,"Mariendorfer Str. 33c, Berlin",,,,,,,1932-01-01,1935-12-31
business_07916,Pincevski & Sadowski,"Unter den Linden 53, Berlin",,,,,,,1929-01-01,1929-12-31
business_07919,Pinkus Szydlow,"Prenzlauer Str. 18, Berlin",,,,,,,1935-01-01,1940-12-31
business_07926,"Plachte, Martin","Martin textiles and clothing Bamberger Str. 26, Berlin",,,,,,,1900-01-01,1945-12-31
business_07929,Plaut & Daniel,"Leipziger Str. 75/76, Berlin",,,,,,,1933-01-01,1938-12-31
business_07933,Plissee-Biene,"Plissee-Biene textiles and clothing Danziger Str.  28, Berlin",,,,,,,1900-01-01,1945-12-31
business_07941,Polke & Jokobowski,"Elisabethufer 5/6, Berlin",,,,,,,1919-01-01,1939-12-31
business_07942,Polsterwaren-Wegner,"Polsterwaren-Wegner textiles and clothing Kyffhäuser Str.  3, Berlin",,,,,,,1900-01-01,1945-12-31
business_07954,Prager & Lojda,"Hagelberger Str. 53/54, Berlin",,,,,,,1902-01-01,1936-12-31
business_07960,"Priester, Emil","Priester, Emil Fritz-Reuter-Str. 9, II.,,  Berlin",,,,,,,1900-01-01,1945-12-31
business_07966,Prinzessinen-Kaffee,"Prinzessinen-Kaffee Kudamm, Berlin",,,,,,,1900-01-01,1945-12-31
business_07967,Privat-Ambulatorium Siegfried Phillippson,"Privat-Ambulatorium Siegfried Phillippson pharmacies Max-Steinke-Str.  1, Berlin",,,,,,,1900-01-01,1945-12-31
business_07971,Prodonta Grundstücks-Verwaltungs-GmbH,"Rittergutstr. 130, Berlin",,,,,,,1922-01-01,1937-12-31
business_07975,Protos Telefon GmbH,"Brückenallee 24, Berlin",,,,,,,1925-01-01,1945-12-31
business_07982,Quandt & Spritz,"e Hamburger Str. 1, Berlin",,,,,,,1901-01-01,1939-12-31
business_07983,Quick Deutsche Automaten-Gaststätten GmbH,"Joachimsthaler Str. 7/8, Berlin",,,,,,,1929-01-01,1945-12-31
business_07985,R. & S. Moses,"Reinickendorfer Str. 7/10, Berlin",,,,,,,1902-01-01,1941-12-31
business_07988,R. Baer & Söhne,"Kaiserweg 2, Berlin",,,,,,,1914-01-01,1939-12-31
business_07996,R. Brisgelsky,"Brisgelsky Siegmundshof  12, Berlin",,,,,,,1900-01-01,1945-12-31
business_08002,R. Eisland & Co Herrenkleider- und Gummimäntelfabrik,"Prenzlauer Str. 56, Berlin",,,,,,,1937-01-01,1939-12-31
business_08013,R. Lewinski,"Brunostr.  33, Berlin",,,,,,,1900-01-01,1945-12-31
business_08016,R. Markowits (Markowitz),"jewelry and precious metals Speyerer Str.  6, Berlin",,,,,,,1900-01-01,1945-12-31
business_08018,R. Scherk & Hermann Scherk,"Hermann Scherk publishing and printing Tempelhofer Ufer  17, Berlin",,,,,,,1900-01-01,1945-12-31
business_08021,R. T. Glanternik,"Glanternik textiles and clothing Dresdener Str.  2, Berlin",,,,,,,1900-01-01,1945-12-31
business_08029,Radio-Huppert Arthur Huppert,"Berliner Str. 35/39, Berlin",,,,,,,1934-01-01,1942-12-31
business_08030,Radio-Neuheiten,"Neuheiten electrical goods Kurfürstendamm  14, Berlin",,,,,,,1900-01-01,1945-12-31
business_08034,Radio-Windmüller,"Radio-Windmüller electrical goods Düsseldorfer Str.  7, Berlin",,,,,,,1900-01-01,1945-12-31
business_08036,Radiohaus Friedenau,"Radiohaus Friedenau electrical goods Kaiserallee  75, Berlin",,,,,,,1900-01-01,1945-12-31
business_08038,Radiosclerin-Gesellschaft mbH,,,,,,,,1900-01-01,1945-12-31
business_08042,Ranis & Co GmbH,"Joachimsthaler Str. 43/44, Berlin",,,,,,,1928-01-01,1940-12-31
business_08053,Recha Heymann,"Maikowskystr.  112, Berlin",,,,,,,1900-01-01,1945-12-31
business_08056,"Redlich, Fritz","Fritz Bamberger Str. 17, Berlin",,,,,,,1900-01-01,1945-12-31
business_08067,Regina und Manny Leiser,"Regina und Manny Leiser Wilmersdorfer Str.  36, Berlin",,,,,,,1900-01-01,1945-12-31
business_08071,Reich & Loewenstein,"Heiligegeiststr. 20, Berlin",,,,,,,1912-01-01,1934-12-31
business_08075,Rein-Gold Wäscherei Cöpenick Max Lehmann,"Lothringer Str. 1, Berlin",,,,,,,1931-01-01,1939-12-31
business_08087,"Reißner, Wohl & Co GmbH",,,,,,,,1900-01-01,1945-12-31
business_08092,Rembrandt Atelier für künstlerische Aufnahmen Alfred Cohn,"Winterfeldstr. 26, Berlin",,,,,,,1911-01-01,1936-12-31
business_08096,Restaurant Ansbach,"Restaurant Ansbach restaurants Kurfürstendamm  72, Berlin",,,,,,,1900-01-01,1945-12-31
business_08097,Restaurant Friedmann Paul Friedmann,"Jerusalem Str. 28, Berlin",,,,,,,1914-01-01,1936-12-31
business_08098,Restaurant Lucullus,,,,,,,,1900-01-01,1945-12-31
business_08101,"Restaurant Rubinstein, Wiener Cafè","restaurants Joachimsthaler Str.  41, Berlin",,,,,,,1900-01-01,1945-12-31
business_08109,Rhenania-Kunheim Chemische Fabriken GmbH,"Reichstagsufer 10, Berlin",,,,,,,1928-01-01,1934-12-31
business_08110,Rialto-Fortuna Lichtspiele GmbH,"( Services ) Eingetragen im Handelsregister/ Gründung 1933 Erloschen 1935 Keine Angabe ,  Berlin",,,,,,,1933-01-01,1935-12-31
business_08111,"Ricardo Falero, ""Pasta all' Uovo""""""","Nahrungs- und Genussmittel Nürnberger Str.  33, Berlin",,,,,,,1900-01-01,1945-12-31
business_08114,Richard Baer & Co,"Heiligegeiststr. 8/9, Berlin",,,,,,,1919-01-01,1939-12-31
business_08115,Richard Brandt,"e Frankfurter Str. 87, Berlin",,,,,,,1915-01-01,1939-12-31
business_08128,Richard Geduldig,"Richard Geduldig textiles and clothing Hohenzollerndamm  211, Berlin",,,,,,,1900-01-01,1945-12-31
business_08134,Richard Gradenwitz GmbH,"Dresdner Str. 38, Berlin",,,,,,,1925-01-01,1945-12-31
business_08136,Richard Hecht,"Bischofstr. 23, Berlin",,,,,,,1937-01-01,1939-12-31
business_08137,Richard Hecht & Co,"Küstriner Platz 4, Berlin",,,,,,,1914-01-01,1941-12-31
business_08139,Richard Humberg vorm. Tarrasch & Co,"( Trade ) Eingetragen im Handelsregister/ Gründung 1920 Erloschen 1940 Keine Angabe ,  Berlin",,,,,,,1920-01-01,1940-12-31
business_08145,Richard Jolles,"Richard Jolles banks and insurance Kottbusser Damm  98, Berlin",,,,,,,1900-01-01,1945-12-31
business_08152,Richard Kuntze,"Richard Kuntze Wilhelmshavener Str.  4, Berlin",,,,,,,1900-01-01,1945-12-31
business_08162,Richard Marsop,"Reichstagsufer 1, Berlin",,,,,,,1921-01-01,1937-12-31
business_08167,Richard Perls,"Lötzenerallee 9, Berlin",,,,,,,1923-01-01,1940-12-31
business_08178,Richard Wanderer Nutzholzhandlung GmbH & Co,"( Trade ) Eingetragen im Handelsregister/ Gründung 1935 Kiefholzstr. ,  Berlin",,,,,,,1935-01-01,1935-12-31
business_08187,Ringkrawatte Dorenbus & Hilowicz,"Heiligegeiststr. 35, Berlin",,,,,,,1930-01-01,1941-12-31
business_08190,Rita Luft,"Rita Luft textiles and clothing Bochumer Str.  12, Berlin",,,,,,,1900-01-01,1945-12-31
business_08198,Rob. Seelisch,"Rigaer Str. 71/73, Berlin",,,,,,,1903-01-01,1940-12-31
business_08211,Robert & Hugo Goldstein,"Siegmundshof 6, Berlin",,,,,,,1927-01-01,1939-12-31
business_08218,Robert Engel Nachf.,"Winterfeldstr. 20, Berlin",,,,,,,1914-01-01,1932-12-31
business_08204,Robert Herde,"Robert Herde Nahrungs- und Genussmittel Konstanzer Str.  54, Berlin",,,,,,,1900-01-01,1945-12-31
business_08230,Rohfedern-Handelsgesellschaft Ruben & Bielefeld mbH,"Breslauer Str. 15/16, Berlin",,,,,,,1922-01-01,1937-12-31
business_08239,Rosa Blumenfeld,"Peter Fischer Str. 3, Berlin",,,,,,,1916-01-01,1933-12-31
business_08251,Rosa Israelowicz,"Rosa Israelowicz Landsberger Str.  91, Berlin",,,,,,,1900-01-01,1945-12-31
business_08255,Rosa Lang-Nathanson,"Rosa Lang-Nathanson textiles and clothing Eisenacher Str.  2, Berlin",,,,,,,1900-01-01,1945-12-31
business_08260,Rosa Pick,"Rosa Pick textiles and clothing Savignyplatz  3, Berlin",,,,,,,1900-01-01,1945-12-31
business_08262,Rosenthal & Co,"Alt Moabit 105, Berlin",,,,,,,1900-01-01,1935-12-31
business_08264,Rosenthal & Jacobsohn,"Neue Ansbacher Str. 11, Berlin",,,,,,,1902-01-01,1935-12-31
business_08282,"Rosner, Jacob","Jacob Möbel Belziger Str. 53, Berlin",,,,,,,1900-01-01,1945-12-31
business_08285,Roth & Co,"Dresdner Str. 78, Berlin",,,,,,,1924-01-01,1940-12-31
business_08295,"Rothenberg, Leib","Leib Dortmunder Str. 3, Berlin",,,,,,,1900-01-01,1945-12-31
business_08300,Rotterkonzern,,,,,,,,1900-01-01,1945-12-31
business_08301,Rowag,,,,,,,,1900-01-01,1945-12-31
business_08302,Rowelski & Hese,"Hese Elsasser Str.  41, Berlin",,,,,,,1900-01-01,1945-12-31
business_08306,Ruben,"C  2, Berlin",,,,,,,1900-01-01,1945-12-31
business_08311,Rubin Wochenmarkt,"Lothringer Str. 78, Berlin",,,,,,,1935-01-01,1938-12-31
business_08314,Rudi Schlesinger,"Prinzessinenstr.  19, Berlin",,,,,,,1900-01-01,1945-12-31
business_08316,Rudolf  Holzheim,"Rudolf  Holzheim Frankfurter Allee  345, Berlin",,,,,,,1900-01-01,1945-12-31
business_08323,Rudolf Birmbaum,"Hartwigstr. 107, Berlin",,,,,,,1912-01-01,1937-12-31
business_08328,Rudolf Ehrenhaus & Co,"Bayernalle 19, Berlin",,,,,,,1935-01-01,1940-12-31
business_08329,"Rudolf Herzberg, Vertreter","Vertreter textiles and clothing Langkofelweg  3, Berlin",,,,,,,1900-01-01,1945-12-31
business_08330,Rudolf Herzfeld,"Unter den Linden 56, Berlin",,,,,,,1925-01-01,1936-12-31
business_08332,Rudolf J. Eskenasy,"( Trade ) Eingetragen im Handelsregister/ Gründung 1919 Erloschen 1935 Prenzlauer Str. 19a,  Berlin",,,,,,,1919-01-01,1935-12-31
business_08336,Rudolf Koenig & Co,"e Frankfurter Str. 69, Berlin",,,,,,,1922-01-01,1940-12-31
business_08339,Rudolf Mosse,"Jerusalemer Str. 46/51, Berlin",,,,,,,1900-01-01,1933-12-31
business_08342,Rudolf Saloschin,"Rudolf Saloschin textiles and clothing Rüdersdorfer Str.  29, Berlin",,,,,,,1900-01-01,1945-12-31
business_08349,Rudolf Weiler,"( Trade ) Eingetragen im Handelsregister/ Gründung 1927 Erloschen 1936 Suarezstr. ,  Berlin",,,,,,,1927-01-01,1936-12-31
business_08350,Rudolf Weiß,"Berliner Chaussee 33, Berlin",,,,,,,1919-01-01,1938-12-31
business_08379,S . L. Minsker & Co,"Unter den Linden 16, Berlin",,,,,,,1928-01-01,1938-12-31
business_08365,S. & L. Rochelsohn,"Landsberger Str. 66/67, Berlin",,,,,,,1936-01-01,1939-12-31
business_08366,S. & M. Rosenthal,"Josephstr. 4, Berlin",,,,,,,1900-01-01,1940-12-31
business_08384,S. Adam,"Leipziger Str. 27/28, Berlin",,,,,,,1902-01-01,1937-12-31
business_08385,S. Auerhann OHG,"Süddwestkorso 12, Berlin",,,,,,,1937-01-01,1940-12-31
business_08390,S. Berkowitz & Sohn,"Bundesratsufer 6, Berlin",,,,,,,1903-01-01,1938-12-31
business_08409,S. Calvary & Co,"Unter den Linden 75, Berlin",,,,,,,1901-01-01,1936-12-31
business_08411,S. Frenkel,"Unter den Linden 57/58, Berlin",,,,,,,1900-01-01,1944-12-31
business_08413,S. Gabriel jr.,"Raupachstr. 13, Berlin",,,,,,,1900-01-01,1939-12-31
business_08414,S. Gelbermann,"Gelbermann Nahrungs- und Genussmittel Speyerer Str.  22, Berlin",,,,,,,1900-01-01,1945-12-31
business_08415,S. Gerstmann's Verlag,"Dörnbergstr. 7, Berlin",,,,,,,1902-01-01,1937-12-31
business_08443,S. Gutherz,"Breslauer Str. 15/16, Berlin",,,,,,,1900-01-01,1938-12-31
business_08449,S. Isralit,"Isralit jewelry and precious metals Alte Schönhauser Str.  25, Berlin",,,,,,,1900-01-01,1945-12-31
business_08423,S. Kaufmann & Co,"Unter den Linden 16, Berlin",,,,,,,1901-01-01,1935-12-31
business_08462,S. Neuberg,"Lehrter Str. 12/13, Berlin",,,,,,,1901-01-01,1941-12-31
business_08466,S. Rand GmbH,"Am Kupfergraben 4, Berlin",,,,,,,1924-01-01,1940-12-31
business_08467,S. Rawitzki,"An der Apostelkirche 7, Berlin",,,,,,,1909-01-01,1938-12-31
business_08471,S. Rinzler & Sohn,"Prenzlauer Str. 25, Berlin",,,,,,,1917-01-01,1937-12-31
business_08478,S. Schlachtaub,"Schlachtaub Möbel Pariser Str.  47, Berlin",,,,,,,1900-01-01,1945-12-31
business_08483,S. Schwarzschild,"Bischofstr. 19/21, Berlin",,,,,,,1930-01-01,1940-12-31
business_08485,S. Segall & Co,"( Trade ) Eingetragen im Handelsregister/ Gründung 1900 Erloschen 1937 Leipziger Str. ,  Berlin",,,,,,,1900-01-01,1937-12-31
business_08488,S. Simonson,"( Trade ) Eingetragen im Handelsregister/ Gründung 1900 Erloschen 1939 Potsdamer Str. 23a,  Berlin",,,,,,,1900-01-01,1939-12-31
business_08492,S. Windreich,"Windreich jewelry and precious metals Elsasser Str.  17, Berlin",,,,,,,1900-01-01,1945-12-31
business_08496,Sabine Schließer,"Sabine Schließer Brauner Weg  100, Berlin",,,,,,,1900-01-01,1945-12-31
business_08521,Sachsenplatz Grundstücksgesellschaft mbH,"Joseph-Joachim-Str. 17, Berlin",,,,,,,1922-01-01,1939-12-31
business_08529,Salberg,"Salberg Königstr., Berlin",,,,,,,1900-01-01,1945-12-31
business_08504,"Salinger, Friedrich","Friedrich paper and paper goods Berliner Str. 19, Berlin",,,,,,,1900-01-01,1945-12-31
business_08508,Sally Appel,"Sally Appel Nahrungs- und Genussmittel Ansbacher Str.  38, Berlin",,,,,,,1900-01-01,1945-12-31
business_08509,Sally Atlas,"Sally Atlas jewelry and precious metals Berliner Str.  60, Berlin",,,,,,,1900-01-01,1945-12-31
business_08517,Sally Goldberg,"enburger Str. 14, Berlin",,,,,,,1915-01-01,1938-12-31
business_08519,Sally Goldstein,"Maikowskistr.  75, Berlin",,,,,,,1900-01-01,1945-12-31
business_08539,Sally Liebenau,"Sally Liebenau textiles and clothing Oranienburger Str.  32, Berlin",,,,,,,1900-01-01,1945-12-31
business_08545,Sally Meilick,"Sally Meilick Landsberger Str.  13, Berlin",,,,,,,1900-01-01,1945-12-31
business_08548,Sally Rosenberg & Robert Rötschke AG,"Köpenicker Str. 46/47, Berlin",,,,,,,1923-01-01,1954-12-31
business_08552,Sally Schieren,"Zentralviehhof Kontor 21, Berlin",,,,,,,1921-01-01,1937-12-31
business_08554,Sally Schwarz,"Sally Schwarz textiles and clothing Christburger Str.  24, Berlin",,,,,,,1900-01-01,1945-12-31
business_08555,Sally Selbiger,"Sally Selbiger textiles and clothing Lippehner Str.  4, Berlin",,,,,,,1900-01-01,1945-12-31
business_08557,"Sally Weil, Carlsbader Feinbäckerei","Carlsbader Feinbäckerei Nahrungs- und Genussmittel Köpenicker Str.  114, Berlin",,,,,,,1900-01-01,1945-12-31
business_08558,Sally Wittenberg,"Brückenallee 36, Berlin",,,,,,,1902-01-01,1939-12-31
business_08559,Salmansohn David,"Salmansohn David Rostocker Str.  42, Berlin",,,,,,,1900-01-01,1945-12-31
business_08561,Salo Brück,"Am Friedrichshain 8, Berlin",,,,,,,1916-01-01,1939-12-31
business_08569,Salo Kalman,"e Frankfurter Str. 86, Berlin",,,,,,,1911-01-01,1939-12-31
business_08586,Salo Wildmann,"Prenzlauer Str. 38, Berlin",,,,,,,1927-01-01,1941-12-31
business_08587,Saloman Krausz,"Saloman Krausz textiles and clothing Badensche Str.  21, Berlin",,,,,,,1900-01-01,1945-12-31
business_08576,Salomon Gutherz,,,,,,,,1900-01-01,1945-12-31
business_08577,Salomon Joffe,"Schützensstr. 68, Berlin",,,,,,,1935-01-01,1939-12-31
business_08580,Salomon Krakauer,"Prenzlauer Str. 23, Berlin",,,,,,,1923-01-01,1939-12-31
business_08601,Salomon S. Wagner,"a Stand 309, Berlin",,,,,,,1919-01-01,1938-12-31
business_08606,"Salomon-Salter, Günter","Günter publishing and printing Freisinger Str. 13, Berlin",,,,,,,1900-01-01,1945-12-31
business_08607,Salomonowitsch,,,,,,,,1900-01-01,1945-12-31
business_08609,Salon Bellevue,"Salon Bellevue Flensburger Str.  1, Berlin",,,,,,,1900-01-01,1945-12-31
business_08616,Salon Hilda,"Salon Hilda textiles and clothing Passauer Str.  13, Berlin",,,,,,,1900-01-01,1945-12-31
business_08620,Salon Maria Werk,"Salon Maria Werk Helmstedter Str.  32, Berlin",,,,,,,1900-01-01,1945-12-31
business_08631,"Salon Meran, W. Hufschmidt","Hufschmidt Meraner Str.  19, Berlin",,,,,,,1900-01-01,1945-12-31
business_08632,Salon Strelitz ( Adele Strelitz),"textiles and clothing Kurfürstendamm  140, Berlin",,,,,,,1900-01-01,1945-12-31
business_08634,Salon Woelfel,"Salon Woelfel Pfalzburger Str.  11, Berlin",,,,,,,1900-01-01,1945-12-31
business_08640,Samson Schömann,"Prenzlauer Str. 16, Berlin",,,,,,,1916-01-01,1941-12-31
business_08622,Samuel Arthur Lewkowicz,"Samuel Arthur Lewkowicz Nahrungs- und Genussmittel Heilbronner Str.  16, Berlin",,,,,,,1900-01-01,1945-12-31
business_08630,Samuel Finkel,"Samuel Finkel Marienburger Str.  32, Berlin",,,,,,,1900-01-01,1945-12-31
business_08641,Samuel Goldschmidt,"Falkenried 4, Berlin",,,,,,,1900-01-01,1933-12-31
business_08646,Samuel Hollaender,"Lothringer Str. 91, Berlin",,,,,,,1921-01-01,1939-12-31
business_08649,Samuel Intrator Fabrikation feiner Pelzwaren,"Lothringer Str. 28/29, Berlin",,,,,,,1929-01-01,1940-12-31
business_08655,Samuel Lachs,"Köngisberger Str. 33, Berlin",,,,,,,1921-01-01,1938-12-31
business_08680,Samuel Wald,"Prenzlauer Str. 27, Berlin",,,,,,,1923-01-01,1940-12-31
business_08662,Samuel Weisz,"Samuel Weisz textiles and clothing Steglitzer Str.  77, Berlin",,,,,,,1900-01-01,1945-12-31
business_08683,Sascha Mosch,"Sascha Mosch textiles and clothing Metzer Str.  42, Berlin",,,,,,,1900-01-01,1945-12-31
business_08685,Sauber & Kramer,"Dresdner Str. 36, Berlin",,,,,,,1923-01-01,1939-12-31
business_08688,Saul Bronn,"Alte Schönhauser Str. 48/49, Berlin",,,,,,,1916-01-01,1940-12-31
business_08690,Saul-Zygmunt Weißmann,,,,,,,,1934-01-01,1940-12-31
business_08694,Saxa Bekleidung für Sport und Beruf Willy Sax,"Belle-Alliance-Str. 7/10, Berlin",,,,,,,1936-01-01,1939-12-31
business_08699,Sch. Zarywacs,"Zarywacs textiles and clothing Stresowplatz  13, Berlin",,,,,,,1900-01-01,1945-12-31
business_08703,Schallplatten-Volksverband Clangor-Schallplatten GmbH,"Berliner Str. 42/43, Berlin",,,,,,,1930-01-01,1945-12-31
business_08706,Schapiro Häuserverwaltungsgesellschaft mbH,"Freiherr-vom-Stein-Str. 17/18, Berlin",,,,,,,1929-01-01,1934-12-31
business_08711,Scheier & Herz,"Heinrich Roller-Str. 16/17, Berlin",,,,,,,1880-01-01,1939-12-31
business_08713,Schenker & Co,"Unter den Linden 39, Berlin",,,,,,,1919-01-01,1936-12-31
business_08717,Scheuer & Co Kanülen-Fabrik,"Grünthaler Str. 62, Berlin",,,,,,,1921-01-01,1938-12-31
business_08719,Schickler & Zywitz,"Platz 20, Berlin",,,,,,,1930-01-01,1937-12-31
business_08743,Schiller & Co,"Luisenufer 44, Berlin",,,,,,,1926-01-01,1937-12-31
business_08726,Schmelke Weber,"( Trade ) Eingetragen im Handelsregister/ Gründung 1922 Erloschen 1937 Gontardstr. k. A.,  Berlin",,,,,,,1922-01-01,1937-12-31
business_08727,Schmerzier & Sohn ( Schmerzler & Sohn),"Nettelbeckstr.  24, Berlin",,,,,,,1900-01-01,1945-12-31
business_08730,Schmul & Sohn,"Neuer Markt 16, Berlin",,,,,,,1903-01-01,1938-12-31
business_08734,Schneiderei Grützbach,"Schneiderei Grützbach textiles and clothing Joachim-Friedrich-Str.  33, Berlin",,,,,,,1900-01-01,1945-12-31
business_08737,Schnitzer & Lewin,"Jerusalemer Str. 32/35, Berlin",,,,,,,1908-01-01,1939-12-31
business_08738,"Schocken Verlag, Jüdischer Buchverlag, GmbH","Industr, Berlin",,,,,,,1938-01-01,1939-12-31
business_08740,Schokoladen und Lebensmittel engros Therese Cohn,,,,,,,,1935-01-01,1940-12-31
business_08771,Schokoladen- und Zuckerwarenfabrik Venetia,"Rittergutstr. 33/34, Berlin",,,,,,,1919-01-01,1938-12-31
business_08773,Scholem Okun,"Waßmannstr. 28, Berlin",,,,,,,1935-01-01,1939-12-31
business_08774,Schoyer & Co,"Joachimsthaler Str. 43/44, Berlin",,,,,,,1920-01-01,1945-12-31
business_08778,Schreibmaschinenbüro Ehrlich,"Elsholzstr.  11, Berlin",,,,,,,1900-01-01,1945-12-31
business_08761,Schreiner,"Schreiner Kurfürstendamm  30, Berlin",,,,,,,1900-01-01,1945-12-31
business_08766,"Schuh-Diele ""La Florida""""""","leather and shoes Kurfürstendamm  33, Berlin",,,,,,,1900-01-01,1945-12-31
business_08769,Schuhbesohlung Herkules,"Schuhbesohlung Herkules leather and shoes Alt Moabit  15, Berlin",,,,,,,1900-01-01,1945-12-31
business_08770,Schuhfabrik Germania Kramarski & Co,"Lothringer Str. 8, Berlin",,,,,,,1926-01-01,1932-12-31
business_08753,Schuhhaus Mercedes,"Schuhhaus Mercedes leather and shoes Potsdamer Str.  48, Berlin",,,,,,,1900-01-01,1945-12-31
business_08756,Schuhpflege des Westens,"Schuhpflege des Westens leather and shoes Münchener Str.  41, Berlin",,,,,,,1900-01-01,1945-12-31
business_08759,Schuhwarengroßhandlung Casper Jacobsohn,"Wilhelmsaue 108, Berlin",,,,,,,1938-01-01,1939-12-31
business_08795,Schusterjunge,"Schusterjunge leather and shoes Augsburger Str.  41, Berlin",,,,,,,1900-01-01,1945-12-31
business_08798,"Schwan-Drogerie, Bernhard Cohn","Bernhard Cohn chemicals and pharmaceuticals Badensche Str.  46, Berlin",,,,,,,1900-01-01,1945-12-31
business_08784,"Schwarzleder, Efim","Efim Augsburger Str. 51, Berlin",,,,,,,1900-01-01,1945-12-31
business_08788,"Schwerin, Samuel","Samuel textiles and clothing Bozener Str. 2, Berlin",,,,,,,1900-01-01,1945-12-31
business_08789,"Schwinke, Paula","Paula Berliner Str. 35, Berlin",,,,,,,1900-01-01,1945-12-31
business_08802,"Schönfeld, Ilse","Ilse Essener Str. 15, Berlin",,,,,,,1900-01-01,1945-12-31
business_08804,"Schönwald, Ernst","Ernst Augsburger Str. 53, Berlin",,,,,,,1900-01-01,1945-12-31
business_08833,"Seidmann, Mohaim","Mohaim textiles and clothing Berliner Allee 252, Berlin",,,,,,,1900-01-01,1945-12-31
business_08822,Selma Jedwab,"Selma Jedwab Nassauische Str.  32, Berlin",,,,,,,1900-01-01,1945-12-31
business_08823,"Selma Lewin, Zigarettengeschäft","Zigarettengeschäft Düsseldorfer Str.  6, Berlin",,,,,,,1900-01-01,1945-12-31
business_08826,"Selmann, Schnellfoto-Anstalt",,,,,,,,1900-01-01,1945-12-31
business_08827,Selmar Bayer,"Reichenberger Str. 79/80, Berlin",,,,,,,1900-01-01,1933-12-31
business_08853,"Selwyn Fabrikation und Vertrieb von Neuheiten aller Art, GmbH","Wilmersdorfer Str. 53/54, Berlin",,,,,,,1930-01-01,1933-12-31
business_08857,"Senger, Gertrud","Gertrud restaurants Bamberger Str. 49, Berlin",,,,,,,1900-01-01,1945-12-31
business_08862,Servos & Co,"( Trade ) Eingetragen im Handelsregister/ Gründung 1913 Besitzübernahme 1936 Magerviehhof ,  Berlin",,,,,,,1913-01-01,1936-12-31
business_08847,Siegbert Lewin,"Siegbert Lewin textiles and clothing Nassauische Str.  21, Berlin",,,,,,,1900-01-01,1945-12-31
business_08879,Siegfr. Loriesohn,"Heiligegeiststr. 21, Berlin",,,,,,,1903-01-01,1936-12-31
business_08893,Siegfried Budzislawski,"Belle-Alliance-Str. 13, Berlin",,,,,,,1936-01-01,1939-12-31
business_08904,Siegfried Frank & Co,"( Trade ) Eingetragen im Handelsregister/ Gründung 1903 Besitzübernahme 1936 Magerviehhof ,  Berlin",,,,,,,1903-01-01,1936-12-31
business_08938,Siegfried Landsberger,"Heiligegeiststr. 5/6, Berlin",,,,,,,1911-01-01,1933-12-31
business_08939,"Siegfried Lichtenstein, Tuche","Bischofstr. 23, Berlin",,,,,,,1919-01-01,1939-12-31
business_08951,Siegfried Michlowitz,"Siegfried Michlowitz textiles and clothing Christburger Str.  32, Berlin",,,,,,,1900-01-01,1945-12-31
business_08954,Siegfried Neuhofer,"Siegfried Neuhofer Schöneberger Str.  18, Berlin",,,,,,,1900-01-01,1945-12-31
business_08967,Siegfried Schlüsselberg,"Heiligegeiststr. 35, Berlin",,,,,,,1936-01-01,1940-12-31
business_08975,Siegfried Simoni,"banks and insurance Innsbrucker Str.  34, Berlin",,,,,,,1970-01-01,1945-12-31
business_08979,Siegfried Tockus,"Stand  285, Berlin",,,,,,,1900-01-01,1945-12-31
business_08981,Siegfried Treumann Handelsvertretungen,"Kottbusser Ufer 39, Berlin",,,,,,,1929-01-01,1939-12-31
business_08984,Siegfried Zacharias Inh. Frau Clara Zacharias,"Rosenthaler Str. 20/21, Berlin",,,,,,,1902-01-01,1937-12-31
business_08998,Siegmund Engel Schuhwaren Agentur,"Wallnertheaterstr. 5, Berlin",,,,,,,1910-01-01,1935-12-31
business_09011,Siegmund Gutmann Modewaren,"Hohenzollernkorso 7, Berlin",,,,,,,1928-01-01,1941-12-31
business_09013,Siegmund Heymann Polstermöbelfabrik,"Rittergutstr. 130, Berlin",,,,,,,1904-01-01,1940-12-31
business_09017,Siegmund Keßler,"Nassauische Str. 13/14, Berlin",,,,,,,1908-01-01,1938-12-31
business_09001,Siegmund Pincus,"Unter den Linden 6, Berlin",,,,,,,1901-01-01,1939-12-31
business_09002,Siegmund Riese,"Siegmund Riese books and art Oranienburger Str.  85, Berlin",,,,,,,1900-01-01,1945-12-31
business_09004,Siegmund Salinger Kursmakler,"Heiligegeiststr. 6/9, Berlin",,,,,,,1917-01-01,1934-12-31
business_09008,Siegmund Wagschal,"Siegmund Wagschal pharmacies Elbinger Str.  73, Berlin",,,,,,,1900-01-01,1945-12-31
business_09024,Sigbert Gehr,"Sigbert Gehr Nahrungs- und Genussmittel Ansbacher Str.  9, Berlin",,,,,,,1900-01-01,1945-12-31
business_09031,Sigmund Falkenstein,"Sigmund Falkenstein construction Greifswalder Str.  162, Berlin",,,,,,,1900-01-01,1945-12-31
business_09038,Sigmund Simon,"( Trade ) Eingetragen im Handelsregister/ Gründung 1937 Erloschen 1939 Keine Angabe ,  Berlin",,,,,,,1937-01-01,1939-12-31
business_09042,Silber & Apfelbaum,"Lothringer Str. 69, Berlin",,,,,,,1929-01-01,1940-12-31
business_09051,Silco Herrenhüte Masur & Co,"Heiligegeiststr. 12, Berlin",,,,,,,1937-01-01,1942-12-31
business_09058,Simon Ehrmann,"( Trade ) Eingetragen im Handelsregister/ Gründung 1937 Erloschen 1939 Kottbusser Damm 12a,  Berlin",,,,,,,1937-01-01,1939-12-31
business_09059,Simon Goldberger,"Simon Goldberger Greifenhagener Str.  6, Berlin",,,,,,,1900-01-01,1945-12-31
business_09062,Simon Grundleger,"Kreuziger Str. 8, Berlin",,,,,,,1913-01-01,1937-12-31
business_09064,Simon Isidor,"Simon Isidor Rostocker Str.  26, Berlin",,,,,,,1900-01-01,1945-12-31
business_09088,Simon Spangenthal,"Holtzendorfstr. 19, Berlin",,,,,,,1919-01-01,1934-12-31
business_09090,Simon Westermann,"Unter den Linden 42, Berlin",,,,,,,1920-01-01,1940-12-31
business_09078,Sittenfeld & Cossmann,"An der Stechbahn 1, Berlin",,,,,,,1930-01-01,1938-12-31
business_09094,Solon & Co GmbH,"Wusterhausener Str. 14, Berlin",,,,,,,1922-01-01,1941-12-31
business_09097,Soma Gutfreund,"Soma Gutfreund Berliner Str.  160, Berlin",,,,,,,1900-01-01,1945-12-31
business_09106,Sophie Homburger,"Sophie Homburger textiles and clothing Bayerische Str.  34, Berlin",,,,,,,1900-01-01,1945-12-31
business_09107,Sophie Jablonski,"technische Artikel Bayreuther Str.  39, Berlin",,,,,,,1900-01-01,1945-12-31
business_09111,Sophie Spiegel,"Sophie Spiegel Nahrungs- und Genussmittel Wilmersdorfer Str.  40, Berlin",,,,,,,1900-01-01,1945-12-31
business_09113,Spandauer Möbelhaus Siegfried Tuchmann,"( Trade ) Eingetragen im Handelsregister/ Gründung 1935 Erloschen 1939 Hoher Steinweg 1a,  Berlin",,,,,,,1935-01-01,1939-12-31
business_09116,Spedition und Lagerung Merkur Leopold Abraham,"( Services ) Eingetragen im Handelsregister/ Gründung 1935 Erloschen 1939 Keine Angabe ,  Berlin",,,,,,,1935-01-01,1939-12-31
business_09124,Spießmann,"mann Bismarckstr., Berlin",,,,,,,1900-01-01,1945-12-31
business_09126,Spitz & Spitz GmbH,"Hainhölzer Str. 81, Berlin",,,,,,,1934-01-01,1935-12-31
business_09132,Sport-Adam GmbH,"Leipziger Str. 27/28, Berlin",,,,,,,1932-01-01,1935-12-31
business_09137,Spritz- und Handdruck GmbH,"Bischofstr. 25/26, Berlin",,,,,,,1923-01-01,1939-12-31
business_09141,Stadt-Apotheke Hermann Königsberger,"Kaiser-Friedrich-Str. 222/223, Berlin",,,,,,,1907-01-01,1936-12-31
business_09142,Stadtküche Veit,"Stadtküche Veit restaurants Kurfürstendamm  22, Berlin",,,,,,,1900-01-01,1945-12-31
business_09149,Stargardter & Co,"Meierettostr. 1, Berlin",,,,,,,1912-01-01,1940-12-31
business_09153,Stefan Simon,"( Trade ) Eingetragen im Handelsregister/ Gründung 1928 Erloschen 1935 Passauer Str. 37a,  Berlin",,,,,,,1928-01-01,1935-12-31
business_09165,Steinfeld & Adler,"Berchtesgadener Str. 18/19, Berlin",,,,,,,1922-01-01,1939-12-31
business_09166,"Steinhagen, Hugo","Hugo textiles and clothing Bozener Str. 10, Berlin",,,,,,,1900-01-01,1945-12-31
business_09171,Stempel-Kaffee,"und Genussmittel An der Spandauer Brücke  6, Berlin",,,,,,,1900-01-01,1945-12-31
business_09173,Stephan Auerbach,"Unter den Linden 30, Berlin",,,,,,,1927-01-01,1936-12-31
business_09176,Stepp-Daunendecken-Fabrikation Regina Leibler,"( Trade ) Eingetragen im Handelsregister/ Gründung 1936 Erloschen 1939 Keine Angabe ,  Berlin",,,,,,,1936-01-01,1939-12-31
business_09177,Stern & Schiele,"Dresdner Str. 43, Berlin",,,,,,,1902-01-01,1935-12-31
business_09178,"Stern, Otto","Otto textiles and clothing Altonaer Str. 6, Berlin",,,,,,,1900-01-01,1945-12-31
business_09185,Sternberg & Salomon,"Bischofstr. 25/26, Berlin",,,,,,,1900-01-01,1939-12-31
business_09187,Sternheim Film GmbH,"Kurfüstendamm 152, Berlin",,,,,,,1932-01-01,1932-12-31
business_09192,Strasser & Co Bankgeschäft,"Am Kupfergraben 4, Berlin",,,,,,,1908-01-01,1937-12-31
business_09202,"Strumpfhaus Kawed, M. Wilder","Wilder textiles and clothing Augsburger Str.  21, Berlin",,,,,,,1900-01-01,1945-12-31
business_09204,"Strumpfhaus Metzger Nachfolger Bad-Nauheim, Inhaber: Kaufmann Hans Strupp in Friedeberg i. Hessen","( Trade ) Eingetragen im Handelsregister/ Gründung 1933 Besitzübernahme 1939 Keine Angabe ,  Berlin",,,,,,,1933-01-01,1939-12-31
business_09212,Sualin-AG,"Wolliner Str. 18/19, Berlin",,,,,,,1923-01-01,1932-12-31
business_09214,Sulamith Beer,"enburger Str.  34, Berlin",,,,,,,1900-01-01,1945-12-31
business_09218,Supinator,"Supinator leather and shoes Wilmersdorfer Str.  50, Berlin",,,,,,,1900-01-01,1945-12-31
business_09221,Susanne Kuznitzky,"Susanne Kuznitzky Mainauer Str.  8, Berlin",,,,,,,1900-01-01,1945-12-31
business_09222,Susanne Riegner,"Susanne Riegner textiles and clothing Neue Ansbacher Str.  6, Berlin",,,,,,,1900-01-01,1945-12-31
business_09226,Swerdloff & Co,"Möglinerstr. 1, Berlin",,,,,,,1936-01-01,1940-12-31
business_09229,Süd-Ost Apotheke Benno Salinger,"Graetzstr. 11, Berlin",,,,,,,1928-01-01,1937-12-31
business_09231,Südost-Handelsgesellschaft von Ramin & Co,"( Trade ) Eingetragen im Handelsregister/ Gründung 1937 Keine Angabe ,  Berlin",,,,,,,1937-01-01,1937-12-31
business_09235,T. B. G. Tuch-Vertriebs-Gesellschaft Wilhelm Perlberg u. Co,"Prenzlauer Str. 12, Berlin",,,,,,,1937-01-01,1940-12-31
business_09236,T. Steinberg,"Greifswalder Str. 140/141, Berlin",,,,,,,1901-01-01,1938-12-31
business_09238,Tabak- und Zigarettenfabrik Stambul Kurt Borg GmbH,"Mackensenstr. 21, Berlin",,,,,,,1935-01-01,1938-12-31
business_09240,Tabakwaren-Großhandlung Nordost Asriel Israilovici,"( Trade ) Eingetragen im Handelsregister/ Gründung 1934 Erloschen 1938 Keine Angabe ,  Berlin",,,,,,,1934-01-01,1938-12-31
business_09243,Tannenbaum & Co,"Rosenthaler Str. 16/17, Berlin",,,,,,,1907-01-01,1940-12-31
business_09257,Teeruß Gesellschaft Plotkin & Co mbH,"Hohenstauffenstr. 38, Berlin",,,,,,,1932-01-01,1939-12-31
business_09262,Tekla Stern,,,,,,,,1900-01-01,1945-12-31
business_09264,Tempelhofer Wäsche-Heißmangel,"Heißmangel textiles and clothing Hohenzollernkorso  12, Berlin",,,,,,,1900-01-01,1945-12-31
business_09276,Terrain-Gesellschaft Rummelsburger Straße mbH,"Jänischallee 6, Berlin",,,,,,,1934-01-01,1934-12-31
business_09288,Th. Alschwang,"textiles and clothing Emdener Str.  45, Berlin",,,,,,,1970-01-01,1945-12-31
business_09290,Th. Blumenthal,"Wilmersdorfer Str. 102/103, Berlin",,,,,,,1901-01-01,1940-12-31
business_09294,Th. Sommerfeld GmbH,"Braunschweiger Ring 23, Berlin",,,,,,,1923-01-01,1936-12-31
business_09295,Th.Flörsheim & Cie,"Eisenacher Str. 32/33, Berlin",,,,,,,1917-01-01,1939-12-31
business_09299,Theater am Kurfürstendamm GmbH,"Kurfürstendamm 206/209, Berlin",,,,,,,1931-01-01,1935-12-31
business_09304,Thekla Ehrmann,"Thekla Ehrmann textiles and clothing Oldenburger Str.  6, Berlin",,,,,,,1900-01-01,1945-12-31
business_09307,Theodor Baumgarten,"Landsberger Str. 66/67, Berlin",,,,,,,1904-01-01,1939-12-31
business_09313,Theodor Gottschalk Nf.,"Unter den Linden 28, Berlin",,,,,,,1900-01-01,1938-12-31
business_09318,Theodor Levy Herrenartikel,"Hankestr. 2, Berlin",,,,,,,1909-01-01,1936-12-31
business_09322,Theodor Redlich,"Elisabethufer 53, Berlin",,,,,,,1905-01-01,1938-12-31
business_09330,Thüringer-Apotheke,"Apotheke pharmacies Kurfürstendamm  76, Berlin",,,,,,,1900-01-01,1945-12-31
business_09333,Tietz Anschluß- und Export-GmbH,"Adlergestell 265, Berlin",,,,,,,1934-01-01,1938-12-31
business_09337,Tirkschleit,"Tirkschleit textiles and clothing Ludwigkirchplatz  2, Berlin",,,,,,,1900-01-01,1945-12-31
business_09355,Toni Levi & E. Malinowski,"Malinowski textiles and clothing Martin-Luther-Str.  93, Berlin",,,,,,,1900-01-01,1945-12-31
business_09359,Transcontinentale Correspondenz Ottmar Schwarz,"Zähriger Str. 17, Berlin",,,,,,,1909-01-01,1937-12-31
business_09360,Translateur & Co,"Kottbusser Ufer 17, Berlin",,,,,,,1926-01-01,1933-12-31
business_09365,Tuchhaus Josef Fabian,"( Trade ) Eingetragen im Handelsregister/ Gründung 1935 Erloschen 1941 Prenzlauer Str. 32a,  Berlin",,,,,,,1935-01-01,1941-12-31
business_09371,"Tucholski, Paul","Paul Bamberger Str. 19, Berlin",,,,,,,1900-01-01,1945-12-31
business_09378,Türkisch-Persischer Teppichimport Max Orlanski,"Brückenallee 28, Berlin",,,,,,,1919-01-01,1935-12-31
business_09405,Union Wein GmbH,"Zähriger Str. 26, Berlin",,,,,,,1932-01-01,1939-12-31
business_09406,Union-Knopf GmbH,"Leipziger Str. 75/76, Berlin",,,,,,,1935-01-01,1938-12-31
business_09407,Unitex technische GmbH,"Emmentaler Str. 79/89, Berlin",,,,,,,1934-01-01,1939-12-31
business_09409,Urias Oberdorfer,"Hartigstr. 113, Berlin",,,,,,,1928-01-01,1936-12-31
business_09437,Verkaufsniederlassung Deutscher Webstoffe GmbH,"Heiligegeiststr. 40, Berlin",,,,,,,1921-01-01,1938-12-31
business_09477,Verlag der Weltbühne Siegfried Jacobsohn & Co,"Dernburger Str. 17, Berlin",,,,,,,1917-01-01,1935-12-31
business_09467,Versandhaus Stadtpark,"Versandhaus Stadtpark Nahrungs- und Genussmittel Innsbrucker Str.  42, Berlin",,,,,,,1900-01-01,1945-12-31
business_09468,"Versicherungsbüro Europa GmbH, H. Manasse","Manasse banks and insurance Pariser Str.  37, Berlin",,,,,,,1900-01-01,1945-12-31
business_09469,Versicherungsbüro Hans Beermann,"Versicherungsbüro Hans Beermann banks and insurance Bamberger Str.  39, Berlin",,,,,,,1900-01-01,1945-12-31
business_09454,Verwertungsgesellschaft Bornholmer Str. 89 mbH,"Verwertungsgesellschaft Bornholmer Str. 89 21, Berlin",,,,,,,1900-01-01,1945-12-31
business_09455,"Vesta, Apparate- und Metallwarenfabrik GmbH","Romintener Str. 26, Berlin",,,,,,,1901-01-01,1937-12-31
business_09492,Victor Fischmann,,,,,,,,1936-01-01,1939-12-31
business_09494,Victor Pollak,"( Trade ) Eingetragen im Handelsregister/ Gründung 1926 Erloschen 1937 Kottbusser Damm ,  Berlin",,,,,,,1926-01-01,1937-12-31
business_09496,Victor S. Wittenberg,"( Trade ) Eingetragen im Handelsregister/ Gründung 1910 Erloschen 1938 Am Kupfergraben 4a,  Berlin",,,,,,,1910-01-01,1938-12-31
business_09506,Vineta Keks-und Kuchenbäckerei,"und Genussmittel Schönhauser Allee  85, Berlin",,,,,,,1900-01-01,1945-12-31
business_09508,Virginie Rosenberg,"Virginie Rosenberg publishing and printing Konstanzer Str.  16, Berlin",,,,,,,1900-01-01,1945-12-31
business_09481,Voigt & Co Blusen & Kleider,"e Frankfurter Str. 36, Berlin",,,,,,,1914-01-01,1941-12-31
business_09486,"Voss, Hertha","Hertha textiles and clothing Apostel-Paulus-Str. 25, Berlin",,,,,,,1900-01-01,1945-12-31
business_09488,W. & A. Glaser Zweigniederlassung Berlin,"Leipziger Str. 110/111, Berlin",,,,,,,1914-01-01,1940-12-31
business_09524,W. Bernhard Nachf.,"Belle-Alliance-Str. 101, Berlin",,,,,,,1902-01-01,1939-12-31
business_09529,W. Frankl,"Frankl Königsweg  50, Berlin",,,,,,,1900-01-01,1945-12-31
business_09530,W. Gotthilf & Co,"Lothringer Str. 50, Berlin",,,,,,,1906-01-01,1934-12-31
business_09535,W. Just,"Neue Ansbacher Str. 12a, Berlin",,,,,,,1923-01-01,1939-12-31
business_09539,W. Krause & Co,"Steglitzer Str. 47, Berlin",,,,,,,1902-01-01,1939-12-31
business_09517,W. Radleke,"Radleke Möbel Elsasser Str.  7, Berlin",,,,,,,1900-01-01,1945-12-31
business_09552,Wa-Ly Filmverleih GmbH,"( Trade ) Eingetragen im Handelsregister/ Gründung 1929 Erloschen 1936 Keine Angabe ,  Berlin",,,,,,,1929-01-01,1936-12-31
business_09556,Wagner & Jacoby,"Wusterhausener Str. 16, Berlin",,,,,,,1900-01-01,1900-12-31
business_09557,"Wagner, Martin","Martin Freisinger Str. 14, Berlin",,,,,,,1900-01-01,1945-12-31
business_09559,"Wahrenburg, Erna","Erna Nahrungs- und Genussmittel Belziger Str. 53, Berlin",,,,,,,1900-01-01,1945-12-31
business_09562,Walter Bernstein & Co,"Unter den Linden 60, Berlin",,,,,,,1912-01-01,1935-12-31
business_09564,Walter Braun Agenturen,"Berncastler Str. 16, Berlin",,,,,,,1920-01-01,1938-12-31
business_09566,Walter Callmann,"Greifswalder Str. 140/141, Berlin",,,,,,,1914-01-01,1939-12-31
business_09568,Walter Corti,"4, Berlin",,,,,,,1922-01-01,1939-12-31
business_09569,Walter Eisenstädt,"Walter Eisenstädt Sächsische Str.  75, Berlin",,,,,,,1900-01-01,1945-12-31
business_09572,Walter Friedlaender,"Grolmannstr. 57, Berlin",,,,,,,1920-01-01,1937-12-31
business_09574,Walter Fürst (nannte sich ab 1934 Spaarschuh),"Walter Fürst (nannte sich ab 1934 Spaarschuh) ,  Berlin",,,,,,,1934-01-01,1945-12-31
business_09579,Walter Heilbrun Elektrische Großbesohlanstalt,"besohlanstalt leather and shoes Joachim-Friedrich-Str.  44, Berlin",,,,,,,1900-01-01,1945-12-31
business_09585,Walter Kantorowicz,"Meineckestr. 26, Berlin",,,,,,,1924-01-01,1941-12-31
business_09591,Walter Michel,,,,,,,,1900-01-01,1945-12-31
business_09593,Walter Quittner Filiale Berlin,"Unter den Linden 1, Berlin",,,,,,,1931-01-01,1939-12-31
business_09598,Walter Rotter Darmgroßhandlung,"( Trade ) Eingetragen im Handelsregister/ Gründung 1927 Schönhauser Allee 163a,  Berlin",,,,,,,1927-01-01,1927-12-31
business_09600,Walter Schmoller,"Heiligegeiststr. 51, Berlin",,,,,,,1923-01-01,1938-12-31
business_09604,Walter Simon & Co GmbH,"Königsallee 37a, Berlin",,,,,,,1931-01-01,1940-12-31
business_09612,Walther,"Möllendorfstr.  94, Berlin",,,,,,,1900-01-01,1945-12-31
business_09631,Wanda Lewin,"technische Artikel Landsberger Allee  132, Berlin",,,,,,,1900-01-01,1945-12-31
business_09632,Wandel Lippowitz,"Gollnowstr.  25, Berlin",,,,,,,1900-01-01,1945-12-31
business_09633,Waren & Möbel Credit Gebrüder Schein,"Köpenicker Str. 36/38, Berlin",,,,,,,1925-01-01,1939-12-31
business_09637,Warenhaus Wertheim GmbH,"und 132/137, Berlin",,,,,,,1909-01-01,1939-12-31
business_09640,"Wartburg-Drogerie, Dr. Würst","Würst chemicals and pharmaceuticals Innsbrucker Str.  11, Berlin",,,,,,,1900-01-01,1945-12-31
business_09626,Weck & Simberg,"Heiligegeiststr. 13/14, Berlin",,,,,,,1920-01-01,1939-12-31
business_09629,Weichselaue Grundstücks-GmbH,"Nettelbeckstr. 24, Berlin",,,,,,,1922-01-01,1938-12-31
business_09648,Weingroßhandlung Alfred Strauß,"Hohenstauffenstr. 13, Berlin",,,,,,,1925-01-01,1940-12-31
business_09652,"Weinreb, Ella, geb. Rottenberg","Rottenberg Nahrungs- und Genussmittel Flensburger Str. 8, Berlin",,,,,,,1900-01-01,1945-12-31
business_09653,Weinstein & Co,"Berliner Str. 74/75, Berlin",,,,,,,1933-01-01,1939-12-31
business_09655,"Weiss, Eva","Eva Eisenacher Str. 40, Berlin",,,,,,,1900-01-01,1945-12-31
business_09660,Weiß & Alexander AG,"Elisabethufer 28, Berlin",,,,,,,1924-01-01,1933-12-31
business_09675,"Weiße Kater, umbenannt in Prinzeß-Diele","Weiße Kater, umbenannt in Prinzeß-Diele im 1. Stock des Prinzeß-Cafés ,  Berlin",,,,,,,1900-01-01,1945-12-31
business_09676,Weißenburger Apotheke Walter von Drygalski,"enburger Str. 53, Berlin",,,,,,,1902-01-01,1936-12-31
business_09677,"Wellpappenwerke Hamburger und Fuchs GmbH, Zweigniederlassung Berlin","Glasower Str. 44/47, Berlin",,,,,,,1916-01-01,1936-12-31
business_09662,Wendt & Redlich,"Unter den Linden 29, Berlin",,,,,,,1903-01-01,1939-12-31
business_09663,Werbe-Kunst Epoche Reklamegesellschaft mbH,"Unter den Linden 56, Berlin",,,,,,,1926-01-01,1936-12-31
business_09664,Werbefilm-GmbH,"Woyrschstr. 36, Berlin",,,,,,,1918-01-01,1940-12-31
business_09665,Werbekraft GmbH,"Kunostr. 69, Berlin",,,,,,,1930-01-01,1939-12-31
business_09666,Werk-Verlag GmbH,"Wilhelmsaue 137, Berlin",,,,,,,1938-01-01,1938-12-31
business_09668,Werkstätten für Grabmalkunst Salomon Weiß,"Lothringer Str. 8, Berlin",,,,,,,1914-01-01,1939-12-31
business_09670,Werner Adolph (Adolph Werner),"textiles and clothing Wilmersdorfer Str.  94, Berlin",,,,,,,1900-01-01,1945-12-31
business_09683,Werner Haase,"Prenzlauer Str. 35, Berlin",,,,,,,1935-01-01,1939-12-31
business_09687,Werth & Elwert,"Elwert Kurfürstendamm  73, Berlin",,,,,,,1900-01-01,1945-12-31
business_09692,Wertheim GmbH,"und 132/137, Berlin",,,,,,,1917-01-01,1938-12-31
business_09710,Wiesbadener Immobilien-Erwerbs- und Verwertungs-GmbH,,,,,,,,1909-01-01,1935-12-31
business_09712,Wiesenthal & Weiß,"Brandenburgstr. 53, Berlin",,,,,,,1906-01-01,1906-12-31
business_09716,Wilh. Haber,"Engelufer 16, Berlin",,,,,,,1901-01-01,1939-12-31
business_09719,Wilhelm Baum,"Heiligegeiststr. 13/14, Berlin",,,,,,,1906-01-01,1939-12-31
business_09742,Wilhelm Bursch,"Dresdner Str. 76, Berlin",,,,,,,1902-01-01,1937-12-31
business_09743,Wilhelm Bursch Metallwaren GmbH,"Dresdner Str. 76, Berlin",,,,,,,1914-01-01,1939-12-31
business_09744,Wilhelm Busse und J. Perl & Co Machinen und Apparate für die Getränke- und chemische Industrie,"( Trade ) Eingetragen im Handelsregister/ Gründung 1920 Erloschen 1940 Köpenicker Str. 32a,  Berlin",,,,,,,1920-01-01,1940-12-31
business_09747,Wilhelm Cohnheim,"Unter den Linden 54/56, Berlin",,,,,,,1930-01-01,1937-12-31
business_09748,Wilhelm Cono,"Wallnertheaterstr. 31, Berlin",,,,,,,1911-01-01,1940-12-31
business_09736,Wilhelm Gerndt,"Kottbusser Ufer 34, Berlin",,,,,,,1914-01-01,1914-12-31
business_09737,"Wilhelm Graetz, Bankgeschäft","Am Erlenbusch 4, Berlin",,,,,,,1925-01-01,1933-12-31
business_09738,Wilhelm Graf Filmverleih GmbH,"( Trade ) Eingetragen im Handelsregister/ Gründung 1932 Erloschen 1937 Keine Angabe ,  Berlin",,,,,,,1932-01-01,1937-12-31
business_09740,Wilhelm Guttsmann GmbH,"Dresdner Str. 5, Berlin",,,,,,,1924-01-01,1940-12-31
business_09722,Wilhelm Holdheim,"Kottbusser Ufer 42/43, Berlin",,,,,,,1901-01-01,1938-12-31
business_09726,Wilhelm Kipf,"Wilhelm Kipf construction materials and fuel Habsburger Str.  2, Berlin",,,,,,,1900-01-01,1945-12-31
business_09752,Wilhelm Laske,"Wusterhausener Str. 16, Berlin",,,,,,,1925-01-01,1939-12-31
business_09755,Wilhelm Michaelis jr.,"Dresdner Str. 88/89, Berlin",,,,,,,1903-01-01,1938-12-31
business_09756,Wilhelm Misch,"e Frankfurter Str. 45/46, Berlin",,,,,,,1905-01-01,1941-12-31
business_09773,Wilhelm Sabor,"( Trade ) Eingetragen im Handelsregister/ Gründung 1911 Erloschen 1939 Potsdamer Str. 39a,  Berlin",,,,,,,1911-01-01,1939-12-31
business_09777,Wilhelm Schulze Nachf. Berliner Glimmerwarenfabrik,"( Industry ) Eingetragen im Handelsregister/ Gründung 1935 Erloschen 1940 Keine Angabe ,  Berlin",,,,,,,1935-01-01,1940-12-31
business_09780,Wilhelm Steinlein,"Wilhelm Steinlein textiles and clothing Regensburger Str.  4, Berlin",,,,,,,1900-01-01,1945-12-31
business_09766,Wilka Drogen und Chemikalien GmbH,"Neuenburger Str. 12/13, Berlin",,,,,,,1925-01-01,1925-12-31
business_09767,Wilkes & Cie. Aachener Tuchindustrie,"Siegmundshof 3, Berlin",,,,,,,1928-01-01,1939-12-31
business_09791,Willi Barschall,"Brückenallee 28, Berlin",,,,,,,1904-01-01,1938-12-31
business_09792,Willi Beck (Willy Beck),"construction Unter den Linden  20, Berlin",,,,,,,1900-01-01,1945-12-31
business_09793,Willi Beissinger,"Am Karlsbad 21, Berlin",,,,,,,1927-01-01,1935-12-31
business_09796,Willi Goldschmidt Metalle,"Alt Moabit 95, Berlin",,,,,,,1924-01-01,1939-12-31
business_09798,Willi Katzky,"Leipziger Str. 97/98, Berlin",,,,,,,1921-01-01,1939-12-31
business_09785,Willi Samter,"Willi Samter textiles and clothing Swinemünder Str.  38, Berlin",,,,,,,1900-01-01,1945-12-31
business_09789,Willi Sondheim,"Heiligegeiststr. 8, Berlin",,,,,,,1935-01-01,1940-12-31
business_09808,William Müller,"Köpenicker Str. 144/147, Berlin",,,,,,,1900-01-01,1900-12-31
business_09821,William Schwarz,"William Schwarz textiles and clothing Lothringer Str.  75, Berlin",,,,,,,1900-01-01,1945-12-31
business_09827,Willy Basch,"Willy Basch Mannheimer Str.  28, Berlin",,,,,,,1900-01-01,1945-12-31
business_09830,Willy Bragenheim,"3, Berlin",,,,,,,1900-01-01,1945-12-31
business_09834,Willy Eichstädt,"Willy Eichstädt textiles and clothing Glinicker Str.  18, Berlin",,,,,,,1900-01-01,1945-12-31
business_09817,Willy Holzer,"Willy Holzer pharmacies Wilsnacker Str.  9, Berlin",,,,,,,1900-01-01,1945-12-31
business_09859,Willy Neißer,"jewelry and precious metals Ansbacher Str.  23, Berlin",,,,,,,1970-01-01,1945-12-31
business_09841,Willy Rosenthal Wiro Haus für Bedarfsartikel,"Lothringer Str. 13, Berlin",,,,,,,1934-01-01,1938-12-31
business_09844,Willy Saly Looser,"Willy Saly Looser textiles and clothing Bayreuther Str.  4, Berlin",,,,,,,1900-01-01,1945-12-31
business_09847,Willy Vorholz,"Willy Vorholz electrical goods Hohenzollerndamm  17, Berlin",,,,,,,1900-01-01,1945-12-31
business_09864,Wilmersdorfer Schuhreparaturen,"Wilmersdorfer Schuhreparaturen leather and shoes Berliner Str.  21, Berlin",,,,,,,1900-01-01,1945-12-31
business_09865,Wilmersdorfer Tabak-Zentrale,"Nahrungs- und Genussmittel Berliner Str.  146, Berlin",,,,,,,1970-01-01,1945-12-31
business_09871,"Winterfeld u. Linz, Steppdecken und Daunendeckenfabrik","Bischofstr. 3, Berlin",,,,,,,1938-01-01,1940-12-31
business_09876,"Wittenberg, Adolf","Adolf Essener Str. 21, Berlin",,,,,,,1900-01-01,1945-12-31
business_09878,Wittenberg-Sanatorium GmbH,"Passauer Str. 29/30, Berlin",,,,,,,1922-01-01,1934-12-31
business_09880,Wohag Wohlfeil Handelsgesellschaft mbH,"Am Markt 4/5, Berlin",,,,,,,1932-01-01,1935-12-31
business_09882,Wohl & Heymann,"Wusterhausener Str. 16, Berlin",,,,,,,1903-01-01,1940-12-31
business_09885,Wohlmuth & Weinberger,"Prenzlauer Str. 43, Berlin",,,,,,,1921-01-01,1938-12-31
business_09894,Wolf Plaut,"Waßmannstr. 24, Berlin",,,,,,,1904-01-01,1940-12-31
business_09910,Wolfgang Plessner,"Heiligegeiststr. 19, Berlin",,,,,,,1919-01-01,1939-12-31
business_09923,"Wolfson, Betty","Betty Eisenacher Str. 85, Berlin",,,,,,,1900-01-01,1945-12-31
business_09929,Worrmann & Co,"Wusterhausener Str. 14, Berlin",,,,,,,1909-01-01,1942-12-31
business_09919,"Wäscheatelier Rado, Anna Sternberg und Susi Rado","Anna Sternberg und Susi Rado textiles and clothing Bochumer Str.  6, Berlin",,,,,,,1900-01-01,1945-12-31
business_09933,Wäschehaus R. Kasper,"Kasper textiles and clothing Kottbusser Damm  28, Berlin",,,,,,,1900-01-01,1945-12-31
business_09936,Wäscherei Buley,"Wäscherei Buley textiles and clothing Grünauer Str.  31, Berlin",,,,,,,1900-01-01,1945-12-31
business_09938,Wäscherei Frauenlob,,,,,,,,1900-01-01,1945-12-31
business_09941,Wäscherei Gletscher,"Saidernstr.  2, Berlin",,,,,,,1900-01-01,1945-12-31
business_09942,Wäscherei Innsbruck,"Wäscherei Innsbruck textiles and clothing Innsbrucker Str.  14, Berlin",,,,,,,1900-01-01,1945-12-31
business_09944,Wäscherei Köpke,"Gollnowstr.  4, Berlin",,,,,,,1900-01-01,1945-12-31
business_09946,Wäscherei Matthey,"Wäscherei Matthey textiles and clothing Flensburger Str.  16, Berlin",,,,,,,1900-01-01,1945-12-31
business_09947,Wäscherei Nives,"Wäscherei Nives textiles and clothing Lothringer Str.  89, Berlin",,,,,,,1900-01-01,1945-12-31
business_09952,"Wäscherei des Ostens, Lewin","Lewin textiles and clothing Wallnertheater Str.  44, Berlin",,,,,,,1900-01-01,1945-12-31
business_09956,"Würtenberg, Erich","Erich Bamberger Str. 40, Berlin",,,,,,,1900-01-01,1945-12-31
business_09972,Z. Alter & Co,"Lothringer Str. 8, Berlin",,,,,,,1934-01-01,1940-12-31
business_09973,Z. Rottenburg,"Rottenburg Möbel Prenzlauer Str.  32, Berlin",,,,,,,1900-01-01,1945-12-31
business_09975,Zander & Labisch,"Leipziger Str. 115/116, Berlin",,,,,,,1902-01-01,1940-12-31
business_09978,Zehl & Koch,"Köpenicker Str. 40/41, Berlin",,,,,,,1910-01-01,1936-12-31
business_09980,Zelechow's Tabakwarengroßhandlung M. & B. Zelechow,"Lothringer Str. 23, Berlin",,,,,,,1932-01-01,1939-12-31
business_09964,"Zernick, Eugen","Eugen Nahrungs- und Genussmittel Bozener Str. 11, Berlin",,,,,,,1900-01-01,1945-12-31
business_09966,"Zeug, Jakob","Jakob Bamberger Str. 14, Berlin",,,,,,,1900-01-01,1945-12-31
business_09967,"Ziegler, Hermann","Hermann Dortmunder Str. 9, Berlin",,,,,,,1900-01-01,1945-12-31
business_09992,Zipa Dlougatsch,"Zipa Dlougatsch textiles and clothing Kaiserallee 17, Berlin",,,,,,,1900-01-01,1945-12-31
business_09994,Zoellner Werke AG für Farben und Lackfabrikation vorm. S. H. Cohn,"Köllnische Allee 60/74, Berlin",,,,,,,1933-01-01,1936-12-31
business_09996,"Zolki, Leopold","Leopold advertising Eisenacher Str. 85, Berlin",,,,,,,1900-01-01,1945-12-31
business_09997,Zollspedition B. Nachmansson & Co,"Co transportation Lüneburger Str. 1, Berlin",,,,,,,1900-01-01,1945-12-31
business_10016,"Zweig, Margot, geb. Leyser","Leyser Flensburger Str. 6, Berlin",,,,,,,1900-01-01,1945-12-31
business_10018,Zyka (test maria db cms),"textiles and clothing Kurfürstendamm 185, Berlin",,,,,,,1900-01-01,1945-12-31
business_10020,beli Material Julius Cassel,"Zähriger Str. 23, Berlin",,,,,,,1936-01-01,1939-12-31
business_10004,van Diemen & Co GmbH,"Unter den Linden 17/18, Berlin",,,,,,,1919-01-01,1938-12-31
business_10006,van der Hoeven & Bickenbach GmbH,"( Trade ) Eingetragen im Handelsregister/ Gründung 1932 Keine Angabe ,  Berlin",,,,,,,1932-01-01,1932-12-31
business_10007,von Arnim & Erfurt GmbH,,,,,,,,1923-01-01,1935-12-31
business_10008,von Friedländer-Fuld Central-Verwaltung GmbH,"Unter den Linden 8, Berlin",,,,,,,1917-01-01,1938-12-31
business_10001,Ökonom Technische Gesellschaft für Wärmewirtschaft und für selbsttätige Zuregelung für Feuerungsanlagen mbH,"Belle-Alliance-Str. 58, Berlin",,,,,,,1922-01-01,1945-12-31
