2025-08-15 16:17:26,532 - INFO - Starting geocoding process...
2025-08-15 16:17:26,534 - INFO - Backup created: /Users/samfrons/Desktop/storymaps/data/storymaps.json.backup_20250815_161726
2025-08-15 16:17:26,542 - INFO - Loaded 4000 entries
2025-08-15 16:17:26,542 - INFO - Found 3898 entries needing geocoding
2025-08-15 16:17:26,543 - INFO - Processing 2495 unique addresses
2025-08-15 16:17:26,543 - INFO - Processing address 1/2495: Lothringer Str. 81, Berlin
2025-08-15 16:17:33,722 - WARNING - Failed to geocode: Lothringer Str. 81, Berlin
2025-08-15 16:17:33,722 - ERROR - Failed to geocode address: Lothringer Str. 81, Berlin
2025-08-15 16:17:33,723 - INFO - Processing address 2/2495: Probststr. 10/11, Berlin
2025-08-15 16:17:40,951 - WARNING - Failed to geocode: Probststr. 10/11, Berlin
2025-08-15 16:17:40,952 - ERROR - Failed to geocode address: Probststr. 10/11, Berlin
2025-08-15 16:17:40,952 - INFO - Processing address 3/2495: 22, Berlin
2025-08-15 16:17:40,952 - WARNING - Incomplete address detected: 22, Berlin
2025-08-15 16:17:40,952 - ERROR - Failed to geocode address: 22, Berlin
2025-08-15 16:17:40,952 - INFO - Processing address 4/2495: 128, Berlin
2025-08-15 16:17:40,952 - WARNING - Incomplete address detected: 128, Berlin
2025-08-15 16:17:40,952 - ERROR - Failed to geocode address: 128, Berlin
2025-08-15 16:17:40,952 - INFO - Processing address 5/2495: 81, Berlin
2025-08-15 16:17:40,952 - WARNING - Incomplete address detected: 81, Berlin
2025-08-15 16:17:40,952 - ERROR - Failed to geocode address: 81, Berlin
2025-08-15 16:17:40,952 - INFO - Processing address 6/2495: Harzburgstr. 3, Berlin
2025-08-15 16:17:46,250 - WARNING - Failed to geocode: Harzburgstr. 3, Berlin
2025-08-15 16:17:46,251 - ERROR - Failed to geocode address: Harzburgstr. 3, Berlin
2025-08-15 16:17:46,251 - INFO - Processing address 7/2495: Birkenstr. 14, Berlin
2025-08-15 16:17:46,252 - INFO - Updated A. Grün & Sohn: (52.53069174268508, 13.348127429382824)
2025-08-15 16:17:46,253 - INFO - Updated A. Grün & Sohn: (52.53097749251712, 13.348716338047417)
2025-08-15 16:17:46,253 - INFO - Updated A. Grün & Sohn: (52.53060487700386, 13.348103413045749)
2025-08-15 16:17:46,253 - INFO - Processing address 8/2495: 109, Berlin
2025-08-15 16:17:46,253 - WARNING - Incomplete address detected: 109, Berlin
2025-08-15 16:17:46,253 - ERROR - Failed to geocode address: 109, Berlin
2025-08-15 16:17:46,253 - INFO - Processing address 9/2495: Bischofstr. 2/3, Berlin
2025-08-15 16:17:55,870 - WARNING - Failed to geocode: Bischofstr. 2/3, Berlin
2025-08-15 16:17:55,876 - ERROR - Failed to geocode address: Bischofstr. 2/3, Berlin
2025-08-15 16:17:55,876 - INFO - Processing address 10/2495: Hollmannstr. 16, Berlin
2025-08-15 16:17:55,877 - INFO - Updated A. Chill & Co: (52.5018096, 13.39627)
2025-08-15 16:17:55,877 - INFO - Processing address 11/2495: 46, Berlin
2025-08-15 16:17:55,877 - WARNING - Incomplete address detected: 46, Berlin
2025-08-15 16:17:55,877 - ERROR - Failed to geocode address: 46, Berlin
2025-08-15 16:17:55,877 - INFO - Processing address 12/2495: 105, Berlin
2025-08-15 16:17:55,877 - WARNING - Incomplete address detected: 105, Berlin
2025-08-15 16:17:55,877 - ERROR - Failed to geocode address: 105, Berlin
2025-08-15 16:17:55,877 - INFO - Processing address 13/2495: Maikowskistr.  69, Berlin
2025-08-15 16:18:01,231 - WARNING - Failed to geocode: Maikowskistr.  69, Berlin
2025-08-15 16:18:01,235 - ERROR - Failed to geocode address: Maikowskistr.  69, Berlin
2025-08-15 16:18:01,235 - INFO - Processing address 14/2495: Stadtbahnbogen 137, Berlin
2025-08-15 16:18:01,235 - INFO - Updated A. Magnus: (52.5233251, 13.4058007)
2025-08-15 16:18:01,235 - INFO - Processing address 15/2495: Kottbusser Ufer 43, Berlin
2025-08-15 16:18:08,213 - WARNING - Failed to geocode: Kottbusser Ufer 43, Berlin
2025-08-15 16:18:08,218 - ERROR - Failed to geocode address: Kottbusser Ufer 43, Berlin
2025-08-15 16:18:08,218 - INFO - Processing address 16/2495: Platz 11, Berlin
2025-08-15 16:18:08,219 - INFO - Updated A. Neumann & Co: (52.4844741, 13.2601672)
2025-08-15 16:18:08,219 - INFO - Processing address 17/2495: Gervinusstr. 17/19, Berlin
2025-08-15 16:18:08,219 - INFO - Updated AG für Brennstoffvergasung: (52.5037523, 13.3036388)
2025-08-15 16:18:08,219 - INFO - Processing address 18/2495: Luisenstr. 31, Berlin
2025-08-15 16:18:08,219 - INFO - Updated AG für Eigentumschutz: (52.5200137, 13.3807477)
2025-08-15 16:18:08,220 - INFO - Processing address 19/2495: 6, Berlin
2025-08-15 16:18:08,220 - WARNING - Incomplete address detected: 6, Berlin
2025-08-15 16:18:08,220 - ERROR - Failed to geocode address: 6, Berlin
2025-08-15 16:18:08,220 - INFO - Processing address 20/2495: Bleibtreustr. 20, Berlin
2025-08-15 16:18:08,220 - INFO - Updated AG für Finanzierungen am Grundstücksmarkt: (52.502251424612595, 13.31994154754572)
2025-08-15 16:18:08,220 - INFO - Updated AG für Grundkredit: (52.50210891609059, 13.319647430945674)
2025-08-15 16:18:08,220 - INFO - Processing address 21/2495: Brunnenstr. 188/190, Berlin
2025-08-15 16:18:08,220 - INFO - Updated AG für Geschäfts- und Industriebauten: (52.53098511846747, 13.400190007533539)
2025-08-15 16:18:08,220 - INFO - Updated Gebrüder Weinberger GmbH: (52.530458774708244, 13.400514281296683)
2025-08-15 16:18:08,220 - INFO - Processing address 22/2495: Ritterstr. 11, Berlin
2025-08-15 16:18:08,220 - INFO - Updated AG für Grundstücksbeteiligungen: (52.50191666299176, 13.412151657034304)
2025-08-15 16:18:08,220 - INFO - Updated Alexanderbasar GmbH: (52.501400263852204, 13.410991848842631)
2025-08-15 16:18:08,220 - INFO - Updated Der Soda-Syphon GmbH: (52.5014419028606, 13.41193705546713)
2025-08-15 16:18:08,220 - INFO - Updated Deutsche Grundbesitz-AG: (52.50179261540618, 13.410979360284182)
2025-08-15 16:18:08,220 - INFO - Updated Eterna Billard-Gesellschaft Flörsheimer & Co: (52.50127678083132, 13.411953306657738)
2025-08-15 16:18:08,220 - INFO - Processing address 23/2495: Kurfürstendamm 190/192, Berlin
2025-08-15 16:18:08,220 - INFO - Updated AG für Grundstücksverwaltung und Außenhandel: (52.5035641, 13.3305371)
2025-08-15 16:18:08,221 - INFO - Processing address 24/2495: Mohrenstr. 57, Berlin
2025-08-15 16:18:08,221 - INFO - Updated AG für Handel und Grundbesitz: (52.511298, 13.3847578)
2025-08-15 16:18:08,221 - INFO - Processing address 25/2495: Jägerstr. 69, Berlin
2025-08-15 16:18:08,221 - INFO - Updated AG für Konsortialbeteiligung: (52.4857799, 13.5755808)
2025-08-15 16:18:08,221 - INFO - Processing address 26/2495: Krausenstr. 54, Berlin
2025-08-15 16:18:08,221 - INFO - Updated A. Velisch & Hochgesang: (52.5094155, 13.3895332)
2025-08-15 16:18:08,221 - INFO - Processing address 27/2495: 17, Berlin
2025-08-15 16:18:08,221 - WARNING - Incomplete address detected: 17, Berlin
2025-08-15 16:18:08,221 - ERROR - Failed to geocode address: 17, Berlin
2025-08-15 16:18:08,221 - INFO - Processing address 28/2495: und 132/137, Berlin
2025-08-15 16:18:18,569 - WARNING - Failed to geocode: und 132/137, Berlin
2025-08-15 16:18:18,570 - ERROR - Failed to geocode address: und 132/137, Berlin
2025-08-15 16:18:18,570 - INFO - Processing address 29/2495: Voßstr. 25, Berlin
2025-08-15 16:18:18,570 - INFO - Updated A. Wertheim Special-Verkauf GmbH: (52.5108638, 13.3796918)
2025-08-15 16:18:18,571 - INFO - Processing address 30/2495: , Berlin, Germany
2025-08-15 16:18:18,571 - INFO - Updated A. Woitke: (52.51056300507378, 13.399577555391419)
2025-08-15 16:18:18,571 - INFO - Updated Alfred Dreyfuss: (52.51129921610475, 13.39925841970486)
2025-08-15 16:18:18,571 - INFO - Updated Alfred Mokrauer: (52.5104675015571, 13.39845645040822)
2025-08-15 16:18:18,571 - INFO - Updated Anghuli: (52.51059877105859, 13.398878289316208)
2025-08-15 16:18:18,571 - INFO - Updated Anso Apparatebau GmbH: (52.51102867687386, 13.398827760504387)
2025-08-15 16:18:18,571 - INFO - Updated Arnhold'sche Vermögensverwaltung GmbH: (52.51054918858927, 13.399104841244785)
2025-08-15 16:18:18,571 - INFO - Updated Arthur Heymann: (52.51131619978174, 13.398611146061356)
2025-08-15 16:18:18,571 - INFO - Updated Barmat: (52.511178104383745, 13.399181221221472)
2025-08-15 16:18:18,571 - INFO - Updated Basch & Co: (52.51083723506346, 13.398777221512937)
2025-08-15 16:18:18,571 - INFO - Updated Behrend, Emil: (52.51100417993853, 13.399497921703972)
2025-08-15 16:18:18,572 - INFO - Updated Bellevue-Apotheke Dr. Georg Herzberg: (52.51099196360984, 13.398761264883477)
2025-08-15 16:18:18,572 - INFO - Updated Bendit, Paula, geb. Schwersenz: (52.511093083366845, 13.398902600751498)
2025-08-15 16:18:18,572 - INFO - Updated Bernhard Schumann, Eisdiele: (52.511024997379906, 13.399306473435777)
2025-08-15 16:18:18,572 - INFO - Updated Bewässerungsgesellschaft Palästina mbH: (52.51114310759375, 13.398699996862337)
2025-08-15 16:18:18,572 - INFO - Updated Bruno Bernstein: (52.51058496157935, 13.399504024885232)
2025-08-15 16:18:18,572 - INFO - Updated C. Riese: (52.51094367728568, 13.39833284260354)
2025-08-15 16:18:18,572 - INFO - Updated Carl Himmelweit: (52.51103490404933, 13.399210967922592)
2025-08-15 16:18:18,572 - INFO - Updated Chemische Fabrik Dr. Seidel & Co GmbH: (52.510497318258174, 13.399537539893894)
2025-08-15 16:18:18,572 - INFO - Updated Concordia-Apotheke Dr. Max Haase Inhaber Theodor Kauf: (52.51049947227958, 13.399073350042563)
2025-08-15 16:18:18,572 - INFO - Updated Conrad Tack & Cie. AG: (52.510596316413576, 13.398650954284344)
2025-08-15 16:18:18,572 - INFO - Updated Croner, Rosenthaler & Co: (52.51083571896772, 13.39871671199901)
2025-08-15 16:18:18,573 - INFO - Updated D. Herz: (52.51061106946841, 13.399523729969795)
2025-08-15 16:18:18,573 - INFO - Updated Der deutsche Qualitäts-Schuh: (52.51108557290106, 13.399387632589473)
2025-08-15 16:18:18,573 - INFO - Updated Deutsche Eisenbahn-Reklame GmbH: (52.51111982329636, 13.39837609330849)
2025-08-15 16:18:18,573 - INFO - Updated Dora Wachtel: (52.51054876119738, 13.39847874007028)
2025-08-15 16:18:18,573 - INFO - Updated Dr. Georg Herzberg Fabrikation pharmazeutischer Präparate: (52.510913067440676, 13.398427661068741)
2025-08-15 16:18:18,573 - INFO - Updated Dr. Gustav Wicke: (52.51080988157064, 13.398828112386544)
2025-08-15 16:18:18,573 - INFO - Updated Dr. Ing. Neumann & Co: (52.510506657196174, 13.398478052035928)
2025-08-15 16:18:18,573 - INFO - Updated Dr. Toni Haber, Pension Westend: (52.51121623898969, 13.39888909689995)
2025-08-15 16:18:18,573 - INFO - Updated Dübelwerke GmbH: (52.51071340985745, 13.399402698248785)
2025-08-15 16:18:18,573 - INFO - Updated E. & F. Liepmann: (52.51083294248029, 13.398438515297682)
2025-08-15 16:18:18,573 - INFO - Updated E. Witte's Apotheke, Julius Hirschberg: (52.51126542854391, 13.398658715948587)
2025-08-15 16:18:18,573 - INFO - Updated Edgar Ritterband: (52.51103780780794, 13.399472802869374)
2025-08-15 16:18:18,573 - INFO - Updated Eisdiele Kohn: (52.51058717957677, 13.398335082307502)
2025-08-15 16:18:18,573 - INFO - Updated Eisladen der Senta Reibach-Ruß: (52.511230917399686, 13.399431335405193)
2025-08-15 16:18:18,573 - INFO - Updated Elsa Liedke: (52.510806218110694, 13.398733547038374)
2025-08-15 16:18:18,574 - INFO - Updated Ernst Schotte & Co: (52.51044067866349, 13.399487855292255)
2025-08-15 16:18:18,574 - INFO - Updated Essig- u. Mostrich-Fabrik Nordring Hugo Jacobsohn & Co: (52.51119868455773, 13.398933975775359)
2025-08-15 16:18:18,574 - INFO - Updated Eugen Kohn: (52.510787263478164, 13.398535257370371)
2025-08-15 16:18:18,574 - INFO - Updated Eugen Wendriner & Sohn: (52.51116192411079, 13.39852467460587)
2025-08-15 16:18:18,574 - INFO - Updated Feinkost Pförtner: (52.5104948981878, 13.398702174658725)
2025-08-15 16:18:18,574 - INFO - Updated Feuchtwanger & Co GmbH: (52.51131593097929, 13.398459217583069)
2025-08-15 16:18:18,574 - INFO - Updated Firma Salberg: (52.51068959377907, 13.399061214658245)
2025-08-15 16:18:18,574 - INFO - Updated Forst-Apotheke, W. Blevers ( W. Rievers): (52.51121232660788, 13.398625137829338)
2025-08-15 16:18:18,574 - INFO - Updated Fulgo Export GmbH: (52.51044832723197, 13.398460966863494)
2025-08-15 16:18:18,574 - INFO - Updated G. Fränkel (früher behördl. Dolmetscher, ehem. Prokurist): (52.51056558286066, 13.398433701162306)
2025-08-15 16:18:18,574 - INFO - Updated Gebr. Friedländer: (52.510536218630335, 13.39951827885171)
2025-08-15 16:18:18,574 - INFO - Updated Gebr. Jüdel: (52.511228943805456, 13.398845036279225)
2025-08-15 16:18:18,575 - INFO - Updated Gebr. Kindermann: (52.51111899763449, 13.398745737230286)
2025-08-15 16:18:18,575 - INFO - Updated Gebr. S. & E. Schmukler: (52.510602537790106, 13.398916006213717)
2025-08-15 16:18:18,575 - INFO - Updated Gebrüder Siedner Holz - Engros - Geschäft: (52.510539810532855, 13.398735504604522)
2025-08-15 16:18:18,575 - INFO - Updated Gebrüder Stub: (52.51129736737773, 13.398416153851505)
2025-08-15 16:18:18,575 - INFO - Updated Georg Wedell: (52.510551604988315, 13.399200481952521)
2025-08-15 16:18:18,575 - INFO - Updated Getreide-Verwertung AG: (52.51084818074518, 13.399399495077946)
2025-08-15 16:18:18,575 - INFO - Updated Gorbatschow Liköre J. Kramer & Co: (52.51082265360228, 13.399534025959777)
2025-08-15 16:18:18,575 - INFO - Updated Großwäscherei Riebe: (52.51055802144825, 13.398375106256063)
2025-08-15 16:18:18,575 - INFO - Updated Grundstücksgesellschaft Hans GmbH: (52.51076668992119, 13.399380535523665)
2025-08-15 16:18:18,575 - INFO - Updated Hael-Werkstätten für künstlerische Keramik GmbH: (52.510892547008595, 13.39914233911582)
2025-08-15 16:18:18,575 - INFO - Updated Hans Jacob Bornstein: (52.51053175685293, 13.399518248580758)
2025-08-15 16:18:18,575 - INFO - Updated Hans Max Samuel Kirstein: (52.511121715190605, 13.398721266529106)
2025-08-15 16:18:18,576 - INFO - Updated Hans Wall: (52.51078092248581, 13.399199205751751)
2025-08-15 16:18:18,576 - INFO - Processing address 31/2495: 4, Berlin
2025-08-15 16:18:18,576 - WARNING - Incomplete address detected: 4, Berlin
2025-08-15 16:18:18,576 - ERROR - Failed to geocode address: 4, Berlin
2025-08-15 16:18:18,576 - INFO - Processing address 32/2495: Magdeburger Platz 4, Berlin
2025-08-15 16:18:18,576 - INFO - Updated A. Zuntz sel. Wwe.: (52.50275551922978, 13.360799331432636)
2025-08-15 16:18:18,576 - INFO - Updated Chronos Zeitschriften GmbH: (52.5034165627241, 13.36102183611992)
2025-08-15 16:18:18,576 - INFO - Processing address 33/2495: Matthaikirchstr. 10, Berlin
2025-08-15 16:18:24,682 - WARNING - Failed to geocode: Matthaikirchstr. 10, Berlin
2025-08-15 16:18:24,682 - ERROR - Failed to geocode address: Matthaikirchstr. 10, Berlin
2025-08-15 16:18:24,682 - INFO - Processing address 34/2495: Salzufer 17/19, Berlin
2025-08-15 16:18:24,682 - INFO - Updated AG Johannes Jeserich: (52.5193279, 13.3218197)
2025-08-15 16:18:24,683 - INFO - Processing address 35/2495: Möckernstraße 118, Berlin
2025-08-15 16:18:24,683 - INFO - Updated AG für Biervertrieb: (52.4950314, 13.379671)
2025-08-15 16:18:24,683 - INFO - Processing address 36/2495: Landgrafenstr. 18, Berlin
2025-08-15 16:18:24,683 - INFO - Updated AG für Landwirtschaft und Industrie: (52.50433114581206, 13.348190525900854)
2025-08-15 16:18:24,683 - INFO - Updated August Knoche-Wallwitz GmbH: (52.50433217806091, 13.34752937166808)
2025-08-15 16:18:24,683 - INFO - Processing address 37/2495: Kurfürstendamm 13, Berlin
2025-08-15 16:18:24,683 - INFO - Updated AG für metallurgische Produkte: (52.504203018732554, 13.333509207924473)
2025-08-15 16:18:24,683 - INFO - Updated Alfred Dreifuß: (52.504231900266674, 13.333591087666047)
2025-08-15 16:18:24,683 - INFO - Processing address 38/2495: Segelfliederdamm 27, Berlin
2025-08-15 16:18:30,085 - WARNING - Failed to geocode: Segelfliederdamm 27, Berlin
2025-08-15 16:18:30,085 - ERROR - Failed to geocode address: Segelfliederdamm 27, Berlin
2025-08-15 16:18:30,085 - INFO - Processing address 39/2495: Burgstr. 24, Berlin
2025-08-15 16:18:30,085 - INFO - Updated Abels Schokolade GmbH: (52.5222556, 13.4003567)
2025-08-15 16:18:30,085 - INFO - Processing address 40/2495: Hohenstaufenstr. 8, Berlin
2025-08-15 16:18:30,085 - INFO - Updated Abr. Schmidt: (52.4948325, 13.3509689)
2025-08-15 16:18:30,085 - INFO - Processing address 41/2495: Rückertstr. 6, Berlin
2025-08-15 16:18:30,085 - INFO - Updated Abraham Antmann: (52.5102565, 13.3031308)
2025-08-15 16:18:30,085 - INFO - Processing address 42/2495: 3, Berlin
2025-08-15 16:18:30,085 - WARNING - Incomplete address detected: 3, Berlin
2025-08-15 16:18:30,085 - ERROR - Failed to geocode address: 3, Berlin
2025-08-15 16:18:30,085 - INFO - Processing address 43/2495: Richthofenstr. 7, Berlin
2025-08-15 16:18:30,085 - INFO - Updated Abraham Ball: (52.4838407, 13.3838027)
2025-08-15 16:18:30,085 - INFO - Processing address 44/2495: Waldstr.  16, Berlin
2025-08-15 16:18:30,085 - INFO - Updated Abraham Berenblum: (52.44152813278654, 13.55261363050579)
2025-08-15 16:18:30,085 - INFO - Updated Beerenblum Abraham: (52.44169920154396, 13.552775321135847)
2025-08-15 16:18:30,085 - INFO - Processing address 45/2495: Rosenstr. 16, Berlin
2025-08-15 16:18:30,085 - INFO - Updated Abraham Brettschneider: (52.52090656295562, 13.40601964664742)
2025-08-15 16:18:30,085 - INFO - Updated Biedermann & Mamlok: (52.52112437802572, 13.405291329627493)
2025-08-15 16:18:30,085 - INFO - Updated David & Ehrlich: (52.52128498597407, 13.406012954486814)
2025-08-15 16:18:30,085 - INFO - Processing address 46/2495: Jablonskistr.  31, Berlin
2025-08-15 16:18:30,085 - INFO - Updated Abraham Ebel: (52.5361979, 13.4278519)
2025-08-15 16:18:30,085 - INFO - Processing address 47/2495: Mulackstr.  11, Berlin
2025-08-15 16:18:30,085 - INFO - Updated Abraham Feder: (52.5274948, 13.4056018)
2025-08-15 16:18:30,085 - INFO - Processing address 48/2495: 9, Berlin
2025-08-15 16:18:30,085 - WARNING - Incomplete address detected: 9, Berlin
2025-08-15 16:18:30,085 - ERROR - Failed to geocode address: 9, Berlin
2025-08-15 16:18:30,085 - INFO - Processing address 49/2495: Linienstr. 213, Berlin
2025-08-15 16:18:30,085 - INFO - Updated Abraham Frommer: (52.5286028, 13.4055417)
2025-08-15 16:18:30,085 - INFO - Processing address 50/2495: 97, Berlin
2025-08-15 16:18:30,085 - WARNING - Incomplete address detected: 97, Berlin
2025-08-15 16:18:30,086 - ERROR - Failed to geocode address: 97, Berlin
2025-08-15 16:18:30,086 - INFO - Processing address 51/2495: Taubenstr. 21, Berlin
2025-08-15 16:18:30,086 - INFO - Updated Abraham Herschaft: (52.4494151, 13.4679752)
2025-08-15 16:18:30,086 - INFO - Processing address 52/2495: Weinbergsweg 4, Berlin
2025-08-15 16:18:30,086 - INFO - Updated Abraham J. Grebler: (52.5306742, 13.4022925)
2025-08-15 16:18:30,086 - INFO - Processing address 53/2495: 79, Berlin
2025-08-15 16:18:30,086 - WARNING - Incomplete address detected: 79, Berlin
2025-08-15 16:18:30,086 - ERROR - Failed to geocode address: 79, Berlin
2025-08-15 16:18:30,086 - INFO - Processing address 54/2495: Königstr.  17, Berlin
2025-08-15 16:18:32,170 - INFO - Geocoded: Königstr.  17, Berlin -> (52.4197465, 13.1581597) confidence: 8.875486381318407e-05
2025-08-15 16:18:32,170 - INFO - Updated Abraham Liß: (52.4197465, 13.1581597)
2025-08-15 16:18:32,170 - INFO - Processing address 55/2495: Kastanienallee 45, Berlin
2025-08-15 16:18:34,218 - INFO - Geocoded: Kastanienallee 45, Berlin -> (52.534641, 13.405447) confidence: 8.875486381318407e-05
2025-08-15 16:18:34,218 - INFO - Updated Abraham Pfeffer: (52.534641, 13.405447)
2025-08-15 16:18:34,218 - INFO - Processing address 56/2495: Gollnowstr.  11, Berlin
2025-08-15 16:18:40,313 - WARNING - Failed to geocode: Gollnowstr.  11, Berlin
2025-08-15 16:18:40,313 - ERROR - Failed to geocode address: Gollnowstr.  11, Berlin
2025-08-15 16:18:40,313 - INFO - Processing address 57/2495: Anzengruberstr.  11, Berlin
2025-08-15 16:18:41,826 - INFO - Geocoded: Anzengruberstr.  11, Berlin -> (52.4805834, 13.4407507) confidence: 8.875486381318407e-05
2025-08-15 16:18:41,827 - INFO - Updated Abraham Schaul: (52.4805834, 13.4407507)
2025-08-15 16:18:41,827 - INFO - Processing address 58/2495: Jägerstr. 55, Berlin
2025-08-15 16:18:43,643 - INFO - Geocoded: Jägerstr. 55, Berlin -> (52.5142572, 13.3939684) confidence: 8.875486381318407e-05
2025-08-15 16:18:43,643 - INFO - Updated Abraham Schlesinger: (52.5142572, 13.3939684)
2025-08-15 16:18:43,643 - INFO - Processing address 59/2495: Markgrafenstr.  19, Berlin
2025-08-15 16:18:45,345 - INFO - Geocoded: Markgrafenstr.  19, Berlin -> (52.6324194, 13.3029073) confidence: 8.875486381318407e-05
2025-08-15 16:18:45,345 - INFO - Updated Abraham Schäfer: (52.6324194, 13.3029073)
2025-08-15 16:18:45,345 - INFO - Processing address 60/2495: Oranienstr. 1, Berlin
2025-08-15 16:18:46,976 - INFO - Geocoded: Oranienstr. 1, Berlin -> (52.4994866, 13.4262291) confidence: 8.875486381318407e-05
2025-08-15 16:18:46,976 - INFO - Updated Abraham Stein: (52.4994866, 13.4262291)
2025-08-15 16:18:46,976 - INFO - Processing address 61/2495: 96, Berlin
2025-08-15 16:18:46,976 - WARNING - Incomplete address detected: 96, Berlin
2025-08-15 16:18:46,976 - ERROR - Failed to geocode address: 96, Berlin
2025-08-15 16:18:46,976 - INFO - Processing address 62/2495: Grunewaldstr.  61, Berlin
2025-08-15 16:18:48,633 - INFO - Geocoded: Grunewaldstr.  61, Berlin -> (52.4886729, 13.3426929) confidence: 8.875486381318407e-05
2025-08-15 16:18:48,633 - INFO - Updated Abraham Weber: (52.4886729, 13.3426929)
2025-08-15 16:18:48,633 - INFO - Processing address 63/2495: 75, Berlin
2025-08-15 16:18:48,633 - WARNING - Incomplete address detected: 75, Berlin
2025-08-15 16:18:48,633 - ERROR - Failed to geocode address: 75, Berlin
2025-08-15 16:18:48,633 - INFO - Processing address 64/2495: Kurfürstendamm 234, Berlin
2025-08-15 16:18:50,602 - INFO - Geocoded: Kurfürstendamm 234, Berlin -> (52.5040233, 13.3336718) confidence: 8.875486381318407e-05
2025-08-15 16:18:50,603 - INFO - Updated Abraham Wreschner: (52.503785378863064, 13.333283457214039)
2025-08-15 16:18:50,603 - INFO - Updated Both & Hertz: (52.50429350556009, 13.334017833256551)
2025-08-15 16:18:50,603 - INFO - Processing address 65/2495: 39, Berlin
2025-08-15 16:18:50,603 - WARNING - Incomplete address detected: 39, Berlin
2025-08-15 16:18:50,603 - ERROR - Failed to geocode address: 39, Berlin
2025-08-15 16:18:50,603 - INFO - Processing address 66/2495: 15, Berlin
2025-08-15 16:18:50,603 - WARNING - Incomplete address detected: 15, Berlin
2025-08-15 16:18:50,603 - ERROR - Failed to geocode address: 15, Berlin
2025-08-15 16:18:50,603 - INFO - Processing address 67/2495: Rubensstr. 19, Berlin
2025-08-15 16:18:52,455 - INFO - Geocoded: Rubensstr. 19, Berlin -> (52.4755473, 13.3432497) confidence: 8.875486381318407e-05
2025-08-15 16:18:52,455 - INFO - Updated Abraham, Ralph: (52.4755473, 13.3432497)
2025-08-15 16:18:52,455 - INFO - Processing address 68/2495: Kronenstr. 22, Berlin
2025-08-15 16:18:54,047 - INFO - Geocoded: Kronenstr. 22, Berlin -> (52.511386, 13.3927068) confidence: 0.05342208819714653
2025-08-15 16:18:54,048 - INFO - Updated Abrahamowsky & Wagner: (52.511386, 13.3927068)
2025-08-15 16:18:54,048 - INFO - Processing address 69/2495: Gleimstr.  19, Berlin
2025-08-15 16:18:55,586 - INFO - Geocoded: Gleimstr.  19, Berlin -> (52.5471967, 13.4094238) confidence: 8.875486381318407e-05
2025-08-15 16:18:55,586 - INFO - Updated Abram Dreisiuk: (52.5471967, 13.4094238)
2025-08-15 16:18:55,586 - INFO - Processing address 70/2495: Mauerstr. 2, Berlin
2025-08-15 16:18:57,163 - INFO - Geocoded: Mauerstr. 2, Berlin -> (52.5100384, 13.3875511) confidence: 0.27844345352870076
2025-08-15 16:18:57,163 - INFO - Updated Abram Salwe: (52.5100384, 13.3875511)
2025-08-15 16:18:57,163 - INFO - Processing address 71/2495: Kaiserstr. 38, Berlin
2025-08-15 16:18:59,122 - INFO - Geocoded: Kaiserstr. 38, Berlin -> (52.5229143, 13.5528155) confidence: 8.875486381318407e-05
2025-08-15 16:18:59,122 - INFO - Updated Abé Ringer & Co: (52.52309112060095, 13.553233944219633)
2025-08-15 16:18:59,122 - INFO - Updated Caspar Coper: (52.523339099066916, 13.553323859831664)
2025-08-15 16:18:59,122 - INFO - Processing address 72/2495: 34, Berlin
2025-08-15 16:18:59,122 - WARNING - Incomplete address detected: 34, Berlin
2025-08-15 16:18:59,122 - ERROR - Failed to geocode address: 34, Berlin
2025-08-15 16:18:59,122 - INFO - Processing address 73/2495: 92, Berlin
2025-08-15 16:18:59,122 - WARNING - Incomplete address detected: 92, Berlin
2025-08-15 16:18:59,122 - ERROR - Failed to geocode address: 92, Berlin
2025-08-15 16:18:59,122 - INFO - Processing address 74/2495: Weissenburgstr. 16, Berlin
2025-08-15 16:19:05,962 - WARNING - Failed to geocode: Weissenburgstr. 16, Berlin
2025-08-15 16:19:05,978 - ERROR - Failed to geocode address: Weissenburgstr. 16, Berlin
2025-08-15 16:19:05,978 - INFO - Processing address 75/2495: Friedrichstr. 45, Berlin
2025-08-15 16:19:07,806 - INFO - Geocoded: Friedrichstr. 45, Berlin -> (52.5075917, 13.3907378) confidence: 8.875486381318407e-05
2025-08-15 16:19:07,806 - INFO - Updated Ad. Goldschmidt: (52.507941117369064, 13.39044827515461)
2025-08-15 16:19:07,806 - INFO - Updated Georg Seidentopf & Co: (52.50723573823579, 13.390719680130083)
2025-08-15 16:19:07,806 - INFO - Processing address 76/2495: 13, Berlin
2025-08-15 16:19:07,806 - WARNING - Incomplete address detected: 13, Berlin
2025-08-15 16:19:07,806 - ERROR - Failed to geocode address: 13, Berlin
2025-08-15 16:19:07,806 - INFO - Processing address 77/2495: Adalbertstr. 16, Berlin
2025-08-15 16:19:09,366 - INFO - Geocoded: Adalbertstr. 16, Berlin -> (52.5017769, 13.4198852) confidence: 8.875486381318407e-05
2025-08-15 16:19:09,366 - INFO - Updated Adalbert-Apotheke Walter Jacoby: (52.5017769, 13.4198852)
2025-08-15 16:19:09,366 - INFO - Processing address 78/2495: Allensteinerstr. 39, Berlin
2025-08-15 16:19:16,145 - WARNING - Failed to geocode: Allensteinerstr. 39, Berlin
2025-08-15 16:19:16,146 - ERROR - Failed to geocode address: Allensteinerstr. 39, Berlin
2025-08-15 16:19:16,146 - INFO - Processing address 79/2495: Münzstr. 14, Berlin
2025-08-15 16:19:17,847 - INFO - Geocoded: Münzstr. 14, Berlin -> (52.524712, 13.4077231) confidence: 8.875486381318407e-05
2025-08-15 16:19:17,847 - INFO - Updated Adam's Cigarrenfabriken: (52.524712, 13.4077231)
2025-08-15 16:19:17,847 - INFO - Processing address 80/2495: Klosterstr. 92, Berlin
2025-08-15 16:19:20,094 - INFO - Geocoded: Klosterstr. 92, Berlin -> (52.5186603, 13.4113815) confidence: 0.33382026067444703
2025-08-15 16:19:20,094 - INFO - Updated Adebek Auskunftei GmbH: (52.5186603, 13.4113815)
2025-08-15 16:19:20,094 - INFO - Processing address 81/2495: Kommandantenstr. 84, Berlin
2025-08-15 16:19:21,801 - INFO - Geocoded: Kommandantenstr. 84, Berlin -> (52.433473, 13.2930555) confidence: 8.875486381318407e-05
2025-08-15 16:19:21,801 - INFO - Updated Adedap Julius Gold: (52.43389038381304, 13.293000488283186)
2025-08-15 16:19:21,801 - INFO - Updated Benno Glogauer: (52.43379171530591, 13.292436328893267)
2025-08-15 16:19:21,801 - INFO - Processing address 82/2495: 2, Berlin
2025-08-15 16:19:21,801 - WARNING - Incomplete address detected: 2, Berlin
2025-08-15 16:19:21,801 - ERROR - Failed to geocode address: 2, Berlin
2025-08-15 16:19:21,801 - INFO - Processing address 83/2495: Flotowstr. 8, Berlin
2025-08-15 16:19:23,577 - INFO - Geocoded: Flotowstr. 8, Berlin -> (52.3798848, 13.3930743) confidence: 4.974670023646933e-05
2025-08-15 16:19:23,578 - INFO - Updated Ader, Rosa, geb. Weinberg: (52.3798704219826, 13.392861502055153)
2025-08-15 16:19:23,578 - INFO - Updated Blach, Siegfried: (52.38011779970584, 13.39246185889761)
2025-08-15 16:19:23,578 - INFO - Processing address 84/2495: Saarlandstr.  52, Berlin
2025-08-15 16:19:29,872 - WARNING - Failed to geocode: Saarlandstr.  52, Berlin
2025-08-15 16:19:29,872 - ERROR - Failed to geocode address: Saarlandstr.  52, Berlin
2025-08-15 16:19:29,872 - INFO - Processing address 85/2495: Charlottenstr. 22, Berlin
2025-08-15 16:19:31,720 - INFO - Geocoded: Charlottenstr. 22, Berlin -> (52.5364297, 13.2036722) confidence: 8.875486381318407e-05
2025-08-15 16:19:31,720 - INFO - Updated Adler & Baranski: (52.536781024690235, 13.20412343212115)
2025-08-15 16:19:31,720 - INFO - Updated Berthold Baumgarten: (52.53683294530089, 13.203654573553163)
2025-08-15 16:19:31,720 - INFO - Processing address 86/2495: Friedrichstr. 2, Berlin
2025-08-15 16:19:33,611 - INFO - Geocoded: Friedrichstr. 2, Berlin -> (52.4470689, 13.6245399) confidence: 8.875486381318407e-05
2025-08-15 16:19:33,611 - INFO - Updated Adler & Oppenheimer AG: (52.44665447815509, 13.625111895902167)
2025-08-15 16:19:33,611 - INFO - Updated Franz Fei & Noack: (52.446994014008126, 13.624907659433973)
2025-08-15 16:19:33,611 - INFO - Updated Gebrüder Abrahamsohn: (52.44747887651743, 13.624002377275977)
2025-08-15 16:19:33,611 - INFO - Processing address 87/2495: Schicklerstr. 6, Berlin
2025-08-15 16:19:35,071 - INFO - Geocoded: Schicklerstr. 6, Berlin -> (52.5160589, 13.4157154) confidence: 8.875486381318407e-05
2025-08-15 16:19:35,071 - INFO - Updated Adler & Oppenheimer GmbH: (52.5160589, 13.4157154)
2025-08-15 16:19:35,071 - INFO - Processing address 88/2495: 1, Berlin
2025-08-15 16:19:35,071 - WARNING - Incomplete address detected: 1, Berlin
2025-08-15 16:19:35,071 - ERROR - Failed to geocode address: 1, Berlin
2025-08-15 16:19:35,071 - INFO - Processing address 89/2495: 125, Berlin
2025-08-15 16:19:35,071 - WARNING - Incomplete address detected: 125, Berlin
2025-08-15 16:19:35,071 - ERROR - Failed to geocode address: 125, Berlin
2025-08-15 16:19:35,071 - INFO - Processing address 90/2495: 91, Berlin
2025-08-15 16:19:35,071 - WARNING - Incomplete address detected: 91, Berlin
2025-08-15 16:19:35,071 - ERROR - Failed to geocode address: 91, Berlin
2025-08-15 16:19:35,071 - INFO - Processing address 91/2495: Hauptstr. 3, Berlin
2025-08-15 16:19:39,347 - INFO - Geocoded: Hauptstr. 3, Berlin -> (52.4901185, 13.3596337) confidence: 8.875486381318407e-05
2025-08-15 16:19:39,348 - INFO - Updated Adler-Apotheke Zehlendorf Dr. Georg Plack: (52.4901185, 13.3596337)
2025-08-15 16:19:39,348 - INFO - Processing address 92/2495: Bleibtreustr.  40, Berlin
2025-08-15 16:19:41,248 - INFO - Geocoded: Bleibtreustr.  40, Berlin -> (52.5025409, 13.3197934) confidence: 8.875486381318407e-05
2025-08-15 16:19:41,248 - INFO - Updated Adler-Drogerie, Herbert Weiß: (52.5025409, 13.3197934)
2025-08-15 16:19:41,248 - INFO - Processing address 93/2495: 16, Berlin
2025-08-15 16:19:41,248 - WARNING - Incomplete address detected: 16, Berlin
2025-08-15 16:19:41,248 - ERROR - Failed to geocode address: 16, Berlin
2025-08-15 16:19:41,248 - INFO - Processing address 94/2495: Chausseestr. 59, Berlin
2025-08-15 16:19:43,442 - INFO - Geocoded: Chausseestr. 59, Berlin -> (52.536944, 13.3758916) confidence: 8.875486381318407e-05
2025-08-15 16:19:43,442 - INFO - Updated Adler-Maschinenfabrik Karl Frühling: (52.536944, 13.3758916)
2025-08-15 16:19:43,442 - INFO - Processing address 95/2495: Admiralstr. 31/32, Berlin
2025-08-15 16:19:45,226 - INFO - Geocoded: Admiralstr. 31/32, Berlin -> (52.495275, 13.4152078) confidence: 0.05342208819714653
2025-08-15 16:19:45,226 - INFO - Updated Admiral Apotheke Siegfried Fink: (52.495275, 13.4152078)
2025-08-15 16:19:45,226 - INFO - Processing address 96/2495: Bischofstr. 25/26, Berlin
2025-08-15 16:19:51,946 - WARNING - Failed to geocode: Bischofstr. 25/26, Berlin
2025-08-15 16:19:51,948 - ERROR - Failed to geocode address: Bischofstr. 25/26, Berlin
2025-08-15 16:19:51,948 - INFO - Processing address 97/2495: Dircksenstr. 28, Berlin
2025-08-15 16:19:53,486 - INFO - Geocoded: Dircksenstr. 28, Berlin -> (52.5234318, 13.4071408) confidence: 0.05342208819714653
2025-08-15 16:19:53,486 - INFO - Updated Adolf A. Weinberg: (52.5234318, 13.4071408)
2025-08-15 16:19:53,486 - INFO - Processing address 98/2495: 86, Berlin
2025-08-15 16:19:53,486 - WARNING - Incomplete address detected: 86, Berlin
2025-08-15 16:19:53,486 - ERROR - Failed to geocode address: 86, Berlin
2025-08-15 16:19:53,486 - INFO - Processing address 99/2495: Rosenstr. 17, Berlin
2025-08-15 16:19:55,088 - INFO - Geocoded: Rosenstr. 17, Berlin -> (52.4461556, 13.5772867) confidence: 8.875486381318407e-05
2025-08-15 16:19:55,088 - INFO - Updated Adolf Apfelbaum: (52.44643370168017, 13.577893630881228)
2025-08-15 16:19:55,088 - INFO - Updated Eizenschmidt & Co: (52.44623299985867, 13.577770376721206)
2025-08-15 16:19:55,088 - INFO - Processing address 100/2495: 62, Berlin
2025-08-15 16:19:55,088 - WARNING - Incomplete address detected: 62, Berlin
2025-08-15 16:19:55,088 - ERROR - Failed to geocode address: 62, Berlin
2025-08-15 16:19:55,089 - INFO - Progress: 100/2495 addresses processed
2025-08-15 16:19:55,125 - INFO - Processing address 101/2495: Hausvogteiplatz 5, Berlin
2025-08-15 16:19:56,701 - INFO - Geocoded: Hausvogteiplatz 5, Berlin -> (52.5130469, 13.3953731) confidence: 8.875486381318407e-05
2025-08-15 16:19:56,701 - INFO - Updated Adolf Auser & Co: (52.5130469, 13.3953731)
2025-08-15 16:19:56,701 - INFO - Processing address 102/2495: Leonhardtstr.  8, Berlin
2025-08-15 16:19:58,235 - INFO - Geocoded: Leonhardtstr.  8, Berlin -> (52.5056735, 13.2974386) confidence: 8.875486381318407e-05
2025-08-15 16:19:58,235 - INFO - Updated Adolf Badt: (52.5056735, 13.2974386)
2025-08-15 16:19:58,235 - INFO - Processing address 103/2495: 23, Berlin
2025-08-15 16:19:58,235 - WARNING - Incomplete address detected: 23, Berlin
2025-08-15 16:19:58,235 - ERROR - Failed to geocode address: 23, Berlin
2025-08-15 16:19:58,235 - INFO - Processing address 104/2495: Chausseestr. 131, Berlin
2025-08-15 16:19:59,807 - INFO - Geocoded: Chausseestr. 131, Berlin -> (52.5274482, 13.3864664) confidence: 8.875486381318407e-05
2025-08-15 16:19:59,807 - INFO - Updated Adolf Ballan: (52.52774620634265, 13.386837740992311)
2025-08-15 16:19:59,807 - INFO - Updated Blitz Möbel- und Warenvertrieb Max Grebler: (52.52787861316095, 13.38638999151711)
2025-08-15 16:19:59,807 - INFO - Processing address 105/2495: Oberwallstr. 20, Berlin
2025-08-15 16:20:01,437 - INFO - Geocoded: Oberwallstr. 20, Berlin -> (52.5140535, 13.397144) confidence: 8.875486381318407e-05
2025-08-15 16:20:01,437 - INFO - Updated Adolf Becker: (52.51448110135353, 13.397280749899787)
2025-08-15 16:20:01,437 - INFO - Updated B. & E. Sachs: (52.51363486352879, 13.397222246386233)
2025-08-15 16:20:01,437 - INFO - Processing address 106/2495: 111, Berlin
2025-08-15 16:20:01,437 - WARNING - Incomplete address detected: 111, Berlin
2025-08-15 16:20:01,437 - ERROR - Failed to geocode address: 111, Berlin
2025-08-15 16:20:01,437 - INFO - Processing address 107/2495: Meineckestr. 24, Berlin
2025-08-15 16:20:07,748 - WARNING - Failed to geocode: Meineckestr. 24, Berlin
2025-08-15 16:20:07,749 - ERROR - Failed to geocode address: Meineckestr. 24, Berlin
2025-08-15 16:20:07,749 - INFO - Processing address 108/2495: Adolf Bielschowski textiles and clothing Oberlandgarten  26, Berlin
2025-08-15 16:20:13,182 - WARNING - Failed to geocode: Adolf Bielschowski textiles and clothing Oberlandgarten  26, Berlin
2025-08-15 16:20:13,184 - ERROR - Failed to geocode address: Adolf Bielschowski textiles and clothing Oberlandgarten  26, Berlin
2025-08-15 16:20:13,184 - INFO - Processing address 109/2495: Kantstr.  130, Berlin
2025-08-15 16:20:15,377 - INFO - Geocoded: Kantstr.  130, Berlin -> (52.5060868, 13.3144163) confidence: 8.875486381318407e-05
2025-08-15 16:20:15,378 - INFO - Updated Adolf Bloch: (52.5060868, 13.3144163)
2025-08-15 16:20:15,378 - INFO - Processing address 110/2495: Alt Moabit 111, Berlin
2025-08-15 16:20:17,151 - INFO - Geocoded: Alt Moabit 111, Berlin -> (52.5240801, 13.3516205) confidence: 8.875486381318407e-05
2025-08-15 16:20:17,151 - INFO - Updated Adolf Boese: (52.5240801, 13.3516205)
2025-08-15 16:20:17,151 - INFO - Processing address 111/2495: Poststr. 7/8, Berlin
2025-08-15 16:20:20,652 - INFO - Geocoded: Poststr. 7/8, Berlin -> (52.5162686, 13.4070105) confidence: 0.21935002950294058
2025-08-15 16:20:20,652 - INFO - Updated Adolf Brieger: (52.51652878197921, 13.407303733814409)
2025-08-15 16:20:20,652 - INFO - Updated B. B. Berufs-Bekleidung Waldstein & Co: (52.5165395548545, 13.407639718245848)
2025-08-15 16:20:20,652 - INFO - Updated Bodenstein & Alexander: (52.51627961083151, 13.406394891934763)
2025-08-15 16:20:20,652 - INFO - Updated Gabriel Hirsch: (52.515952456165586, 13.406716569854298)
2025-08-15 16:20:20,652 - INFO - Updated Georg Israel: (52.51631004096658, 13.406511851774086)
2025-08-15 16:20:20,652 - INFO - Processing address 112/2495: Wittelsbacherstr. 28, Berlin
2025-08-15 16:20:22,126 - INFO - Geocoded: Wittelsbacherstr. 28, Berlin -> (52.3834298, 13.4183112) confidence: 8.875486381318407e-05
2025-08-15 16:20:22,126 - INFO - Updated Adolf Brill: (52.3834298, 13.4183112)
2025-08-15 16:20:22,126 - INFO - Processing address 113/2495: Charlottenstr. 71, Berlin
2025-08-15 16:20:23,633 - INFO - Geocoded: Charlottenstr. 71, Berlin -> (52.5097878, 13.3917419) confidence: 8.875486381318407e-05
2025-08-15 16:20:23,633 - INFO - Updated Adolf Brotzen: (52.510006710219024, 13.39141771812901)
2025-08-15 16:20:23,633 - INFO - Updated Borger & Joffe: (52.50937657585476, 13.392371166480315)
2025-08-15 16:20:23,633 - INFO - Processing address 114/2495: Charlottenstr. 28, Berlin
2025-08-15 16:20:25,216 - INFO - Geocoded: Charlottenstr. 28, Berlin -> (52.4353555, 13.3391672) confidence: 8.875486381318407e-05
2025-08-15 16:20:25,216 - INFO - Updated Adolf Bruck: (52.435601593099804, 13.338623206206291)
2025-08-15 16:20:25,216 - INFO - Updated Erich Verständig: (52.435536466611154, 13.338837332721193)
2025-08-15 16:20:25,216 - INFO - Processing address 115/2495: Frankfurter Allee 89, Berlin
2025-08-15 16:20:27,353 - INFO - Geocoded: Frankfurter Allee 89, Berlin -> (52.5142784, 13.4714507) confidence: 8.875486381318407e-05
2025-08-15 16:20:27,353 - INFO - Updated Adolf Brünn Nachf.: (52.5142784, 13.4714507)
2025-08-15 16:20:27,353 - INFO - Processing address 116/2495: Jakobstr. 81/82, Berlin
2025-08-15 16:20:28,963 - INFO - Geocoded: Jakobstr. 81/82, Berlin -> (52.5101084, 13.4077872) confidence: 8.875486381318407e-05
2025-08-15 16:20:28,964 - INFO - Updated Adolf Cohn Agentur und Commission: (52.5101084, 13.4077872)
2025-08-15 16:20:28,964 - INFO - Processing address 117/2495: 144, Berlin
2025-08-15 16:20:28,964 - WARNING - Incomplete address detected: 144, Berlin
2025-08-15 16:20:28,964 - ERROR - Failed to geocode address: 144, Berlin
2025-08-15 16:20:28,964 - INFO - Processing address 118/2495: Oranienstr. 179, Berlin
2025-08-15 16:20:30,652 - INFO - Geocoded: Oranienstr. 179, Berlin -> (52.5009546, 13.4198907) confidence: 8.875486381318407e-05
2025-08-15 16:20:30,653 - INFO - Updated Adolf Dannemann: (52.5009546, 13.4198907)
2025-08-15 16:20:30,653 - INFO - Processing address 119/2495: Ritterstr. 90, Berlin
2025-08-15 16:20:32,249 - INFO - Geocoded: Ritterstr. 90, Berlin -> (52.5026126, 13.4052088) confidence: 8.875486381318407e-05
2025-08-15 16:20:32,249 - INFO - Updated Adolf David: (52.502948627762585, 13.405726930240357)
2025-08-15 16:20:32,250 - INFO - Updated Albert Schön: (52.50234765675532, 13.405469328677206)
2025-08-15 16:20:32,250 - INFO - Processing address 120/2495: Schlüterstr.  9, Berlin
2025-08-15 16:20:34,752 - INFO - Geocoded: Schlüterstr.  9, Berlin -> (52.5094404, 13.3177659) confidence: 8.875486381318407e-05
2025-08-15 16:20:34,752 - INFO - Updated Adolf Dresler: (52.5094404, 13.3177659)
2025-08-15 16:20:34,752 - INFO - Processing address 121/2495: 12, Berlin
2025-08-15 16:20:34,752 - WARNING - Incomplete address detected: 12, Berlin
2025-08-15 16:20:34,752 - ERROR - Failed to geocode address: 12, Berlin
2025-08-15 16:20:34,752 - INFO - Processing address 122/2495: Hausvogteiplatz 12, Berlin
2025-08-15 16:20:36,213 - INFO - Geocoded: Hausvogteiplatz 12, Berlin -> (52.5126827, 13.3975361) confidence: 8.875486381318407e-05
2025-08-15 16:20:36,213 - INFO - Updated Adolf Ephraim: (52.51253883704914, 13.39742076309418)
2025-08-15 16:20:36,213 - INFO - Updated Baer & Salomon: (52.51299065899256, 13.398134834789893)
2025-08-15 16:20:36,213 - INFO - Updated E. Volkmar & Co: (52.51303722175265, 13.397344519387762)
2025-08-15 16:20:36,213 - INFO - Updated Edmund Ascher & Co: (52.51293326455316, 13.397208744362652)
2025-08-15 16:20:36,213 - INFO - Processing address 123/2495: Alte Schönhauser 46, Berlin
2025-08-15 16:20:37,832 - INFO - Geocoded: Alte Schönhauser 46, Berlin -> (52.5266247, 13.4078977) confidence: 8.875486381318407e-05
2025-08-15 16:20:37,832 - INFO - Updated Adolf Feinberg: (52.5266247, 13.4078977)
2025-08-15 16:20:37,832 - INFO - Processing address 124/2495: Burgstr. 27, Berlin
2025-08-15 16:20:39,805 - INFO - Geocoded: Burgstr. 27, Berlin -> (52.5215293, 13.4008138) confidence: 8.875486381318407e-05
2025-08-15 16:20:39,805 - INFO - Updated Adolf Fertig: (52.52161041389598, 13.400874813035651)
2025-08-15 16:20:39,805 - INFO - Updated Cohn & Bernstein: (52.52148113042767, 13.401041314487825)
2025-08-15 16:20:39,805 - INFO - Updated Dienes & Friedheim: (52.521889755841435, 13.401090444761241)
2025-08-15 16:20:39,805 - INFO - Processing address 125/2495: 25/26, Berlin
2025-08-15 16:20:43,596 - INFO - Geocoded: 25/26, Berlin -> (52.510885, 13.3989367) confidence: 0.840425236063765
2025-08-15 16:20:43,597 - INFO - Updated Adolf Fraenkel & Co: (52.51083881234168, 13.398396632169105)
2025-08-15 16:20:43,597 - INFO - Updated Adolf Schubert: (52.51066905971222, 13.39879791919979)
2025-08-15 16:20:43,597 - INFO - Processing address 126/2495: Langhannsstr.  144, Berlin
2025-08-15 16:20:48,952 - WARNING - Failed to geocode: Langhannsstr.  144, Berlin
2025-08-15 16:20:48,952 - ERROR - Failed to geocode address: Langhannsstr.  144, Berlin
2025-08-15 16:20:48,952 - INFO - Processing address 127/2495: Zimmerstr.  21, Berlin
2025-08-15 16:20:50,623 - INFO - Geocoded: Zimmerstr.  21, Berlin -> (52.5081653, 13.3982488) confidence: 0.07085170629346904
2025-08-15 16:20:50,623 - INFO - Updated Adolf Friedmann: (52.5081653, 13.3982488)
2025-08-15 16:20:50,623 - INFO - Processing address 128/2495: Brückenstr. 6, Berlin
2025-08-15 16:20:52,667 - INFO - Geocoded: Brückenstr. 6, Berlin -> (52.5135789, 13.418481) confidence: 8.875486381318407e-05
2025-08-15 16:20:52,667 - INFO - Updated Adolf Fuchs: (52.5135789, 13.418481)
2025-08-15 16:20:52,667 - INFO - Processing address 129/2495: 20, Berlin
2025-08-15 16:20:52,667 - WARNING - Incomplete address detected: 20, Berlin
2025-08-15 16:20:52,667 - ERROR - Failed to geocode address: 20, Berlin
2025-08-15 16:20:52,667 - INFO - Processing address 130/2495: Fasanenstr. 48, Berlin
2025-08-15 16:20:54,178 - INFO - Geocoded: Fasanenstr. 48, Berlin -> (52.4958925, 13.3266571) confidence: 8.875486381318407e-05
2025-08-15 16:20:54,178 - INFO - Updated Adolf Fürst: (52.4958925, 13.3266571)
2025-08-15 16:20:54,178 - INFO - Processing address 131/2495: Niebuhrstr.  61, Berlin
2025-08-15 16:20:55,646 - INFO - Geocoded: Niebuhrstr.  61, Berlin -> (52.5044194, 13.3103982) confidence: 8.875486381318407e-05
2025-08-15 16:20:55,646 - INFO - Updated Adolf Gabriel: (52.5044194, 13.3103982)
2025-08-15 16:20:55,646 - INFO - Processing address 132/2495: Linienstr. 224, Berlin
2025-08-15 16:20:57,322 - INFO - Geocoded: Linienstr. 224, Berlin -> (52.5280575, 13.4099153) confidence: 8.875486381318407e-05
2025-08-15 16:20:57,322 - INFO - Updated Adolf Galanty: (52.5280575, 13.4099153)
2025-08-15 16:20:57,322 - INFO - Processing address 133/2495: Hausvogteiplatz 11, Berlin
2025-08-15 16:20:58,995 - INFO - Geocoded: Hausvogteiplatz 11, Berlin -> (52.512392, 13.397407) confidence: 8.875486381318407e-05
2025-08-15 16:20:58,995 - INFO - Updated Adolf Gehr: (52.51244575961709, 13.397751667652434)
2025-08-15 16:20:58,995 - INFO - Updated Bradt, Hirschfeld & Co: (52.51258483844315, 13.397147182417376)
2025-08-15 16:20:58,995 - INFO - Updated Briese & Löpert in Liqu.: (52.51274173775746, 13.397085093687437)
2025-08-15 16:20:58,995 - INFO - Updated Embeco Moderne Backfischkonfektion GmbH: (52.51260659424238, 13.397908628872205)
2025-08-15 16:20:58,995 - INFO - Updated Gebr. Lewy Blusen u. Kleider: (52.51252909330317, 13.39781756410262)
2025-08-15 16:20:58,995 - INFO - Processing address 134/2495: Wrangelstr.  89, Berlin
2025-08-15 16:21:00,778 - INFO - Geocoded: Wrangelstr.  89, Berlin -> (52.4994771, 13.440017) confidence: 8.875486381318407e-05
2025-08-15 16:21:00,778 - INFO - Updated Adolf Gerber (Schuhhaus Gerber): (52.4994771, 13.440017)
2025-08-15 16:21:00,778 - INFO - Processing address 135/2495: 35, Berlin
2025-08-15 16:21:00,779 - WARNING - Incomplete address detected: 35, Berlin
2025-08-15 16:21:00,779 - ERROR - Failed to geocode address: 35, Berlin
2025-08-15 16:21:00,779 - INFO - Processing address 136/2495: Prinzenstr. 34, Berlin
2025-08-15 16:21:02,395 - INFO - Geocoded: Prinzenstr. 34, Berlin -> (52.4440449, 13.3834892) confidence: 8.875486381318407e-05
2025-08-15 16:21:02,395 - INFO - Updated Adolf Grünstein: (52.44448632049854, 13.383843063379851)
2025-08-15 16:21:02,395 - INFO - Updated Briefumschlagfabrik Bach & Co GmbH: (52.44445021218366, 13.383046989100531)
2025-08-15 16:21:02,395 - INFO - Processing address 137/2495: Burgstr. 25, Berlin
2025-08-15 16:21:04,175 - INFO - Geocoded: Burgstr. 25, Berlin -> (52.5222556, 13.4003567) confidence: 0.2535713079130456
2025-08-15 16:21:04,176 - INFO - Updated Adolf H. Neumann: (52.5221994273474, 13.400398476202385)
2025-08-15 16:21:04,176 - INFO - Updated Alfred Ehrlich: (52.52207822478719, 13.400368131780741)
2025-08-15 16:21:04,176 - INFO - Updated Alfred Neustadt: (52.52215849160704, 13.400076838387639)
2025-08-15 16:21:04,176 - INFO - Updated Arnold Becker: (52.52265884520579, 13.400511722590256)
2025-08-15 16:21:04,176 - INFO - Updated Bruno Meyer: (52.52184382922492, 13.400139421306967)
2025-08-15 16:21:04,176 - INFO - Updated David Steinberg: (52.52251281658821, 13.399964357861231)
2025-08-15 16:21:04,176 - INFO - Updated Erich Mottek: (52.52239221067727, 13.40075534517146)
2025-08-15 16:21:04,176 - INFO - Updated Felix Meyerhof: (52.522444243996745, 13.400898785541079)
2025-08-15 16:21:04,176 - INFO - Updated Feodor Lehmann: (52.52237641174901, 13.399766443865921)
2025-08-15 16:21:04,176 - INFO - Updated Fondsmakler Hermann Rosenberg: (52.52232789458637, 13.400789811840143)
2025-08-15 16:21:04,176 - INFO - Updated Gerhard J. Cohn: (52.5225616147105, 13.400322388618282)
2025-08-15 16:21:04,176 - INFO - Updated Hans Kirstein: (52.52240489060482, 13.399954310316502)
2025-08-15 16:21:04,176 - INFO - Updated Hans Sachs: (52.52211702884727, 13.40011181046188)
2025-08-15 16:21:04,176 - INFO - Processing address 138/2495: Dellbrückstr. 19, Berlin
2025-08-15 16:21:10,341 - WARNING - Failed to geocode: Dellbrückstr. 19, Berlin
2025-08-15 16:21:10,341 - ERROR - Failed to geocode address: Dellbrückstr. 19, Berlin
2025-08-15 16:21:10,341 - INFO - Processing address 139/2495: Marsiliusstr. 7, Berlin
2025-08-15 16:21:16,461 - WARNING - Failed to geocode: Marsiliusstr. 7, Berlin
2025-08-15 16:21:16,461 - ERROR - Failed to geocode address: Marsiliusstr. 7, Berlin
2025-08-15 16:21:16,461 - INFO - Processing address 140/2495: Bismarckstr.  91, Berlin
2025-08-15 16:21:18,524 - INFO - Geocoded: Bismarckstr.  91, Berlin -> (52.5115506, 13.3098108) confidence: 8.875486381318407e-05
2025-08-15 16:21:18,524 - INFO - Updated Adolf Heinau: (52.5115506, 13.3098108)
2025-08-15 16:21:18,524 - INFO - Processing address 141/2495: 58, Berlin
2025-08-15 16:21:18,524 - WARNING - Incomplete address detected: 58, Berlin
2025-08-15 16:21:18,524 - ERROR - Failed to geocode address: 58, Berlin
2025-08-15 16:21:18,524 - INFO - Processing address 142/2495: Eisenacherstr. 28, Berlin
2025-08-15 16:21:20,323 - INFO - Geocoded: Eisenacherstr. 28, Berlin -> (52.4471435, 13.3957157) confidence: 8.875486381318407e-05
2025-08-15 16:21:20,323 - INFO - Updated Adolf Himmelweit: (52.4471435, 13.3957157)
2025-08-15 16:21:20,323 - INFO - Processing address 143/2495: 42, Berlin
2025-08-15 16:21:20,323 - WARNING - Incomplete address detected: 42, Berlin
2025-08-15 16:21:20,323 - ERROR - Failed to geocode address: 42, Berlin
2025-08-15 16:21:20,323 - INFO - Processing address 144/2495: Charlottenstr. 66, Berlin
2025-08-15 16:21:21,992 - INFO - Geocoded: Charlottenstr. 66, Berlin -> (52.5106118, 13.3915889) confidence: 8.875486381318407e-05
2025-08-15 16:21:21,992 - INFO - Updated Adolf Hirschfeld: (52.5106118, 13.3915889)
2025-08-15 16:21:21,992 - INFO - Processing address 145/2495: Rosenstr. 18, Berlin
2025-08-15 16:21:23,651 - INFO - Geocoded: Rosenstr. 18, Berlin -> (52.5215657, 13.4049542) confidence: 8.875486381318407e-05
2025-08-15 16:21:23,651 - INFO - Updated Adolf Hirschfeldt: (52.521140563459944, 13.405546511187376)
2025-08-15 16:21:23,651 - INFO - Updated Anton Bretzel: (52.52180086582015, 13.405008774564438)
2025-08-15 16:21:23,651 - INFO - Updated Gebr. Abramczyk: (52.52167997077742, 13.404802455012987)
2025-08-15 16:21:23,651 - INFO - Processing address 146/2495: Odenwaldstr.  4, Berlin
2025-08-15 16:21:25,125 - INFO - Geocoded: Odenwaldstr.  4, Berlin -> (52.4685359, 13.3257236) confidence: 8.875486381318407e-05
2025-08-15 16:21:25,125 - INFO - Updated Adolf Hochwald: (52.4685359, 13.3257236)
2025-08-15 16:21:25,125 - INFO - Processing address 147/2495: Adolf Hojda textiles and clothing Berliner Allee  255, Berlin
2025-08-15 16:21:32,397 - WARNING - Failed to geocode: Adolf Hojda textiles and clothing Berliner Allee  255, Berlin
2025-08-15 16:21:32,398 - ERROR - Failed to geocode address: Adolf Hojda textiles and clothing Berliner Allee  255, Berlin
2025-08-15 16:21:32,398 - INFO - Processing address 148/2495: Burgstr. 26, Berlin
2025-08-15 16:21:34,137 - INFO - Geocoded: Burgstr. 26, Berlin -> (52.5210827, 13.4008979) confidence: 8.875486381318407e-05
2025-08-15 16:21:34,137 - INFO - Updated Adolf Hollaender: (52.520841203613514, 13.401294415161786)
2025-08-15 16:21:34,137 - INFO - Updated Becher & Berlowitz: (52.52084281016693, 13.400571314867902)
2025-08-15 16:21:34,137 - INFO - Updated Berliner Familienvermögen-Verwaltungs-GmbH: (52.5206785863648, 13.401379245649661)
2025-08-15 16:21:34,137 - INFO - Updated Dobrin & Loewenthal: (52.52115566739554, 13.40130017025064)
2025-08-15 16:21:34,137 - INFO - Updated Georg Brach: (52.52145746145212, 13.401284250808697)
2025-08-15 16:21:34,137 - INFO - Updated Georg Eppenstein & Co: (52.52078864967223, 13.40091435103131)
2025-08-15 16:21:34,137 - INFO - Processing address 149/2495: Kopernikusstr. 32, Berlin
2025-08-15 16:21:35,807 - INFO - Geocoded: Kopernikusstr. 32, Berlin -> (52.5110211, 13.4507133) confidence: 8.875486381318407e-05
2025-08-15 16:21:35,807 - INFO - Updated Adolf Illgen Sächsische Möbelfabrik: (52.5110211, 13.4507133)
2025-08-15 16:21:35,807 - INFO - Processing address 150/2495: Birkenstr. 76, Berlin
2025-08-15 16:21:37,724 - INFO - Geocoded: Birkenstr. 76, Berlin -> (52.5291486, 13.3525496) confidence: 8.875486381318407e-05
2025-08-15 16:21:37,724 - INFO - Updated Adolf Jurmann Großhandlung Elektrotechnischer Bedarfsartikel: (52.5291486, 13.3525496)
2025-08-15 16:21:37,724 - INFO - Processing address 151/2495: Weinbergsweg 1, Berlin
2025-08-15 16:21:39,309 - INFO - Geocoded: Weinbergsweg 1, Berlin -> (52.5300721, 13.401766) confidence: 8.875486381318407e-05
2025-08-15 16:21:39,309 - INFO - Updated Adolf Kahn: (52.52985923740417, 13.401361277635118)
2025-08-15 16:21:39,309 - INFO - Updated Alfred Jany Schokoladen-Großhandlung: (52.52977857938686, 13.40211349114)
2025-08-15 16:21:39,309 - INFO - Processing address 152/2495: 66/67, Berlin
2025-08-15 16:21:42,844 - INFO - Geocoded: 66/67, Berlin -> (52.510885, 13.3989367) confidence: 0.840425236063765
2025-08-15 16:21:42,844 - INFO - Updated Adolf Kaplan: (52.510885, 13.3989367)
2025-08-15 16:21:42,844 - INFO - Processing address 153/2495: Alexanderstr. 44, Berlin
2025-08-15 16:21:44,685 - INFO - Geocoded: Alexanderstr. 44, Berlin -> (52.5203301, 13.4156813) confidence: 0.05342208819714653
2025-08-15 16:21:44,685 - INFO - Updated Adolf Kempler: (52.5203301, 13.4156813)
2025-08-15 16:21:44,685 - INFO - Processing address 154/2495: 33, Berlin
2025-08-15 16:21:44,685 - WARNING - Incomplete address detected: 33, Berlin
2025-08-15 16:21:44,685 - ERROR - Failed to geocode address: 33, Berlin
2025-08-15 16:21:44,685 - INFO - Processing address 155/2495: 72, Berlin
2025-08-15 16:21:44,685 - WARNING - Incomplete address detected: 72, Berlin
2025-08-15 16:21:44,685 - ERROR - Failed to geocode address: 72, Berlin
2025-08-15 16:21:44,685 - INFO - Processing address 156/2495: Beuthstr. 9, Berlin
2025-08-15 16:21:46,261 - INFO - Geocoded: Beuthstr. 9, Berlin -> (52.5858666, 13.4064134) confidence: 8.875486381318407e-05
2025-08-15 16:21:46,261 - INFO - Updated Adolf Krause: (52.5858666, 13.4064134)
2025-08-15 16:21:46,261 - INFO - Processing address 157/2495: 94, Berlin
2025-08-15 16:21:46,261 - WARNING - Incomplete address detected: 94, Berlin
2025-08-15 16:21:46,261 - ERROR - Failed to geocode address: 94, Berlin
2025-08-15 16:21:46,261 - INFO - Processing address 158/2495: Schönhauser Allee 127, Berlin
2025-08-15 16:21:47,847 - INFO - Geocoded: Schönhauser Allee 127, Berlin -> (52.5464747, 13.4126705) confidence: 8.875486381318407e-05
2025-08-15 16:21:47,847 - INFO - Updated Adolf Kreutzberger Inhaber Joseph Danziger: (52.5464747, 13.4126705)
2025-08-15 16:21:47,847 - INFO - Processing address 159/2495: Meyerbeerstr.  6, Berlin
2025-08-15 16:21:49,494 - INFO - Geocoded: Meyerbeerstr.  6, Berlin -> (52.5477848, 13.4581862) confidence: 0.05342208819714653
2025-08-15 16:21:49,496 - INFO - Updated Adolf Kuba: (52.5477848, 13.4581862)
2025-08-15 16:21:49,496 - INFO - Processing address 160/2495: Riehlstr. 7, Berlin
2025-08-15 16:21:50,929 - INFO - Geocoded: Riehlstr. 7, Berlin -> (52.5083098, 13.2852272) confidence: 8.875486381318407e-05
2025-08-15 16:21:50,929 - INFO - Updated Adolf Kuttner: (52.5083098, 13.2852272)
2025-08-15 16:21:50,929 - INFO - Processing address 161/2495: Adalbertstr.  52, Berlin
2025-08-15 16:21:52,685 - INFO - Geocoded: Adalbertstr.  52, Berlin -> (52.5052923, 13.422121) confidence: 0.1788097983674228
2025-08-15 16:21:52,685 - INFO - Updated Adolf Lacher: (52.5052923, 13.422121)
2025-08-15 16:21:52,685 - INFO - Processing address 162/2495: Prinzessinnenstr. 26, Berlin
2025-08-15 16:21:55,793 - INFO - Geocoded: Prinzessinnenstr. 26, Berlin -> (52.3864849, 13.3926377) confidence: 8.875486381318407e-05
2025-08-15 16:21:55,794 - INFO - Updated Adolf Lemchen & Günther: (52.38639450099322, 13.39244021741905)
2025-08-15 16:21:55,794 - INFO - Updated Barconia Schaufensterplakate - Dekorationspapiere Erna Rosenberg: (52.38639556484046, 13.392778439305777)
2025-08-15 16:21:55,794 - INFO - Processing address 163/2495: Markgrafenstr. 31, Berlin
2025-08-15 16:21:57,595 - INFO - Geocoded: Markgrafenstr. 31, Berlin -> (52.6332588, 13.3003488) confidence: 8.875486381318407e-05
2025-08-15 16:21:57,595 - INFO - Updated Adolf Lent: (52.63349603482053, 13.30059372448672)
2025-08-15 16:21:57,595 - INFO - Updated Bernhard Jacobus: (52.633415102062074, 13.299764031532046)
2025-08-15 16:21:57,595 - INFO - Processing address 164/2495: 18, Berlin
2025-08-15 16:21:57,595 - WARNING - Incomplete address detected: 18, Berlin
2025-08-15 16:21:57,595 - ERROR - Failed to geocode address: 18, Berlin
2025-08-15 16:21:57,595 - INFO - Processing address 165/2495: Königstr. 43/44, Berlin
2025-08-15 16:22:01,600 - INFO - Geocoded: Königstr. 43/44, Berlin -> (52.5182552, 13.4068157) confidence: 0.34137582715177667
2025-08-15 16:22:01,600 - INFO - Updated Adolf Lewin Uhrmacher und Juwelier GmbH: (52.51848562478462, 13.406947613580353)
2025-08-15 16:22:01,600 - INFO - Updated Bottina Schuhgesellschaft mbH: (52.51845083640421, 13.406374238368317)
2025-08-15 16:22:01,600 - INFO - Processing address 166/2495: Schöneberger Ufer 37, Berlin
2025-08-15 16:22:03,645 - INFO - Geocoded: Schöneberger Ufer 37, Berlin -> (52.5054916, 13.3698445) confidence: 0.05342208819714653
2025-08-15 16:22:03,645 - INFO - Updated Adolf Lieser: (52.5054916, 13.3698445)
2025-08-15 16:22:03,645 - INFO - Processing address 167/2495: 76, Berlin
2025-08-15 16:22:03,645 - WARNING - Incomplete address detected: 76, Berlin
2025-08-15 16:22:03,645 - ERROR - Failed to geocode address: 76, Berlin
2025-08-15 16:22:03,645 - INFO - Processing address 168/2495: Lessingstr.  39, Berlin
2025-08-15 16:22:05,456 - INFO - Geocoded: Lessingstr.  39, Berlin -> (52.5898709, 13.3656322) confidence: 8.875486381318407e-05
2025-08-15 16:22:05,457 - INFO - Updated Adolf Loebmann: (52.5898709, 13.3656322)
2025-08-15 16:22:05,457 - INFO - Processing address 169/2495: Zentralmarkthalle Stand 250, Berlin
2025-08-15 16:22:14,799 - WARNING - Failed to geocode: Zentralmarkthalle Stand 250, Berlin
2025-08-15 16:22:14,800 - ERROR - Failed to geocode address: Zentralmarkthalle Stand 250, Berlin
2025-08-15 16:22:14,800 - INFO - Processing address 170/2495: Jakobstr. 129, Berlin
2025-08-15 16:22:16,394 - INFO - Geocoded: Jakobstr. 129, Berlin -> (52.5032926, 13.3983537) confidence: 8.875486381318407e-05
2025-08-15 16:22:16,394 - INFO - Updated Adolf Maaß Fabrik antiseptischer Artikel: (52.5032926, 13.3983537)
2025-08-15 16:22:16,394 - INFO - Processing address 171/2495: 8, Berlin
2025-08-15 16:22:16,394 - WARNING - Incomplete address detected: 8, Berlin
2025-08-15 16:22:16,394 - ERROR - Failed to geocode address: 8, Berlin
2025-08-15 16:22:16,394 - INFO - Processing address 172/2495: Schönhauser Allee 6/7, Berlin
2025-08-15 16:22:18,274 - INFO - Geocoded: Schönhauser Allee 6/7, Berlin -> (52.5296352, 13.4104755) confidence: 0.3649913403119134
2025-08-15 16:22:18,274 - INFO - Updated Adolf Meyer Mützenfabrication: (52.52946667005512, 13.410559625388412)
2025-08-15 16:22:18,274 - INFO - Updated Cigaretten Fabrik Bravour Dunje & Söhne: (52.529924574784054, 13.410902420704947)
2025-08-15 16:22:18,274 - INFO - Processing address 173/2495: Brückenstr. 5, Berlin
2025-08-15 16:22:20,234 - INFO - Geocoded: Brückenstr. 5, Berlin -> (52.5129765, 13.4176797) confidence: 8.875486381318407e-05
2025-08-15 16:22:20,234 - INFO - Updated Adolf Neumann Engros-Haus für Futterstoffe & Schneiderartikel: (52.5129765, 13.4176797)
2025-08-15 16:22:20,234 - INFO - Processing address 174/2495: Unter den Linden 56, Berlin
2025-08-15 16:22:21,806 - INFO - Geocoded: Unter den Linden 56, Berlin -> (52.5170028, 13.3842209) confidence: 8.875486381318407e-05
2025-08-15 16:22:21,806 - INFO - Updated Adolf Pelz: (52.517059058908, 13.384594254789917)
2025-08-15 16:22:21,806 - INFO - Updated Bechhold & Co KG: (52.5167857556961, 13.384495368947745)
2025-08-15 16:22:21,806 - INFO - Updated Bleibtreu Maier & Co: (52.517200532299036, 13.384847622533265)
2025-08-15 16:22:21,806 - INFO - Processing address 175/2495: Möllendorfstr.  115, Berlin
2025-08-15 16:22:28,176 - WARNING - Failed to geocode: Möllendorfstr.  115, Berlin
2025-08-15 16:22:28,178 - ERROR - Failed to geocode address: Möllendorfstr.  115, Berlin
2025-08-15 16:22:28,178 - INFO - Processing address 176/2495: 14, Berlin
2025-08-15 16:22:28,178 - WARNING - Incomplete address detected: 14, Berlin
2025-08-15 16:22:28,178 - ERROR - Failed to geocode address: 14, Berlin
2025-08-15 16:22:28,178 - INFO - Processing address 177/2495: Lehderstr. 53, Berlin
2025-08-15 16:22:29,673 - INFO - Geocoded: Lehderstr. 53, Berlin -> (52.5517771, 13.4333649) confidence: 8.875486381318407e-05
2025-08-15 16:22:29,674 - INFO - Updated Adolf Praiß: (52.5517771, 13.4333649)
2025-08-15 16:22:29,674 - INFO - Processing address 178/2495: Jakobstr. 6, Berlin
2025-08-15 16:22:32,862 - INFO - Geocoded: Jakobstr. 6, Berlin -> (52.5112607, 13.4121334) confidence: 8.875486381318407e-05
2025-08-15 16:22:32,863 - INFO - Updated Adolf Preiß: (52.51108572053182, 13.412724721050239)
2025-08-15 16:22:32,863 - INFO - Updated Alfred Scherk Möbel-Engros-Agentur: (52.511319471830426, 13.411873992539464)
2025-08-15 16:22:32,863 - INFO - Processing address 179/2495: Prinzregentenstr. 1, Berlin
2025-08-15 16:22:35,963 - INFO - Geocoded: Prinzregentenstr. 1, Berlin -> (52.4926678, 13.3328308) confidence: 8.875486381318407e-05
2025-08-15 16:22:35,963 - INFO - Updated Adolf Privin: (52.4926678, 13.3328308)
2025-08-15 16:22:35,963 - INFO - Processing address 180/2495: Friedrichstr. 64, Berlin
2025-08-15 16:22:37,661 - INFO - Geocoded: Friedrichstr. 64, Berlin -> (52.4554114, 13.6256476) confidence: 8.875486381318407e-05
2025-08-15 16:22:37,661 - INFO - Updated Adolf Rewald: (52.4554114, 13.6256476)
2025-08-15 16:22:37,661 - INFO - Processing address 181/2495: Raupachstr. 12, Berlin
2025-08-15 16:22:44,257 - WARNING - Failed to geocode: Raupachstr. 12, Berlin
2025-08-15 16:22:44,257 - ERROR - Failed to geocode address: Raupachstr. 12, Berlin
2025-08-15 16:22:44,257 - INFO - Processing address 182/2495: Langhansstr.  141, Berlin
2025-08-15 16:22:46,130 - INFO - Geocoded: Langhansstr.  141, Berlin -> (52.5494898, 13.4473262) confidence: 8.875486381318407e-05
2025-08-15 16:22:46,131 - INFO - Updated Adolf Rosentreter: (52.5494898, 13.4473262)
2025-08-15 16:22:46,131 - INFO - Processing address 183/2495: Bismarckstr. 10, Berlin
2025-08-15 16:22:47,814 - INFO - Geocoded: Bismarckstr. 10, Berlin -> (52.4182196, 13.1704996) confidence: 8.875486381318407e-05
2025-08-15 16:22:47,814 - INFO - Updated Adolf Rothenberg: (52.4181113534163, 13.170794048428041)
2025-08-15 16:22:47,814 - INFO - Updated Erich A. Michaelis: (52.41836665164506, 13.171022114140943)
2025-08-15 16:22:47,814 - INFO - Processing address 184/2495: 50, Berlin
2025-08-15 16:22:47,814 - WARNING - Incomplete address detected: 50, Berlin
2025-08-15 16:22:47,814 - ERROR - Failed to geocode address: 50, Berlin
2025-08-15 16:22:47,814 - INFO - Processing address 185/2495: Kirchgasse 2/3, Berlin
2025-08-15 16:22:49,871 - INFO - Geocoded: Kirchgasse 2/3, Berlin -> (52.4760255, 13.4442153) confidence: 0.16025660547718046
2025-08-15 16:22:49,871 - INFO - Updated Adolf Sachs & Co: (52.4760255, 13.4442153)
2025-08-15 16:22:49,871 - INFO - Processing address 186/2495: Seestr. 12, Berlin
2025-08-15 16:22:51,975 - INFO - Geocoded: Seestr. 12, Berlin -> (52.4779937, 13.5964745) confidence: 8.875486381318407e-05
2025-08-15 16:22:51,975 - INFO - Updated Adolf Salz & Co GmbH: (52.4779937, 13.5964745)
2025-08-15 16:22:51,975 - INFO - Processing address 187/2495: 60, Berlin
2025-08-15 16:22:51,975 - WARNING - Incomplete address detected: 60, Berlin
2025-08-15 16:22:51,975 - ERROR - Failed to geocode address: 60, Berlin
2025-08-15 16:22:51,975 - INFO - Processing address 188/2495: Uhlandstr.  50, Berlin
2025-08-15 16:22:53,802 - INFO - Geocoded: Uhlandstr.  50, Berlin -> (52.5927673, 13.366078) confidence: 8.875486381318407e-05
2025-08-15 16:22:53,803 - INFO - Updated Adolf Schimmel: (52.5927673, 13.366078)
2025-08-15 16:22:53,803 - INFO - Processing address 189/2495: Hohenzollerndamm 156, Berlin
2025-08-15 16:22:56,805 - INFO - Geocoded: Hohenzollerndamm 156, Berlin -> (52.4881556, 13.3018526) confidence: 8.875486381318407e-05
2025-08-15 16:22:56,805 - INFO - Updated Adolf Schneider Koks und Kohlen engros: (52.4881556, 13.3018526)
2025-08-15 16:22:56,805 - INFO - Processing address 190/2495: Albrechtstr. 53, Berlin
2025-08-15 16:22:58,540 - INFO - Geocoded: Albrechtstr. 53, Berlin -> (52.4477443, 13.3404174) confidence: 8.875486381318407e-05
2025-08-15 16:22:58,540 - INFO - Updated Adolf Schrubski: (52.4477443, 13.3404174)
2025-08-15 16:22:58,540 - INFO - Processing address 191/2495: Kaiserstr. 28, Berlin
2025-08-15 16:23:00,655 - INFO - Geocoded: Kaiserstr. 28, Berlin -> (52.5212446, 13.5524983) confidence: 8.875486381318407e-05
2025-08-15 16:23:00,655 - INFO - Updated Adolf Sommerfeld: (52.5212446, 13.5524983)
2025-08-15 16:23:00,655 - INFO - Processing address 192/2495: Schellingstr. 5, Berlin
2025-08-15 16:23:02,329 - INFO - Geocoded: Schellingstr. 5, Berlin -> (52.5053983, 13.373) confidence: 0.05342208819714653
2025-08-15 16:23:02,329 - INFO - Updated Adolf Sommerfeld Bauausführung: (52.504962753649465, 13.372855336631252)
2025-08-15 16:23:02,329 - INFO - Updated Allgemeine Häuserbau-Actien-Gesellschaft von 1872 Adolf Sommerfeld: (52.50580260055542, 13.373435539802115)
2025-08-15 16:23:02,329 - INFO - Updated Dampfziegelei Bergenhorst AG: (52.50556335410666, 13.373555873614862)
2025-08-15 16:23:02,329 - INFO - Processing address 193/2495: Prenzlauer Allee 36, Berlin
2025-08-15 16:23:04,339 - INFO - Geocoded: Prenzlauer Allee 36, Berlin -> (52.5347344, 13.4220873) confidence: 8.875486381318407e-05
2025-08-15 16:23:04,339 - INFO - Updated Adolf Stern Eisen- und Metallgroßhandlung: (52.53459864537261, 13.42174070413867)
2025-08-15 16:23:04,339 - INFO - Updated Elisabeth Goldschmidt Damenkonfektion: (52.5348862536831, 13.421847828513343)
2025-08-15 16:23:04,339 - INFO - Processing address 194/2495: 37, Berlin
2025-08-15 16:23:04,339 - WARNING - Incomplete address detected: 37, Berlin
2025-08-15 16:23:04,339 - ERROR - Failed to geocode address: 37, Berlin
2025-08-15 16:23:04,339 - INFO - Processing address 195/2495: Kochstr.  4, Berlin
2025-08-15 16:23:06,171 - INFO - Geocoded: Kochstr.  4, Berlin -> (52.4475497, 13.380262) confidence: 8.875486381318407e-05
2025-08-15 16:23:06,171 - INFO - Updated Adolf Strahl: (52.4475497, 13.380262)
2025-08-15 16:23:06,171 - INFO - Processing address 196/2495: 21, Berlin
2025-08-15 16:23:06,171 - WARNING - Incomplete address detected: 21, Berlin
2025-08-15 16:23:06,171 - ERROR - Failed to geocode address: 21, Berlin
2025-08-15 16:23:06,171 - INFO - Processing address 197/2495: 24, Berlin
2025-08-15 16:23:06,171 - WARNING - Incomplete address detected: 24, Berlin
2025-08-15 16:23:06,171 - ERROR - Failed to geocode address: 24, Berlin
2025-08-15 16:23:06,171 - INFO - Processing address 198/2495: Michaelkirchplatz 20, Berlin
2025-08-15 16:23:07,715 - INFO - Geocoded: Michaelkirchplatz 20, Berlin -> (52.5071216, 13.4192456) confidence: 0.06675542153047989
2025-08-15 16:23:07,715 - INFO - Updated Adolf Traube: (52.5071216, 13.4192456)
2025-08-15 16:23:07,715 - INFO - Processing address 199/2495: Steinmetzstr. 25, Berlin
2025-08-15 16:23:09,252 - INFO - Geocoded: Steinmetzstr. 25, Berlin -> (52.4146281, 13.306688) confidence: 8.875486381318407e-05
2025-08-15 16:23:09,252 - INFO - Updated Adolf Wagner & Co: (52.4146281, 13.306688)
2025-08-15 16:23:09,253 - INFO - Processing address 200/2495: Hausvogteiplatz 8/9, Berlin
2025-08-15 16:23:10,888 - INFO - Geocoded: Hausvogteiplatz 8/9, Berlin -> (52.5128725, 13.3963574) confidence: 0.29699664641894313
2025-08-15 16:23:10,889 - INFO - Updated Adolf Weil & Orbach: (52.5128725, 13.3963574)
2025-08-15 16:23:10,889 - INFO - Progress: 200/2495 addresses processed
2025-08-15 16:23:10,939 - INFO - Processing address 201/2495: Krautstr. 37, Berlin
2025-08-15 16:23:12,629 - INFO - Geocoded: Krautstr. 37, Berlin -> (52.5170743, 13.4294648) confidence: 0.05342208819714653
2025-08-15 16:23:12,629 - INFO - Updated Adolf Weinberg: (52.5170743, 13.4294648)
2025-08-15 16:23:12,629 - INFO - Processing address 202/2495: Hochhaus am Alexanderplatz  1, Berlin
2025-08-15 16:23:19,410 - WARNING - Failed to geocode: Hochhaus am Alexanderplatz  1, Berlin
2025-08-15 16:23:19,410 - ERROR - Failed to geocode address: Hochhaus am Alexanderplatz  1, Berlin
2025-08-15 16:23:19,410 - INFO - Processing address 203/2495: Zimmerstr. 34, Berlin
2025-08-15 16:23:21,023 - INFO - Geocoded: Zimmerstr. 34, Berlin -> (52.5081653, 13.3982488) confidence: 0.07085170629346904
2025-08-15 16:23:21,023 - INFO - Updated Adolf Weißmann & Co: (52.50832172646172, 13.39853875933714)
2025-08-15 16:23:21,023 - INFO - Updated Ferdinand Nußbaum: (52.508594498860916, 13.398494636882447)
2025-08-15 16:23:21,023 - INFO - Processing address 204/2495: Grünstr. 3/4, Berlin
2025-08-15 16:23:22,953 - INFO - Geocoded: Grünstr. 3/4, Berlin -> (52.4448784, 13.5758015) confidence: 0.05342208819714653
2025-08-15 16:23:22,953 - INFO - Updated Adolf Wittkowski: (52.4448784, 13.5758015)
2025-08-15 16:23:22,953 - INFO - Processing address 205/2495: Zimmerstr. 95/96, Berlin
2025-08-15 16:23:24,748 - INFO - Geocoded: Zimmerstr. 95/96, Berlin -> (52.5081653, 13.3982488) confidence: 0.07085170629346904
2025-08-15 16:23:24,765 - INFO - Updated Adolf Wolff: (52.50771630499652, 13.398481800936318)
2025-08-15 16:23:24,765 - INFO - Updated Gebr. Weigert: (52.50853851083147, 13.398834594255353)
2025-08-15 16:23:24,765 - INFO - Processing address 206/2495: Holsteiner Ufer 21, Berlin
2025-08-15 16:23:27,676 - INFO - Geocoded: Holsteiner Ufer 21, Berlin -> (52.5225771, 13.3435923) confidence: 0.05342208819714653
2025-08-15 16:23:27,676 - INFO - Updated Adolf Wolffsky: (52.5225771, 13.3435923)
2025-08-15 16:23:27,676 - INFO - Processing address 207/2495: Jakobstr. 9, Berlin
2025-08-15 16:23:30,340 - INFO - Geocoded: Jakobstr. 9, Berlin -> (52.5260336, 13.4125015) confidence: 0.05342208819714653
2025-08-15 16:23:30,340 - INFO - Updated Adolf Zumpe senior GmbH: (52.5260336, 13.4125015)
2025-08-15 16:23:30,340 - INFO - Processing address 208/2495: Hohenzollerndamm 123, Berlin
2025-08-15 16:23:31,795 - INFO - Geocoded: Hohenzollerndamm 123, Berlin -> (52.4807202, 13.2878726) confidence: 8.875486381318407e-05
2025-08-15 16:23:31,795 - INFO - Updated Adolph Asch Söhne: (52.4807202, 13.2878726)
2025-08-15 16:23:31,795 - INFO - Processing address 209/2495: Jägerstr. 26, Berlin
2025-08-15 16:23:33,455 - INFO - Geocoded: Jägerstr. 26, Berlin -> (52.5139813, 13.3952452) confidence: 8.875486381318407e-05
2025-08-15 16:23:33,456 - INFO - Updated Adolph Burchardt Soehne: (52.5139813, 13.3952452)
2025-08-15 16:23:33,456 - INFO - Processing address 210/2495: Monbijouplatz 10, Berlin
2025-08-15 16:23:34,880 - INFO - Geocoded: Monbijouplatz 10, Berlin -> (52.522855, 13.3990496) confidence: 8.875486381318407e-05
2025-08-15 16:23:34,880 - INFO - Updated Adolph Danziger: (52.522855, 13.3990496)
2025-08-15 16:23:34,880 - INFO - Processing address 211/2495: Viktoriastr. 34, Berlin
2025-08-15 16:23:36,484 - INFO - Geocoded: Viktoriastr. 34, Berlin -> (52.4475552, 13.6317867) confidence: 8.875486381318407e-05
2025-08-15 16:23:36,484 - INFO - Updated Adolph Fürstner: (52.4475552, 13.6317867)
2025-08-15 16:23:36,484 - INFO - Processing address 212/2495: 114, Berlin
2025-08-15 16:23:36,484 - WARNING - Incomplete address detected: 114, Berlin
2025-08-15 16:23:36,484 - ERROR - Failed to geocode address: 114, Berlin
2025-08-15 16:23:36,484 - INFO - Processing address 213/2495: 80, Berlin
2025-08-15 16:23:36,484 - WARNING - Incomplete address detected: 80, Berlin
2025-08-15 16:23:36,484 - ERROR - Failed to geocode address: 80, Berlin
2025-08-15 16:23:36,484 - INFO - Processing address 214/2495: Fasanenstr. 20, Berlin
2025-08-15 16:23:38,123 - INFO - Geocoded: Fasanenstr. 20, Berlin -> (52.5036202, 13.3273772) confidence: 8.875486381318407e-05
2025-08-15 16:23:38,123 - INFO - Updated Adolph Kraft Nachfolger: (52.5036202, 13.3273772)
2025-08-15 16:23:38,123 - INFO - Processing address 215/2495: Kurfürstendamm 200, Berlin
2025-08-15 16:23:39,826 - INFO - Geocoded: Kurfürstendamm 200, Berlin -> (52.5014929, 13.320417) confidence: 8.875486381318407e-05
2025-08-15 16:23:39,826 - INFO - Updated Adolph Lewin: (52.5014929, 13.320417)
2025-08-15 16:23:39,826 - INFO - Processing address 216/2495: 14/16, Berlin
2025-08-15 16:23:43,856 - INFO - Geocoded: 14/16, Berlin -> (52.510885, 13.3989367) confidence: 0.840425236063765
2025-08-15 16:23:43,856 - INFO - Updated Adolph Lewin Farbspritzerei: (52.510885, 13.3989367)
2025-08-15 16:23:43,857 - INFO - Processing address 217/2495: Badstr. 55, Berlin
2025-08-15 16:23:45,554 - INFO - Geocoded: Badstr. 55, Berlin -> (52.5519132, 13.3819359) confidence: 8.875486381318407e-05
2025-08-15 16:23:45,554 - INFO - Updated Adolph Lewinski: (52.5519132, 13.3819359)
2025-08-15 16:23:45,554 - INFO - Processing address 218/2495: Inselstr. 9, Berlin
2025-08-15 16:23:48,895 - INFO - Geocoded: Inselstr. 9, Berlin -> (52.4465749, 13.1698556) confidence: 8.875486381318407e-05
2025-08-15 16:23:48,896 - INFO - Updated Adolph Maas & Co: (52.4465749, 13.1698556)
2025-08-15 16:23:49,088 - INFO - Processing address 219/2495: 27, Berlin
2025-08-15 16:23:49,089 - WARNING - Incomplete address detected: 27, Berlin
2025-08-15 16:23:49,089 - ERROR - Failed to geocode address: 27, Berlin
2025-08-15 16:23:49,089 - INFO - Processing address 220/2495: Alt Moabit 62/63, Berlin
2025-08-15 16:23:51,223 - INFO - Geocoded: Alt Moabit 62/63, Berlin -> (52.5228123, 13.3646111) confidence: 0.2936886391571847
2025-08-15 16:23:51,224 - INFO - Updated Adrema Export GmbH: (52.52314800677274, 13.364990638025317)
2025-08-15 16:23:51,224 - INFO - Updated Adrema-Verwaltungsgesellschaft mbH: (52.52286517450922, 13.364308628630557)
2025-08-15 16:23:51,224 - INFO - Processing address 221/2495: Alt Moabit 63/63, Berlin
2025-08-15 16:23:53,324 - INFO - Geocoded: Alt Moabit 63/63, Berlin -> (52.5228123, 13.3646111) confidence: 0.2936886391571847
2025-08-15 16:23:53,324 - INFO - Updated Adrema Maschinenbau-GmbH: (52.5228123, 13.3646111)
2025-08-15 16:23:53,325 - INFO - Processing address 222/2495: Lützowstr. 106, Berlin
2025-08-15 16:23:54,825 - INFO - Geocoded: Lützowstr. 106, Berlin -> (52.5020344, 13.3693009) confidence: 8.875486381318407e-05
2025-08-15 16:23:54,827 - INFO - Updated Adriane Fabrikation chemischer und kosmetischer Artikel, GmbH: (52.502208794805675, 13.368905334362948)
2025-08-15 16:23:54,828 - INFO - Updated Chemipan Laboratorium chemo-therapeutischer Präparate GmbH: (52.50193097193949, 13.368792768113519)
2025-08-15 16:23:54,828 - INFO - Processing address 223/2495: Kalkreuthstr. 15, Berlin
2025-08-15 16:24:00,207 - WARNING - Failed to geocode: Kalkreuthstr. 15, Berlin
2025-08-15 16:24:00,222 - ERROR - Failed to geocode address: Kalkreuthstr. 15, Berlin
2025-08-15 16:24:00,227 - INFO - Processing address 224/2495: Ritterstr. 75, Berlin
2025-08-15 16:24:01,942 - INFO - Geocoded: Ritterstr. 75, Berlin -> (52.5049928, 13.3982162) confidence: 0.05342208819714653
2025-08-15 16:24:01,944 - INFO - Updated Aerozon-Fabrik G. & B. Sternberg: (52.5049928, 13.3982162)
2025-08-15 16:24:01,946 - INFO - Processing address 225/2495: Gartenstr. 19, Berlin
2025-08-15 16:24:04,035 - INFO - Geocoded: Gartenstr. 19, Berlin -> (52.5548677, 13.4705678) confidence: 8.875486381318407e-05
2025-08-15 16:24:04,035 - INFO - Updated Aesculap-Apotheke Erich Jacobowitz: (52.5548677, 13.4705678)
2025-08-15 16:24:04,036 - INFO - Processing address 226/2495: Lehderstr. 39/41, Berlin
2025-08-15 16:24:05,846 - INFO - Geocoded: Lehderstr. 39/41, Berlin -> (52.5481954, 13.4453205) confidence: 0.05342208819714653
2025-08-15 16:24:05,847 - INFO - Updated Aetz- und Emaillierwerk Schilder-Fischer GmbH: (52.5481954, 13.4453205)
2025-08-15 16:24:05,847 - INFO - Processing address 227/2495: 87/89, Berlin
2025-08-15 16:24:08,108 - INFO - Geocoded: 87/89, Berlin -> (52.510885, 13.3989367) confidence: 0.840425236063765
2025-08-15 16:24:08,108 - INFO - Updated Agenturfirma Julius Lichtstern: (52.510885, 13.3989367)
2025-08-15 16:24:08,108 - INFO - Processing address 228/2495: Tabbertstr. 13, Berlin
2025-08-15 16:24:09,590 - INFO - Geocoded: Tabbertstr. 13, Berlin -> (52.4681341, 13.5027506) confidence: 8.875486381318407e-05
2025-08-15 16:24:09,590 - INFO - Updated Agil Schweißverfahren GmbH: (52.4681341, 13.5027506)
2025-08-15 16:24:09,590 - INFO - Processing address 229/2495: Tabbertstr. 12, Berlin
2025-08-15 16:24:11,354 - INFO - Geocoded: Tabbertstr. 12, Berlin -> (52.4676032, 13.5026039) confidence: 8.875486381318407e-05
2025-08-15 16:24:11,354 - INFO - Updated Agil Techn. Apparate Neumann & Co: (52.4676032, 13.5026039)
2025-08-15 16:24:11,354 - INFO - Processing address 230/2495: Markgrafenstr. 36, Berlin
2025-08-15 16:24:12,906 - INFO - Geocoded: Markgrafenstr. 36, Berlin -> (52.6338274, 13.2999816) confidence: 8.875486381318407e-05
2025-08-15 16:24:12,906 - INFO - Updated Ago Grundstücks-AG: (52.6338274, 13.2999816)
2025-08-15 16:24:12,906 - INFO - Processing address 231/2495: Unter den Linden 45, Berlin
2025-08-15 16:24:15,066 - INFO - Geocoded: Unter den Linden 45, Berlin -> (52.517382, 13.3957141) confidence: 0.5148900273965856
2025-08-15 16:24:15,067 - INFO - Updated Ahage Allgemeine Hotelgesellschaft mbH: (52.517382, 13.3957141)
2025-08-15 16:24:15,067 - INFO - Processing address 232/2495: Am Park 20, Berlin
2025-08-15 16:24:17,317 - INFO - Geocoded: Am Park 20, Berlin -> (52.5107428, 13.3743818) confidence: 0.04008875486381322
2025-08-15 16:24:17,317 - INFO - Updated Ahasver Grundstücks-Verwaltungs- und Verwertungs-AG: (52.5107428, 13.3743818)
2025-08-15 16:24:17,317 - INFO - Processing address 233/2495: Krausenstr. 17/18, Berlin
2025-08-15 16:24:18,877 - INFO - Geocoded: Krausenstr. 17/18, Berlin -> (52.5092074, 13.3933635) confidence: 0.35182458214669665
2025-08-15 16:24:18,877 - INFO - Updated Ahders & Basch AG: (52.5091823284781, 13.393812756789387)
2025-08-15 16:24:18,877 - INFO - Updated Cohen & Kempe: (52.50890520899518, 13.393164545620273)
2025-08-15 16:24:18,877 - INFO - Updated Dick & Goldschmidt: (52.50907027572509, 13.393644362649749)
2025-08-15 16:24:18,877 - INFO - Updated Gebrüder Haar: (52.50948153216567, 13.393495436454788)
2025-08-15 16:24:18,877 - INFO - Processing address 234/2495: Wannsee 5, Berlin
2025-08-15 16:24:20,445 - INFO - Geocoded: Wannsee 5, Berlin -> (52.4084773, 13.1071902) confidence: 8.875486381318407e-05
2025-08-15 16:24:20,445 - INFO - Updated Ahrends, Edmund: (52.4084773, 13.1071902)
2025-08-15 16:24:20,445 - INFO - Processing address 235/2495: Schillerstr. 111, Berlin
2025-08-15 16:24:22,336 - INFO - Geocoded: Schillerstr. 111, Berlin -> (52.4032993, 13.4003404) confidence: 8.875486381318407e-05
2025-08-15 16:24:22,336 - INFO - Updated Aisik Futtermann: (52.4032993, 13.4003404)
2025-08-15 16:24:22,336 - INFO - Processing address 236/2495: Dahlmannstr. 5, Berlin
2025-08-15 16:24:23,754 - INFO - Geocoded: Dahlmannstr. 5, Berlin -> (52.5026098, 13.3036532) confidence: 8.875486381318407e-05
2025-08-15 16:24:23,781 - INFO - Updated Ajanoth Hebräischer Verlag GmbH: (52.5026098, 13.3036532)
2025-08-15 16:24:23,782 - INFO - Processing address 237/2495: Molktestr. 1, Berlin
2025-08-15 16:24:29,149 - WARNING - Failed to geocode: Molktestr. 1, Berlin
2025-08-15 16:24:29,150 - ERROR - Failed to geocode address: Molktestr. 1, Berlin
2025-08-15 16:24:29,150 - INFO - Processing address 238/2495: Sophienstr. 12, Berlin
2025-08-15 16:24:30,736 - INFO - Geocoded: Sophienstr. 12, Berlin -> (52.5251127, 13.4030899) confidence: 8.875486381318407e-05
2025-08-15 16:24:30,736 - INFO - Updated Alb. B. Schlesinger: (52.5251127, 13.4030899)
2025-08-15 16:24:30,736 - INFO - Processing address 239/2495: Klosterstr. 67, Berlin
2025-08-15 16:24:32,315 - INFO - Geocoded: Klosterstr. 67, Berlin -> (52.5170386, 13.4126018) confidence: 8.875486381318407e-05
2025-08-15 16:24:32,316 - INFO - Updated Albert & Bruno Fischer: (52.5170386, 13.4126018)
2025-08-15 16:24:32,316 - INFO - Processing address 240/2495: Poststr. 30, Berlin
2025-08-15 16:24:34,346 - INFO - Geocoded: Poststr. 30, Berlin -> (52.5173976, 13.4057702) confidence: 8.875486381318407e-05
2025-08-15 16:24:34,347 - INFO - Updated Albert A. Levy: (52.51756207684319, 13.406252579272826)
2025-08-15 16:24:34,347 - INFO - Updated Friedmann & Co. Gummimäntelfabrikation: (52.51759679000593, 13.406054272554623)
2025-08-15 16:24:34,347 - INFO - Processing address 241/2495: Prinzenallee 77, Berlin
2025-08-15 16:24:35,844 - INFO - Geocoded: Prinzenallee 77, Berlin -> (52.5547572, 13.3831858) confidence: 8.875486381318407e-05
2025-08-15 16:24:35,845 - INFO - Updated Albert Asch: (52.5547572, 13.3831858)
2025-08-15 16:24:35,845 - INFO - Processing address 242/2495: Barbarossastr. 45, Berlin
2025-08-15 16:24:37,408 - INFO - Geocoded: Barbarossastr. 45, Berlin -> (52.492126, 13.344182) confidence: 8.875486381318407e-05
2025-08-15 16:24:37,408 - INFO - Updated Albert Aschheim Tuch- und Seiden-Manufaktur: (52.492126, 13.344182)
2025-08-15 16:24:37,408 - INFO - Processing address 243/2495: Neue Promenade 6, Berlin
2025-08-15 16:24:39,135 - INFO - Geocoded: Neue Promenade 6, Berlin -> (52.5228941, 13.401443) confidence: 8.875486381318407e-05
2025-08-15 16:24:39,135 - INFO - Updated Albert Becher: (52.5228941, 13.401443)
2025-08-15 16:24:39,135 - INFO - Processing address 244/2495: Dirckesenstr. 50, Berlin
2025-08-15 16:24:44,493 - WARNING - Failed to geocode: Dirckesenstr. 50, Berlin
2025-08-15 16:24:44,494 - ERROR - Failed to geocode address: Dirckesenstr. 50, Berlin
2025-08-15 16:24:44,494 - INFO - Processing address 245/2495: Schlüterstr. 29, Berlin
2025-08-15 16:24:45,939 - INFO - Geocoded: Schlüterstr. 29, Berlin -> (52.5039802, 13.3169304) confidence: 8.875486381318407e-05
2025-08-15 16:24:45,939 - INFO - Updated Albert Blumenthal: (52.5039802, 13.3169304)
2025-08-15 16:24:45,939 - INFO - Processing address 246/2495: Markgrafenstr. 21, Berlin
2025-08-15 16:24:47,511 - INFO - Geocoded: Markgrafenstr. 21, Berlin -> (52.5166199, 13.6126971) confidence: 8.875486381318407e-05
2025-08-15 16:24:47,511 - INFO - Updated Albert Bondi: (52.5166199, 13.6126971)
2025-08-15 16:24:47,511 - INFO - Processing address 247/2495: Markusstr. 1, Berlin
2025-08-15 16:24:49,007 - INFO - Geocoded: Markusstr. 1, Berlin -> (52.5148717, 13.4282239) confidence: 8.875486381318407e-05
2025-08-15 16:24:49,008 - INFO - Updated Albert Brasch Damenmäntelfabrik: (52.5148717, 13.4282239)
2025-08-15 16:24:49,008 - INFO - Processing address 248/2495: Hewaldstr. 4, Berlin
2025-08-15 16:24:50,492 - INFO - Geocoded: Hewaldstr. 4, Berlin -> (52.4815517, 13.3435021) confidence: 8.875486381318407e-05
2025-08-15 16:24:50,492 - INFO - Updated Albert Brody: (52.4815517, 13.3435021)
2025-08-15 16:24:50,492 - INFO - Processing address 249/2495: 112, Berlin
2025-08-15 16:24:50,492 - WARNING - Incomplete address detected: 112, Berlin
2025-08-15 16:24:50,492 - ERROR - Failed to geocode address: 112, Berlin
2025-08-15 16:24:50,492 - INFO - Processing address 250/2495: Lessingstr. 37, Berlin
2025-08-15 16:24:52,229 - INFO - Geocoded: Lessingstr. 37, Berlin -> (52.589958, 13.3659245) confidence: 8.875486381318407e-05
2025-08-15 16:24:52,229 - INFO - Updated Albert Coppermann: (52.59022158005085, 13.365935783965053)
2025-08-15 16:24:52,229 - INFO - Updated Eisenberg & Fraenkel: (52.58961629823709, 13.365689311592028)
2025-08-15 16:24:52,229 - INFO - Processing address 251/2495: Unter den Linden 39, Berlin
2025-08-15 16:24:53,660 - INFO - Geocoded: Unter den Linden 39, Berlin -> (52.5165712, 13.387757) confidence: 8.875486381318407e-05
2025-08-15 16:24:53,660 - INFO - Updated Albert David: (52.516489706898206, 13.387746430886088)
2025-08-15 16:24:53,661 - INFO - Updated Deutsche Bahnspedition Schenker & Co GmbH: (52.5170005783797, 13.38751034574827)
2025-08-15 16:24:53,661 - INFO - Updated Ferdinand Weil: (52.51613329291673, 13.388227418778078)
2025-08-15 16:24:53,661 - INFO - Processing address 252/2495: 11, Berlin
2025-08-15 16:24:53,661 - WARNING - Incomplete address detected: 11, Berlin
2025-08-15 16:24:53,661 - ERROR - Failed to geocode address: 11, Berlin
2025-08-15 16:24:53,661 - INFO - Processing address 253/2495: Hausvogteiplatz 6/7, Berlin
2025-08-15 16:24:55,386 - INFO - Geocoded: Hausvogteiplatz 6/7, Berlin -> (52.5128725, 13.3963574) confidence: 0.29699664641894313
2025-08-15 16:24:55,386 - INFO - Updated Albert Dzialoszynski & Co in Liqu.: (52.512986516296856, 13.396760707687912)
2025-08-15 16:24:55,387 - INFO - Updated Behrens & Baumann: (52.51265138885043, 13.396844127927514)
2025-08-15 16:24:55,387 - INFO - Updated Büxenstein & Co: (52.51274625017356, 13.395946668143534)
2025-08-15 16:24:55,387 - INFO - Updated Georg Hamburger: (52.5129021104469, 13.396110413532861)
2025-08-15 16:24:55,387 - INFO - Processing address 254/2495: Stülerstr. 13, Berlin
2025-08-15 16:24:57,104 - INFO - Geocoded: Stülerstr. 13, Berlin -> (52.5092499, 13.3500105) confidence: 0.05342208819714653
2025-08-15 16:24:57,104 - INFO - Updated Albert Falkenburger: (52.5092499, 13.3500105)
2025-08-15 16:24:57,104 - INFO - Processing address 255/2495: Elisabethstr.  11, Berlin
2025-08-15 16:24:59,328 - INFO - Geocoded: Elisabethstr.  11, Berlin -> (52.3896458, 13.3912619) confidence: 8.875486381318407e-05
2025-08-15 16:24:59,328 - INFO - Updated Albert Feldblum: (52.3896458, 13.3912619)
2025-08-15 16:24:59,328 - INFO - Processing address 256/2495: Wullenweberstr. 9, Berlin
2025-08-15 16:25:00,790 - INFO - Geocoded: Wullenweberstr. 9, Berlin -> (52.5188665, 13.3319563) confidence: 8.875486381318407e-05
2025-08-15 16:25:00,790 - INFO - Updated Albert Friedländer: (52.5188665, 13.3319563)
2025-08-15 16:25:00,790 - INFO - Processing address 257/2495: Alexanderstr. 42, Berlin
2025-08-15 16:25:02,589 - INFO - Geocoded: Alexanderstr. 42, Berlin -> (52.5203301, 13.4156813) confidence: 0.05342208819714653
2025-08-15 16:25:02,589 - INFO - Updated Albert Gleiser Möbelfabrik-AG: (52.52045883433985, 13.415825531460772)
2025-08-15 16:25:02,589 - INFO - Updated Albert Gleiser Möbelhaus GmbH: (52.52072937312398, 13.415315341470674)
2025-08-15 16:25:02,589 - INFO - Processing address 258/2495: Saatwinkler Damm 14/15, Berlin
2025-08-15 16:25:04,546 - INFO - Geocoded: Saatwinkler Damm 14/15, Berlin -> (52.5478279, 13.3055216) confidence: 0.05342208819714653
2025-08-15 16:25:04,546 - INFO - Updated Albert Goldberg: (52.5478279, 13.3055216)
2025-08-15 16:25:04,546 - INFO - Processing address 259/2495: Friedrichstr. 235, Berlin
2025-08-15 16:25:06,123 - INFO - Geocoded: Friedrichstr. 235, Berlin -> (52.5023646, 13.3910014) confidence: 8.875486381318407e-05
2025-08-15 16:25:06,129 - INFO - Updated Albert Gottheimer GmbH: (52.502288592461305, 13.390823844131392)
2025-08-15 16:25:06,129 - INFO - Updated Hansa Mechanische Trikotwaren- und Wäschefabrik GmbH: (52.50255006608599, 13.39127478592818)
2025-08-15 16:25:06,129 - INFO - Processing address 260/2495: Rosenstr. 1, Berlin
2025-08-15 16:25:08,016 - INFO - Geocoded: Rosenstr. 1, Berlin -> (52.5215991, 13.4041123) confidence: 8.875486381318407e-05
2025-08-15 16:25:08,016 - INFO - Updated Albert Graetz: (52.521884135932666, 13.404252702303923)
2025-08-15 16:25:08,016 - INFO - Updated Arnold Dreifuß: (52.52141467979719, 13.404138731289724)
2025-08-15 16:25:08,016 - INFO - Processing address 261/2495: Burgstr. 3, Berlin
2025-08-15 16:25:09,845 - INFO - Geocoded: Burgstr. 3, Berlin -> (52.5160467, 13.4058812) confidence: 8.875486381318407e-05
2025-08-15 16:25:09,845 - INFO - Updated Albert Grundei Wäsche-Verleih: (52.51649045249698, 13.405582418744151)
2025-08-15 16:25:09,845 - INFO - Updated Berolina Lederhandel GmbH: (52.516012911728915, 13.405763975709316)
2025-08-15 16:25:09,845 - INFO - Processing address 262/2495: Maaßenstr. 13, Berlin
2025-08-15 16:25:11,282 - INFO - Geocoded: Maaßenstr. 13, Berlin -> (52.4974677, 13.3547118) confidence: 8.875486381318407e-05
2025-08-15 16:25:11,282 - INFO - Updated Albert Grünpeter: (52.4974677, 13.3547118)
2025-08-15 16:25:11,282 - INFO - Processing address 263/2495: 30, Berlin
2025-08-15 16:25:11,282 - WARNING - Incomplete address detected: 30, Berlin
2025-08-15 16:25:11,282 - ERROR - Failed to geocode address: 30, Berlin
2025-08-15 16:25:11,282 - INFO - Processing address 264/2495: Bellevuestr. 14, Berlin
2025-08-15 16:25:13,945 - INFO - Geocoded: Bellevuestr. 14, Berlin -> (52.4542006, 13.5923789) confidence: 8.875486381318407e-05
2025-08-15 16:25:13,945 - INFO - Updated Albert Hahn, Röhren-Walzwerk: (52.454572599935815, 13.592972107829866)
2025-08-15 16:25:13,946 - INFO - Updated Der Deutsche Volkswirt GmbH: (52.45427952315352, 13.59219275613707)
2025-08-15 16:25:13,946 - INFO - Updated Hahnsche Werke AG: (52.454167380257466, 13.592795923650254)
2025-08-15 16:25:13,946 - INFO - Processing address 265/2495: Albrechtstr. 25, Berlin
2025-08-15 16:25:15,685 - INFO - Geocoded: Albrechtstr. 25, Berlin -> (52.5237577, 13.3837691) confidence: 8.875486381318407e-05
2025-08-15 16:25:15,686 - INFO - Updated Albert Heimann, Bureau für Hypotheken- und Immobilienverkehr: (52.5237577, 13.3837691)
2025-08-15 16:25:15,686 - INFO - Processing address 266/2495: Waßmannstr. 15, Berlin
2025-08-15 16:25:21,635 - WARNING - Failed to geocode: Waßmannstr. 15, Berlin
2025-08-15 16:25:21,638 - ERROR - Failed to geocode address: Waßmannstr. 15, Berlin
2025-08-15 16:25:21,638 - INFO - Processing address 267/2495: Rungestr. 18, Berlin
2025-08-15 16:25:23,079 - INFO - Geocoded: Rungestr. 18, Berlin -> (52.5120929, 13.4199437) confidence: 8.875486381318407e-05
2025-08-15 16:25:23,080 - INFO - Updated Albert Hübner Nachflgr.: (52.51246215784874, 13.419468149903956)
2025-08-15 16:25:23,080 - INFO - Updated Berthold Levy: (52.51186916569136, 13.419337935681314)
2025-08-15 16:25:23,080 - INFO - Updated Carl Böhm: (52.512537559232186, 13.420017884157534)
2025-08-15 16:25:23,080 - INFO - Processing address 268/2495: Haberlandstr. 11, Berlin
2025-08-15 16:25:24,662 - INFO - Geocoded: Haberlandstr. 11, Berlin -> (52.4907822, 13.3378848) confidence: 0.05342208819714653
2025-08-15 16:25:24,662 - INFO - Updated Albert Joel KG: (52.4907822, 13.3378848)
2025-08-15 16:25:24,662 - INFO - Processing address 269/2495: Ansbacher Str 22, Berlin
2025-08-15 16:25:26,263 - INFO - Geocoded: Ansbacher Str 22, Berlin -> (52.5027027, 13.3422673) confidence: 8.875486381318407e-05
2025-08-15 16:25:26,263 - INFO - Updated Albert Joel junior: (52.5027027, 13.3422673)
2025-08-15 16:25:26,263 - INFO - Processing address 270/2495: Dircksenstr. 47, Berlin
2025-08-15 16:25:27,727 - INFO - Geocoded: Dircksenstr. 47, Berlin -> (52.5235269, 13.4049135) confidence: 8.875486381318407e-05
2025-08-15 16:25:27,727 - INFO - Updated Albert Kaatz: (52.5235269, 13.4049135)
2025-08-15 16:25:27,727 - INFO - Processing address 271/2495: Yorckstr. 82, Berlin
2025-08-15 16:25:29,262 - INFO - Geocoded: Yorckstr. 82, Berlin -> (52.4932008, 13.3844342) confidence: 8.875486381318407e-05
2025-08-15 16:25:29,263 - INFO - Updated Albert Kasulke: (52.4932008, 13.3844342)
2025-08-15 16:25:29,263 - INFO - Processing address 272/2495: Mittelstr. 34, Berlin
2025-08-15 16:25:31,034 - INFO - Geocoded: Mittelstr. 34, Berlin -> (52.4542261, 13.3262147) confidence: 8.875486381318407e-05
2025-08-15 16:25:31,034 - INFO - Updated Albert Kerwitz: (52.4542261, 13.3262147)
2025-08-15 16:25:31,034 - INFO - Processing address 273/2495: Anzengruberstr. 6, Berlin
2025-08-15 16:25:32,464 - INFO - Geocoded: Anzengruberstr. 6, Berlin -> (52.4803231, 13.4389959) confidence: 8.875486381318407e-05
2025-08-15 16:25:32,464 - INFO - Updated Albert Krotoschin: (52.4803231, 13.4389959)
2025-08-15 16:25:32,464 - INFO - Processing address 274/2495: Alexandrinenstr. 22, Berlin
2025-08-15 16:25:34,039 - INFO - Geocoded: Alexandrinenstr. 22, Berlin -> (52.5066473, 13.4090003) confidence: 0.05342208819714653
2025-08-15 16:25:34,039 - INFO - Updated Albert Labus AG: (52.5066473, 13.4090003)
2025-08-15 16:25:34,039 - INFO - Processing address 275/2495: Thomasiusstr. 18, Berlin
2025-08-15 16:25:35,558 - INFO - Geocoded: Thomasiusstr. 18, Berlin -> (52.5222135, 13.3502954) confidence: 8.875486381318407e-05
2025-08-15 16:25:35,558 - INFO - Updated Albert Levy: (52.5222135, 13.3502954)
2025-08-15 16:25:35,558 - INFO - Processing address 276/2495: Friedrichstr. 38/49, Berlin
2025-08-15 16:25:37,969 - INFO - Geocoded: Friedrichstr. 38/49, Berlin -> (52.5015293, 13.3913508) confidence: 0.4683814607413573
2025-08-15 16:25:37,970 - INFO - Updated Albert Lipschütz: (52.5015293, 13.3913508)
2025-08-15 16:25:37,970 - INFO - Processing address 277/2495: Triftstr. 3, Berlin
2025-08-15 16:25:39,680 - INFO - Geocoded: Triftstr. 3, Berlin -> (52.5948507, 13.452588) confidence: 8.875486381318407e-05
2025-08-15 16:25:39,680 - INFO - Updated Albert Loewenthal: (52.5948507, 13.452588)
2025-08-15 16:25:39,680 - INFO - Processing address 278/2495: Königstr. 40, Berlin
2025-08-15 16:25:41,796 - INFO - Geocoded: Königstr. 40, Berlin -> (52.4336251, 13.253396) confidence: 8.875486381318407e-05
2025-08-15 16:25:41,796 - INFO - Updated Albert Maier u. Co Fabrik für Knabenkleidung: (52.4332815763287, 13.253667212062618)
2025-08-15 16:25:41,796 - INFO - Updated Erich Oling & Co: (52.434034901909364, 13.253844051234003)
2025-08-15 16:25:41,796 - INFO - Processing address 279/2495: Albert Marx, 50 Jahre alt ,  Berlin
2025-08-15 16:25:48,162 - WARNING - Failed to geocode: Albert Marx, 50 Jahre alt ,  Berlin
2025-08-15 16:25:48,163 - ERROR - Failed to geocode address: Albert Marx, 50 Jahre alt ,  Berlin
2025-08-15 16:25:48,163 - INFO - Processing address 280/2495: und Genussmittel Prenzlauer Allee  236, Berlin
2025-08-15 16:25:56,256 - WARNING - Failed to geocode: und Genussmittel Prenzlauer Allee  236, Berlin
2025-08-15 16:25:56,256 - ERROR - Failed to geocode address: und Genussmittel Prenzlauer Allee  236, Berlin
2025-08-15 16:25:56,257 - INFO - Processing address 281/2495: Oberlandstr. 65, Berlin
2025-08-15 16:25:57,734 - INFO - Geocoded: Oberlandstr. 65, Berlin -> (52.4641258, 13.4008227) confidence: 8.875486381318407e-05
2025-08-15 16:25:57,734 - INFO - Updated Albert Mendel AG: (52.4641258, 13.4008227)
2025-08-15 16:25:57,734 - INFO - Processing address 282/2495: Frankfurter Allee 68, Berlin
2025-08-15 16:25:59,675 - INFO - Geocoded: Frankfurter Allee 68, Berlin -> (52.5142844, 13.4667487) confidence: 8.875486381318407e-05
2025-08-15 16:25:59,675 - INFO - Updated Albert Meyer: (52.5142844, 13.4667487)
2025-08-15 16:25:59,675 - INFO - Processing address 283/2495: Mauerstr. 11, Berlin
2025-08-15 16:26:01,237 - INFO - Geocoded: Mauerstr. 11, Berlin -> (52.5099755, 13.3882087) confidence: 0.36105344208987866
2025-08-15 16:26:01,237 - INFO - Updated Albert Meyer, Getreide: (52.5099755, 13.3882087)
2025-08-15 16:26:01,237 - INFO - Processing address 284/2495: An der Spandauer Brücke 2, Berlin
2025-08-15 16:26:04,759 - INFO - Geocoded: An der Spandauer Brücke 2, Berlin -> (52.5219176, 13.4044761) confidence: 0.05342208819714653
2025-08-15 16:26:04,760 - INFO - Updated Albert Moses: (52.52169471709836, 13.404800749551152)
2025-08-15 16:26:04,760 - INFO - Updated F. & M. Grunwald: (52.52203815827729, 13.404523753230404)
2025-08-15 16:26:04,760 - INFO - Processing address 285/2495: Uhlandstr. 178, Berlin
2025-08-15 16:26:07,096 - INFO - Geocoded: Uhlandstr. 178, Berlin -> (52.5032274, 13.3256071) confidence: 8.875486381318407e-05
2025-08-15 16:26:07,096 - INFO - Updated Albert Neumann: (52.5032274, 13.3256071)
2025-08-15 16:26:07,096 - INFO - Processing address 286/2495: 38, Berlin
2025-08-15 16:26:07,096 - WARNING - Incomplete address detected: 38, Berlin
2025-08-15 16:26:07,096 - ERROR - Failed to geocode address: 38, Berlin
2025-08-15 16:26:07,096 - INFO - Processing address 287/2495: 72/74, Berlin
2025-08-15 16:26:09,424 - INFO - Geocoded: 72/74, Berlin -> (52.510885, 13.3989367) confidence: 0.840425236063765
2025-08-15 16:26:09,424 - INFO - Updated Albert Rosenhain Exportgesellschaft mbH: (52.51051682247083, 13.39876810533147)
2025-08-15 16:26:09,424 - INFO - Updated Albert Rosenhain GmbH: (52.510492096776616, 13.399504240298498)
2025-08-15 16:26:09,424 - INFO - Processing address 288/2495: Seydelstr. 17, Berlin
2025-08-15 16:26:10,846 - INFO - Geocoded: Seydelstr. 17, Berlin -> (52.5084404, 13.4049056) confidence: 8.875486381318407e-05
2025-08-15 16:26:10,846 - INFO - Updated Albert Rosenthal & Co: (52.5084404, 13.4049056)
2025-08-15 16:26:10,846 - INFO - Processing address 289/2495: 160, Berlin
2025-08-15 16:26:10,846 - WARNING - Incomplete address detected: 160, Berlin
2025-08-15 16:26:10,846 - ERROR - Failed to geocode address: 160, Berlin
2025-08-15 16:26:10,846 - INFO - Processing address 290/2495: Zimmerstr. 31, Berlin
2025-08-15 16:26:12,396 - INFO - Geocoded: Zimmerstr. 31, Berlin -> (52.5081653, 13.3982488) confidence: 0.07085170629346904
2025-08-15 16:26:12,396 - INFO - Updated Albert Stern: (52.5081653, 13.3982488)
2025-08-15 16:26:12,396 - INFO - Processing address 291/2495: Bachstr. 14, Berlin
2025-08-15 16:26:14,384 - INFO - Geocoded: Bachstr. 14, Berlin -> (52.4642144, 13.5709117) confidence: 8.875486381318407e-05
2025-08-15 16:26:14,385 - INFO - Updated Albert Stolzmann: (52.4642144, 13.5709117)
2025-08-15 16:26:14,385 - INFO - Processing address 292/2495: Hufelandstr. 41, Berlin
2025-08-15 16:26:16,038 - INFO - Geocoded: Hufelandstr. 41, Berlin -> (52.5304519, 13.4358906) confidence: 8.875486381318407e-05
2025-08-15 16:26:16,039 - INFO - Updated Albert Treuherz: (52.5304519, 13.4358906)
2025-08-15 16:26:16,039 - INFO - Processing address 293/2495: Sybelstr.  48, Berlin
2025-08-15 16:26:17,471 - INFO - Geocoded: Sybelstr.  48, Berlin -> (52.5018347, 13.3025533) confidence: 8.875486381318407e-05
2025-08-15 16:26:17,472 - INFO - Updated Albert Unger: (52.5018347, 13.3025533)
2025-08-15 16:26:17,472 - INFO - Processing address 294/2495: 63/64, Berlin
2025-08-15 16:26:19,366 - INFO - Geocoded: 63/64, Berlin -> (52.5280823, 13.4029506) confidence: 8.875486381318407e-05
2025-08-15 16:26:19,366 - INFO - Updated Albert Wallach: (52.527840927349935, 13.402471159733889)
2025-08-15 16:26:19,366 - INFO - Updated H. Schlesinger Wäschefabrik: (52.527908707360076, 13.403201823264013)
2025-08-15 16:26:19,366 - INFO - Processing address 295/2495: ( Trade ) Eingetragen im Handelsregister/ Gründung 1928 Erloschen 1939 Potsdamer Str. 82d,  Berlin
2025-08-15 16:26:24,704 - WARNING - Failed to geocode: ( Trade ) Eingetragen im Handelsregister/ Gründung 1928 Erloschen 1939 Potsdamer Str. 82d,  Berlin
2025-08-15 16:26:24,705 - ERROR - Failed to geocode address: ( Trade ) Eingetragen im Handelsregister/ Gründung 1928 Erloschen 1939 Potsdamer Str. 82d,  Berlin
2025-08-15 16:26:24,705 - INFO - Processing address 296/2495: Rankestr. 34, Berlin
2025-08-15 16:26:26,219 - INFO - Geocoded: Rankestr. 34, Berlin -> (52.5036453, 13.335294) confidence: 8.875486381318407e-05
2025-08-15 16:26:26,219 - INFO - Updated Alberti Schallplatten Vertriebs-GmbH: (52.5036453, 13.335294)
2025-08-15 16:26:26,219 - INFO - Processing address 297/2495: Ritterstr. 89, Berlin
2025-08-15 16:26:27,913 - INFO - Geocoded: Ritterstr. 89, Berlin -> (52.5049928, 13.3982162) confidence: 0.05342208819714653
2025-08-15 16:26:27,913 - INFO - Updated Albina Grundstücks-Erwerbsgesellschaft mbH: (52.5049928, 13.3982162)
2025-08-15 16:26:27,913 - INFO - Processing address 298/2495: Kantstr. 8, Berlin
2025-08-15 16:26:29,635 - INFO - Geocoded: Kantstr. 8, Berlin -> (52.5071815, 13.2912965) confidence: 8.875486381318407e-05
2025-08-15 16:26:29,636 - INFO - Updated Albogran F. du Bois-Reymond & Salz: (52.5071815, 13.2912965)
2025-08-15 16:26:29,636 - INFO - Processing address 299/2495: Schmidstr. 41, Berlin
2025-08-15 16:26:31,159 - INFO - Geocoded: Schmidstr. 41, Berlin -> (52.5086029, 13.4175295) confidence: 0.05342208819714653
2025-08-15 16:26:31,159 - INFO - Updated Alboldt & Co GmbH: (52.5086029, 13.4175295)
2025-08-15 16:26:31,159 - INFO - Processing address 300/2495: Yorckstr. 88, Berlin
2025-08-15 16:26:32,649 - INFO - Geocoded: Yorckstr. 88, Berlin -> (52.4929483, 13.3857665) confidence: 8.875486381318407e-05
2025-08-15 16:26:32,649 - INFO - Updated Albrechtsdorfer Holzverwertungsgesellschaft mbH: (52.4929483, 13.3857665)
2025-08-15 16:26:32,649 - INFO - Progress: 300/2495 addresses processed
2025-08-15 16:26:32,867 - INFO - Processing address 301/2495: Albrechtstr. 1, Berlin
2025-08-15 16:26:34,379 - INFO - Geocoded: Albrechtstr. 1, Berlin -> (52.4565861, 13.3209654) confidence: 8.875486381318407e-05
2025-08-15 16:26:34,379 - INFO - Updated Albrechtshof Lichtspiele GmbH: (52.4565861, 13.3209654)
2025-08-15 16:26:34,379 - INFO - Processing address 302/2495: Siegmundshof 16, Berlin
2025-08-15 16:26:40,449 - WARNING - Failed to geocode: Siegmundshof 16, Berlin
2025-08-15 16:26:40,450 - ERROR - Failed to geocode address: Siegmundshof 16, Berlin
2025-08-15 16:26:40,450 - INFO - Processing address 303/2495: Ringsstr 42, Berlin
2025-08-15 16:26:46,663 - WARNING - Failed to geocode: Ringsstr 42, Berlin
2025-08-15 16:26:46,665 - ERROR - Failed to geocode address: Ringsstr 42, Berlin
2025-08-15 16:26:46,665 - INFO - Processing address 304/2495: Kreuzbergstr. 30, Berlin
2025-08-15 16:26:48,316 - INFO - Geocoded: Kreuzbergstr. 30, Berlin -> (52.4896366, 13.3777065) confidence: 8.875486381318407e-05
2025-08-15 16:26:48,317 - INFO - Updated Aldemag Allgemeine Deutsche Margarine-AG: (52.48935499509768, 13.378237259864749)
2025-08-15 16:26:48,317 - INFO - Updated C. u. G. Müller Speisefett GmbH: (52.48923003719385, 13.3778053131048)
2025-08-15 16:26:48,317 - INFO - Processing address 305/2495: Hauptstr. 8, Berlin
2025-08-15 16:26:51,497 - INFO - Geocoded: Hauptstr. 8, Berlin -> (52.489586, 13.3578654) confidence: 8.875486381318407e-05
2025-08-15 16:26:51,497 - INFO - Updated Aldus Druck GmbH: (52.489586, 13.3578654)
2025-08-15 16:26:51,497 - INFO - Processing address 306/2495: Lützowstr. 42, Berlin
2025-08-15 16:26:52,955 - INFO - Geocoded: Lützowstr. 42, Berlin -> (52.5051452, 13.3582898) confidence: 8.875486381318407e-05
2025-08-15 16:26:52,955 - INFO - Updated Alebi Allgemeine Lebensmittel-Importgesellschaft mbH: (52.5051452, 13.3582898)
2025-08-15 16:26:52,955 - INFO - Processing address 307/2495: Goltzstr. 18/21, Berlin
2025-08-15 16:26:54,687 - INFO - Geocoded: Goltzstr. 18/21, Berlin -> (52.5612805, 13.2127515) confidence: 0.05342208819714653
2025-08-15 16:26:54,687 - INFO - Updated Alessinwerke Chemische Fabrik GmbH: (52.5610456033755, 13.212655586926546)
2025-08-15 16:26:54,687 - INFO - Updated Chemische Rohmaterialien Gesellschaft S. Rund & Co mbH: (52.56163307458728, 13.212664524369263)
2025-08-15 16:26:54,687 - INFO - Processing address 308/2495: Fliederstr. 4, Berlin
2025-08-15 16:26:56,229 - INFO - Geocoded: Fliederstr. 4, Berlin -> (52.4444211, 13.5961864) confidence: 8.875486381318407e-05
2025-08-15 16:26:56,230 - INFO - Updated Alex Birnbaum: (52.4444211, 13.5961864)
2025-08-15 16:26:56,230 - INFO - Processing address 309/2495: Luisenufer 11, Berlin
2025-08-15 16:27:01,507 - WARNING - Failed to geocode: Luisenufer 11, Berlin
2025-08-15 16:27:01,508 - ERROR - Failed to geocode address: Luisenufer 11, Berlin
2025-08-15 16:27:01,508 - INFO - Processing address 310/2495: Uhlandstr.  116, Berlin
2025-08-15 16:27:03,195 - INFO - Geocoded: Uhlandstr.  116, Berlin -> (52.489241, 13.3230925) confidence: 8.875486381318407e-05
2025-08-15 16:27:03,195 - INFO - Updated Alex Elsoffer: (52.489241, 13.3230925)
2025-08-15 16:27:03,195 - INFO - Processing address 311/2495: Kaiserstr. 33, Berlin
2025-08-15 16:27:05,079 - INFO - Geocoded: Kaiserstr. 33, Berlin -> (52.52206, 13.5527903) confidence: 8.875486381318407e-05
2025-08-15 16:27:05,079 - INFO - Updated Alex Flatow: (52.52206, 13.5527903)
2025-08-15 16:27:05,079 - INFO - Processing address 312/2495: Grünstr. 39, Berlin
2025-08-15 16:27:06,676 - INFO - Geocoded: Grünstr. 39, Berlin -> (52.5086662, 13.4041084) confidence: 8.875486381318407e-05
2025-08-15 16:27:06,677 - INFO - Updated Alex Goldmann: (52.5086662, 13.4041084)
2025-08-15 16:27:06,677 - INFO - Processing address 313/2495: Kronenstr. 29, Berlin
2025-08-15 16:27:08,247 - INFO - Geocoded: Kronenstr. 29, Berlin -> (52.511386, 13.3927068) confidence: 0.05342208819714653
2025-08-15 16:27:08,247 - INFO - Updated Alex Hiller & Co: (52.51156641390069, 13.392512816216605)
2025-08-15 16:27:08,247 - INFO - Updated Buchthal & Jacobson: (52.51174810308124, 13.39253673667364)
2025-08-15 16:27:08,247 - INFO - Updated Gebrüder E. & S. Bing GmbH: (52.51135690687644, 13.392701632856701)
2025-08-15 16:27:08,247 - INFO - Processing address 314/2495: Wilhelmstr. 1, Berlin
2025-08-15 16:27:10,716 - INFO - Geocoded: Wilhelmstr. 1, Berlin -> (52.5052522, 13.5144362) confidence: 8.875486381318407e-05
2025-08-15 16:27:10,716 - INFO - Updated Alex Hirsch: (52.50484735301526, 13.513816593741753)
2025-08-15 16:27:10,716 - INFO - Updated Gebr. Kleinmann GmbH: (52.505011757901926, 13.513955473313533)
2025-08-15 16:27:10,716 - INFO - Processing address 315/2495: Heiligegeiststr. 37, Berlin
2025-08-15 16:27:16,913 - WARNING - Failed to geocode: Heiligegeiststr. 37, Berlin
2025-08-15 16:27:16,913 - ERROR - Failed to geocode address: Heiligegeiststr. 37, Berlin
2025-08-15 16:27:16,913 - INFO - Processing address 316/2495: Chausseestr. 17, Berlin
2025-08-15 16:27:18,896 - INFO - Geocoded: Chausseestr. 17, Berlin -> (52.529906, 13.3841784) confidence: 8.875486381318407e-05
2025-08-15 16:27:18,897 - INFO - Updated Alex Zimmt: (52.529906, 13.3841784)
2025-08-15 16:27:18,897 - INFO - Processing address 317/2495: 37/38, Berlin
2025-08-15 16:27:21,764 - INFO - Geocoded: 37/38, Berlin -> (52.510885, 13.3989367) confidence: 0.840425236063765
2025-08-15 16:27:21,764 - INFO - Updated Alex. Mandelbaum: (52.51105087485464, 13.399110877370166)
2025-08-15 16:27:21,764 - INFO - Updated Danico Feinseifenfabrik GmbH: (52.51047456758236, 13.398511581895875)
2025-08-15 16:27:21,764 - INFO - Updated Gebr. Nadel: (52.511110564693986, 13.3989119851834)
2025-08-15 16:27:21,764 - INFO - Updated Georg Neustadt Furniere und Hölzer: (52.51044713679542, 13.399419692450182)
2025-08-15 16:27:21,764 - INFO - Processing address 318/2495: Wiesbadenerstr. 15, Berlin
2025-08-15 16:27:23,405 - INFO - Geocoded: Wiesbadenerstr. 15, Berlin -> (52.4002842, 13.4170302) confidence: 8.875486381318407e-05
2025-08-15 16:27:23,405 - INFO - Updated Alexander Bukofzer Weingroßhandlung und Herstellung von Spirituosen und Säften: (52.4002842, 13.4170302)
2025-08-15 16:27:23,405 - INFO - Processing address 319/2495: Markgrafenstr. 28, Berlin
2025-08-15 16:27:24,975 - INFO - Geocoded: Markgrafenstr. 28, Berlin -> (52.6331522, 13.3017869) confidence: 8.875486381318407e-05
2025-08-15 16:27:24,975 - INFO - Updated Alexander Conitzer: (52.63359495950114, 13.301875782067128)
2025-08-15 16:27:24,975 - INFO - Updated Carl Pohl: (52.632858338754765, 13.30199212230583)
2025-08-15 16:27:24,976 - INFO - Processing address 320/2495: Emser Straße 3, Berlin
2025-08-15 16:27:26,485 - INFO - Geocoded: Emser Straße 3, Berlin -> (52.4929007, 13.3195743) confidence: 8.875486381318407e-05
2025-08-15 16:27:26,485 - INFO - Updated Alexander Grundstücksgesellschaft m.b.H: (52.4929007, 13.3195743)
2025-08-15 16:27:26,485 - INFO - Processing address 321/2495: 93, Berlin
2025-08-15 16:27:26,485 - WARNING - Incomplete address detected: 93, Berlin
2025-08-15 16:27:26,485 - ERROR - Failed to geocode address: 93, Berlin
2025-08-15 16:27:26,485 - INFO - Processing address 322/2495: Ritterstr. 84, Berlin
2025-08-15 16:27:28,173 - INFO - Geocoded: Ritterstr. 84, Berlin -> (52.5049928, 13.3982162) confidence: 0.05342208819714653
2025-08-15 16:27:28,173 - INFO - Updated Alexander Heinrich: (52.5049928, 13.3982162)
2025-08-15 16:27:28,173 - INFO - Processing address 323/2495: Hochwildpfad 1, Berlin
2025-08-15 16:27:29,986 - INFO - Geocoded: Hochwildpfad 1, Berlin -> (52.4524007, 13.2567906) confidence: 8.875486381318407e-05
2025-08-15 16:27:29,986 - INFO - Updated Alexander Hermers: (52.4524007, 13.2567906)
2025-08-15 16:27:29,986 - INFO - Processing address 324/2495: Linkstr. 35, Berlin
2025-08-15 16:27:33,028 - INFO - Geocoded: Linkstr. 35, Berlin -> (52.5077958, 13.375353) confidence: 0.05342208819714653
2025-08-15 16:27:33,040 - INFO - Updated Alexander Herzfeld: (52.5077958, 13.375353)
2025-08-15 16:27:33,046 - INFO - Processing address 325/2495: Friedbergstr. 32, Berlin
2025-08-15 16:27:34,726 - INFO - Geocoded: Friedbergstr. 32, Berlin -> (52.5040185, 13.293211) confidence: 8.875486381318407e-05
2025-08-15 16:27:34,726 - INFO - Updated Alexander Herzog: (52.5040185, 13.293211)
2025-08-15 16:27:34,726 - INFO - Processing address 326/2495: Charlottenstr. 32, Berlin
2025-08-15 16:27:36,465 - INFO - Geocoded: Charlottenstr. 32, Berlin -> (52.5326033, 13.5600432) confidence: 8.875486381318407e-05
2025-08-15 16:27:36,465 - INFO - Updated Alexander Hiller Konfektion: (52.532263792179656, 13.559983268762581)
2025-08-15 16:27:36,465 - INFO - Updated Anton Meenen: (52.53217348532848, 13.560021332146553)
2025-08-15 16:27:36,468 - INFO - Updated Fischer & Fränkel: (52.53239251008653, 13.559787868759281)
2025-08-15 16:27:36,469 - INFO - Processing address 327/2495: Blumeshof 15, Berlin
2025-08-15 16:27:43,596 - WARNING - Failed to geocode: Blumeshof 15, Berlin
2025-08-15 16:27:43,605 - ERROR - Failed to geocode address: Blumeshof 15, Berlin
2025-08-15 16:27:43,610 - INFO - Processing address 328/2495: 28, Berlin
2025-08-15 16:27:43,610 - WARNING - Incomplete address detected: 28, Berlin
2025-08-15 16:27:43,611 - ERROR - Failed to geocode address: 28, Berlin
2025-08-15 16:27:43,611 - INFO - Processing address 329/2495: Florastr. 8, Berlin
2025-08-15 16:27:45,879 - INFO - Geocoded: Florastr. 8, Berlin -> (52.5163764, 13.6188338) confidence: 8.875486381318407e-05
2025-08-15 16:27:45,979 - INFO - Updated Alexander Kremener & Co: (52.5163764, 13.6188338)
2025-08-15 16:27:45,979 - INFO - Processing address 330/2495: Rosenstr. 15, Berlin
2025-08-15 16:27:47,674 - INFO - Geocoded: Rosenstr. 15, Berlin -> (52.4458223, 13.5770655) confidence: 8.875486381318407e-05
2025-08-15 16:27:47,679 - INFO - Updated Alexander Ledermann: (52.44592770666156, 13.576824698861682)
2025-08-15 16:27:47,680 - INFO - Updated Georg Gappe Leder-Agentur & Commission: (52.446054130765965, 13.577433885843638)
2025-08-15 16:27:47,680 - INFO - Processing address 331/2495: Rheinstr. 3, Berlin
2025-08-15 16:27:49,435 - INFO - Geocoded: Rheinstr. 3, Berlin -> (52.4712789, 13.3346723) confidence: 8.875486381318407e-05
2025-08-15 16:27:49,545 - INFO - Updated Alexander Levy: (52.4712789, 13.3346723)
2025-08-15 16:27:49,545 - INFO - Processing address 332/2495: Schönburgstr. 8, Berlin
2025-08-15 16:27:51,280 - INFO - Geocoded: Schönburgstr. 8, Berlin -> (52.4640137, 13.3815189) confidence: 8.875486381318407e-05
2025-08-15 16:27:51,327 - INFO - Updated Alexander Neißer: (52.4640137, 13.3815189)
2025-08-15 16:27:51,330 - INFO - Processing address 333/2495: Bleibtreustr. 6, Berlin
2025-08-15 16:27:52,907 - INFO - Geocoded: Bleibtreustr. 6, Berlin -> (52.505419, 13.3198324) confidence: 8.875486381318407e-05
2025-08-15 16:27:52,907 - INFO - Updated Alexander Riesenburger: (52.505419, 13.3198324)
2025-08-15 16:27:52,907 - INFO - Processing address 334/2495: Kronenstr. 48/49, Berlin
2025-08-15 16:27:54,742 - INFO - Geocoded: Kronenstr. 48/49, Berlin -> (52.511386, 13.3927068) confidence: 0.05342208819714653
2025-08-15 16:27:54,742 - INFO - Updated Alexander Rosenau: (52.511386, 13.3927068)
2025-08-15 16:27:54,742 - INFO - Processing address 335/2495: Kommandantenstr. 10/11, Berlin
2025-08-15 16:27:56,513 - INFO - Geocoded: Kommandantenstr. 10/11, Berlin -> (52.4377236, 13.2931855) confidence: 0.05342208819714653
2025-08-15 16:27:56,513 - INFO - Updated Alexander Rosenberg KG: (52.43738192104877, 13.292807182884586)
2025-08-15 16:27:56,513 - INFO - Updated H. Neumann & Co Damenhutfabrikation: (52.43816862350811, 13.293810455038349)
2025-08-15 16:27:56,513 - INFO - Updated Hans Brandt: (52.43755796333167, 13.293239157033614)
2025-08-15 16:27:56,513 - INFO - Processing address 336/2495: Barbarossastr. 39, Berlin
2025-08-15 16:27:58,018 - INFO - Geocoded: Barbarossastr. 39, Berlin -> (52.4921628, 13.3395675) confidence: 8.875486381318407e-05
2025-08-15 16:27:58,018 - INFO - Updated Alexander Stern: (52.49173572354458, 13.339453862218255)
2025-08-15 16:27:58,019 - INFO - Updated Bayerisches Viertel Grundstücks-AG: (52.49209572269396, 13.339585891110453)
2025-08-15 16:27:58,019 - INFO - Processing address 337/2495: Hausvogteiplatz 9, Berlin
2025-08-15 16:27:59,458 - INFO - Geocoded: Hausvogteiplatz 9, Berlin -> (52.5127055, 13.395951) confidence: 8.875486381318407e-05
2025-08-15 16:27:59,458 - INFO - Updated Alexander und Raphael KG: (52.51245570434903, 13.395560061122087)
2025-08-15 16:27:59,458 - INFO - Updated Byk & Ephraimson GmbH: (52.5130891656324, 13.395625152126193)
2025-08-15 16:27:59,458 - INFO - Updated Georg Cassel: (52.51256232100074, 13.396016341162047)
2025-08-15 16:27:59,458 - INFO - Processing address 338/2495: Siemensstr. 48, Berlin
2025-08-15 16:28:01,253 - INFO - Geocoded: Siemensstr. 48, Berlin -> (52.440731, 13.3294054) confidence: 8.875486381318407e-05
2025-08-15 16:28:01,253 - INFO - Updated Alexander, Georg: (52.440731, 13.3294054)
2025-08-15 16:28:01,253 - INFO - Processing address 339/2495: Calandrellistr. 29, Berlin
2025-08-15 16:28:02,672 - INFO - Geocoded: Calandrellistr. 29, Berlin -> (52.4401312, 13.3345056) confidence: 8.875486381318407e-05
2025-08-15 16:28:02,672 - INFO - Updated Alexander, Rolf: (52.4401312, 13.3345056)
2025-08-15 16:28:02,672 - INFO - Processing address 340/2495: Hewaldstr. 2, Berlin
2025-08-15 16:28:04,256 - INFO - Geocoded: Hewaldstr. 2, Berlin -> (52.4821081, 13.3435318) confidence: 8.875486381318407e-05
2025-08-15 16:28:04,256 - INFO - Updated Alexander, Siegfried: (52.4821081, 13.3435318)
2025-08-15 16:28:04,256 - INFO - Processing address 341/2495: Alexanderstr. 8, Berlin
2025-08-15 16:28:05,915 - INFO - Geocoded: Alexanderstr. 8, Berlin -> (52.5232447, 13.4122199) confidence: 8.875486381318407e-05
2025-08-15 16:28:05,915 - INFO - Updated Alexander-Apotheke Leopold Scheyer: (52.52307738250743, 13.411646087554246)
2025-08-15 16:28:05,915 - INFO - Updated Faust & Co: (52.52322965059222, 13.412510453521527)
2025-08-15 16:28:05,915 - INFO - Processing address 342/2495: Alexanderstr. 48, Berlin
2025-08-15 16:28:07,634 - INFO - Geocoded: Alexanderstr. 48, Berlin -> (52.5203301, 13.4156813) confidence: 0.05342208819714653
2025-08-15 16:28:07,634 - INFO - Updated Alexander-Drogerie Apotheker Israel Abraham: (52.5203301, 13.4156813)
2025-08-15 16:28:07,634 - INFO - Processing address 343/2495: 32/33, Berlin
2025-08-15 16:28:10,478 - INFO - Geocoded: 32/33, Berlin -> (52.510885, 13.3989367) confidence: 0.840425236063765
2025-08-15 16:28:10,479 - INFO - Updated Alfons Goldstein: (52.510885, 13.3989367)
2025-08-15 16:28:10,479 - INFO - Processing address 344/2495: 82, Berlin
2025-08-15 16:28:10,479 - WARNING - Incomplete address detected: 82, Berlin
2025-08-15 16:28:10,479 - ERROR - Failed to geocode address: 82, Berlin
2025-08-15 16:28:10,480 - INFO - Processing address 345/2495: Alexandrinenstr. 112, Berlin
2025-08-15 16:28:12,127 - INFO - Geocoded: Alexandrinenstr. 112, Berlin -> (52.5066473, 13.4090003) confidence: 0.05342208819714653
2025-08-15 16:28:12,127 - INFO - Updated Alfons Jacobsohn: (52.5066473, 13.4090003)
2025-08-15 16:28:12,127 - INFO - Processing address 346/2495: Unter den Linden 40/41, Berlin
2025-08-15 16:28:14,314 - INFO - Geocoded: Unter den Linden 40/41, Berlin -> (52.517382, 13.3957141) confidence: 0.5148900273965856
2025-08-15 16:28:14,314 - INFO - Updated Alfred Dienstfertig & Co: (52.517382, 13.3957141)
2025-08-15 16:28:14,314 - INFO - Processing address 347/2495: Engeldamm 8, Berlin
2025-08-15 16:28:15,859 - INFO - Geocoded: Engeldamm 8, Berlin -> (52.5065799, 13.4268523) confidence: 0.05342208819714653
2025-08-15 16:28:15,859 - INFO - Updated Alfred Drucker: (52.5065799, 13.4268523)
2025-08-15 16:28:15,859 - INFO - Processing address 348/2495: Schützenstr. 54/55, Berlin
2025-08-15 16:28:18,348 - INFO - Geocoded: Schützenstr. 54/55, Berlin -> (52.5509869, 13.2116088) confidence: 0.05342208819714653
2025-08-15 16:28:18,349 - INFO - Updated Alfred Elkan: (52.5509869, 13.2116088)
2025-08-15 16:28:18,349 - INFO - Processing address 349/2495: Mohrenstr. 45, Berlin
2025-08-15 16:28:19,824 - INFO - Geocoded: Mohrenstr. 45, Berlin -> (52.5124648, 13.3938803) confidence: 8.875486381318407e-05
2025-08-15 16:28:19,824 - INFO - Updated Alfred Ellinger: (52.51289990797259, 13.394353517359265)
2025-08-15 16:28:19,824 - INFO - Updated B. Lewkowitz: (52.512225389304625, 13.394205634712376)
2025-08-15 16:28:19,824 - INFO - Processing address 350/2495: Gartenstr.  26, Berlin
2025-08-15 16:28:21,631 - INFO - Geocoded: Gartenstr.  26, Berlin -> (52.5945061, 13.4565198) confidence: 8.875486381318407e-05
2025-08-15 16:28:21,631 - INFO - Updated Alfred Ephraim: (52.5945061, 13.4565198)
2025-08-15 16:28:21,632 - INFO - Processing address 351/2495: Kalkreuthstr. 10, Berlin
2025-08-15 16:28:27,061 - WARNING - Failed to geocode: Kalkreuthstr. 10, Berlin
2025-08-15 16:28:27,062 - ERROR - Failed to geocode address: Kalkreuthstr. 10, Berlin
2025-08-15 16:28:27,062 - INFO - Processing address 352/2495: Michaelkirchstr.  28, Berlin
2025-08-15 16:28:28,515 - INFO - Geocoded: Michaelkirchstr.  28, Berlin -> (52.5087869, 13.4196876) confidence: 8.875486381318407e-05
2025-08-15 16:28:28,515 - INFO - Updated Alfred Feibusch: (52.5087869, 13.4196876)
2025-08-15 16:28:28,515 - INFO - Processing address 353/2495: Fronhoferstr. 4, Berlin
2025-08-15 16:28:29,979 - INFO - Geocoded: Fronhoferstr. 4, Berlin -> (52.4530793, 13.3180824) confidence: 8.875486381318407e-05
2025-08-15 16:28:29,980 - INFO - Updated Alfred Heller vorm. Hugo Müller: (52.4530793, 13.3180824)
2025-08-15 16:28:29,980 - INFO - Processing address 354/2495: Zimmerstr. 19, Berlin
2025-08-15 16:28:31,513 - INFO - Geocoded: Zimmerstr. 19, Berlin -> (52.5074516, 13.389566) confidence: 8.875486381318407e-05
2025-08-15 16:28:31,513 - INFO - Updated Alfred Herz: (52.5074516, 13.389566)
2025-08-15 16:28:31,513 - INFO - Processing address 355/2495: Ilmenaustr. 2, Berlin
2025-08-15 16:28:37,744 - WARNING - Failed to geocode: Ilmenaustr. 2, Berlin
2025-08-15 16:28:37,744 - ERROR - Failed to geocode address: Ilmenaustr. 2, Berlin
2025-08-15 16:28:37,744 - INFO - Processing address 356/2495: 101, Berlin
2025-08-15 16:28:37,744 - WARNING - Incomplete address detected: 101, Berlin
2025-08-15 16:28:37,744 - ERROR - Failed to geocode address: 101, Berlin
2025-08-15 16:28:37,744 - INFO - Processing address 357/2495: Swinemünderstr.  68, Berlin
2025-08-15 16:28:39,327 - INFO - Geocoded: Swinemünderstr.  68, Berlin -> (52.5418258, 13.3986997) confidence: 0.2292915155073439
2025-08-15 16:28:39,327 - INFO - Updated Alfred Hurwitz: (52.5418258, 13.3986997)
2025-08-15 16:28:39,327 - INFO - Processing address 358/2495: Wielandstr. 36, Berlin
2025-08-15 16:28:41,025 - INFO - Geocoded: Wielandstr. 36, Berlin -> (52.4837287, 13.5915047) confidence: 8.875486381318407e-05
2025-08-15 16:28:41,025 - INFO - Updated Alfred Höxter: (52.4837287, 13.5915047)
2025-08-15 16:28:41,025 - INFO - Processing address 359/2495: Kommandantenstr. 7/9, Berlin
2025-08-15 16:28:42,733 - INFO - Geocoded: Kommandantenstr. 7/9, Berlin -> (52.4377236, 13.2931855) confidence: 0.05342208819714653
2025-08-15 16:28:42,734 - INFO - Updated Alfred J. Stern: (52.4377236, 13.2931855)
2025-08-15 16:28:42,734 - INFO - Processing address 360/2495: 40, Berlin
2025-08-15 16:28:42,734 - WARNING - Incomplete address detected: 40, Berlin
2025-08-15 16:28:42,734 - ERROR - Failed to geocode address: 40, Berlin
2025-08-15 16:28:42,734 - INFO - Processing address 361/2495: Alexandrinenstr. 49, Berlin
2025-08-15 16:28:44,176 - INFO - Geocoded: Alexandrinenstr. 49, Berlin -> (52.5065298, 13.409882) confidence: 8.875486381318407e-05
2025-08-15 16:28:44,176 - INFO - Updated Alfred Flatow: (52.50683898678674, 13.4104971641092)
2025-08-15 16:28:44,177 - INFO - Updated Fritz Böhm: (52.50613677458182, 13.40986310637872)
2025-08-15 16:28:44,177 - INFO - Processing address 362/2495: Heiligegeiststr. 6, Berlin
2025-08-15 16:28:50,142 - WARNING - Failed to geocode: Heiligegeiststr. 6, Berlin
2025-08-15 16:28:50,145 - ERROR - Failed to geocode address: Heiligegeiststr. 6, Berlin
2025-08-15 16:28:50,145 - INFO - Processing address 363/2495: Jägerstr. 79, Berlin
2025-08-15 16:28:51,663 - INFO - Geocoded: Jägerstr. 79, Berlin -> (52.4629698, 13.7305912) confidence: 5.1463340199847675e-05
2025-08-15 16:28:51,663 - INFO - Updated Alfred Freund & Co: (52.4629698, 13.7305912)
2025-08-15 16:28:51,663 - INFO - Processing address 364/2495: 70, Berlin
2025-08-15 16:28:51,663 - WARNING - Incomplete address detected: 70, Berlin
2025-08-15 16:28:51,663 - ERROR - Failed to geocode address: 70, Berlin
2025-08-15 16:28:51,663 - INFO - Processing address 365/2495: 26, Berlin
2025-08-15 16:28:51,663 - WARNING - Incomplete address detected: 26, Berlin
2025-08-15 16:28:51,663 - ERROR - Failed to geocode address: 26, Berlin
2025-08-15 16:28:51,663 - INFO - Processing address 366/2495: 97/100, Berlin
2025-08-15 16:28:54,966 - INFO - Geocoded: 97/100, Berlin -> (52.510885, 13.3989367) confidence: 0.840425236063765
2025-08-15 16:28:54,966 - INFO - Updated Alfred Gude & Co Chemische Fabrik GmbH: (52.510885, 13.3989367)
2025-08-15 16:28:54,966 - INFO - Processing address 367/2495: und Genussmittel Kaiserallee  111, Berlin
2025-08-15 16:29:02,762 - WARNING - Failed to geocode: und Genussmittel Kaiserallee  111, Berlin
2025-08-15 16:29:02,763 - ERROR - Failed to geocode address: und Genussmittel Kaiserallee  111, Berlin
2025-08-15 16:29:02,763 - INFO - Processing address 368/2495: Königstr. 19, Berlin
2025-08-15 16:29:04,711 - INFO - Geocoded: Königstr. 19, Berlin -> (52.4195082, 13.1572365) confidence: 8.875486381318407e-05
2025-08-15 16:29:04,711 - INFO - Updated Alfred Hartbrodt: (52.4195082, 13.1572365)
2025-08-15 16:29:04,711 - INFO - Processing address 369/2495: Kurfürstendamm 96, Berlin
2025-08-15 16:29:06,216 - INFO - Geocoded: Kurfürstendamm 96, Berlin -> (52.4986619, 13.298554) confidence: 8.875486381318407e-05
2025-08-15 16:29:06,216 - INFO - Updated Alfred Hartbrodt: (52.4986619, 13.298554)
2025-08-15 16:29:06,216 - INFO - Processing address 370/2495: 32, Berlin
2025-08-15 16:29:06,216 - WARNING - Incomplete address detected: 32, Berlin
2025-08-15 16:29:06,216 - ERROR - Failed to geocode address: 32, Berlin
2025-08-15 16:29:06,216 - INFO - Processing address 371/2495: Dorotheenstr. 24, Berlin
2025-08-15 16:29:07,852 - INFO - Geocoded: Dorotheenstr. 24, Berlin -> (52.520016, 13.3927337) confidence: 8.875486381318407e-05
2025-08-15 16:29:07,852 - INFO - Updated Alfred M. Cohn: (52.520016, 13.3927337)
2025-08-15 16:29:07,852 - INFO - Processing address 372/2495: 26/27, Berlin
2025-08-15 16:29:11,028 - INFO - Geocoded: 26/27, Berlin -> (52.510885, 13.3989367) confidence: 0.840425236063765
2025-08-15 16:29:11,028 - INFO - Updated Alfred Marcus: (52.510885, 13.3989367)
2025-08-15 16:29:11,028 - INFO - Processing address 373/2495: Schadowstr. 2, Berlin
2025-08-15 16:29:12,439 - INFO - Geocoded: Schadowstr. 2, Berlin -> (52.5179411, 13.3838833) confidence: 8.875486381318407e-05
2025-08-15 16:29:12,439 - INFO - Updated Alfred Marcus & Co: (52.5179411, 13.3838833)
2025-08-15 16:29:12,439 - INFO - Processing address 374/2495: Windscheidstr. 41, Berlin
2025-08-15 16:29:14,031 - INFO - Geocoded: Windscheidstr. 41, Berlin -> (52.5103721, 13.2981715) confidence: 8.875486381318407e-05
2025-08-15 16:29:14,031 - INFO - Updated Alfred May: (52.5103721, 13.2981715)
2025-08-15 16:29:14,031 - INFO - Processing address 375/2495: Theaterstraße  12, Berlin
2025-08-15 16:29:20,403 - WARNING - Failed to geocode: Theaterstraße  12, Berlin
2025-08-15 16:29:20,404 - ERROR - Failed to geocode address: Theaterstraße  12, Berlin
2025-08-15 16:29:20,404 - INFO - Processing address 376/2495: ( Trade ) Eingetragen im Handelsregister/ Gründung 1910 Erloschen 1940 Neuenburger Str. 1a,  Berlin
2025-08-15 16:29:25,713 - WARNING - Failed to geocode: ( Trade ) Eingetragen im Handelsregister/ Gründung 1910 Erloschen 1940 Neuenburger Str. 1a,  Berlin
2025-08-15 16:29:25,713 - ERROR - Failed to geocode address: ( Trade ) Eingetragen im Handelsregister/ Gründung 1910 Erloschen 1940 Neuenburger Str. 1a,  Berlin
2025-08-15 16:29:25,713 - INFO - Processing address 377/2495: Brüderstr. 39, Berlin
2025-08-15 16:29:27,281 - INFO - Geocoded: Brüderstr. 39, Berlin -> (52.5237152, 13.195998) confidence: 8.875486381318407e-05
2025-08-15 16:29:27,281 - INFO - Updated Alfred Meyer: (52.5237152, 13.195998)
2025-08-15 16:29:27,281 - INFO - Processing address 378/2495: Barbarossastr. 42, Berlin
2025-08-15 16:29:30,113 - INFO - Geocoded: Barbarossastr. 42, Berlin -> (52.4921639, 13.3413352) confidence: 8.875486381318407e-05
2025-08-15 16:29:30,113 - INFO - Updated Alfred Meyersberg: (52.4921639, 13.3413352)
2025-08-15 16:29:30,113 - INFO - Processing address 379/2495: Schützenstr. 10, Berlin
2025-08-15 16:29:31,752 - INFO - Geocoded: Schützenstr. 10, Berlin -> (52.550704, 13.2104695) confidence: 8.875486381318407e-05
2025-08-15 16:29:31,753 - INFO - Updated Alfred Karg Verwaltungsgesellschaft für Grundbesitz mbH: (52.55045202642939, 13.21069344657309)
2025-08-15 16:29:31,753 - INFO - Updated Alfred Karg, Grundstücks-GmbH: (52.55113319709611, 13.210939310104266)
2025-08-15 16:29:31,753 - INFO - Processing address 380/2495: Alexandrinenstr. 111, Berlin
2025-08-15 16:29:33,351 - INFO - Geocoded: Alexandrinenstr. 111, Berlin -> (52.5066473, 13.4090003) confidence: 0.05342208819714653
2025-08-15 16:29:33,351 - INFO - Updated Alfred Keßler & Max Silbermann: (52.5066473, 13.4090003)
2025-08-15 16:29:33,351 - INFO - Processing address 381/2495: Sanderstr. 31, Berlin
2025-08-15 16:29:34,799 - INFO - Geocoded: Sanderstr. 31, Berlin -> (52.4923366, 13.4232252) confidence: 8.875486381318407e-05
2025-08-15 16:29:34,799 - INFO - Updated Alfred Koh: (52.4923366, 13.4232252)
2025-08-15 16:29:34,799 - INFO - Processing address 382/2495: Dahlmannstr.  1, Berlin
2025-08-15 16:29:36,341 - INFO - Geocoded: Dahlmannstr.  1, Berlin -> (52.5035878, 13.3034599) confidence: 8.875486381318407e-05
2025-08-15 16:29:36,341 - INFO - Updated Alfred Krawitz: (52.5035878, 13.3034599)
2025-08-15 16:29:36,341 - INFO - Processing address 383/2495: Schönhauser Allee 149, Berlin
2025-08-15 16:29:37,996 - INFO - Geocoded: Schönhauser Allee 149, Berlin -> (52.5389482, 13.4118015) confidence: 8.875486381318407e-05
2025-08-15 16:29:37,997 - INFO - Updated Alfred Laski & Co Tabakwarengroßhandlung: (52.5389482, 13.4118015)
2025-08-15 16:29:37,997 - INFO - Processing address 384/2495: und 79, Berlin
2025-08-15 16:29:42,359 - INFO - Geocoded: und 79, Berlin -> (52.3601871, 13.1144625) confidence: 7.190127412828286e-05
2025-08-15 16:29:42,359 - INFO - Updated Alfred Leiser: (52.3601871, 13.1144625)
2025-08-15 16:29:42,359 - INFO - Processing address 385/2495: Streustr. 72/73, Berlin
2025-08-15 16:29:44,186 - INFO - Geocoded: Streustr. 72/73, Berlin -> (52.5523895, 13.4348282) confidence: 0.05342208819714653
2025-08-15 16:29:44,186 - INFO - Updated Alfred Levy: (52.5523895, 13.4348282)
2025-08-15 16:29:44,186 - INFO - Processing address 386/2495: Schönhauser Allee 30, Berlin
2025-08-15 16:29:45,617 - INFO - Geocoded: Schönhauser Allee 30, Berlin -> (52.5370597, 13.4127005) confidence: 8.875486381318407e-05
2025-08-15 16:29:45,617 - INFO - Updated Alfred Lewandowski & Co: (52.5370597, 13.4127005)
2025-08-15 16:29:45,618 - INFO - Processing address 387/2495: Kommandantenstr. 89, Berlin
2025-08-15 16:29:47,183 - INFO - Geocoded: Kommandantenstr. 89, Berlin -> (52.4377236, 13.2931855) confidence: 0.05342208819714653
2025-08-15 16:29:47,183 - INFO - Updated Alfred Litten: (52.4377236, 13.2931855)
2025-08-15 16:29:47,183 - INFO - Processing address 388/2495: Jägerstr. 5, Berlin
2025-08-15 16:29:48,734 - INFO - Geocoded: Jägerstr. 5, Berlin -> (52.4221069, 13.5780338) confidence: 8.875486381318407e-05
2025-08-15 16:29:48,734 - INFO - Updated Alfred Loewe: (52.4221069, 13.5780338)
2025-08-15 16:29:48,734 - INFO - Processing address 389/2495: Lindenstr. 71/72, Berlin
2025-08-15 16:29:54,044 - INFO - Geocoded: Lindenstr. 71/72, Berlin -> (52.5025323, 13.3948252) confidence: 0.32442301420651465
2025-08-15 16:29:54,045 - INFO - Updated Alfred Loewenberg & Co: (52.502333864549385, 13.394761134475077)
2025-08-15 16:29:54,045 - INFO - Updated Ernst Mendershausen: (52.50269285204848, 13.395368328213465)
2025-08-15 16:29:54,045 - INFO - Updated Gebr. Heinemann: (52.50251154182744, 13.394641448539588)
2025-08-15 16:29:54,045 - INFO - Processing address 390/2495: Krausenstr. 42/43, Berlin
2025-08-15 16:29:55,771 - INFO - Geocoded: Krausenstr. 42/43, Berlin -> (52.5094155, 13.3895332) confidence: 0.05342208819714653
2025-08-15 16:29:55,771 - INFO - Updated Alfred Luft: (52.50979102646091, 13.389580597019169)
2025-08-15 16:29:55,771 - INFO - Updated Curt A. Loepert & Co GmbH: (52.509207028061155, 13.390081452752675)
2025-08-15 16:29:55,771 - INFO - Updated Eduard Manes: (52.50942519060492, 13.389447128153497)
2025-08-15 16:29:55,771 - INFO - Updated Emil W. Hinrichsen: (52.50941131298474, 13.38965393001725)
2025-08-15 16:29:55,771 - INFO - Processing address 391/2495: Prinzenstr. 105, Berlin
2025-08-15 16:29:57,412 - INFO - Geocoded: Prinzenstr. 105, Berlin -> (52.523973, 13.5509162) confidence: 8.875486381318407e-05
2025-08-15 16:29:57,412 - INFO - Updated Alfred Sachs, Ingenieur: (52.523973, 13.5509162)
2025-08-15 16:29:57,413 - INFO - Processing address 392/2495: Lindenstr.  82, Berlin
2025-08-15 16:29:59,267 - INFO - Geocoded: Lindenstr.  82, Berlin -> (52.5044344, 13.3957649) confidence: 8.875486381318407e-05
2025-08-15 16:29:59,267 - INFO - Updated Alfred Sawady: (52.5044344, 13.3957649)
2025-08-15 16:29:59,267 - INFO - Processing address 393/2495: Kronenstr. 23, Berlin
2025-08-15 16:30:00,968 - INFO - Geocoded: Kronenstr. 23, Berlin -> (52.511386, 13.3927068) confidence: 0.05342208819714653
2025-08-15 16:30:00,968 - INFO - Updated Alfred Schapiro: (52.511804233974416, 13.39254149559401)
2025-08-15 16:30:00,968 - INFO - Updated Emil Gerstle & Co: (52.51161253443824, 13.39223383020125)
2025-08-15 16:30:00,968 - INFO - Updated Georg Neustadt & Carl Wolff: (52.511721348718574, 13.392545261469373)
2025-08-15 16:30:00,968 - INFO - Processing address 394/2495: Barbarossastr. 60, Berlin
2025-08-15 16:30:02,657 - INFO - Geocoded: Barbarossastr. 60, Berlin -> (52.4919543, 13.3504534) confidence: 8.875486381318407e-05
2025-08-15 16:30:02,657 - INFO - Updated Alfred Schmoller & Co: (52.4919543, 13.3504534)
2025-08-15 16:30:02,657 - INFO - Processing address 395/2495: Wartburgstr.  47, Berlin
2025-08-15 16:30:04,548 - INFO - Geocoded: Wartburgstr.  47, Berlin -> (52.4871422, 13.3491463) confidence: 8.875486381318407e-05
2025-08-15 16:30:04,548 - INFO - Updated Alfred Schwarzkopf: (52.4871422, 13.3491463)
2025-08-15 16:30:04,548 - INFO - Processing address 396/2495: Prinzregentenstr. 9, Berlin
2025-08-15 16:30:06,099 - INFO - Geocoded: Prinzregentenstr. 9, Berlin -> (52.4905083, 13.3327685) confidence: 8.875486381318407e-05
2025-08-15 16:30:06,100 - INFO - Updated Alfred Schönberg, Bahnen für Schmal- und Normalspur: (52.4905083, 13.3327685)
2025-08-15 16:30:06,100 - INFO - Processing address 397/2495: Schützenstr. 36, Berlin
2025-08-15 16:30:08,016 - INFO - Geocoded: Schützenstr. 36, Berlin -> (52.6114661, 13.4260404) confidence: 8.875486381318407e-05
2025-08-15 16:30:08,016 - INFO - Updated Alfred Seligmann: (52.6114661, 13.4260404)
2025-08-15 16:30:08,016 - INFO - Processing address 398/2495: Gerichtsstr. 27, Berlin
2025-08-15 16:30:14,322 - WARNING - Failed to geocode: Gerichtsstr. 27, Berlin
2025-08-15 16:30:14,323 - ERROR - Failed to geocode address: Gerichtsstr. 27, Berlin
2025-08-15 16:30:14,323 - INFO - Processing address 399/2495: 51, Berlin
2025-08-15 16:30:14,323 - WARNING - Incomplete address detected: 51, Berlin
2025-08-15 16:30:14,323 - ERROR - Failed to geocode address: 51, Berlin
2025-08-15 16:30:14,323 - INFO - Processing address 400/2495: Mommsenstr. 14, Berlin
2025-08-15 16:30:15,898 - INFO - Geocoded: Mommsenstr. 14, Berlin -> (52.5033965, 13.3142871) confidence: 8.875486381318407e-05
2025-08-15 16:30:15,898 - INFO - Updated Alfred Popper Lederfabrik: (52.5033965, 13.3142871)
2025-08-15 16:30:15,898 - INFO - Progress: 400/2495 addresses processed
2025-08-15 16:30:15,945 - INFO - Processing address 401/2495: Landwehrstr. 11, Berlin
2025-08-15 16:30:22,396 - WARNING - Failed to geocode: Landwehrstr. 11, Berlin
2025-08-15 16:30:22,396 - ERROR - Failed to geocode address: Landwehrstr. 11, Berlin
2025-08-15 16:30:22,396 - INFO - Processing address 402/2495: Winterfeldtstr. 22, Berlin
2025-08-15 16:30:23,898 - INFO - Geocoded: Winterfeldtstr. 22, Berlin -> (52.4966724, 13.3578178) confidence: 8.875486381318407e-05
2025-08-15 16:30:23,898 - INFO - Updated Alfred Pulvermacher & Co: (52.4966724, 13.3578178)
2025-08-15 16:30:23,898 - INFO - Processing address 403/2495: Dessauerstr. 6, Berlin
2025-08-15 16:30:25,505 - INFO - Geocoded: Dessauerstr. 6, Berlin -> (52.5058147, 13.378474) confidence: 8.875486381318407e-05
2025-08-15 16:30:25,505 - INFO - Updated Alfred Reiß GmbH: (52.5058147, 13.378474)
2025-08-15 16:30:25,505 - INFO - Processing address 404/2495: Händelstr. 21, Berlin
2025-08-15 16:30:27,123 - INFO - Geocoded: Händelstr. 21, Berlin -> (52.5119441, 13.6292339) confidence: 5.197299153119734e-05
2025-08-15 16:30:27,123 - INFO - Updated Alfred Rosenberg: (52.5119441, 13.6292339)
2025-08-15 16:30:27,123 - INFO - Processing address 405/2495: Lützowplatz 3, Berlin
2025-08-15 16:30:28,533 - INFO - Geocoded: Lützowplatz 3, Berlin -> (52.5048848, 13.3537167) confidence: 8.875486381318407e-05
2025-08-15 16:30:28,533 - INFO - Updated Alfred Seligsohn: (52.5048848, 13.3537167)
2025-08-15 16:30:28,533 - INFO - Processing address 406/2495: Kurfürstenstr. 137, Berlin
2025-08-15 16:30:30,314 - INFO - Geocoded: Kurfürstenstr. 137, Berlin -> (52.5010576, 13.3575193) confidence: 8.875486381318407e-05
2025-08-15 16:30:30,314 - INFO - Updated Alfred Stahl, Architekt, Atelier für vornehme Wohnungseinrichtungen: (52.5010576, 13.3575193)
2025-08-15 16:30:30,314 - INFO - Processing address 407/2495: Kurfürstendamm 61, Berlin
2025-08-15 16:30:31,886 - INFO - Geocoded: Kurfürstendamm 61, Berlin -> (52.5010071, 13.3127763) confidence: 8.875486381318407e-05
2025-08-15 16:30:31,886 - INFO - Updated Alfred Stein: (52.5010071, 13.3127763)
2025-08-15 16:30:31,886 - INFO - Processing address 408/2495: Oberwallstr. 8, Berlin
2025-08-15 16:30:33,369 - INFO - Geocoded: Oberwallstr. 8, Berlin -> (52.5172344, 13.3963367) confidence: 0.05342208819714653
2025-08-15 16:30:33,369 - INFO - Updated Alfred Stern & Co: (52.5172344, 13.3963367)
2025-08-15 16:30:33,369 - INFO - Processing address 409/2495: Ritterstr. 85, Berlin
2025-08-15 16:30:35,079 - INFO - Geocoded: Ritterstr. 85, Berlin -> (52.5049928, 13.3982162) confidence: 0.05342208819714653
2025-08-15 16:30:35,079 - INFO - Updated Alfred Stern GmbH: (52.5049928, 13.3982162)
2025-08-15 16:30:35,079 - INFO - Processing address 410/2495: Unter den Linden 15, Berlin
2025-08-15 16:30:36,621 - INFO - Geocoded: Unter den Linden 15, Berlin -> (52.5168431, 13.3911424) confidence: 8.875486381318407e-05
2025-08-15 16:30:36,621 - INFO - Updated Alfred Sulke: (52.51698540836204, 13.39125639497481)
2025-08-15 16:30:36,622 - INFO - Updated Friedmann & Süßkind: (52.51652907749236, 13.391579676529842)
2025-08-15 16:30:36,622 - INFO - Processing address 411/2495: Königstr.  18, Berlin
2025-08-15 16:30:38,226 - INFO - Geocoded: Königstr.  18, Berlin -> (52.4323717, 13.2481285) confidence: 8.875486381318407e-05
2025-08-15 16:30:38,226 - INFO - Updated Alfred Süßmann: (52.4323717, 13.2481285)
2025-08-15 16:30:38,226 - INFO - Processing address 412/2495: Kaiserallee 195, Berlin
2025-08-15 16:30:40,218 - INFO - Geocoded: Kaiserallee 195, Berlin -> (52.4193875, 13.3665673) confidence: 0.05342208819714653
2025-08-15 16:30:40,218 - INFO - Updated Alfred Weinberg: (52.4193875, 13.3665673)
2025-08-15 16:30:40,218 - INFO - Processing address 413/2495: Giesebrechtstr.  22, Berlin
2025-08-15 16:30:41,650 - INFO - Geocoded: Giesebrechtstr.  22, Berlin -> (52.5032517, 13.3083822) confidence: 8.875486381318407e-05
2025-08-15 16:30:41,650 - INFO - Updated Alfred Weinstok: (52.5032517, 13.3083822)
2025-08-15 16:30:41,650 - INFO - Processing address 414/2495: Altenburger Allee 19, Berlin
2025-08-15 16:30:43,237 - INFO - Geocoded: Altenburger Allee 19, Berlin -> (52.5183414, 13.2589238) confidence: 8.875486381318407e-05
2025-08-15 16:30:43,237 - INFO - Updated Alfred Weiß: (52.5183414, 13.2589238)
2025-08-15 16:30:43,237 - INFO - Processing address 415/2495: Friedrichstr. 38/40, Berlin
2025-08-15 16:30:45,624 - INFO - Geocoded: Friedrichstr. 38/40, Berlin -> (52.5015293, 13.3913508) confidence: 0.4683814607413573
2025-08-15 16:30:45,624 - INFO - Updated Alfred Zentler AG: (52.50114444501171, 13.390933720675726)
2025-08-15 16:30:45,624 - INFO - Updated Berliner Schirm-Manufactur Lichtenstein & Co: (52.50113519241149, 13.391167396233813)
2025-08-15 16:30:45,624 - INFO - Updated Bialer & Co: (52.501948216990066, 13.391220320322883)
2025-08-15 16:30:45,624 - INFO - Updated Eugen Freudenthal: (52.501848040830644, 13.391796479319147)
2025-08-15 16:30:45,624 - INFO - Processing address 416/2495: Bismarckstr. 106, Berlin
2025-08-15 16:30:47,976 - INFO - Geocoded: Bismarckstr. 106, Berlin -> (52.5119112, 13.3156858) confidence: 8.875486381318407e-05
2025-08-15 16:30:47,976 - INFO - Updated Alfred Zielenziger: (52.5119112, 13.3156858)
2025-08-15 16:30:47,976 - INFO - Processing address 417/2495: Kommandantenstr. 44, Berlin
2025-08-15 16:30:49,554 - INFO - Geocoded: Kommandantenstr. 44, Berlin -> (52.4377236, 13.2931855) confidence: 0.05342208819714653
2025-08-15 16:30:49,554 - INFO - Updated Ali-Bar Betriebsgesellschaft mbH: (52.4377236, 13.2931855)
2025-08-15 16:30:49,554 - INFO - Processing address 418/2495: Kurfürstenstr.  99, Berlin
2025-08-15 16:30:51,086 - INFO - Geocoded: Kurfürstenstr.  99, Berlin -> (52.4471471, 13.3707731) confidence: 8.875486381318407e-05
2025-08-15 16:30:51,086 - INFO - Updated Alice Glaser, in Firma Chemnitzer Strumpf: (52.4471471, 13.3707731)
2025-08-15 16:30:51,086 - INFO - Processing address 419/2495: Grunewaldstr. 50, Berlin
2025-08-15 16:30:52,778 - INFO - Geocoded: Grunewaldstr. 50, Berlin -> (52.4884119, 13.3373782) confidence: 8.875486381318407e-05
2025-08-15 16:30:52,778 - INFO - Updated Alice Jolles: (52.4884119, 13.3373782)
2025-08-15 16:30:52,778 - INFO - Processing address 420/2495: Chausseestr. 75, Berlin
2025-08-15 16:30:55,626 - INFO - Geocoded: Chausseestr. 75, Berlin -> (52.5392344, 13.3725992) confidence: 8.875486381318407e-05
2025-08-15 16:30:55,626 - INFO - Updated Alice Kappler: (52.5392344, 13.3725992)
2025-08-15 16:30:55,626 - INFO - Processing address 421/2495: Spichernstr.  5, Berlin
2025-08-15 16:30:57,210 - INFO - Geocoded: Spichernstr.  5, Berlin -> (52.4979849, 13.3335944) confidence: 0.05342208819714653
2025-08-15 16:30:57,210 - INFO - Updated Alice Lewin: (52.4979849, 13.3335944)
2025-08-15 16:30:57,210 - INFO - Processing address 422/2495: Karolingerplatz 4, Berlin
2025-08-15 16:30:58,627 - INFO - Geocoded: Karolingerplatz 4, Berlin -> (52.508206, 13.2689375) confidence: 8.875486381318407e-05
2025-08-15 16:30:58,627 - INFO - Updated Allgemeine Gesellschaft für Bauausführungen mbH: (52.508206, 13.2689375)
2025-08-15 16:30:58,627 - INFO - Processing address 423/2495: Friedrichstr. 103, Berlin
2025-08-15 16:31:00,249 - INFO - Geocoded: Friedrichstr. 103, Berlin -> (52.5213429, 13.388468) confidence: 8.875486381318407e-05
2025-08-15 16:31:00,250 - INFO - Updated Allgemeine Grund- und Bau-GmbH: (52.5213429, 13.388468)
2025-08-15 16:31:00,250 - INFO - Processing address 424/2495: Jägerstr. 9, Berlin
2025-08-15 16:31:01,927 - INFO - Geocoded: Jägerstr. 9, Berlin -> (52.4249113, 13.3256004) confidence: 8.875486381318407e-05
2025-08-15 16:31:01,928 - INFO - Updated Allgemeine Immobilien-GmbH: (52.4249113, 13.3256004)
2025-08-15 16:31:01,928 - INFO - Processing address 425/2495: Kurstr. 51, Berlin
2025-08-15 16:31:03,495 - INFO - Geocoded: Kurstr. 51, Berlin -> (52.5471732, 13.2077354) confidence: 0.05342208819714653
2025-08-15 16:31:03,495 - INFO - Updated Allgemeine Rauchwaren Handelsgesellschaft mbH H. Wolff Junior: (52.546774950238614, 13.207658725610614)
2025-08-15 16:31:03,495 - INFO - Updated H. Wolff jr. & Co KG: (52.54695043463215, 13.208187822130123)
2025-08-15 16:31:03,495 - INFO - Processing address 426/2495: Innsbruckerstr. 33, Berlin
2025-08-15 16:31:05,122 - INFO - Geocoded: Innsbruckerstr. 33, Berlin -> (52.479326, 13.3437528) confidence: 8.875486381318407e-05
2025-08-15 16:31:05,122 - INFO - Updated Allgemeine Staubvergasungs-GmbH, Geschäftsf. Frl. Lichtenberg: (52.479326, 13.3437528)
2025-08-15 16:31:05,122 - INFO - Processing address 427/2495: Tauentzienstr. 16, Berlin
2025-08-15 16:31:06,627 - INFO - Geocoded: Tauentzienstr. 16, Berlin -> (52.5034049, 13.3377418) confidence: 8.875486381318407e-05
2025-08-15 16:31:06,627 - INFO - Updated Alligator Lederwaren KG Adolf Schmidt & Co: (52.5034049, 13.3377418)
2025-08-15 16:31:06,627 - INFO - Processing address 428/2495: Kantstr. 151, Berlin
2025-08-15 16:31:08,685 - INFO - Geocoded: Kantstr. 151, Berlin -> (52.5054122, 13.3260581) confidence: 8.875486381318407e-05
2025-08-15 16:31:08,685 - INFO - Updated Alice Matzdorff: (52.5054122, 13.3260581)
2025-08-15 16:31:08,685 - INFO - Processing address 429/2495: 71, Berlin
2025-08-15 16:31:08,685 - WARNING - Incomplete address detected: 71, Berlin
2025-08-15 16:31:08,685 - ERROR - Failed to geocode address: 71, Berlin
2025-08-15 16:31:08,685 - INFO - Processing address 430/2495: Lindenstr. 51/53, Berlin
2025-08-15 16:31:11,552 - INFO - Geocoded: Lindenstr. 51/53, Berlin -> (52.5025323, 13.3948252) confidence: 0.32442301420651465
2025-08-15 16:31:11,552 - INFO - Updated Alkan, Heumann & Co GmbH: (52.502216199093354, 13.395056605785916)
2025-08-15 16:31:11,552 - INFO - Updated Bieber, Freundlich & Co: (52.50241099978112, 13.39514255290823)
2025-08-15 16:31:11,552 - INFO - Updated Brüder Wolff: (52.50284055978915, 13.395191138603304)
2025-08-15 16:31:11,552 - INFO - Updated Gebrüder Mendelsohn Blusen in Liqu.: (52.50261444575281, 13.395421799843925)
2025-08-15 16:31:11,552 - INFO - Updated Gebrüder Mendelsohn Damenkleider AG: (52.50289025893753, 13.394958244247997)
2025-08-15 16:31:11,552 - INFO - Processing address 431/2495: Behrenstr. 53/54, Berlin
2025-08-15 16:31:13,400 - INFO - Geocoded: Behrenstr. 53/54, Berlin -> (52.5148529, 13.380006) confidence: 0.3330873891249597
2025-08-15 16:31:13,400 - INFO - Updated Alkazar Tanzpalast GmbH: (52.5148529, 13.380006)
2025-08-15 16:31:13,400 - INFO - Processing address 432/2495: Kurfürstendamm 149, Berlin
2025-08-15 16:31:15,100 - INFO - Geocoded: Kurfürstendamm 149, Berlin -> (52.5035641, 13.3305371) confidence: 0.4914112718388304
2025-08-15 16:31:15,101 - INFO - Updated Allegro Theaterverlag GmbH: (52.50365606745042, 13.330928263711055)
2025-08-15 16:31:15,101 - INFO - Updated Bihag, Versicherungsbüro für Industrie, Handel und Gewerbe, Dr. Walter Mundt & Co: (52.503267472139086, 13.330429991419114)
2025-08-15 16:31:15,101 - INFO - Updated Hans Ludwig Automobile: (52.50367279121158, 13.329897987317427)
2025-08-15 16:31:15,101 - INFO - Processing address 433/2495: Friedrichstr. 37, Berlin
2025-08-15 16:31:16,673 - INFO - Geocoded: Friedrichstr. 37, Berlin -> (52.4519868, 13.6256043) confidence: 8.875486381318407e-05
2025-08-15 16:31:16,673 - INFO - Updated Allerhand & Katz: (52.45238790332858, 13.625072060409902)
2025-08-15 16:31:16,673 - INFO - Updated Bernhard Feiler: (52.452238328634266, 13.625651930018172)
2025-08-15 16:31:16,673 - INFO - Updated Erich Felix Import Kommission Obst Gemüse Südfrüchte: (52.451621503376145, 13.625147585903969)
2025-08-15 16:31:16,673 - INFO - Updated H. Ruben Filiale Berlin: (52.451582614219696, 13.625141072264338)
2025-08-15 16:31:16,673 - INFO - Processing address 434/2495: Kurfürstendamm 161, Berlin
2025-08-15 16:31:18,099 - INFO - Geocoded: Kurfürstendamm 161, Berlin -> (52.4995081, 13.3059261) confidence: 8.875486381318407e-05
2025-08-15 16:31:18,099 - INFO - Updated Alles für die Dame Wanda Spiegel: (52.4995081, 13.3059261)
2025-08-15 16:31:18,099 - INFO - Processing address 435/2495: 36, Berlin
2025-08-15 16:31:18,099 - WARNING - Incomplete address detected: 36, Berlin
2025-08-15 16:31:18,099 - ERROR - Failed to geocode address: 36, Berlin
2025-08-15 16:31:18,099 - INFO - Processing address 436/2495: 25, Berlin
2025-08-15 16:31:18,099 - WARNING - Incomplete address detected: 25, Berlin
2025-08-15 16:31:18,099 - ERROR - Failed to geocode address: 25, Berlin
2025-08-15 16:31:18,099 - INFO - Processing address 437/2495: 63, Berlin
2025-08-15 16:31:18,099 - WARNING - Incomplete address detected: 63, Berlin
2025-08-15 16:31:18,099 - ERROR - Failed to geocode address: 63, Berlin
2025-08-15 16:31:18,099 - INFO - Processing address 438/2495: Krausenstr. 31/32, Berlin
2025-08-15 16:31:19,959 - INFO - Geocoded: Krausenstr. 31/32, Berlin -> (52.5094155, 13.3895332) confidence: 0.05342208819714653
2025-08-15 16:31:19,959 - INFO - Updated Almana Kleider Alfred Manasse: (52.50919358133006, 13.389351971469633)
2025-08-15 16:31:19,959 - INFO - Updated Friedländer & Zaduck: (52.50973251572759, 13.38933083268265)
2025-08-15 16:31:19,959 - INFO - Processing address 439/2495: Sebastianstr. 7, Berlin
2025-08-15 16:31:21,572 - INFO - Geocoded: Sebastianstr. 7, Berlin -> (52.5062744, 13.4106063) confidence: 0.05342208819714653
2025-08-15 16:31:21,572 - INFO - Updated Almerfa-Geschäftsbücherfabrik Alfred Meyer Nachfolger: (52.5062744, 13.4106063)
2025-08-15 16:31:21,572 - INFO - Processing address 440/2495: Alfred textiles and clothing Schleswiger Ufer 9, Berlin
2025-08-15 16:31:28,494 - WARNING - Failed to geocode: Alfred textiles and clothing Schleswiger Ufer 9, Berlin
2025-08-15 16:31:28,494 - ERROR - Failed to geocode address: Alfred textiles and clothing Schleswiger Ufer 9, Berlin
2025-08-15 16:31:28,494 - INFO - Processing address 441/2495: Saarlandstr. 6, Berlin
2025-08-15 16:31:34,525 - WARNING - Failed to geocode: Saarlandstr. 6, Berlin
2025-08-15 16:31:34,525 - ERROR - Failed to geocode address: Saarlandstr. 6, Berlin
2025-08-15 16:31:34,525 - INFO - Processing address 442/2495: Gerichtstr. 27, Berlin
2025-08-15 16:31:36,217 - INFO - Geocoded: Gerichtstr. 27, Berlin -> (52.5454193, 13.3722919) confidence: 8.875486381318407e-05
2025-08-15 16:31:36,217 - INFO - Updated Alpex-Gesellschaft Fabrik kosmetischer Präparate Katz u. Berent: (52.5454193, 13.3722919)
2025-08-15 16:31:36,217 - INFO - Processing address 443/2495: Friedrichstr. 191, Berlin
2025-08-15 16:31:37,845 - INFO - Geocoded: Friedrichstr. 191, Berlin -> (52.5108387, 13.3896381) confidence: 8.875486381318407e-05
2025-08-15 16:31:37,845 - INFO - Updated Alphons Bernstein: (52.5108387, 13.3896381)
2025-08-15 16:31:37,845 - INFO - Processing address 444/2495: Jägerstr. 12, Berlin
2025-08-15 16:31:39,403 - INFO - Geocoded: Jägerstr. 12, Berlin -> (52.52243, 13.1960982) confidence: 8.875486381318407e-05
2025-08-15 16:31:39,403 - INFO - Updated Alt-Berlin Grundstücksverwertungsgesellschaft mbH: (52.52279876458366, 13.19577618751966)
2025-08-15 16:31:39,403 - INFO - Updated Benno Stahl und Sohn GmbH: (52.522000049224346, 13.195903882606785)
2025-08-15 16:31:39,403 - INFO - Updated Boehm & Reitzenbaum: (52.52251916272332, 13.19609551870225)
2025-08-15 16:31:39,403 - INFO - Processing address 445/2495: 29, Berlin
2025-08-15 16:31:39,403 - WARNING - Incomplete address detected: 29, Berlin
2025-08-15 16:31:39,403 - ERROR - Failed to geocode address: 29, Berlin
2025-08-15 16:31:39,403 - INFO - Processing address 446/2495: Barbarossastr. 54, Berlin
2025-08-15 16:31:40,815 - INFO - Geocoded: Barbarossastr. 54, Berlin -> (52.4919991, 13.3478138) confidence: 8.875486381318407e-05
2025-08-15 16:31:40,815 - INFO - Updated Ambasch, Leon: (52.4919991, 13.3478138)
2025-08-15 16:31:40,815 - INFO - Processing address 447/2495: Berliner-Damm , Berlin
2025-08-15 16:31:42,664 - INFO - Geocoded: Berliner-Damm , Berlin -> (52.4322779, 13.5352357) confidence: 0.05342208819714653
2025-08-15 16:31:42,664 - INFO - Updated Ambi Eigene Versicherungs GmbH: (52.4322779, 13.5352357)
2025-08-15 16:31:42,664 - INFO - Processing address 448/2495: Tor 3, Berlin
2025-08-15 16:31:45,317 - INFO - Geocoded: Tor 3, Berlin -> (52.4972254, 13.4493283) confidence: 8.875486381318407e-05
2025-08-15 16:31:45,317 - INFO - Updated Ambi Maschinenbau AG: (52.4972254, 13.4493283)
2025-08-15 16:31:45,317 - INFO - Processing address 449/2495: Friedrichstr. 209, Berlin
2025-08-15 16:31:46,922 - INFO - Geocoded: Friedrichstr. 209, Berlin -> (52.5068669, 13.3903258) confidence: 8.875486381318407e-05
2025-08-15 16:31:46,922 - INFO - Updated Ambi Verwaltung AG: (52.507144684025086, 13.390371059822728)
2025-08-15 16:31:46,922 - INFO - Updated Frey & Reppen: (52.50727550525176, 13.390509271343877)
2025-08-15 16:31:46,922 - INFO - Processing address 450/2495: Flugplatzstr. 3, Berlin
2025-08-15 16:31:52,998 - WARNING - Failed to geocode: Flugplatzstr. 3, Berlin
2025-08-15 16:31:52,999 - ERROR - Failed to geocode address: Flugplatzstr. 3, Berlin
2025-08-15 16:31:52,999 - INFO - Processing address 451/2495: Zentralmarkthalle Stand 132, Berlin
2025-08-15 16:32:02,093 - WARNING - Failed to geocode: Zentralmarkthalle Stand 132, Berlin
2025-08-15 16:32:02,094 - ERROR - Failed to geocode address: Zentralmarkthalle Stand 132, Berlin
2025-08-15 16:32:02,094 - INFO - Processing address 452/2495: Kleiststr. 19, Berlin
2025-08-15 16:32:03,780 - INFO - Geocoded: Kleiststr. 19, Berlin -> (52.5015801, 13.3453763) confidence: 8.875486381318407e-05
2025-08-15 16:32:03,780 - INFO - Updated Amerikanische Corset-Mode Valfer & Co: (52.5015801, 13.3453763)
2025-08-15 16:32:03,780 - INFO - Processing address 453/2495: 52, Berlin
2025-08-15 16:32:03,780 - WARNING - Incomplete address detected: 52, Berlin
2025-08-15 16:32:03,780 - ERROR - Failed to geocode address: 52, Berlin
2025-08-15 16:32:03,780 - INFO - Processing address 454/2495: Kurfürstendamm 220, Berlin
2025-08-15 16:32:06,141 - INFO - Geocoded: Kurfürstendamm 220, Berlin -> (52.5030234, 13.328974) confidence: 8.875486381318407e-05
2025-08-15 16:32:06,141 - INFO - Updated Altaba Hut-Gesellschaft mbH: (52.503258504654355, 13.329257002377123)
2025-08-15 16:32:06,141 - INFO - Updated Atomiseur Gesellschaft für rationelle Zahn- und Mundpflege mbH: (52.50268375251476, 13.32936446658643)
2025-08-15 16:32:06,141 - INFO - Updated Eichholz & Loeser, Zweigniederlassung Berlin: (52.50302714273329, 13.32854740236315)
2025-08-15 16:32:06,141 - INFO - Updated Fritz Degginger: (52.50337901053342, 13.328519660198559)
2025-08-15 16:32:06,141 - INFO - Processing address 455/2495: Altenheim Friedrichshagen GmbH Müggelseedamm 212, Berlin
2025-08-15 16:32:13,997 - WARNING - Failed to geocode: Altenheim Friedrichshagen GmbH Müggelseedamm 212, Berlin
2025-08-15 16:32:13,999 - ERROR - Failed to geocode address: Altenheim Friedrichshagen GmbH Müggelseedamm 212, Berlin
2025-08-15 16:32:13,999 - INFO - Processing address 456/2495: Seydelstr. 1, Berlin
2025-08-15 16:32:15,539 - INFO - Geocoded: Seydelstr. 1, Berlin -> (52.5107747, 13.4021289) confidence: 8.875486381318407e-05
2025-08-15 16:32:15,539 - INFO - Updated Alter Abramowitz: (52.51073965455374, 13.402760153486817)
2025-08-15 16:32:15,539 - INFO - Updated Arthur Peck: (52.510339822014906, 13.401746484296819)
2025-08-15 16:32:15,539 - INFO - Processing address 457/2495: Unter den Linden 21, Berlin
2025-08-15 16:32:17,502 - INFO - Geocoded: Unter den Linden 21, Berlin -> (52.5166917, 13.389634) confidence: 8.875486381318407e-05
2025-08-15 16:32:17,502 - INFO - Updated Altkunst GmbH: (52.5166917, 13.389634)
2025-08-15 16:32:17,502 - INFO - Processing address 458/2495: 71/72, Berlin
2025-08-15 16:32:20,088 - INFO - Geocoded: 71/72, Berlin -> (52.510885, 13.3989367) confidence: 0.840425236063765
2025-08-15 16:32:20,088 - INFO - Updated Altschul & Sinzheimer: (52.510885, 13.3989367)
2025-08-15 16:32:20,088 - INFO - Processing address 459/2495: Münzstr. 14/15, Berlin
2025-08-15 16:32:23,643 - INFO - Geocoded: Münzstr. 14/15, Berlin -> (52.5240224, 13.4093759) confidence: 0.05342208819714653
2025-08-15 16:32:23,643 - INFO - Updated Altstädtische Apotheke Inh. Apotheker Berthold Kremm: (52.5240224, 13.4093759)
2025-08-15 16:32:23,643 - INFO - Processing address 460/2495: Platz  5, Berlin
2025-08-15 16:32:25,191 - INFO - Geocoded: Platz  5, Berlin -> (52.4847678, 13.2584564) confidence: 8.875486381318407e-05
2025-08-15 16:32:25,192 - INFO - Updated Alwin Ilius: (52.4847678, 13.2584564)
2025-08-15 16:32:25,192 - INFO - Processing address 461/2495: Berliner Allee 89, Berlin
2025-08-15 16:32:27,076 - INFO - Geocoded: Berliner Allee 89, Berlin -> (52.5497611, 13.4568566) confidence: 8.875486381318407e-05
2025-08-15 16:32:27,077 - INFO - Updated Amalien-Apotheke und Drogenhandlung Hugo Lehnsen: (52.5497611, 13.4568566)
2025-08-15 16:32:27,077 - INFO - Processing address 462/2495: Andreasstr. 48, Berlin
2025-08-15 16:32:28,816 - INFO - Geocoded: Andreasstr. 48, Berlin -> (52.5168563, 13.4324052) confidence: 8.875486381318407e-05
2025-08-15 16:32:28,816 - INFO - Updated Andreas-Club Gebrüder Marcus: (52.5168563, 13.4324052)
2025-08-15 16:32:28,816 - INFO - Processing address 463/2495: Friedrichstr. 150, Berlin
2025-08-15 16:32:30,368 - INFO - Geocoded: Friedrichstr. 150, Berlin -> (52.5184467, 13.3883733) confidence: 8.875486381318407e-05
2025-08-15 16:32:30,368 - INFO - Updated Andreas-Club Hans Marcus: (52.5184467, 13.3883733)
2025-08-15 16:32:30,368 - INFO - Processing address 464/2495: Andreasstr.  12, Berlin
2025-08-15 16:32:31,872 - INFO - Geocoded: Andreasstr.  12, Berlin -> (52.5139265, 13.4303941) confidence: 8.875486381318407e-05
2025-08-15 16:32:31,872 - INFO - Updated Andreas-Drogerie: (52.5139265, 13.4303941)
2025-08-15 16:32:31,872 - INFO - Processing address 465/2495: Kurstr. 32, Berlin
2025-08-15 16:32:33,437 - INFO - Geocoded: Kurstr. 32, Berlin -> (52.5471732, 13.2077354) confidence: 0.05342208819714653
2025-08-15 16:32:33,437 - INFO - Updated Anghouli & Sohn: (52.54722951074612, 13.20727703302117)
2025-08-15 16:32:33,437 - INFO - Updated Birnbaum, Kulik & Co, GmbH: (52.547137645908364, 13.207307991408555)
2025-08-15 16:32:33,437 - INFO - Processing address 466/2495: Nestorstr. 11, Berlin
2025-08-15 16:32:34,933 - INFO - Geocoded: Nestorstr. 11, Berlin -> (52.4972485, 13.2993596) confidence: 0.16025660547718046
2025-08-15 16:32:34,933 - INFO - Updated Anikst & Co Warenvertriebsgesellschaft mbH: (52.4972485, 13.2993596)
2025-08-15 16:32:34,933 - INFO - Processing address 467/2495: Michaelkirchstr. 17, Berlin
2025-08-15 16:32:36,507 - INFO - Geocoded: Michaelkirchstr. 17, Berlin -> (52.5108649, 13.4221943) confidence: 8.875486381318407e-05
2025-08-15 16:32:36,507 - INFO - Updated Anko Gamaschen GmbH: (52.51110652417621, 13.422008218673788)
2025-08-15 16:32:36,507 - INFO - Updated Arena-Schuh- und Gamaschenfabrik Kurt Wolfsohn: (52.510836192693155, 13.422152087774759)
2025-08-15 16:32:36,507 - INFO - Processing address 468/2495: 78, Berlin
2025-08-15 16:32:36,507 - WARNING - Incomplete address detected: 78, Berlin
2025-08-15 16:32:36,507 - ERROR - Failed to geocode address: 78, Berlin
2025-08-15 16:32:36,507 - INFO - Processing address 469/2495: Reihe  5, Berlin
2025-08-15 16:32:38,099 - INFO - Geocoded: Reihe  5, Berlin -> (52.4807691, 13.6948131) confidence: 5.1463340199847675e-05
2025-08-15 16:32:38,099 - INFO - Updated Anna Bornstein: (52.4807691, 13.6948131)
2025-08-15 16:32:38,099 - INFO - Processing address 470/2495: Gollnowstr.  13, Berlin
2025-08-15 16:32:44,243 - WARNING - Failed to geocode: Gollnowstr.  13, Berlin
2025-08-15 16:32:44,243 - ERROR - Failed to geocode address: Gollnowstr.  13, Berlin
2025-08-15 16:32:44,243 - INFO - Processing address 471/2495: Niederwallstr. 26/27, Berlin
2025-08-15 16:32:45,952 - INFO - Geocoded: Niederwallstr. 26/27, Berlin -> (52.5122783, 13.3995124) confidence: 0.05342208819714653
2025-08-15 16:32:45,953 - INFO - Updated Anna Heppner: (52.5122783, 13.3995124)
2025-08-15 16:32:45,954 - INFO - Processing address 472/2495: Frankfurter Allee 87, Berlin
2025-08-15 16:32:47,767 - INFO - Geocoded: Frankfurter Allee 87, Berlin -> (52.5144009, 13.4705123) confidence: 8.875486381318407e-05
2025-08-15 16:32:47,767 - INFO - Updated Anna Hornik: (52.5144009, 13.4705123)
2025-08-15 16:32:47,767 - INFO - Processing address 473/2495: Kaiserkorso 4, Berlin
2025-08-15 16:32:50,746 - INFO - Geocoded: Kaiserkorso 4, Berlin -> (52.4827929, 13.3841) confidence: 8.875486381318407e-05
2025-08-15 16:32:50,747 - INFO - Updated Anna Jaffé: (52.48274781766228, 13.383680328508712)
2025-08-15 16:32:50,747 - INFO - Updated B. Hecht: (52.482704024143615, 13.384117582192669)
2025-08-15 16:32:50,747 - INFO - Processing address 474/2495: 5, Berlin
2025-08-15 16:32:50,747 - WARNING - Incomplete address detected: 5, Berlin
2025-08-15 16:32:50,747 - ERROR - Failed to geocode address: 5, Berlin
2025-08-15 16:32:50,747 - INFO - Processing address 475/2495: Alexandrinenstr. 87, Berlin
2025-08-15 16:32:52,331 - INFO - Geocoded: Alexandrinenstr. 87, Berlin -> (52.5066473, 13.4090003) confidence: 0.05342208819714653
2025-08-15 16:32:52,331 - INFO - Updated Anna Planitz: (52.5066473, 13.4090003)
2025-08-15 16:32:52,331 - INFO - Processing address 476/2495: Sedanstr.  14, Berlin
2025-08-15 16:32:54,054 - INFO - Geocoded: Sedanstr.  14, Berlin -> (52.4488482, 13.3328559) confidence: 8.875486381318407e-05
2025-08-15 16:32:54,054 - INFO - Updated Anna Streit: (52.4488482, 13.3328559)
2025-08-15 16:32:54,054 - INFO - Processing address 477/2495: Ludwigkirchstr. 14, Berlin
2025-08-15 16:32:55,906 - INFO - Geocoded: Ludwigkirchstr. 14, Berlin -> (52.4979924, 13.3263032) confidence: 8.875486381318407e-05
2025-08-15 16:32:55,906 - INFO - Updated Anna Wagner Neuheitenvertrieb: (52.4979924, 13.3263032)
2025-08-15 16:32:55,906 - INFO - Processing address 478/2495: Spittelmarkt 8/10, Berlin
2025-08-15 16:32:57,848 - INFO - Geocoded: Spittelmarkt 8/10, Berlin -> (52.5114089, 13.4018916) confidence: 0.33632164909184187
2025-08-15 16:32:57,848 - INFO - Updated Anni Wolff: (52.51176687682421, 13.402135596825541)
2025-08-15 16:32:57,848 - INFO - Updated Gustav Wolff Söhne elektrotechnische Artikel GmbH: (52.511597462712004, 13.402276008669151)
2025-08-15 16:32:57,848 - INFO - Processing address 479/2495: Niebuhrstr.  72, Berlin
2025-08-15 16:32:59,346 - INFO - Geocoded: Niebuhrstr.  72, Berlin -> (52.5042496, 13.3151202) confidence: 8.875486381318407e-05
2025-08-15 16:32:59,346 - INFO - Updated Annie Rawitzer: (52.5042496, 13.3151202)
2025-08-15 16:32:59,346 - INFO - Processing address 480/2495: 122, Berlin
2025-08-15 16:32:59,346 - WARNING - Incomplete address detected: 122, Berlin
2025-08-15 16:32:59,346 - ERROR - Failed to geocode address: 122, Berlin
2025-08-15 16:32:59,346 - INFO - Processing address 481/2495: Friedrichstr. 27, Berlin
2025-08-15 16:33:01,152 - INFO - Geocoded: Friedrichstr. 27, Berlin -> (52.4502108, 13.6249609) confidence: 8.875486381318407e-05
2025-08-15 16:33:01,152 - INFO - Updated Annoncen-GmbH: (52.4502108, 13.6249609)
2025-08-15 16:33:01,152 - INFO - Processing address 482/2495: Kommandantenstr. 37, Berlin
2025-08-15 16:33:02,769 - INFO - Geocoded: Kommandantenstr. 37, Berlin -> (52.4377236, 13.2931855) confidence: 0.05342208819714653
2025-08-15 16:33:02,769 - INFO - Updated Anschel Kellsohn Leder und Lederwaren: (52.4377236, 13.2931855)
2025-08-15 16:33:02,769 - INFO - Processing address 483/2495: Kronenstr. 54, Berlin
2025-08-15 16:33:04,293 - INFO - Geocoded: Kronenstr. 54, Berlin -> (52.5114214, 13.3912474) confidence: 8.875486381318407e-05
2025-08-15 16:33:04,294 - INFO - Updated Anspach & Sohn: (52.51174386671894, 13.391827590912808)
2025-08-15 16:33:04,294 - INFO - Updated Emil Ascher: (52.51146358030456, 13.391739607696893)
2025-08-15 16:33:04,294 - INFO - Updated Feige-KG: (52.511108061941684, 13.391797944452058)
2025-08-15 16:33:04,294 - INFO - Updated Grete Neumann & Co Modelle: (52.51109669266954, 13.390686144374166)
2025-08-15 16:33:04,294 - INFO - Processing address 484/2495: Bellevuestr. 6, Berlin
2025-08-15 16:33:05,742 - INFO - Geocoded: Bellevuestr. 6, Berlin -> (52.4541204, 13.5933113) confidence: 8.875486381318407e-05
2025-08-15 16:33:05,742 - INFO - Updated Antike Wohnräume GmbH: (52.454159441768596, 13.5930110964267)
2025-08-15 16:33:05,742 - INFO - Updated Atrax GmbH: (52.454354094728025, 13.592809209824734)
2025-08-15 16:33:05,742 - INFO - Processing address 485/2495: Burggrafenstr. 16, Berlin
2025-08-15 16:33:07,235 - INFO - Geocoded: Burggrafenstr. 16, Berlin -> (52.5053085, 13.3452519) confidence: 8.875486381318407e-05
2025-08-15 16:33:07,235 - INFO - Updated Antiquariat Altmann GmbH: (52.5053085, 13.3452519)
2025-08-15 16:33:07,235 - INFO - Processing address 486/2495: Kronenstr. 10, Berlin
2025-08-15 16:33:08,745 - INFO - Geocoded: Kronenstr. 10, Berlin -> (52.5110293, 13.3886524) confidence: 8.875486381318407e-05
2025-08-15 16:33:08,745 - INFO - Updated Antiquitäten GmbH: (52.5110293, 13.3886524)
2025-08-15 16:33:08,745 - INFO - Processing address 487/2495: Fließstr. 1/8, Berlin
2025-08-15 16:33:10,488 - INFO - Geocoded: Fließstr. 1/8, Berlin -> (52.456231, 13.5151933) confidence: 0.05342208819714653
2025-08-15 16:33:10,490 - INFO - Updated Anton & Alfred Lehmann AG: (52.456231, 13.5151933)
2025-08-15 16:33:10,490 - INFO - Processing address 488/2495: Gotenstr.  54, Berlin
2025-08-15 16:33:11,968 - INFO - Geocoded: Gotenstr.  54, Berlin -> (52.4782856, 13.3604168) confidence: 8.875486381318407e-05
2025-08-15 16:33:11,968 - INFO - Updated Anton Honcek: (52.4782856, 13.3604168)
2025-08-15 16:33:11,968 - INFO - Processing address 489/2495: Alexandrinenstr. 45, Berlin
2025-08-15 16:33:13,453 - INFO - Geocoded: Alexandrinenstr. 45, Berlin -> (52.5057059, 13.4076031) confidence: 8.875486381318407e-05
2025-08-15 16:33:13,453 - INFO - Updated Anton Nathan: (52.5057059, 13.4076031)
2025-08-15 16:33:13,453 - INFO - Processing address 490/2495: Hufelandstr. 45, Berlin
2025-08-15 16:33:14,926 - INFO - Geocoded: Hufelandstr. 45, Berlin -> (52.53035, 13.4365242) confidence: 8.875486381318407e-05
2025-08-15 16:33:14,926 - INFO - Updated Anton Nathusius: (52.53035, 13.4365242)
2025-08-15 16:33:14,926 - INFO - Processing address 491/2495: Niebuhrstr. 7, Berlin
2025-08-15 16:33:16,366 - INFO - Geocoded: Niebuhrstr. 7, Berlin -> (52.5043938, 13.3163176) confidence: 8.875486381318407e-05
2025-08-15 16:33:16,366 - INFO - Updated Anton Schlesinger: (52.5043938, 13.3163176)
2025-08-15 16:33:16,366 - INFO - Processing address 492/2495: Barbarossaplatz 1, Berlin
2025-08-15 16:33:17,836 - INFO - Geocoded: Barbarossaplatz 1, Berlin -> (52.4920953, 13.3492) confidence: 0.06675542153047989
2025-08-15 16:33:17,836 - INFO - Updated Anton Stratmann Kaiser Barbarossa Apotheke: (52.4920953, 13.3492)
2025-08-15 16:33:17,836 - INFO - Processing address 493/2495: Sterkraderstr.  20, Berlin
2025-08-15 16:33:19,347 - INFO - Geocoded: Sterkraderstr.  20, Berlin -> (52.5792348, 13.2837193) confidence: 0.05342208819714653
2025-08-15 16:33:19,347 - INFO - Updated Anton Straßburger: (52.5792348, 13.2837193)
2025-08-15 16:33:19,347 - INFO - Processing address 494/2495: Tempelhofer Ufer 17, Berlin
2025-08-15 16:33:20,886 - INFO - Geocoded: Tempelhofer Ufer 17, Berlin -> (52.4985391, 13.3835149) confidence: 8.875486381318407e-05
2025-08-15 16:33:20,887 - INFO - Updated Apollo Wäsche-Verleih-Anstalt Dampfwäscherei Julius Moser: (52.4985391, 13.3835149)
2025-08-15 16:33:20,887 - INFO - Processing address 495/2495: 31/32, Berlin
2025-08-15 16:33:22,733 - INFO - Geocoded: 31/32, Berlin -> (52.5108886, 13.4280569) confidence: 8.875486381318407e-05
2025-08-15 16:33:22,734 - INFO - Updated Apotecker & Günzburger: (52.5108886, 13.4280569)
2025-08-15 16:33:22,734 - INFO - Processing address 496/2495: Turmstr. 84, Berlin
2025-08-15 16:33:24,468 - INFO - Geocoded: Turmstr. 84, Berlin -> (52.5285256, 13.3646215) confidence: 0.2548236191516143
2025-08-15 16:33:24,468 - INFO - Updated Apotheke am Arminiusplatz Theodor Behusch: (52.5285256, 13.3646215)
2025-08-15 16:33:24,469 - INFO - Processing address 497/2495: Hermannplatz 9, Berlin
2025-08-15 16:33:25,899 - INFO - Geocoded: Hermannplatz 9, Berlin -> (52.4873922, 13.4255186) confidence: 8.875486381318407e-05
2025-08-15 16:33:25,899 - INFO - Updated Apotheke am Hermannplatz Bruno Wolfsohn: (52.4873922, 13.4255186)
2025-08-15 16:33:25,899 - INFO - Processing address 498/2495: Auguststr. 60, Berlin
2025-08-15 16:33:27,489 - INFO - Geocoded: Auguststr. 60, Berlin -> (52.5278858, 13.4015632) confidence: 0.2801407094383336
2025-08-15 16:33:27,489 - INFO - Updated Apotheke u. Drogenhandlung zum gekrönten schwarzen Adler Hugo Loebinger: (52.5278858, 13.4015632)
2025-08-15 16:33:27,489 - INFO - Processing address 499/2495: Charlottenstr. 54, Berlin
2025-08-15 16:33:29,310 - INFO - Geocoded: Charlottenstr. 54, Berlin -> (52.5883243, 13.4118791) confidence: 8.875486381318407e-05
2025-08-15 16:33:29,311 - INFO - Updated Apotheke z. König Salomo Nathan Bermann Homöopathische Central Apotheke: (52.5883243, 13.4118791)
2025-08-15 16:33:29,311 - INFO - Processing address 500/2495: Kastanienallee 2, Berlin
2025-08-15 16:33:31,039 - INFO - Geocoded: Kastanienallee 2, Berlin -> (52.5405318, 13.4115435) confidence: 8.875486381318407e-05
2025-08-15 16:33:31,039 - INFO - Updated Apotheke zum Eisernen Kreuz und Drogenhandlung Julius Friedländer: (52.5405318, 13.4115435)
2025-08-15 16:33:31,039 - INFO - Progress: 500/2495 addresses processed
2025-08-15 16:33:31,073 - INFO - Processing address 501/2495: Friedelstr. 40, Berlin
2025-08-15 16:33:32,609 - INFO - Geocoded: Friedelstr. 40, Berlin -> (52.4917686, 13.4277016) confidence: 8.875486381318407e-05
2025-08-15 16:33:32,609 - INFO - Updated Apotheke zum goldenen Anker Ludwig Suckerow: (52.4917686, 13.4277016)
2025-08-15 16:33:32,609 - INFO - Processing address 502/2495: Lindenstr. 74, Berlin
2025-08-15 16:33:34,727 - INFO - Geocoded: Lindenstr. 74, Berlin -> (52.5059265, 13.3961163) confidence: 8.875486381318407e-05
2025-08-15 16:33:34,727 - INFO - Updated Apotheke zum goldenen Hirsch Dr. Siegbert Meyer: (52.5059265, 13.3961163)
2025-08-15 16:33:34,727 - INFO - Processing address 503/2495: Motzstr. 70, Berlin
2025-08-15 16:33:36,283 - INFO - Geocoded: Motzstr. 70, Berlin -> (52.4946475, 13.338036) confidence: 8.875486381318407e-05
2025-08-15 16:33:36,283 - INFO - Updated Apotheker Alex Ettinger Roland Drogerie: (52.4946475, 13.338036)
2025-08-15 16:33:36,283 - INFO - Processing address 504/2495: Schönhauser Allee 86, Berlin
2025-08-15 16:33:37,842 - INFO - Geocoded: Schönhauser Allee 86, Berlin -> (52.5517974, 13.414541) confidence: 8.875486381318407e-05
2025-08-15 16:33:37,842 - INFO - Updated Apotheker Egon Lustig: (52.5517974, 13.414541)
2025-08-15 16:33:37,842 - INFO - Processing address 505/2495: Johannisstr. 18/19, Berlin
2025-08-15 16:33:39,696 - INFO - Geocoded: Johannisstr. 18/19, Berlin -> (52.5244018, 13.3899213) confidence: 0.05342208819714653
2025-08-15 16:33:39,696 - INFO - Updated Apotheker Franz Koenigsberger GmbH: (52.5244018, 13.3899213)
2025-08-15 16:33:39,696 - INFO - Processing address 506/2495: Levetzowstr. 11, Berlin
2025-08-15 16:33:42,617 - INFO - Geocoded: Levetzowstr. 11, Berlin -> (52.5206086, 13.3349351) confidence: 8.875486381318407e-05
2025-08-15 16:33:42,617 - INFO - Updated Apotheker Max Chaskel Diana-Drogerie: (52.5206086, 13.3349351)
2025-08-15 16:33:42,617 - INFO - Processing address 507/2495: Jakobstr.  5, Berlin
2025-08-15 16:33:44,214 - INFO - Geocoded: Jakobstr.  5, Berlin -> (52.5116362, 13.4122899) confidence: 8.875486381318407e-05
2025-08-15 16:33:44,215 - INFO - Updated Apotheker Rosenberg: (52.5116362, 13.4122899)
2025-08-15 16:33:44,215 - INFO - Processing address 508/2495: Goebenstr. 38, Berlin
2025-08-15 16:33:45,846 - INFO - Geocoded: Goebenstr. 38, Berlin -> (52.4933803, 13.3664575) confidence: 0.05342208819714653
2025-08-15 16:33:45,846 - INFO - Updated Apparate-Bau- und Vertriebsgesellschaft System Reisz GmbH: (52.4933803, 13.3664575)
2025-08-15 16:33:45,846 - INFO - Processing address 509/2495: Mittelstr. 57, Berlin
2025-08-15 16:33:48,120 - INFO - Geocoded: Mittelstr. 57, Berlin -> (52.6708118, 13.5382488) confidence: 5.5989166094407835e-05
2025-08-15 16:33:48,120 - INFO - Updated Apt Eisenhandel GmbH: (52.67085947418813, 13.538137762684238)
2025-08-15 16:33:48,120 - INFO - Updated Geva Gesellschaft für die Verwertung von Baustoffen und Baugeräten mbH: (52.6709076401162, 13.537883303618342)
2025-08-15 16:33:48,120 - INFO - Processing address 510/2495: Bayerischer Platz 2, Berlin
2025-08-15 16:33:49,657 - INFO - Geocoded: Bayerischer Platz 2, Berlin -> (52.4897571, 13.3392122) confidence: 8.875486381318407e-05
2025-08-15 16:33:49,657 - INFO - Updated Arcadia Verlag GmbH: (52.4897571, 13.3392122)
2025-08-15 16:33:49,657 - INFO - Processing address 511/2495: Ritterstr. 96, Berlin
2025-08-15 16:33:51,300 - INFO - Geocoded: Ritterstr. 96, Berlin -> (52.501875, 13.4074697) confidence: 8.875486381318407e-05
2025-08-15 16:33:51,300 - INFO - Updated Aristola Walter Losch Radio- und Sprechmaschinen Großhandlung: (52.501875, 13.4074697)
2025-08-15 16:33:51,300 - INFO - Processing address 512/2495: Motzstr. 42, Berlin
2025-08-15 16:33:53,008 - INFO - Geocoded: Motzstr. 42, Berlin -> (52.4969568, 13.3454465) confidence: 0.34545697456998203
2025-08-15 16:33:53,008 - INFO - Updated Arkady Chentow: (52.4969568, 13.3454465)
2025-08-15 16:33:53,008 - INFO - Processing address 513/2495: Friedrichstr. 49, Berlin
2025-08-15 16:33:54,728 - INFO - Geocoded: Friedrichstr. 49, Berlin -> (52.4532667, 13.6252698) confidence: 8.875486381318407e-05
2025-08-15 16:33:54,728 - INFO - Updated Armand Wolfsohn: (52.453272263257745, 13.625031800261908)
2025-08-15 16:33:54,728 - INFO - Updated C. Schönlicht: (52.45358612797289, 13.624726879051648)
2025-08-15 16:33:54,728 - INFO - Processing address 514/2495: Douglasstr.  30, Berlin
2025-08-15 16:33:56,221 - INFO - Geocoded: Douglasstr.  30, Berlin -> (52.4855383, 13.2605716) confidence: 8.875486381318407e-05
2025-08-15 16:33:56,222 - INFO - Updated Arno Kikoler: (52.4855383, 13.2605716)
2025-08-15 16:33:56,222 - INFO - Processing address 515/2495: Königstr.  83, Berlin
2025-08-15 16:33:58,466 - INFO - Geocoded: Königstr.  83, Berlin -> (52.5182552, 13.4068157) confidence: 0.34137582715177667
2025-08-15 16:33:58,466 - INFO - Updated Arno Raßner: (52.51815105585653, 13.407130530399652)
2025-08-15 16:33:58,466 - INFO - Updated Elias Glaser: (52.51799575185062, 13.406892463313161)
2025-08-15 16:33:58,467 - INFO - Updated Elli Fink: (52.518448269074455, 13.40693448764801)
2025-08-15 16:33:58,467 - INFO - Processing address 516/2495: Wullenweberstr. 11, Berlin
2025-08-15 16:33:59,974 - INFO - Geocoded: Wullenweberstr. 11, Berlin -> (52.5191482, 13.3309586) confidence: 8.875486381318407e-05
2025-08-15 16:33:59,974 - INFO - Updated Arno Siegfeld: (52.5191482, 13.3309586)
2025-08-15 16:33:59,974 - INFO - Processing address 517/2495: 44, Berlin
2025-08-15 16:33:59,974 - WARNING - Incomplete address detected: 44, Berlin
2025-08-15 16:33:59,974 - ERROR - Failed to geocode address: 44, Berlin
2025-08-15 16:33:59,974 - INFO - Processing address 518/2495: Spittelmarkt 15, Berlin
2025-08-15 16:34:01,461 - INFO - Geocoded: Spittelmarkt 15, Berlin -> (52.5114089, 13.4018916) confidence: 0.33632164909184187
2025-08-15 16:34:01,461 - INFO - Updated Arnold Ascher: (52.5114089, 13.4018916)
2025-08-15 16:34:01,461 - INFO - Processing address 519/2495: Pestalozzistr.  54, Berlin
2025-08-15 16:34:03,221 - INFO - Geocoded: Pestalozzistr.  54, Berlin -> (52.5079208, 13.2960617) confidence: 8.875486381318407e-05
2025-08-15 16:34:03,224 - INFO - Updated Arnold Bachrach: (52.5079208, 13.2960617)
2025-08-15 16:34:03,225 - INFO - Processing address 520/2495: Trendelenburgstr. 17, Berlin
2025-08-15 16:34:04,725 - INFO - Geocoded: Trendelenburgstr. 17, Berlin -> (52.5055057, 13.2918962) confidence: 0.05342208819714653
2025-08-15 16:34:04,725 - INFO - Updated Arnold Fischer: (52.5055057, 13.2918962)
2025-08-15 16:34:04,725 - INFO - Processing address 521/2495: Badstr.  59, Berlin
2025-08-15 16:34:06,387 - INFO - Geocoded: Badstr.  59, Berlin -> (52.5512687, 13.3831574) confidence: 8.875486381318407e-05
2025-08-15 16:34:06,387 - INFO - Updated Arnold Friedler: (52.5512687, 13.3831574)
2025-08-15 16:34:06,387 - INFO - Processing address 522/2495: Kronenstr. 32, Berlin
2025-08-15 16:34:07,881 - INFO - Geocoded: Kronenstr. 32, Berlin -> (52.511386, 13.3927068) confidence: 0.05342208819714653
2025-08-15 16:34:07,881 - INFO - Updated Arnold Frischmann: (52.51110810227064, 13.393163758098591)
2025-08-15 16:34:07,881 - INFO - Updated Arnold Ritzewoller: (52.51103355603858, 13.392703650755266)
2025-08-15 16:34:07,881 - INFO - Updated Grünberg & Heine: (52.51146643908189, 13.392417219126958)
2025-08-15 16:34:07,881 - INFO - Processing address 523/2495: Seydelstr. 16, Berlin
2025-08-15 16:34:09,312 - INFO - Geocoded: Seydelstr. 16, Berlin -> (52.5087041, 13.4045741) confidence: 8.875486381318407e-05
2025-08-15 16:34:09,312 - INFO - Updated Arnold Goldmann: (52.5087041, 13.4045741)
2025-08-15 16:34:09,312 - INFO - Processing address 524/2495: Wullenweberstr. 6, Berlin
2025-08-15 16:34:10,787 - INFO - Geocoded: Wullenweberstr. 6, Berlin -> (52.5183895, 13.333488) confidence: 8.875486381318407e-05
2025-08-15 16:34:10,787 - INFO - Updated Arnold Gutkind: (52.51827844804822, 13.333002328531096)
2025-08-15 16:34:10,787 - INFO - Updated Emil Plessner & Sohn: (52.518024870539115, 13.332919759102518)
2025-08-15 16:34:10,787 - INFO - Processing address 525/2495: Rykestr. 49, Berlin
2025-08-15 16:34:12,238 - INFO - Geocoded: Rykestr. 49, Berlin -> (52.5356641, 13.4195902) confidence: 8.875486381318407e-05
2025-08-15 16:34:12,238 - INFO - Updated Arnold Lichtenstein: (52.5356641, 13.4195902)
2025-08-15 16:34:12,238 - INFO - Processing address 526/2495: Andreasstr. 6, Berlin
2025-08-15 16:34:13,717 - INFO - Geocoded: Andreasstr. 6, Berlin -> (52.5138932, 13.4295596) confidence: 8.875486381318407e-05
2025-08-15 16:34:13,717 - INFO - Updated Arnold Lippmann Inh. David Lippmann: (52.5138932, 13.4295596)
2025-08-15 16:34:13,717 - INFO - Processing address 527/2495: 95, Berlin
2025-08-15 16:34:13,717 - WARNING - Incomplete address detected: 95, Berlin
2025-08-15 16:34:13,717 - ERROR - Failed to geocode address: 95, Berlin
2025-08-15 16:34:13,717 - INFO - Processing address 528/2495: Jakobstr. 77, Berlin
2025-08-15 16:34:15,371 - INFO - Geocoded: Jakobstr. 77, Berlin -> (52.51037, 13.408449) confidence: 8.875486381318407e-05
2025-08-15 16:34:15,371 - INFO - Updated Arnold Obersky AG: (52.51071376544933, 13.408516811432303)
2025-08-15 16:34:15,371 - INFO - Updated Arnold Obersky GmbH Mieder- und Wäschefabrik: (52.51005083811361, 13.408307832820178)
2025-08-15 16:34:15,371 - INFO - Updated Gebrüder Lewandowski GmbH: (52.51009814178298, 13.408622841567414)
2025-08-15 16:34:15,371 - INFO - Processing address 529/2495: Külzerstr. 1, Berlin
2025-08-15 16:34:16,844 - INFO - Geocoded: Külzerstr. 1, Berlin -> (52.4594814, 13.3326079) confidence: 0.05342208819714653
2025-08-15 16:34:16,844 - INFO - Updated Arnold Türk: (52.4594814, 13.3326079)
2025-08-15 16:34:16,844 - INFO - Processing address 530/2495: Holsteiner Ufer 6, Berlin
2025-08-15 16:34:18,346 - INFO - Geocoded: Holsteiner Ufer 6, Berlin -> (52.5224235, 13.3427853) confidence: 8.875486381318407e-05
2025-08-15 16:34:18,346 - INFO - Updated Arnold Wangenheim: (52.5224235, 13.3427853)
2025-08-15 16:34:18,346 - INFO - Processing address 531/2495: Nürnberger Platz 5, Berlin
2025-08-15 16:34:26,933 - WARNING - Failed to geocode: Nürnberger Platz 5, Berlin
2025-08-15 16:34:26,934 - ERROR - Failed to geocode address: Nürnberger Platz 5, Berlin
2025-08-15 16:34:26,934 - INFO - Processing address 532/2495: Franseckystr.  36, Berlin
2025-08-15 16:34:28,609 - INFO - Geocoded: Franseckystr.  36, Berlin -> (52.5381841, 13.4181202) confidence: 8.875486381318407e-05
2025-08-15 16:34:28,609 - INFO - Updated Aron Glaser: (52.5381841, 13.4181202)
2025-08-15 16:34:28,609 - INFO - Processing address 533/2495: Hardenbergstr. 43, Berlin
2025-08-15 16:34:30,533 - INFO - Geocoded: Hardenbergstr. 43, Berlin -> (52.5060421, 13.3325356) confidence: 0.3410509297273993
2025-08-15 16:34:30,533 - INFO - Updated Aron Hirsch & Sohn: (52.506115250617974, 13.332767567992995)
2025-08-15 16:34:30,533 - INFO - Updated Erze und Metalle Hirsch AG: (52.50638729632589, 13.331978915016425)
2025-08-15 16:34:30,533 - INFO - Updated Gebr. Gumpert: (52.505885465581436, 13.332035202999062)
2025-08-15 16:34:30,533 - INFO - Processing address 534/2495: Jagowstr.  44, Berlin
2025-08-15 16:34:32,132 - INFO - Geocoded: Jagowstr.  44, Berlin -> (52.5194247, 13.3314012) confidence: 8.875486381318407e-05
2025-08-15 16:34:32,132 - INFO - Updated Aron Hirschfeld: (52.5194247, 13.3314012)
2025-08-15 16:34:32,132 - INFO - Processing address 535/2495: Kantstr. 52, Berlin
2025-08-15 16:34:33,840 - INFO - Geocoded: Kantstr. 52, Berlin -> (52.5067627, 13.3089341) confidence: 8.875486381318407e-05
2025-08-15 16:34:33,840 - INFO - Updated Aron Hoffmann: (52.5067627, 13.3089341)
2025-08-15 16:34:33,840 - INFO - Processing address 536/2495: Dahlmannstr. 12, Berlin
2025-08-15 16:34:35,641 - INFO - Geocoded: Dahlmannstr. 12, Berlin -> (52.5009056, 13.3036902) confidence: 8.875486381318407e-05
2025-08-15 16:34:35,642 - INFO - Updated Aron Katz Söhne: (52.5009056, 13.3036902)
2025-08-15 16:34:35,642 - INFO - Processing address 537/2495: Brunnenstr. 93, Berlin
2025-08-15 16:34:37,380 - INFO - Geocoded: Brunnenstr. 93, Berlin -> (52.5454425, 13.3908207) confidence: 8.875486381318407e-05
2025-08-15 16:34:37,380 - INFO - Updated Aron Robak: (52.5454425, 13.3908207)
2025-08-15 16:34:37,380 - INFO - Processing address 538/2495: Kantstr. 90, Berlin
2025-08-15 16:34:38,896 - INFO - Geocoded: Kantstr. 90, Berlin -> (52.5064048, 13.297799) confidence: 8.875486381318407e-05
2025-08-15 16:34:38,896 - INFO - Updated Aron Salomon: (52.5064048, 13.297799)
2025-08-15 16:34:38,896 - INFO - Processing address 539/2495: Charlottenstr. 67, Berlin
2025-08-15 16:34:40,471 - INFO - Geocoded: Charlottenstr. 67, Berlin -> (52.5110903, 13.289336) confidence: 8.875486381318407e-05
2025-08-15 16:34:40,472 - INFO - Updated Aronheim & Horwitz: (52.51104577859268, 13.288786167684588)
2025-08-15 16:34:40,472 - INFO - Updated Hanni Grünthal: (52.511510700585184, 13.289478133082179)
2025-08-15 16:34:40,472 - INFO - Processing address 540/2495: Königstr. 12, Berlin
2025-08-15 16:34:42,363 - INFO - Geocoded: Königstr. 12, Berlin -> (52.4201754, 13.1618533) confidence: 8.875486381318407e-05
2025-08-15 16:34:42,364 - INFO - Updated Arsa Textil- und Wirkwarengesellschaft mbH: (52.4201754, 13.1618533)
2025-08-15 16:34:42,364 - INFO - Processing address 541/2495: Friedrichstr. 22, Berlin
2025-08-15 16:34:44,445 - INFO - Geocoded: Friedrichstr. 22, Berlin -> (52.5068206, 13.5145078) confidence: 8.875486381318407e-05
2025-08-15 16:34:44,445 - INFO - Updated Arthur Abraham: (52.5071658481694, 13.514870706919671)
2025-08-15 16:34:44,445 - INFO - Updated Artur Kreisberg: (52.50645558917961, 13.514714863809955)
2025-08-15 16:34:44,445 - INFO - Processing address 542/2495: Friedrichstr. 53/56, Berlin
2025-08-15 16:34:46,872 - INFO - Geocoded: Friedrichstr. 53/56, Berlin -> (52.5015293, 13.3913508) confidence: 0.4683814607413573
2025-08-15 16:34:46,872 - INFO - Updated Arthur Abrahamsohn: (52.5015293, 13.3913508)
2025-08-15 16:34:46,872 - INFO - Processing address 543/2495: Leibnizstr. 62, Berlin
2025-08-15 16:34:48,482 - INFO - Geocoded: Leibnizstr. 62, Berlin -> (52.5038065, 13.3133261) confidence: 8.875486381318407e-05
2025-08-15 16:34:48,482 - INFO - Updated Arthur Auerhann: (52.5038065, 13.3133261)
2025-08-15 16:34:48,482 - INFO - Processing address 544/2495: Niederwallstr. 33, Berlin
2025-08-15 16:34:49,917 - INFO - Geocoded: Niederwallstr. 33, Berlin -> (52.5125963, 13.3989472) confidence: 8.875486381318407e-05
2025-08-15 16:34:49,918 - INFO - Updated Arthur Behrendt Nachf. GmbH: (52.512747143895105, 13.39866769118529)
2025-08-15 16:34:49,918 - INFO - Updated Cahn & Sommer: (52.51277961401369, 13.399308117859572)
2025-08-15 16:34:49,918 - INFO - Updated Dambitsch & Mottek: (52.51292723680136, 13.3984987665374)
2025-08-15 16:34:49,918 - INFO - Updated Gebrüder Brandt: (52.51284518028092, 13.398493907116361)
2025-08-15 16:34:49,918 - INFO - Processing address 545/2495: 45, Berlin
2025-08-15 16:34:49,918 - WARNING - Incomplete address detected: 45, Berlin
2025-08-15 16:34:49,918 - ERROR - Failed to geocode address: 45, Berlin
2025-08-15 16:34:49,918 - INFO - Processing address 546/2495: Sophienstr. 66, Berlin
2025-08-15 16:34:51,510 - INFO - Geocoded: Sophienstr. 66, Berlin -> (52.5256266, 13.4009323) confidence: 0.05342208819714653
2025-08-15 16:34:51,510 - INFO - Updated Arthur Buchholz: (52.5256266, 13.4009323)
2025-08-15 16:34:51,510 - INFO - Processing address 547/2495: 7, Berlin
2025-08-15 16:34:51,510 - WARNING - Incomplete address detected: 7, Berlin
2025-08-15 16:34:51,510 - ERROR - Failed to geocode address: 7, Berlin
2025-08-15 16:34:51,510 - INFO - Processing address 548/2495: 56, Berlin
2025-08-15 16:34:51,510 - WARNING - Incomplete address detected: 56, Berlin
2025-08-15 16:34:51,510 - ERROR - Failed to geocode address: 56, Berlin
2025-08-15 16:34:51,510 - INFO - Processing address 549/2495: ( Trade ) Eingetragen im Handelsregister/ Gründung 1934 Erloschen 1939 Ostbahnhof ,  Berlin
2025-08-15 16:34:56,861 - WARNING - Failed to geocode: ( Trade ) Eingetragen im Handelsregister/ Gründung 1934 Erloschen 1939 Ostbahnhof ,  Berlin
2025-08-15 16:34:56,861 - ERROR - Failed to geocode address: ( Trade ) Eingetragen im Handelsregister/ Gründung 1934 Erloschen 1939 Ostbahnhof ,  Berlin
2025-08-15 16:34:56,861 - INFO - Processing address 550/2495: Oberwallstr. 12/13, Berlin
2025-08-15 16:34:58,623 - INFO - Geocoded: Oberwallstr. 12/13, Berlin -> (52.5172344, 13.3963367) confidence: 0.05342208819714653
2025-08-15 16:34:58,623 - INFO - Updated Arthur Hirschfeld & Co: (52.5172344, 13.3963367)
2025-08-15 16:34:58,623 - INFO - Processing address 551/2495: Klosterstr. 77/78, Berlin
2025-08-15 16:35:01,007 - INFO - Geocoded: Klosterstr. 77/78, Berlin -> (52.5186603, 13.4113815) confidence: 0.33382026067444703
2025-08-15 16:35:01,008 - INFO - Updated Arthur Jachmann: (52.5186603, 13.4113815)
2025-08-15 16:35:01,008 - INFO - Processing address 552/2495: 65, Berlin
2025-08-15 16:35:01,008 - WARNING - Incomplete address detected: 65, Berlin
2025-08-15 16:35:01,008 - ERROR - Failed to geocode address: 65, Berlin
2025-08-15 16:35:01,008 - INFO - Processing address 553/2495: Ackerstr. 54/55, Berlin
2025-08-15 16:35:02,896 - INFO - Geocoded: Ackerstr. 54/55, Berlin -> (52.5395343, 13.3820571) confidence: 0.29699664641894313
2025-08-15 16:35:02,896 - INFO - Updated Arthur Jacoby GmbH: (52.5395343, 13.3820571)
2025-08-15 16:35:02,896 - INFO - Processing address 554/2495: Neuer Markt 16, Berlin
2025-08-15 16:35:10,900 - WARNING - Failed to geocode: Neuer Markt 16, Berlin
2025-08-15 16:35:10,901 - ERROR - Failed to geocode address: Neuer Markt 16, Berlin
2025-08-15 16:35:10,901 - INFO - Processing address 555/2495: Dahlmannstr. 23, Berlin
2025-08-15 16:35:12,336 - INFO - Geocoded: Dahlmannstr. 23, Berlin -> (52.5010009, 13.3041849) confidence: 8.875486381318407e-05
2025-08-15 16:35:12,336 - INFO - Updated Arthur Katzenellenbogen & Co GmbH: (52.500888076197995, 13.304684932845152)
2025-08-15 16:35:12,336 - INFO - Updated Georg Grünbaum Holzmakler: (52.50071114963765, 13.304723393804224)
2025-08-15 16:35:12,336 - INFO - Processing address 556/2495: Orberstr. 18, Berlin
2025-08-15 16:35:13,781 - INFO - Geocoded: Orberstr. 18, Berlin -> (52.4900915, 13.2958822) confidence: 8.875486381318407e-05
2025-08-15 16:35:13,781 - INFO - Updated Arthur Kiewe: (52.4900915, 13.2958822)
2025-08-15 16:35:13,781 - INFO - Processing address 557/2495: Neckarstr. 1, Berlin
2025-08-15 16:35:15,283 - INFO - Geocoded: Neckarstr. 1, Berlin -> (52.4804675, 13.4352713) confidence: 8.875486381318407e-05
2025-08-15 16:35:15,283 - INFO - Updated Arthur Klein: (52.4804675, 13.4352713)
2025-08-15 16:35:15,284 - INFO - Processing address 558/2495: Ringstr. 45, Berlin
2025-08-15 16:35:17,338 - INFO - Geocoded: Ringstr. 45, Berlin -> (52.4356364, 13.2896116) confidence: 8.875486381318407e-05
2025-08-15 16:35:17,339 - INFO - Updated Arthur Geibel, Diplom-Kaufmann: (52.4356364, 13.2896116)
2025-08-15 16:35:17,339 - INFO - Processing address 559/2495: Elisabethufer 43, Berlin
2025-08-15 16:35:23,471 - WARNING - Failed to geocode: Elisabethufer 43, Berlin
2025-08-15 16:35:23,471 - ERROR - Failed to geocode address: Elisabethufer 43, Berlin
2025-08-15 16:35:23,471 - INFO - Processing address 560/2495: Spittelmarkt 16/17, Berlin
2025-08-15 16:35:25,223 - INFO - Geocoded: Spittelmarkt 16/17, Berlin -> (52.5114089, 13.4018916) confidence: 0.33632164909184187
2025-08-15 16:35:25,223 - INFO - Updated Arthur Grimisch (Arthur Grzymisch): (52.511037275215116, 13.40218938228281)
2025-08-15 16:35:25,223 - INFO - Updated Claire Badrian Lady-Wäsche: (52.511148926455405, 13.401787085495954)
2025-08-15 16:35:25,223 - INFO - Processing address 561/2495: Leibnizstr. 96, Berlin
2025-08-15 16:35:26,741 - INFO - Geocoded: Leibnizstr. 96, Berlin -> (52.5118228, 13.3143192) confidence: 8.875486381318407e-05
2025-08-15 16:35:26,741 - INFO - Updated Arthur Hanff: (52.5118228, 13.3143192)
2025-08-15 16:35:26,741 - INFO - Processing address 562/2495: 90, Berlin
2025-08-15 16:35:26,741 - WARNING - Incomplete address detected: 90, Berlin
2025-08-15 16:35:26,741 - ERROR - Failed to geocode address: 90, Berlin
2025-08-15 16:35:26,741 - INFO - Processing address 563/2495: Kochstr. 6/7, Berlin
2025-08-15 16:35:28,705 - INFO - Geocoded: Kochstr. 6/7, Berlin -> (52.5063796, 13.3879266) confidence: 8.875486381318407e-05
2025-08-15 16:35:28,705 - INFO - Updated Arthur Dahlheim Gemälde Salons vereinigter Künstler: (52.50627157288259, 13.38800230213476)
2025-08-15 16:35:28,705 - INFO - Updated Deutscher Film Zeitungsdienst GmbH: (52.5060212764689, 13.387398354033701)
2025-08-15 16:35:28,705 - INFO - Updated H. Lipke: (52.50653825361493, 13.387813159673117)
2025-08-15 16:35:28,705 - INFO - Processing address 564/2495: Burgstr. 28, Berlin
2025-08-15 16:35:30,473 - INFO - Geocoded: Burgstr. 28, Berlin -> (52.5217255, 13.4008252) confidence: 8.875486381318407e-05
2025-08-15 16:35:30,473 - INFO - Updated Arthur Ernsthal: (52.5215926938265, 13.400848193372543)
2025-08-15 16:35:30,473 - INFO - Updated David Henoch: (52.52210620360674, 13.400649649914211)
2025-08-15 16:35:30,473 - INFO - Updated Emanuel M. Meyer: (52.52157735763495, 13.401344289845225)
2025-08-15 16:35:30,473 - INFO - Updated Erwin Lindenstrauß: (52.521675946997924, 13.401338335276755)
2025-08-15 16:35:30,473 - INFO - Processing address 565/2495: Charlottenstr. 56, Berlin
2025-08-15 16:35:32,154 - INFO - Geocoded: Charlottenstr. 56, Berlin -> (52.5877445, 13.4120457) confidence: 8.875486381318407e-05
2025-08-15 16:35:32,154 - INFO - Updated Arthur Fabian: (52.587580479476806, 13.411725170506896)
2025-08-15 16:35:32,154 - INFO - Updated Arthur Fabian & Co KG in Liquidation: (52.58753543160482, 13.411774151122803)
2025-08-15 16:35:32,154 - INFO - Updated Emil Mendel Vertretungen: (52.58782050724075, 13.412219472929532)
2025-08-15 16:35:32,154 - INFO - Processing address 566/2495: Charlottenburger Ufer 55/56, Berlin
2025-08-15 16:35:33,931 - INFO - Geocoded: Charlottenburger Ufer 55/56, Berlin -> (52.5213436, 13.2999014) confidence: 0.05342208819714653
2025-08-15 16:35:33,931 - INFO - Updated Arthur Fabisch Fabrikation feiner Seifen und Parfümerien GmbH: (52.5213436, 13.2999014)
2025-08-15 16:35:33,931 - INFO - Processing address 567/2495: Friedrichstr. 59, Berlin
2025-08-15 16:35:35,750 - INFO - Geocoded: Friedrichstr. 59, Berlin -> (52.4544729, 13.6254949) confidence: 8.875486381318407e-05
2025-08-15 16:35:35,750 - INFO - Updated Arthur Friedmann: (52.45473435551655, 13.625563940369899)
2025-08-15 16:35:35,750 - INFO - Updated Fritz Saalfeld: (52.45474275392749, 13.625412733112025)
2025-08-15 16:35:35,750 - INFO - Processing address 568/2495: Seydelstr. 32, Berlin
2025-08-15 16:35:37,165 - INFO - Geocoded: Seydelstr. 32, Berlin -> (52.5106106, 13.4031588) confidence: 8.875486381318407e-05
2025-08-15 16:35:37,165 - INFO - Updated Arthur Fuß: (52.5106106, 13.4031588)
2025-08-15 16:35:37,165 - INFO - Processing address 569/2495: Kronenstr. 42, Berlin
2025-08-15 16:35:38,656 - INFO - Geocoded: Kronenstr. 42, Berlin -> (52.5116188, 13.3946677) confidence: 8.875486381318407e-05
2025-08-15 16:35:38,656 - INFO - Updated Arthur Gadiel: (52.5116188, 13.3946677)
2025-08-15 16:35:38,656 - INFO - Processing address 570/2495: Levetzowstr. 14, Berlin
2025-08-15 16:35:40,134 - INFO - Geocoded: Levetzowstr. 14, Berlin -> (52.5196955, 13.337177) confidence: 8.875486381318407e-05
2025-08-15 16:35:40,134 - INFO - Updated Arthur Mannheim: (52.5196955, 13.337177)
2025-08-15 16:35:40,134 - INFO - Processing address 571/2495: Hochstr. 2/4, Berlin
2025-08-15 16:35:42,532 - INFO - Geocoded: Hochstr. 2/4, Berlin -> (52.5433115, 13.3767162) confidence: 0.05342208819714653
2025-08-15 16:35:42,532 - INFO - Updated Arthur Marcus: (52.5433115, 13.3767162)
2025-08-15 16:35:42,532 - INFO - Processing address 572/2495: Meinauerstr. 13, Berlin
2025-08-15 16:35:47,859 - WARNING - Failed to geocode: Meinauerstr. 13, Berlin
2025-08-15 16:35:47,860 - ERROR - Failed to geocode address: Meinauerstr. 13, Berlin
2025-08-15 16:35:47,860 - INFO - Processing address 573/2495: 19, Berlin
2025-08-15 16:35:47,861 - WARNING - Incomplete address detected: 19, Berlin
2025-08-15 16:35:47,861 - ERROR - Failed to geocode address: 19, Berlin
2025-08-15 16:35:47,861 - INFO - Processing address 574/2495: Hauptstr. 159, Berlin
2025-08-15 16:35:51,468 - INFO - Geocoded: Hauptstr. 159, Berlin -> (52.4898888, 13.360082) confidence: 8.875486381318407e-05
2025-08-15 16:35:51,468 - INFO - Updated Arthur Meyer: (52.4898888, 13.360082)
2025-08-15 16:35:51,468 - INFO - Processing address 575/2495: Wrangelstr. 18, Berlin
2025-08-15 16:35:52,977 - INFO - Geocoded: Wrangelstr. 18, Berlin -> (52.503221, 13.4303745) confidence: 8.875486381318407e-05
2025-08-15 16:35:52,977 - INFO - Updated Arthur Moral: (52.503221, 13.4303745)
2025-08-15 16:35:52,977 - INFO - Processing address 576/2495: Hoher Steinweg 15, Berlin
2025-08-15 16:35:55,064 - INFO - Geocoded: Hoher Steinweg 15, Berlin -> (52.5398747, 13.2062069) confidence: 0.05342208819714653
2025-08-15 16:35:55,064 - INFO - Updated Arthur Moses: (52.53999541851074, 13.206311019510009)
2025-08-15 16:35:55,064 - INFO - Updated Chamois & Leder Import und Export S. Schneller GmbH: (52.53991655512267, 13.206054586448733)
2025-08-15 16:35:55,064 - INFO - Updated Gebr. Kempe: (52.540100475040845, 13.20681412585935)
2025-08-15 16:35:55,064 - INFO - Processing address 577/2495: Güntzelstr. 17/18, Berlin
2025-08-15 16:35:56,830 - INFO - Geocoded: Güntzelstr. 17/18, Berlin -> (52.491026, 13.3277062) confidence: 0.05342208819714653
2025-08-15 16:35:56,830 - INFO - Updated Arthur Myrants, Ingenieur: (52.491026, 13.3277062)
2025-08-15 16:35:56,830 - INFO - Processing address 578/2495: Jablonskistr.  30, Berlin
2025-08-15 16:35:58,241 - INFO - Geocoded: Jablonskistr.  30, Berlin -> (52.5365091, 13.4270562) confidence: 8.875486381318407e-05
2025-08-15 16:35:58,241 - INFO - Updated Arthur Oelsner: (52.5365091, 13.4270562)
2025-08-15 16:35:58,241 - INFO - Processing address 579/2495: ( Trade ) Eingetragen im Handelsregister/ Gründung 1922 Erloschen 1938 Nonnendammallee 93a,  Berlin
2025-08-15 16:36:03,649 - WARNING - Failed to geocode: ( Trade ) Eingetragen im Handelsregister/ Gründung 1922 Erloschen 1938 Nonnendammallee 93a,  Berlin
2025-08-15 16:36:03,650 - ERROR - Failed to geocode address: ( Trade ) Eingetragen im Handelsregister/ Gründung 1922 Erloschen 1938 Nonnendammallee 93a,  Berlin
2025-08-15 16:36:03,650 - INFO - Processing address 580/2495: Oberwallstr. 9, Berlin
2025-08-15 16:36:05,161 - INFO - Geocoded: Oberwallstr. 9, Berlin -> (52.5134755, 13.3970318) confidence: 8.875486381318407e-05
2025-08-15 16:36:05,161 - INFO - Updated Arthur Rautenberg & Co: (52.513285712495154, 13.397143391493936)
2025-08-15 16:36:05,161 - INFO - Updated Artur Rabow: (52.513368169274536, 13.397266938862233)
2025-08-15 16:36:05,161 - INFO - Updated Bernhard Leon: (52.51382221784326, 13.397575706734575)
2025-08-15 16:36:05,161 - INFO - Updated Erich Neumann & Co: (52.51334269024212, 13.396918739351971)
2025-08-15 16:36:05,161 - INFO - Processing address 581/2495: 113, Berlin
2025-08-15 16:36:05,162 - WARNING - Incomplete address detected: 113, Berlin
2025-08-15 16:36:05,162 - ERROR - Failed to geocode address: 113, Berlin
2025-08-15 16:36:05,162 - INFO - Processing address 582/2495: 57, Berlin
2025-08-15 16:36:05,162 - WARNING - Incomplete address detected: 57, Berlin
2025-08-15 16:36:05,162 - ERROR - Failed to geocode address: 57, Berlin
2025-08-15 16:36:05,162 - INFO - Processing address 583/2495: Grünstr. 31, Berlin
2025-08-15 16:36:06,875 - INFO - Geocoded: Grünstr. 31, Berlin -> (52.5163321, 13.6887729) confidence: 5.175173571369524e-05
2025-08-15 16:36:06,875 - INFO - Updated Arthur Rund: (52.5163321, 13.6887729)
2025-08-15 16:36:06,875 - INFO - Processing address 584/2495: 77, Berlin
2025-08-15 16:36:06,875 - WARNING - Incomplete address detected: 77, Berlin
2025-08-15 16:36:06,875 - ERROR - Failed to geocode address: 77, Berlin
2025-08-15 16:36:06,875 - INFO - Processing address 585/2495: Markgrafenstr. 27, Berlin
2025-08-15 16:36:08,722 - INFO - Geocoded: Markgrafenstr. 27, Berlin -> (52.6328163, 13.3014549) confidence: 8.875486381318407e-05
2025-08-15 16:36:08,722 - INFO - Updated Arthur Salomon, Damenwäsche-Fabrikation: (52.63321517393881, 13.301374293430507)
2025-08-15 16:36:08,722 - INFO - Updated Bachmann & Wolffheim: (52.632999537740346, 13.301862162073686)
2025-08-15 16:36:08,722 - INFO - Updated Brandt, Rudner & Co: (52.63250237665891, 13.30204650003459)
2025-08-15 16:36:08,722 - INFO - Updated Dr. med. Singer & Co GmbH: (52.63325243025479, 13.3010530586655)
2025-08-15 16:36:08,722 - INFO - Updated Edgar Sandmann, Fabrikation von Blusen und Kleidern: (52.6327585575738, 13.301443027658268)
2025-08-15 16:36:08,722 - INFO - Updated Ginsburg & Co GmbH: (52.63299831251631, 13.301496071978274)
2025-08-15 16:36:08,722 - INFO - Processing address 586/2495: Klosterstr. 10, Berlin
2025-08-15 16:36:10,403 - INFO - Geocoded: Klosterstr. 10, Berlin -> (52.5315873, 13.196911) confidence: 8.875486381318407e-05
2025-08-15 16:36:10,403 - INFO - Updated Arthur Salzmann: (52.5315873, 13.196911)
2025-08-15 16:36:10,403 - INFO - Processing address 587/2495: Kaiserdamm 38, Berlin
2025-08-15 16:36:12,036 - INFO - Geocoded: Kaiserdamm 38, Berlin -> (52.5098174, 13.2752762) confidence: 8.875486381318407e-05
2025-08-15 16:36:12,036 - INFO - Updated Arthur Lehmann & Co: (52.5098174, 13.2752762)
2025-08-15 16:36:12,036 - INFO - Processing address 588/2495: 55, Berlin
2025-08-15 16:36:12,036 - WARNING - Incomplete address detected: 55, Berlin
2025-08-15 16:36:12,036 - ERROR - Failed to geocode address: 55, Berlin
2025-08-15 16:36:12,036 - INFO - Processing address 589/2495: Kottbusser Damm 16/17, Berlin
2025-08-15 16:36:14,249 - INFO - Geocoded: Kottbusser Damm 16/17, Berlin -> (52.4933042, 13.4218336) confidence: 0.2711690462561393
2025-08-15 16:36:14,249 - INFO - Updated Arthur Leyser Herren Confection: (52.4933042, 13.4218336)
2025-08-15 16:36:14,249 - INFO - Processing address 590/2495: Lindenallee 25, Berlin
2025-08-15 16:36:15,851 - INFO - Geocoded: Lindenallee 25, Berlin -> (52.5113085, 13.2716973) confidence: 8.875486381318407e-05
2025-08-15 16:36:15,851 - INFO - Updated Arthur Lichtenstein: (52.511638636993894, 13.272184329739185)
2025-08-15 16:36:15,851 - INFO - Updated Ernst Sommer & Co: (52.511684338278165, 13.272259718168028)
2025-08-15 16:36:15,851 - INFO - Processing address 591/2495: textiles and clothing Holsteiner Ufer  2, Berlin
2025-08-15 16:36:23,058 - WARNING - Failed to geocode: textiles and clothing Holsteiner Ufer  2, Berlin
2025-08-15 16:36:23,059 - ERROR - Failed to geocode address: textiles and clothing Holsteiner Ufer  2, Berlin
2025-08-15 16:36:23,059 - INFO - Processing address 592/2495: Waldstr. 23/24, Berlin
2025-08-15 16:36:27,649 - INFO - Geocoded: Waldstr. 23/24, Berlin -> (52.4849135, 13.5763401) confidence: 0.05342208819714653
2025-08-15 16:36:27,649 - INFO - Updated Arthur Wasservogel GmbH: (52.4849135, 13.5763401)
2025-08-15 16:36:27,649 - INFO - Processing address 593/2495: Turinerstr.  16, Berlin
2025-08-15 16:36:29,407 - INFO - Geocoded: Turinerstr.  16, Berlin -> (52.5495662, 13.359139) confidence: 8.875486381318407e-05
2025-08-15 16:36:29,407 - INFO - Updated Arthur Weisselborn: (52.5495662, 13.359139)
2025-08-15 16:36:29,407 - INFO - Processing address 594/2495: Viktoriastr. 5, Berlin
2025-08-15 16:36:31,043 - INFO - Geocoded: Viktoriastr. 5, Berlin -> (52.4477325, 13.6283646) confidence: 8.875486381318407e-05
2025-08-15 16:36:31,043 - INFO - Updated Arthur Wittekind: (52.4477325, 13.6283646)
2025-08-15 16:36:31,043 - INFO - Processing address 595/2495: Niederwallstr. 37, Berlin
2025-08-15 16:36:32,657 - INFO - Geocoded: Niederwallstr. 37, Berlin -> (52.5122783, 13.3995124) confidence: 0.05342208819714653
2025-08-15 16:36:32,657 - INFO - Updated Arthur Wolff & Katz: (52.51221986218624, 13.399167926265443)
2025-08-15 16:36:32,657 - INFO - Updated Gabriel Popper: (52.512470025578835, 13.39969813907554)
2025-08-15 16:36:32,657 - INFO - Processing address 596/2495: Luisenstr. 19, Berlin
2025-08-15 16:36:34,244 - INFO - Geocoded: Luisenstr. 19, Berlin -> (52.5216849, 13.3795451) confidence: 0.1341073487755671
2025-08-15 16:36:34,245 - INFO - Updated Arthur Z. Levy: (52.521508610711194, 13.380138576680766)
2025-08-15 16:36:34,245 - INFO - Updated Friedrich-Wilhelmstädtische Apotheke Willy Koplowitz: (52.52195736781823, 13.379699302003239)
2025-08-15 16:36:34,245 - INFO - Updated Fritz Katzenstein: (52.521344072194694, 13.378943129678714)
2025-08-15 16:36:34,245 - INFO - Processing address 597/2495: Kurfürstendamm 17, Berlin
2025-08-15 16:36:35,869 - INFO - Geocoded: Kurfürstendamm 17, Berlin -> (52.5044015, 13.3317766) confidence: 8.875486381318407e-05
2025-08-15 16:36:35,869 - INFO - Updated Arthur Zerkowski GmbH: (52.5044015, 13.3317766)
2025-08-15 16:36:35,869 - INFO - Processing address 598/2495: Kantstr.  36, Berlin
2025-08-15 16:36:37,440 - INFO - Geocoded: Kantstr.  36, Berlin -> (52.5065917, 13.3151632) confidence: 8.875486381318407e-05
2025-08-15 16:36:37,440 - INFO - Updated Arthur Zirker: (52.5065917, 13.3151632)
2025-08-15 16:36:37,440 - INFO - Processing address 599/2495: Beuthstr. 1, Berlin
2025-08-15 16:36:38,984 - INFO - Geocoded: Beuthstr. 1, Berlin -> (52.5087819, 13.4028299) confidence: 8.875486381318407e-05
2025-08-15 16:36:38,984 - INFO - Updated Artiphon-Record Herrmann Eisner GmbH: (52.5087819, 13.4028299)
2025-08-15 16:36:38,984 - INFO - Processing address 600/2495: Kochstr.  14, Berlin
2025-08-15 16:36:40,641 - INFO - Geocoded: Kochstr.  14, Berlin -> (52.5065583, 13.3896566) confidence: 8.875486381318407e-05
2025-08-15 16:36:40,642 - INFO - Updated Artur Bander: (52.5065583, 13.3896566)
2025-08-15 16:36:40,642 - INFO - Progress: 600/2495 addresses processed
2025-08-15 16:36:40,827 - INFO - Processing address 601/2495: 53, Berlin
2025-08-15 16:36:40,829 - WARNING - Incomplete address detected: 53, Berlin
2025-08-15 16:36:40,829 - ERROR - Failed to geocode address: 53, Berlin
2025-08-15 16:36:40,829 - INFO - Processing address 602/2495: Linkstr. 12, Berlin
2025-08-15 16:36:42,239 - INFO - Geocoded: Linkstr. 12, Berlin -> (52.5048781, 13.3735293) confidence: 8.875486381318407e-05
2025-08-15 16:36:42,239 - INFO - Updated Artur Caesar Behrendt: (52.5048781, 13.3735293)
2025-08-15 16:36:42,239 - INFO - Processing address 603/2495: Unter den Linden 16, Berlin
2025-08-15 16:36:43,716 - INFO - Geocoded: Unter den Linden 16, Berlin -> (52.5173239, 13.3894867) confidence: 8.875486381318407e-05
2025-08-15 16:36:43,716 - INFO - Updated Artur Calmon: (52.517747413825305, 13.390041356691814)
2025-08-15 16:36:43,716 - INFO - Updated Atlantis-Film GmbH: (52.51718301320932, 13.389285976865333)
2025-08-15 16:36:43,716 - INFO - Processing address 604/2495: Neue Promenade 8, Berlin
2025-08-15 16:36:45,348 - INFO - Geocoded: Neue Promenade 8, Berlin -> (52.5226071, 13.4010483) confidence: 8.875486381318407e-05
2025-08-15 16:36:45,348 - INFO - Updated Artur Fraenkel & Co: (52.52254297878213, 13.400761944913434)
2025-08-15 16:36:45,348 - INFO - Updated F. Goldstein & Co: (52.52281376306692, 13.401294960058083)
2025-08-15 16:36:45,348 - INFO - Processing address 605/2495: Poststr. 26, Berlin
2025-08-15 16:36:47,173 - INFO - Geocoded: Poststr. 26, Berlin -> (52.5172035, 13.4061283) confidence: 8.875486381318407e-05
2025-08-15 16:36:47,173 - INFO - Updated Artur Friede: (52.5172035, 13.4061283)
2025-08-15 16:36:47,173 - INFO - Processing address 606/2495: Friedrichstr. 65/66, Berlin
2025-08-15 16:36:49,371 - INFO - Geocoded: Friedrichstr. 65/66, Berlin -> (52.5015293, 13.3913508) confidence: 0.4683814607413573
2025-08-15 16:36:49,371 - INFO - Updated Artur Okonski, Schuhgroßhandlung: (52.5016038575293, 13.391315319752778)
2025-08-15 16:36:49,371 - INFO - Updated Berliner Krawattenfabrik Herz GmbH: (52.50141243468836, 13.391584444651976)
2025-08-15 16:36:49,371 - INFO - Processing address 607/2495: Zimmerstr. 81, Berlin
2025-08-15 16:36:50,962 - INFO - Geocoded: Zimmerstr. 81, Berlin -> (52.5081653, 13.3982488) confidence: 0.07085170629346904
2025-08-15 16:36:50,962 - INFO - Updated Artur Schoenherz: (52.5081653, 13.3982488)
2025-08-15 16:36:50,962 - INFO - Processing address 608/2495: Magazinstr. 15/16, Berlin
2025-08-15 16:36:52,546 - INFO - Geocoded: Magazinstr. 15/16, Berlin -> (52.5183687, 13.4195853) confidence: 8.875486381318407e-05
2025-08-15 16:36:52,546 - INFO - Updated Arthur Samulon: (52.5183687, 13.4195853)
2025-08-15 16:36:52,546 - INFO - Processing address 609/2495: Magazinstraße 15/16, Berlin
2025-08-15 16:36:53,983 - INFO - Geocoded: Magazinstraße 15/16, Berlin -> (52.5183687, 13.4195853) confidence: 8.875486381318407e-05
2025-08-15 16:36:53,983 - INFO - Updated Arthur Samulon Grundstücks GmbH: (52.5183687, 13.4195853)
2025-08-15 16:36:53,983 - INFO - Processing address 610/2495: Schloßstr. 107, Berlin
2025-08-15 16:36:56,234 - INFO - Geocoded: Schloßstr. 107, Berlin -> (52.4606686, 13.3246061) confidence: 8.875486381318407e-05
2025-08-15 16:36:56,235 - INFO - Updated Arthur Schindler: (52.4606686, 13.3246061)
2025-08-15 16:36:56,235 - INFO - Processing address 611/2495: Alexandrinenstr. 134, Berlin
2025-08-15 16:36:57,878 - INFO - Geocoded: Alexandrinenstr. 134, Berlin -> (52.5066473, 13.4090003) confidence: 0.05342208819714653
2025-08-15 16:36:57,878 - INFO - Updated Arthur Scholem: (52.5066473, 13.4090003)
2025-08-15 16:36:57,878 - INFO - Processing address 612/2495: 67, Berlin
2025-08-15 16:36:57,878 - WARNING - Incomplete address detected: 67, Berlin
2025-08-15 16:36:57,878 - ERROR - Failed to geocode address: 67, Berlin
2025-08-15 16:36:57,878 - INFO - Processing address 613/2495: Andreasstr.  4, Berlin
2025-08-15 16:36:59,504 - INFO - Geocoded: Andreasstr.  4, Berlin -> (52.5145073, 13.4290054) confidence: 8.875486381318407e-05
2025-08-15 16:36:59,504 - INFO - Updated Arthur Schwarzer: (52.5145073, 13.4290054)
2025-08-15 16:36:59,504 - INFO - Processing address 614/2495: An der Schleuse 12, Berlin
2025-08-15 16:37:07,157 - WARNING - Failed to geocode: An der Schleuse 12, Berlin
2025-08-15 16:37:07,158 - ERROR - Failed to geocode address: An der Schleuse 12, Berlin
2025-08-15 16:37:07,158 - INFO - Processing address 615/2495: Lützowplatz 13, Berlin
2025-08-15 16:37:08,739 - INFO - Geocoded: Lützowplatz 13, Berlin -> (52.5040518, 13.3532099) confidence: 8.875486381318407e-05
2025-08-15 16:37:08,739 - INFO - Updated Ascher GmbH: (52.5040518, 13.3532099)
2025-08-15 16:37:08,739 - INFO - Processing address 616/2495: 117, Berlin
2025-08-15 16:37:08,739 - WARNING - Incomplete address detected: 117, Berlin
2025-08-15 16:37:08,739 - ERROR - Failed to geocode address: 117, Berlin
2025-08-15 16:37:08,739 - INFO - Processing address 617/2495: Neuer Markt 8/12, Berlin
2025-08-15 16:37:17,522 - WARNING - Failed to geocode: Neuer Markt 8/12, Berlin
2025-08-15 16:37:17,523 - ERROR - Failed to geocode address: Neuer Markt 8/12, Berlin
2025-08-15 16:37:17,523 - INFO - Processing address 618/2495: Kallstr. 24, Berlin
2025-08-15 16:37:23,773 - WARNING - Failed to geocode: Kallstr. 24, Berlin
2025-08-15 16:37:23,773 - ERROR - Failed to geocode address: Kallstr. 24, Berlin
2025-08-15 16:37:23,773 - INFO - Processing address 619/2495: Hardenbergstr. 20, Berlin
2025-08-15 16:37:25,324 - INFO - Geocoded: Hardenbergstr. 20, Berlin -> (52.5069457, 13.3293903) confidence: 8.875486381318407e-05
2025-08-15 16:37:25,324 - INFO - Updated Astria Herrenkleidung GmbH: (52.5069457, 13.3293903)
2025-08-15 16:37:25,324 - INFO - Processing address 620/2495: Barbarossastr. 41, Berlin
2025-08-15 16:37:26,888 - INFO - Geocoded: Barbarossastr. 41, Berlin -> (52.4921479, 13.3409275) confidence: 8.875486381318407e-05
2025-08-15 16:37:26,888 - INFO - Updated Atlasz, Arnold: (52.4921479, 13.3409275)
2025-08-15 16:37:26,888 - INFO - Processing address 621/2495: Wiesenweg 10, Berlin
2025-08-15 16:37:28,688 - INFO - Geocoded: Wiesenweg 10, Berlin -> (52.4424899, 13.328367) confidence: 8.875486381318407e-05
2025-08-15 16:37:28,688 - INFO - Updated Audiowerk D. S. Loewe GmbH: (52.4424899, 13.328367)
2025-08-15 16:37:28,689 - INFO - Processing address 622/2495: Hufelandstr. 10, Berlin
2025-08-15 16:37:30,233 - INFO - Geocoded: Hufelandstr. 10, Berlin -> (52.5323055, 13.4307357) confidence: 8.875486381318407e-05
2025-08-15 16:37:30,233 - INFO - Updated Auerbach & Nachmann: (52.53207275465452, 13.43013845790166)
2025-08-15 16:37:30,233 - INFO - Updated Georg Moses Agenturen: (52.5326883295146, 13.430953406528012)
2025-08-15 16:37:30,233 - INFO - Processing address 623/2495: Kronenstr. 1, Berlin
2025-08-15 16:37:31,706 - INFO - Geocoded: Kronenstr. 1, Berlin -> (52.510906, 13.3870844) confidence: 8.875486381318407e-05
2025-08-15 16:37:31,706 - INFO - Updated Auerbach & Steinitz: (52.510906, 13.3870844)
2025-08-15 16:37:31,706 - INFO - Processing address 624/2495: Markgrafenstr. 49, Berlin
2025-08-15 16:37:33,227 - INFO - Geocoded: Markgrafenstr. 49, Berlin -> (52.6360271, 13.2963815) confidence: 8.875486381318407e-05
2025-08-15 16:37:33,227 - INFO - Updated August Benjamin Blusenfabrikation: (52.6360271, 13.2963815)
2025-08-15 16:37:33,227 - INFO - Processing address 625/2495: Grunewaldstr.  78, Berlin
2025-08-15 16:37:34,805 - INFO - Geocoded: Grunewaldstr.  78, Berlin -> (52.4897454, 13.3534939) confidence: 8.875486381318407e-05
2025-08-15 16:37:34,805 - INFO - Updated Atelier Arzt: (52.4897454, 13.3534939)
2025-08-15 16:37:34,805 - INFO - Processing address 626/2495: Lutherstr. 15, Berlin
2025-08-15 16:37:36,976 - INFO - Geocoded: Lutherstr. 15, Berlin -> (52.4930345, 13.6122316) confidence: 8.875486381318407e-05
2025-08-15 16:37:36,976 - INFO - Updated Atelier Hano: (52.4930345, 13.6122316)
2025-08-15 16:37:36,976 - INFO - Processing address 627/2495: Nettelbeckstr. 5, Berlin
2025-08-15 16:37:42,984 - WARNING - Failed to geocode: Nettelbeckstr. 5, Berlin
2025-08-15 16:37:42,985 - ERROR - Failed to geocode address: Nettelbeckstr. 5, Berlin
2025-08-15 16:37:42,985 - INFO - Processing address 628/2495: Invalidenstr.  128, Berlin
2025-08-15 16:37:44,482 - INFO - Geocoded: Invalidenstr.  128, Berlin -> (52.531439, 13.3878613) confidence: 8.875486381318407e-05
2025-08-15 16:37:44,482 - INFO - Updated Atelier Werbesim, Kurt Simonsohn: (52.531439, 13.3878613)
2025-08-15 16:37:44,482 - INFO - Processing address 629/2495: Fregestr. 41, Berlin
2025-08-15 16:37:45,995 - INFO - Geocoded: Fregestr. 41, Berlin -> (52.4650672, 13.333558) confidence: 8.875486381318407e-05
2025-08-15 16:37:45,995 - INFO - Updated Atlanta-Medica GmbH: (52.4650672, 13.333558)
2025-08-15 16:37:45,996 - INFO - Processing address 630/2495: Dönhoffstr. 35, Berlin
2025-08-15 16:37:47,639 - INFO - Geocoded: Dönhoffstr. 35, Berlin -> (52.4834539, 13.5218007) confidence: 8.875486381318407e-05
2025-08-15 16:37:47,639 - INFO - Updated Atlas GmbH: (52.4834539, 13.5218007)
2025-08-15 16:37:47,639 - INFO - Processing address 631/2495: Johaniterstr. 6, Berlin
2025-08-15 16:37:53,007 - WARNING - Failed to geocode: Johaniterstr. 6, Berlin
2025-08-15 16:37:53,008 - ERROR - Failed to geocode address: Johaniterstr. 6, Berlin
2025-08-15 16:37:53,008 - INFO - Processing address 632/2495: Exerzierstr. 6, Berlin
2025-08-15 16:37:54,531 - INFO - Geocoded: Exerzierstr. 6, Berlin -> (52.5538175, 13.3760477) confidence: 8.875486381318407e-05
2025-08-15 16:37:54,531 - INFO - Updated Autogena Schweißindustrielle GmbH: (52.5538175, 13.3760477)
2025-08-15 16:37:54,531 - INFO - Processing address 633/2495: Hardenbergstr. 1, Berlin
2025-08-15 16:37:56,058 - INFO - Geocoded: Hardenbergstr. 1, Berlin -> (52.5060421, 13.3325356) confidence: 0.3410509297273993
2025-08-15 16:37:56,058 - INFO - Updated Autohaus Bismarckstraße Muck & Pohle: (52.50635823810536, 13.332327155165217)
2025-08-15 16:37:56,058 - INFO - Updated Bruno Herzberg: (52.506142830377826, 13.333088568429027)
2025-08-15 16:37:56,058 - INFO - Processing address 634/2495: Alexanderstr. 1, Berlin
2025-08-15 16:37:57,731 - INFO - Geocoded: Alexanderstr. 1, Berlin -> (52.5240565, 13.4138401) confidence: 8.875486381318407e-05
2025-08-15 16:37:57,731 - INFO - Updated Automaten-Restaurant Alexanderplatz Benno Einfeld: (52.5240565, 13.4138401)
2025-08-15 16:37:57,731 - INFO - Processing address 635/2495: technische Artikel Alt Moabit  130, Berlin
2025-08-15 16:38:04,516 - WARNING - Failed to geocode: technische Artikel Alt Moabit  130, Berlin
2025-08-15 16:38:04,517 - ERROR - Failed to geocode address: technische Artikel Alt Moabit  130, Berlin
2025-08-15 16:38:04,517 - INFO - Processing address 636/2495: Hauptstr. 5, Berlin
2025-08-15 16:38:07,354 - INFO - Geocoded: Hauptstr. 5, Berlin -> (52.4898227, 13.3594033) confidence: 8.875486381318407e-05
2025-08-15 16:38:07,354 - INFO - Updated Awia Steppdecken-Fabrikation, GmbH: (52.48964621460164, 13.359116114686806)
2025-08-15 16:38:07,354 - INFO - Updated Gustav Bach: (52.49005660451607, 13.359783528097028)
2025-08-15 16:38:07,354 - INFO - Processing address 637/2495: Oppenstr.  30, Berlin
2025-08-15 16:38:13,310 - WARNING - Failed to geocode: Oppenstr.  30, Berlin
2025-08-15 16:38:13,310 - ERROR - Failed to geocode address: Oppenstr.  30, Berlin
2025-08-15 16:38:13,310 - INFO - Processing address 638/2495: Stresemannstr. 45, Berlin
2025-08-15 16:38:14,969 - INFO - Geocoded: Stresemannstr. 45, Berlin -> (52.503085, 13.3841967) confidence: 0.3031433907580771
2025-08-15 16:38:14,970 - INFO - Updated Auguste Viktoria Apotheke, Rehwald & Weiß: (52.503085, 13.3841967)
2025-08-15 16:38:14,970 - INFO - Processing address 639/2495: Kantstr.  41, Berlin
2025-08-15 16:38:16,723 - INFO - Geocoded: Kantstr.  41, Berlin -> (52.5065001, 13.3130625) confidence: 8.875486381318407e-05
2025-08-15 16:38:16,723 - INFO - Updated Auguste Zyka: (52.5065001, 13.3130625)
2025-08-15 16:38:16,723 - INFO - Processing address 640/2495: 22/23, Berlin
2025-08-15 16:38:21,227 - INFO - Geocoded: 22/23, Berlin -> (52.510885, 13.3989367) confidence: 0.840425236063765
2025-08-15 16:38:21,227 - INFO - Updated Auktionshaus am Reichskanzlerplatz GmbH: (52.510885, 13.3989367)
2025-08-15 16:38:21,227 - INFO - Processing address 641/2495: Hauptstr.  104, Berlin
2025-08-15 16:38:23,906 - INFO - Geocoded: Hauptstr.  104, Berlin -> (52.4801017, 13.3464362) confidence: 8.875486381318407e-05
2025-08-15 16:38:23,906 - INFO - Updated Ausschnitt, Textilien: (52.4801017, 13.3464362)
2025-08-15 16:38:23,906 - INFO - Processing address 642/2495: Galvanistr. 8, Berlin
2025-08-15 16:38:25,374 - INFO - Geocoded: Galvanistr. 8, Berlin -> (52.519201, 13.3171669) confidence: 8.875486381318407e-05
2025-08-15 16:38:25,374 - INFO - Updated Austrocknungsgesellschaft Erfolg mbH: (52.519201, 13.3171669)
2025-08-15 16:38:25,374 - INFO - Processing address 643/2495: Chausseestraße 31, Berlin
2025-08-15 16:38:28,106 - INFO - Geocoded: Chausseestraße 31, Berlin -> (52.5326946, 13.3811829) confidence: 8.875486381318407e-05
2025-08-15 16:38:28,106 - INFO - Updated Auto-Haus Chausseestraße 31 GmbH: (52.5326946, 13.3811829)
2025-08-15 16:38:28,106 - INFO - Processing address 644/2495: 180, Berlin
2025-08-15 16:38:28,106 - WARNING - Incomplete address detected: 180, Berlin
2025-08-15 16:38:28,106 - ERROR - Failed to geocode address: 180, Berlin
2025-08-15 16:38:28,106 - INFO - Processing address 645/2495: Fritschestr. 27/28, Berlin
2025-08-15 16:38:29,765 - INFO - Geocoded: Fritschestr. 27/28, Berlin -> (52.5068851, 13.3006066) confidence: 0.05342208819714653
2025-08-15 16:38:29,765 - INFO - Updated Auto-Product GmbH: (52.5068851, 13.3006066)
2025-08-15 16:38:29,765 - INFO - Processing address 646/2495: Ritterstr. 77/78, Berlin
2025-08-15 16:38:31,637 - INFO - Geocoded: Ritterstr. 77/78, Berlin -> (52.5049928, 13.3982162) confidence: 0.05342208819714653
2025-08-15 16:38:31,637 - INFO - Updated August Brünell: (52.505280668789645, 13.398349032090703)
2025-08-15 16:38:31,637 - INFO - Updated Berthold Zinn: (52.504743716727866, 13.39861395619989)
2025-08-15 16:38:31,637 - INFO - Updated Fabrikationsgesellschaft für Beleuchtungsgegenstände Guggenheim & Co mbH: (52.50541114828473, 13.39870036343613)
2025-08-15 16:38:31,637 - INFO - Processing address 647/2495: 127/128, Berlin
2025-08-15 16:38:34,253 - INFO - Geocoded: 127/128, Berlin -> (52.510885, 13.3989367) confidence: 0.840425236063765
2025-08-15 16:38:34,253 - INFO - Updated August Burg: (52.5110372481548, 13.399270519620977)
2025-08-15 16:38:34,253 - INFO - Updated Deutsch-Böhmische Kohlen-Handelsgesellschaft mbH: (52.51068885644864, 13.398788876495283)
2025-08-15 16:38:34,253 - INFO - Updated Deutsche Industrie AG: (52.51118351195958, 13.399191070740963)
2025-08-15 16:38:34,253 - INFO - Updated Deutsche Industrie-AG: (52.510673283169425, 13.399507206823753)
2025-08-15 16:38:34,253 - INFO - Updated Deutsche Kohlenhandelsgesellschaft mbH: (52.51102393023244, 13.399490743022263)
2025-08-15 16:38:34,253 - INFO - Processing address 648/2495: Chodowieckistr.  33, Berlin
2025-08-15 16:38:35,697 - INFO - Geocoded: Chodowieckistr.  33, Berlin -> (52.5366998, 13.4286059) confidence: 8.875486381318407e-05
2025-08-15 16:38:35,697 - INFO - Updated August Franz, vormals Leo Raphael: (52.5366998, 13.4286059)
2025-08-15 16:38:35,697 - INFO - Processing address 649/2495: Bergstr. 63, Berlin
2025-08-15 16:38:37,831 - INFO - Geocoded: Bergstr. 63, Berlin -> (52.5282523, 13.14244) confidence: 8.875486381318407e-05
2025-08-15 16:38:37,832 - INFO - Updated August Lucas: (52.5282523, 13.14244)
2025-08-15 16:38:37,832 - INFO - Processing address 650/2495: Grolmannstr. 21, Berlin
2025-08-15 16:38:43,914 - WARNING - Failed to geocode: Grolmannstr. 21, Berlin
2025-08-15 16:38:43,914 - ERROR - Failed to geocode address: Grolmannstr. 21, Berlin
2025-08-15 16:38:43,914 - INFO - Processing address 651/2495: ( Trade ) Eingetragen im Handelsregister/ Gründung 1935 Besitzübernahme 1938 Urbanhafen ,  Berlin
2025-08-15 16:38:49,310 - WARNING - Failed to geocode: ( Trade ) Eingetragen im Handelsregister/ Gründung 1935 Besitzübernahme 1938 Urbanhafen ,  Berlin
2025-08-15 16:38:49,311 - ERROR - Failed to geocode address: ( Trade ) Eingetragen im Handelsregister/ Gründung 1935 Besitzübernahme 1938 Urbanhafen ,  Berlin
2025-08-15 16:38:49,311 - INFO - Processing address 652/2495: Bugenhagenstr. 10, Berlin
2025-08-15 16:38:50,750 - INFO - Geocoded: Bugenhagenstr. 10, Berlin -> (52.5282108, 13.3416774) confidence: 8.875486381318407e-05
2025-08-15 16:38:50,750 - INFO - Updated Augusta Hausverwaltungs- und Grunderwerbs-AG: (52.52821435745348, 13.341932855162982)
2025-08-15 16:38:50,750 - INFO - Updated Biabag, Bau- und Industriebeteiligungs-AG: (52.527968396697766, 13.341320349438538)
2025-08-15 16:38:50,750 - INFO - Updated Brüstra Grunderwerbs-AG: (52.5279704839172, 13.341178021683717)
2025-08-15 16:38:50,750 - INFO - Updated Cornelia Hausverwaltungs- und Grunderwerbsaktiengesellschaft: (52.528046536725654, 13.342101791852032)
2025-08-15 16:38:50,750 - INFO - Processing address 653/2495: Ringstr.  35, Berlin
2025-08-15 16:38:52,584 - INFO - Geocoded: Ringstr.  35, Berlin -> (52.4374071, 13.2938269) confidence: 8.875486381318407e-05
2025-08-15 16:38:52,584 - INFO - Updated Auguste Braß: (52.4374071, 13.2938269)
2025-08-15 16:38:52,584 - INFO - Processing address 654/2495: Landsberger Allee 30, Berlin
2025-08-15 16:38:54,376 - INFO - Geocoded: Landsberger Allee 30, Berlin -> (52.523241, 13.4382913) confidence: 8.875486381318407e-05
2025-08-15 16:38:54,376 - INFO - Updated B. & J. Barkowsky: (52.523241, 13.4382913)
2025-08-15 16:38:54,376 - INFO - Processing address 655/2495: Klosterstr. 1/2, Berlin
2025-08-15 16:38:56,569 - INFO - Geocoded: Klosterstr. 1/2, Berlin -> (52.5186603, 13.4113815) confidence: 0.33382026067444703
2025-08-15 16:38:56,569 - INFO - Updated B. & J. Moses: (52.5186603, 13.4113815)
2025-08-15 16:38:56,569 - INFO - Processing address 656/2495: Rosenstr. 5/6, Berlin
2025-08-15 16:38:58,704 - INFO - Geocoded: Rosenstr. 5/6, Berlin -> (52.4457374, 13.5771972) confidence: 0.05342208819714653
2025-08-15 16:38:58,705 - INFO - Updated B. & L. Weinstein: (52.4457374, 13.5771972)
2025-08-15 16:38:58,705 - INFO - Processing address 657/2495: ( Trade ) Eingetragen im Handelsregister/ Gründung 1937 Erloschen 1940 Keine Angabe ,  Berlin
2025-08-15 16:39:04,032 - WARNING - Failed to geocode: ( Trade ) Eingetragen im Handelsregister/ Gründung 1937 Erloschen 1940 Keine Angabe ,  Berlin
2025-08-15 16:39:04,032 - ERROR - Failed to geocode address: ( Trade ) Eingetragen im Handelsregister/ Gründung 1937 Erloschen 1940 Keine Angabe ,  Berlin
2025-08-15 16:39:04,032 - INFO - Processing address 658/2495: Fredericastr.  5, Berlin
2025-08-15 16:39:10,380 - WARNING - Failed to geocode: Fredericastr.  5, Berlin
2025-08-15 16:39:10,381 - ERROR - Failed to geocode address: Fredericastr.  5, Berlin
2025-08-15 16:39:10,381 - INFO - Processing address 659/2495: Frankfurter Allee 82/83, Berlin
2025-08-15 16:39:12,741 - INFO - Geocoded: Frankfurter Allee 82/83, Berlin -> (52.5118626, 13.4934105) confidence: 0.35478715739707195
2025-08-15 16:39:12,741 - INFO - Updated B. E. G. Berliner Einheitspreis-GmbH: (52.5118626, 13.4934105)
2025-08-15 16:39:12,741 - INFO - Processing address 660/2495: Hausvogteiplatz 13, Berlin
2025-08-15 16:39:14,160 - INFO - Geocoded: Hausvogteiplatz 13, Berlin -> (52.512938, 13.3972399) confidence: 8.875486381318407e-05
2025-08-15 16:39:14,160 - INFO - Updated B. Emanuel & Co: (52.513325587852485, 13.396648050773509)
2025-08-15 16:39:14,160 - INFO - Updated D. Levin: (52.51301926871957, 13.397567021245633)
2025-08-15 16:39:14,160 - INFO - Updated Erich Loewenthal & Co: (52.51336419432401, 13.397384105644514)
2025-08-15 16:39:14,160 - INFO - Updated Fritz Pflaum: (52.51275231768226, 13.397136112593568)
2025-08-15 16:39:14,160 - INFO - Processing address 661/2495: Brunnenstr. 1/2, Berlin
2025-08-15 16:39:15,936 - INFO - Geocoded: Brunnenstr. 1/2, Berlin -> (52.5302608, 13.401135) confidence: 8.875486381318407e-05
2025-08-15 16:39:15,936 - INFO - Updated B. Feder: (52.5302608, 13.401135)
2025-08-15 16:39:15,937 - INFO - Processing address 662/2495: Kurstr. 15, Berlin
2025-08-15 16:39:17,421 - INFO - Geocoded: Kurstr. 15, Berlin -> (52.5470187, 13.2078544) confidence: 8.875486381318407e-05
2025-08-15 16:39:17,421 - INFO - Updated B. Fink & Co: (52.5470187, 13.2078544)
2025-08-15 16:39:17,421 - INFO - Processing address 663/2495: 107, Berlin
2025-08-15 16:39:17,421 - WARNING - Incomplete address detected: 107, Berlin
2025-08-15 16:39:17,421 - ERROR - Failed to geocode address: 107, Berlin
2025-08-15 16:39:17,421 - INFO - Processing address 664/2495: Kommandantenstr. 77, Berlin
2025-08-15 16:39:18,851 - INFO - Geocoded: Kommandantenstr. 77, Berlin -> (52.5092538, 13.4013406) confidence: 8.875486381318407e-05
2025-08-15 16:39:18,851 - INFO - Updated B. Levin GmbH: (52.5092538, 13.4013406)
2025-08-15 16:39:18,851 - INFO - Processing address 665/2495: Scharrenstr. 36, Berlin
2025-08-15 16:39:20,368 - INFO - Geocoded: Scharrenstr. 36, Berlin -> (52.513193, 13.403316) confidence: 0.05342208819714653
2025-08-15 16:39:20,368 - INFO - Updated B. Levy: (52.513193, 13.403316)
2025-08-15 16:39:20,368 - INFO - Processing address 666/2495: Oberwasserstr. 14, Berlin
2025-08-15 16:39:21,894 - INFO - Geocoded: Oberwasserstr. 14, Berlin -> (52.5129042, 13.4020487) confidence: 0.05342208819714653
2025-08-15 16:39:21,894 - INFO - Updated B. Magidson & Co: (52.5129042, 13.4020487)
2025-08-15 16:39:21,894 - INFO - Processing address 667/2495: Luisenufer 39, Berlin
2025-08-15 16:39:27,208 - WARNING - Failed to geocode: Luisenufer 39, Berlin
2025-08-15 16:39:27,209 - ERROR - Failed to geocode address: Luisenufer 39, Berlin
2025-08-15 16:39:27,209 - INFO - Processing address 668/2495: Schadowstr. 1, Berlin
2025-08-15 16:39:28,780 - INFO - Geocoded: Schadowstr. 1, Berlin -> (52.517285, 13.3838721) confidence: 0.05342208819714653
2025-08-15 16:39:28,780 - INFO - Updated B. Roos & Co: (52.517453829458105, 13.3834691733139)
2025-08-15 16:39:28,780 - INFO - Updated Fritz G. Samland: (52.51750884687569, 13.38417663191634)
2025-08-15 16:39:28,780 - INFO - Processing address 669/2495: Wallstr. 21/22, Berlin
2025-08-15 16:39:30,776 - INFO - Geocoded: Wallstr. 21/22, Berlin -> (52.5114345, 13.5866158) confidence: 0.05342208819714653
2025-08-15 16:39:30,776 - INFO - Updated B. Rosenberg & Co: (52.5114345, 13.5866158)
2025-08-15 16:39:30,776 - INFO - Processing address 670/2495: Grenadierstr.  5, Berlin
2025-08-15 16:39:32,352 - INFO - Geocoded: Grenadierstr.  5, Berlin -> (52.5246137, 13.4089278) confidence: 8.875486381318407e-05
2025-08-15 16:39:32,352 - INFO - Updated B. Schreiber, in Firma  Frauenstolz: (52.5246137, 13.4089278)
2025-08-15 16:39:32,352 - INFO - Processing address 671/2495: 50/51, Berlin
2025-08-15 16:39:35,380 - INFO - Geocoded: 50/51, Berlin -> (52.510885, 13.3989367) confidence: 0.840425236063765
2025-08-15 16:39:35,380 - INFO - Updated B. Sulmann & Co: (52.51085363358088, 13.398523589319712)
2025-08-15 16:39:35,380 - INFO - Updated Berliner Bettenhaus Franz Schlesinger: (52.5109585026524, 13.398452000319441)
2025-08-15 16:39:35,380 - INFO - Processing address 672/2495: 23/24, Berlin
2025-08-15 16:39:37,003 - INFO - Geocoded: 23/24, Berlin -> (52.5604003, 13.362877) confidence: 8.875486381318407e-05
2025-08-15 16:39:37,004 - INFO - Updated B. Wolff: (52.5604003, 13.362877)
2025-08-15 16:39:37,004 - INFO - Processing address 673/2495: Luisenstr.  27, Berlin
2025-08-15 16:39:38,584 - INFO - Geocoded: Luisenstr.  27, Berlin -> (52.4272781, 13.3334659) confidence: 8.875486381318407e-05
2025-08-15 16:39:38,585 - INFO - Updated B. Zacharek: (52.4272781, 13.3334659)
2025-08-15 16:39:38,585 - INFO - Processing address 674/2495: Grünstr. 5/6, Berlin
2025-08-15 16:39:40,609 - INFO - Geocoded: Grünstr. 5/6, Berlin -> (52.4448784, 13.5758015) confidence: 0.05342208819714653
2025-08-15 16:39:40,610 - INFO - Updated B. Zander & Co: (52.44491385294741, 13.575448540089317)
2025-08-15 16:39:40,610 - INFO - Updated Bruno Zehden: (52.445153451486306, 13.57634051580448)
2025-08-15 16:39:40,610 - INFO - Processing address 675/2495: und Genussmittel An der Wuhlheide 196, Berlin
2025-08-15 16:39:48,145 - WARNING - Failed to geocode: und Genussmittel An der Wuhlheide 196, Berlin
2025-08-15 16:39:48,147 - ERROR - Failed to geocode address: und Genussmittel An der Wuhlheide 196, Berlin
2025-08-15 16:39:48,147 - INFO - Processing address 676/2495: Tauentzienstr. 14, Berlin
2025-08-15 16:39:49,656 - INFO - Geocoded: Tauentzienstr. 14, Berlin -> (52.5038347, 13.336765) confidence: 8.875486381318407e-05
2025-08-15 16:39:49,656 - INFO - Updated BETEHA Berliner Textil-Handelsgesellschaft Anton Lankes & Co: (52.50371030628403, 13.336133551337987)
2025-08-15 16:39:49,656 - INFO - Updated Benjamin Ehrlich: (52.50381184168887, 13.336832745678244)
2025-08-15 16:39:49,656 - INFO - Updated Erich Wechselmann: (52.50398886366773, 13.33648700397433)
2025-08-15 16:39:49,656 - INFO - Processing address 677/2495: Sophienstr. 32/33, Berlin
2025-08-15 16:39:51,128 - INFO - Geocoded: Sophienstr. 32/33, Berlin -> (52.5264559, 13.3989497) confidence: 8.875486381318407e-05
2025-08-15 16:39:51,128 - INFO - Updated Bach & Mahlow: (52.5264559, 13.3989497)
2025-08-15 16:39:51,128 - INFO - Processing address 678/2495: Maaßenstr.  14, Berlin
2025-08-15 16:39:53,797 - INFO - Geocoded: Maaßenstr.  14, Berlin -> (52.4974347, 13.354182) confidence: 8.875486381318407e-05
2025-08-15 16:39:53,797 - INFO - Updated Bachborg-Reisen: (52.4974347, 13.354182)
2025-08-15 16:39:53,797 - INFO - Processing address 679/2495: Taubenstr. 23, Berlin
2025-08-15 16:39:55,318 - INFO - Geocoded: Taubenstr. 23, Berlin -> (52.5132256, 13.3948411) confidence: 8.875486381318407e-05
2025-08-15 16:39:55,318 - INFO - Updated Bacher & Leon: (52.5129352364957, 13.395168855194058)
2025-08-15 16:39:55,318 - INFO - Updated Behrendt & Bernstein: (52.513598576144844, 13.395274543611459)
2025-08-15 16:39:55,318 - INFO - Updated Erich J. Kaufmann: (52.51283202003434, 13.395054580171042)
2025-08-15 16:39:55,318 - INFO - Updated Gustav Meyerhof: (52.51315207478998, 13.394807835283489)
2025-08-15 16:39:55,318 - INFO - Processing address 680/2495: Kommandantenstr. 76, Berlin
2025-08-15 16:39:56,726 - INFO - Geocoded: Kommandantenstr. 76, Berlin -> (52.5091482, 13.4016435) confidence: 8.875486381318407e-05
2025-08-15 16:39:56,726 - INFO - Updated Bachmann & Loewenstein: (52.50929191010688, 13.40101544042681)
2025-08-15 16:39:56,726 - INFO - Updated Gertrud Sobotker: (52.508875175117076, 13.401789487423404)
2025-08-15 16:39:56,726 - INFO - Processing address 681/2495: Lützowstr.  76, Berlin
2025-08-15 16:39:58,310 - INFO - Geocoded: Lützowstr.  76, Berlin -> (52.5040037, 13.3582892) confidence: 8.875486381318407e-05
2025-08-15 16:39:58,310 - INFO - Updated Bachsaal: (52.5040037, 13.3582892)
2025-08-15 16:39:58,310 - INFO - Processing address 682/2495: Arndtstr. 29, Berlin
2025-08-15 16:39:59,955 - INFO - Geocoded: Arndtstr. 29, Berlin -> (52.4362632, 13.552511) confidence: 8.875486381318407e-05
2025-08-15 16:39:59,955 - INFO - Updated Badasch, Max: (52.4362632, 13.552511)
2025-08-15 16:39:59,955 - INFO - Processing address 683/2495: Markgrafenstr. 76, Berlin
2025-08-15 16:40:01,581 - INFO - Geocoded: Markgrafenstr. 76, Berlin -> (52.6381271, 13.2909865) confidence: 8.875486381318407e-05
2025-08-15 16:40:01,582 - INFO - Updated Baden Grundstücksgesellschaft mbH: (52.63805068198063, 13.291306788015596)
2025-08-15 16:40:01,582 - INFO - Updated Deutsche Grammophon-AG: (52.63789473997783, 13.291277676009846)
2025-08-15 16:40:01,582 - INFO - Processing address 684/2495: 54, Berlin
2025-08-15 16:40:01,582 - WARNING - Incomplete address detected: 54, Berlin
2025-08-15 16:40:01,582 - ERROR - Failed to geocode address: 54, Berlin
2025-08-15 16:40:01,582 - INFO - Processing address 685/2495: Alexandrinenstr. 24, Berlin
2025-08-15 16:40:03,118 - INFO - Geocoded: Alexandrinenstr. 24, Berlin -> (52.5066473, 13.4090003) confidence: 0.05342208819714653
2025-08-15 16:40:03,118 - INFO - Updated Baer & Stein Metallwaren-Fabrik AG: (52.5066473, 13.4090003)
2025-08-15 16:40:03,118 - INFO - Processing address 686/2495: 40/41, Berlin
2025-08-15 16:40:04,838 - INFO - Geocoded: 40/41, Berlin -> (52.4841231, 13.2862232) confidence: 0.3315961781265068
2025-08-15 16:40:04,838 - INFO - Updated Baermann & Schuster: (52.48406952650864, 13.285814522080612)
2025-08-15 16:40:04,838 - INFO - Updated Deutsche Familien-Bekleidungsgesellschaft mbH Defaka B. G.: (52.48400259104861, 13.285954103814287)
2025-08-15 16:40:04,838 - INFO - Processing address 687/2495: Alexanderstr.  26, Berlin
2025-08-15 16:40:06,531 - INFO - Geocoded: Alexanderstr.  26, Berlin -> (52.5203301, 13.4156813) confidence: 0.05342208819714653
2025-08-15 16:40:06,531 - INFO - Updated Baerwald, Vertreter d. Firma Singer: (52.5203301, 13.4156813)
2025-08-15 16:40:06,531 - INFO - Processing address 688/2495: Invalidenstr. 50/51, Berlin
2025-08-15 16:40:08,035 - INFO - Geocoded: Invalidenstr. 50/51, Berlin -> (52.52844, 13.3720386) confidence: 0.41600375357036995
2025-08-15 16:40:08,035 - INFO - Updated Bahnpaketverkehr GmbH: (52.52841293106066, 13.372015537864138)
2025-08-15 16:40:08,035 - INFO - Updated Caesar Alexander: (52.52885907718894, 13.37154516862927)
2025-08-15 16:40:08,035 - INFO - Processing address 689/2495: Ritterstr. 81, Berlin
2025-08-15 16:40:09,740 - INFO - Geocoded: Ritterstr. 81, Berlin -> (52.5049928, 13.3982162) confidence: 0.05342208819714653
2025-08-15 16:40:09,741 - INFO - Updated Ballnath & Stensch: (52.505109997215776, 13.398540759188327)
2025-08-15 16:40:09,741 - INFO - Updated Bronzewarenfabrik Robert Sachs: (52.504614444568666, 13.397972439563835)
2025-08-15 16:40:09,741 - INFO - Updated H. Lippmann: (52.5054404202128, 13.397640093657285)
2025-08-15 16:40:09,741 - INFO - Processing address 690/2495: Jostystr. 8, Berlin
2025-08-15 16:40:11,378 - INFO - Geocoded: Jostystr. 8, Berlin -> (52.5259561, 13.417483) confidence: 0.27844345352870076
2025-08-15 16:40:11,378 - INFO - Updated Barber & Schönberg: (52.525711072271775, 13.416898356243374)
2025-08-15 16:40:11,378 - INFO - Updated Bertha Joachimsthal Spezial-Fabrikation für Zahnpasta und kosmetische Artikel für den tägl. Bedarf: (52.525594211961355, 13.417904965382833)
2025-08-15 16:40:11,378 - INFO - Processing address 691/2495: Barbetrieb Rane restaurants Kaiserallee  47, Berlin
2025-08-15 16:40:18,168 - WARNING - Failed to geocode: Barbetrieb Rane restaurants Kaiserallee  47, Berlin
2025-08-15 16:40:18,169 - ERROR - Failed to geocode address: Barbetrieb Rane restaurants Kaiserallee  47, Berlin
2025-08-15 16:40:18,169 - INFO - Processing address 692/2495: Quitzowstr. 137, Berlin
2025-08-15 16:40:19,617 - INFO - Geocoded: Quitzowstr. 137, Berlin -> (52.5352261, 13.351928) confidence: 8.875486381318407e-05
2025-08-15 16:40:19,617 - INFO - Updated Bardinet AG: (52.53491856880014, 13.351894716577645)
2025-08-15 16:40:19,617 - INFO - Updated George Broche: (52.53497253292589, 13.352535584463046)
2025-08-15 16:40:19,617 - INFO - Processing address 693/2495: Kommandantenstr. 72, Berlin
2025-08-15 16:40:21,021 - INFO - Geocoded: Kommandantenstr. 72, Berlin -> (52.5086375, 13.4031082) confidence: 8.875486381318407e-05
2025-08-15 16:40:21,021 - INFO - Updated Barenblatt & Co: (52.50854488451349, 13.403434695421996)
2025-08-15 16:40:21,021 - INFO - Updated David Feilchenfeld: (52.50826937204067, 13.403222101483168)
2025-08-15 16:40:21,021 - INFO - Processing address 694/2495: Stuttgarter Platz 1, Berlin
2025-08-15 16:40:22,549 - INFO - Geocoded: Stuttgarter Platz 1, Berlin -> (52.5058423, 13.3063463) confidence: 8.875486381318407e-05
2025-08-15 16:40:22,549 - INFO - Updated Baruch & Co GmbH: (52.5058423, 13.3063463)
2025-08-15 16:40:22,549 - INFO - Processing address 695/2495: Kaiserallee 215, Berlin
2025-08-15 16:40:24,168 - INFO - Geocoded: Kaiserallee 215, Berlin -> (52.4193875, 13.3665673) confidence: 0.05342208819714653
2025-08-15 16:40:24,168 - INFO - Updated Ballo & Schoepe: (52.4193875, 13.3665673)
2025-08-15 16:40:24,168 - INFO - Processing address 696/2495: Bendlerstr. 36, Berlin
2025-08-15 16:40:30,222 - WARNING - Failed to geocode: Bendlerstr. 36, Berlin
2025-08-15 16:40:30,223 - ERROR - Failed to geocode address: Bendlerstr. 36, Berlin
2025-08-15 16:40:30,223 - INFO - Processing address 697/2495: Alexandrinenstr. 135/136, Berlin
2025-08-15 16:40:32,021 - INFO - Geocoded: Alexandrinenstr. 135/136, Berlin -> (52.5066473, 13.4090003) confidence: 0.05342208819714653
2025-08-15 16:40:32,021 - INFO - Updated Bandvertrieb GmbH: (52.50681329232706, 13.408441631461939)
2025-08-15 16:40:32,021 - INFO - Updated Blumenfeld & Feilchenfeld: (52.50675257958807, 13.40963984397283)
2025-08-15 16:40:32,021 - INFO - Updated Felix Salomonis: (52.50628264832924, 13.409203381866826)
2025-08-15 16:40:32,021 - INFO - Updated Glas und Spiegel GmbH: (52.506964446229546, 13.409090964064115)
2025-08-15 16:40:32,021 - INFO - Processing address 698/2495: Kanonierstr. 17/20, Berlin
2025-08-15 16:40:33,733 - INFO - Geocoded: Kanonierstr. 17/20, Berlin -> (52.5147197, 13.3861932) confidence: 0.05342208819714653
2025-08-15 16:40:33,733 - INFO - Updated Bank für Montanindustrie AG: (52.5147197, 13.3861932)
2025-08-15 16:40:33,733 - INFO - Processing address 699/2495: Wagnerplatz 1, Berlin
2025-08-15 16:40:35,220 - INFO - Geocoded: Wagnerplatz 1, Berlin -> (52.5143443, 13.4894786) confidence: 0.26074447183303784
2025-08-15 16:40:35,220 - INFO - Updated Bankcommandite Lowinsky & Co: (52.5143443, 13.4894786)
2025-08-15 16:40:35,220 - INFO - Processing address 700/2495: 48, Berlin
2025-08-15 16:40:35,220 - WARNING - Incomplete address detected: 48, Berlin
2025-08-15 16:40:35,220 - ERROR - Failed to geocode address: 48, Berlin
2025-08-15 16:40:35,220 - INFO - Progress: 700/2495 addresses processed
2025-08-15 16:40:35,252 - INFO - Processing address 701/2495: Kurfürstendamm 167, Berlin
2025-08-15 16:40:37,214 - INFO - Geocoded: Kurfürstendamm 167, Berlin -> (52.5000011, 13.3078481) confidence: 0.4914112718388304
2025-08-15 16:40:37,214 - INFO - Updated Bankkommandite Gebrüder Oppler: (52.5000011, 13.3078481)
2025-08-15 16:40:37,214 - INFO - Processing address 702/2495: Taubenstr. 34, Berlin
2025-08-15 16:40:38,629 - INFO - Geocoded: Taubenstr. 34, Berlin -> (52.5131256, 13.3901231) confidence: 8.875486381318407e-05
2025-08-15 16:40:38,629 - INFO - Updated Bankkommandite H. Kahnheimer & Co: (52.5131256, 13.3901231)
2025-08-15 16:40:38,629 - INFO - Processing address 703/2495: Friedrichstr. 167/168, Berlin
2025-08-15 16:40:41,245 - INFO - Geocoded: Friedrichstr. 167/168, Berlin -> (52.5015293, 13.3913508) confidence: 0.4683814607413573
2025-08-15 16:40:41,245 - INFO - Updated Bankkommanditgesellschaft Wilhelm Goldberg: (52.5015293, 13.3913508)
2025-08-15 16:40:41,245 - INFO - Processing address 704/2495: Dorotheenstr. 32, Berlin
2025-08-15 16:40:42,788 - INFO - Geocoded: Dorotheenstr. 32, Berlin -> (52.5195438, 13.3958725) confidence: 0.32228022566186254
2025-08-15 16:40:42,788 - INFO - Updated Baruch Bibo: (52.5195438, 13.3958725)
2025-08-15 16:40:42,788 - INFO - Processing address 705/2495: Barnimstr. 33, Berlin
2025-08-15 16:40:44,246 - INFO - Geocoded: Barnimstr. 33, Berlin -> (52.5263681, 13.4220066) confidence: 0.05342208819714653
2025-08-15 16:40:44,247 - INFO - Updated Baruch Herbst: (52.5263681, 13.4220066)
2025-08-15 16:40:44,247 - INFO - Processing address 706/2495: 10, Berlin
2025-08-15 16:40:44,247 - WARNING - Incomplete address detected: 10, Berlin
2025-08-15 16:40:44,247 - ERROR - Failed to geocode address: 10, Berlin
2025-08-15 16:40:44,247 - INFO - Processing address 707/2495: Gollnowstr. 13, Berlin
2025-08-15 16:40:50,302 - WARNING - Failed to geocode: Gollnowstr. 13, Berlin
2025-08-15 16:40:50,304 - ERROR - Failed to geocode address: Gollnowstr. 13, Berlin
2025-08-15 16:40:50,304 - INFO - Processing address 708/2495: Flotowstr. 10, Berlin
2025-08-15 16:40:51,761 - INFO - Geocoded: Flotowstr. 10, Berlin -> (52.5166438, 13.3368647) confidence: 8.875486381318407e-05
2025-08-15 16:40:51,761 - INFO - Updated Baruch Nebenzahl: (52.5166438, 13.3368647)
2025-08-15 16:40:51,761 - INFO - Processing address 709/2495: Kochstr. 62, Berlin
2025-08-15 16:40:53,765 - INFO - Geocoded: Kochstr. 62, Berlin -> (52.4469797, 13.3807305) confidence: 0.05342208819714653
2025-08-15 16:40:53,765 - INFO - Updated Basel & Höfer: (52.44669700011159, 13.380104747267623)
2025-08-15 16:40:53,765 - INFO - Updated Benno Meyer Ledermöbel-Fabrik: (52.44725832273604, 13.380161312328045)
2025-08-15 16:40:53,765 - INFO - Updated Gebrüder Fleischer: (52.44716883194211, 13.38061325991437)
2025-08-15 16:40:53,765 - INFO - Processing address 710/2495: Herrmannstr. 256/257, Berlin
2025-08-15 16:40:56,056 - INFO - Geocoded: Herrmannstr. 256/257, Berlin -> (52.5552018, 13.5665063) confidence: 0.05342208819714653
2025-08-15 16:40:56,056 - INFO - Updated Basel & Höfer GmbH: (52.5552018, 13.5665063)
2025-08-15 16:40:56,056 - INFO - Processing address 711/2495: Prinzregentenstr. 95, Berlin
2025-08-15 16:40:57,528 - INFO - Geocoded: Prinzregentenstr. 95, Berlin -> (52.4920417, 13.3333381) confidence: 8.875486381318407e-05
2025-08-15 16:40:57,528 - INFO - Updated Bassinger & Co: (52.4920417, 13.3333381)
2025-08-15 16:40:57,528 - INFO - Processing address 712/2495: Am Sandwerder 10, Berlin
2025-08-15 16:40:58,991 - INFO - Geocoded: Am Sandwerder 10, Berlin -> (52.4231105, 13.1807306) confidence: 8.875486381318407e-05
2025-08-15 16:40:58,991 - INFO - Updated Bau- und Bodengesellschaft Wannsee mbH: (52.4231105, 13.1807306)
2025-08-15 16:40:58,991 - INFO - Processing address 713/2495: Giesebrechtstr. 12, Berlin
2025-08-15 16:41:00,440 - INFO - Geocoded: Giesebrechtstr. 12, Berlin -> (52.5015554, 13.3116669) confidence: 8.875486381318407e-05
2025-08-15 16:41:00,440 - INFO - Updated Baugeschäft Berger & Co: (52.5015554, 13.3116669)
2025-08-15 16:41:00,440 - INFO - Processing address 714/2495: 7/10, Berlin
2025-08-15 16:41:07,132 - INFO - Geocoded: 7/10, Berlin -> (52.510885, 13.3989367) confidence: 0.840425236063765
2025-08-15 16:41:07,133 - INFO - Updated Baugesellschaft Zentrum GmbH: (52.510885, 13.3989367)
2025-08-15 16:41:07,133 - INFO - Processing address 715/2495: Lindenstr. 30, Berlin
2025-08-15 16:41:10,287 - INFO - Geocoded: Lindenstr. 30, Berlin -> (52.5056414, 13.3974284) confidence: 8.875486381318407e-05
2025-08-15 16:41:10,287 - INFO - Updated Bauhandel Baumaterialien-Großhandelsgesellschaft mbH: (52.5056414, 13.3974284)
2025-08-15 16:41:10,287 - INFO - Processing address 716/2495: Kronenstr. 30/31, Berlin
2025-08-15 16:41:12,072 - INFO - Geocoded: Kronenstr. 30/31, Berlin -> (52.511386, 13.3927068) confidence: 0.05342208819714653
2025-08-15 16:41:12,072 - INFO - Updated Baum & Lowinsky: (52.51102477833673, 13.393093176360669)
2025-08-15 16:41:12,072 - INFO - Updated Cohn, Walder & Co: (52.510992103161556, 13.393111321325506)
2025-08-15 16:41:12,072 - INFO - Updated Epstein & Baruchsohn GmbH: (52.51143645055326, 13.392262120838351)
2025-08-15 16:41:12,072 - INFO - Updated Georg Segall: (52.511479606397906, 13.393349070938743)
2025-08-15 16:41:12,073 - INFO - Updated Haar & Klein: (52.51117805842883, 13.39324451556087)
2025-08-15 16:41:12,073 - INFO - Processing address 717/2495: Zimmerstr. 70, Berlin
2025-08-15 16:41:13,819 - INFO - Geocoded: Zimmerstr. 70, Berlin -> (52.5081653, 13.3982488) confidence: 0.07085170629346904
2025-08-15 16:41:13,820 - INFO - Updated Baumann & Falkenthal: (52.507803600557445, 13.398338213653664)
2025-08-15 16:41:13,821 - INFO - Updated Ernst Bernhard: (52.507875564887904, 13.398072298060642)
2025-08-15 16:41:13,821 - INFO - Processing address 718/2495: Geisbergstr. 25/26, Berlin
2025-08-15 16:41:15,749 - INFO - Geocoded: Geisbergstr. 25/26, Berlin -> (52.497056, 13.3440623) confidence: 0.05342208819714653
2025-08-15 16:41:15,751 - INFO - Updated Bavaria-Apotheke Clara Schubring: (52.497056, 13.3440623)
2025-08-15 16:41:15,751 - INFO - Processing address 719/2495: Koppenstr. 31, Berlin
2025-08-15 16:41:17,343 - INFO - Geocoded: Koppenstr. 31, Berlin -> (52.5166996, 13.4366033) confidence: 8.875486381318407e-05
2025-08-15 16:41:17,344 - INFO - Updated Befema, Berliner Feder-Matratzen-Fabrik Hermann Cohn: (52.5166996, 13.4366033)
2025-08-15 16:41:17,344 - INFO - Processing address 720/2495: Nollendorfstr. 6, Berlin
2025-08-15 16:41:18,795 - INFO - Geocoded: Nollendorfstr. 6, Berlin -> (52.4982294, 13.3549916) confidence: 8.875486381318407e-05
2025-08-15 16:41:18,796 - INFO - Updated Beha Kurt Bernstein und Leo Hahn: (52.4982294, 13.3549916)
2025-08-15 16:41:18,796 - INFO - Processing address 721/2495: Bredowstr. 49, Berlin
2025-08-15 16:41:20,529 - INFO - Geocoded: Bredowstr. 49, Berlin -> (52.5323638, 13.3400551) confidence: 0.05342208819714653
2025-08-15 16:41:20,539 - INFO - Updated Behrend, Leopold: (52.5323638, 13.3400551)
2025-08-15 16:41:20,540 - INFO - Processing address 722/2495: Pasteurstr. 15, Berlin
2025-08-15 16:41:22,894 - INFO - Geocoded: Pasteurstr. 15, Berlin -> (52.5336213, 13.433538) confidence: 8.875486381318407e-05
2025-08-15 16:41:22,895 - INFO - Updated Behrendt & Co: (52.5336213, 13.433538)
2025-08-15 16:41:22,895 - INFO - Processing address 723/2495: Rankestr. 36, Berlin
2025-08-15 16:41:24,444 - INFO - Geocoded: Rankestr. 36, Berlin -> (52.5038648, 13.3355553) confidence: 8.875486381318407e-05
2025-08-15 16:41:24,444 - INFO - Updated Behrendt & Co Immobilien und Vermietungen: (52.5038648, 13.3355553)
2025-08-15 16:41:24,444 - INFO - Processing address 724/2495: Tauentzienstr. 18, Berlin
2025-08-15 16:41:26,057 - INFO - Geocoded: Tauentzienstr. 18, Berlin -> (52.5031818, 13.3384031) confidence: 8.875486381318407e-05
2025-08-15 16:41:26,062 - INFO - Updated Behrendt GmbH: (52.50321892177946, 13.33847988974796)
2025-08-15 16:41:26,062 - INFO - Updated Damenmodehaus Stein im Hofe, GmbH: (52.502841637156884, 13.337778783438896)
2025-08-15 16:41:26,062 - INFO - Updated Damenmoden Joachim Erdmann: (52.503011641158054, 13.338963577456322)
2025-08-15 16:41:26,062 - INFO - Processing address 725/2495: Klosterstr. 45, Berlin
2025-08-15 16:41:29,542 - INFO - Geocoded: Klosterstr. 45, Berlin -> (52.5186603, 13.4113815) confidence: 0.33382026067444703
2025-08-15 16:41:29,544 - INFO - Updated Be-Ha-We Berliner Herrenwäsche Fabrikationsgesellschaft mbH: (52.518470461419824, 13.411774074740624)
2025-08-15 16:41:29,544 - INFO - Updated Gewerbefleiß Werkstätten für Massenbedarf Simon Rector: (52.5184278797291, 13.410804645660386)
2025-08-15 16:41:29,544 - INFO - Processing address 726/2495: Hauptstr.  134, Berlin
2025-08-15 16:41:32,508 - INFO - Geocoded: Hauptstr.  134, Berlin -> (52.4846695, 13.3541543) confidence: 8.875486381318407e-05
2025-08-15 16:41:32,509 - INFO - Updated Becker, Damenmoden: (52.4846695, 13.3541543)
2025-08-15 16:41:32,509 - INFO - Processing address 727/2495: Lindenstr. 69, Berlin
2025-08-15 16:41:34,696 - INFO - Geocoded: Lindenstr. 69, Berlin -> (52.5060504, 13.3969675) confidence: 8.875486381318407e-05
2025-08-15 16:41:34,696 - INFO - Updated Beckert & Lefson Graphische Anstalt GmbH: (52.50600188212944, 13.397481566994397)
2025-08-15 16:41:34,696 - INFO - Updated Franken & Ehrenstein: (52.506230465496834, 13.397269094292708)
2025-08-15 16:41:34,696 - INFO - Processing address 728/2495: Rückertstr. 5, Berlin
2025-08-15 16:41:37,322 - INFO - Geocoded: Rückertstr. 5, Berlin -> (52.5104318, 13.3030898) confidence: 8.875486381318407e-05
2025-08-15 16:41:37,326 - INFO - Updated Bedarfsartikel-Gesellschaft Bacharach & Co: (52.5104318, 13.3030898)
2025-08-15 16:41:37,326 - INFO - Processing address 729/2495: Friedrichstr. 66, Berlin
2025-08-15 16:41:39,358 - INFO - Geocoded: Friedrichstr. 66, Berlin -> (52.4556777, 13.6255686) confidence: 8.875486381318407e-05
2025-08-15 16:41:39,359 - INFO - Updated Bekleidung für Stadt und Land GmbH: (52.45528862112579, 13.625860808256073)
2025-08-15 16:41:39,359 - INFO - Updated Goldenberg & Co GmbH: (52.45578005041581, 13.626136996174216)
2025-08-15 16:41:39,359 - INFO - Processing address 730/2495: Kaiserstr. 32, Berlin
2025-08-15 16:41:41,829 - INFO - Geocoded: Kaiserstr. 32, Berlin -> (52.4219652, 13.1634863) confidence: 8.875486381318407e-05
2025-08-15 16:41:41,829 - INFO - Updated Bekleidung für Werktätige Be Ha We Wilhelm Scholem: (52.4219652, 13.1634863)
2025-08-15 16:41:41,829 - INFO - Processing address 731/2495: Chausseestr. 22/23, Berlin
2025-08-15 16:41:43,853 - INFO - Geocoded: Chausseestr. 22/23, Berlin -> (52.5314074, 13.3820146) confidence: 0.36385788403092795
2025-08-15 16:41:43,853 - INFO - Updated Bekleidungshaus B. Baer Sohn & Co GmbH: (52.5314074, 13.3820146)
2025-08-15 16:41:43,853 - INFO - Processing address 732/2495: Kurstr. 11/12, Berlin
2025-08-15 16:41:45,584 - INFO - Geocoded: Kurstr. 11/12, Berlin -> (52.5119788, 13.4022462) confidence: 0.05342208819714653
2025-08-15 16:41:45,584 - INFO - Updated Bekleidungshaus GmbH: (52.5119788, 13.4022462)
2025-08-15 16:41:45,584 - INFO - Processing address 733/2495: Kottbusser Damm 79, Berlin
2025-08-15 16:41:47,121 - INFO - Geocoded: Kottbusser Damm 79, Berlin -> (52.4913924, 13.4233919) confidence: 8.875486381318407e-05
2025-08-15 16:41:47,122 - INFO - Updated Bekleidungsvertrieb Peca Pitzela & Cash: (52.4913924, 13.4233919)
2025-08-15 16:41:47,122 - INFO - Processing address 734/2495: Königstr. 61/64, Berlin
2025-08-15 16:41:49,328 - INFO - Geocoded: Königstr. 61/64, Berlin -> (52.5182552, 13.4068157) confidence: 0.34137582715177667
2025-08-15 16:41:49,329 - INFO - Updated Bekleidungswerke AG vorm. Thalheimer und J. & S. Marx Zweigniederlassung Berlin: (52.518691273027265, 13.407219153135447)
2025-08-15 16:41:49,329 - INFO - Updated Gebr. Feisenberger: (52.51782585043839, 13.406732709151584)
2025-08-15 16:41:49,329 - INFO - Processing address 735/2495: Wassertorstr. 50, Berlin
2025-08-15 16:41:50,944 - INFO - Geocoded: Wassertorstr. 50, Berlin -> (52.499845, 13.405956) confidence: 8.875486381318407e-05
2025-08-15 16:41:50,948 - INFO - Updated Beleuchtungsgegenstände und Metallwarenfabrikation Rosenstock & Säbel: (52.49941508769433, 13.40557510452046)
2025-08-15 16:41:50,948 - INFO - Updated Bernhard Angreß & Co: (52.49991658280146, 13.405857751915102)
2025-08-15 16:41:50,948 - INFO - Processing address 736/2495: Kurfürstendamm 203, Berlin
2025-08-15 16:41:52,564 - INFO - Geocoded: Kurfürstendamm 203, Berlin -> (52.5017665, 13.3221903) confidence: 8.875486381318407e-05
2025-08-15 16:41:52,564 - INFO - Updated Beleuchtungshaus des Westens Wilhelm Philippi: (52.5017665, 13.3221903)
2025-08-15 16:41:52,564 - INFO - Processing address 737/2495: Marburgerstr.  13, Berlin
2025-08-15 16:41:54,068 - INFO - Geocoded: Marburgerstr.  13, Berlin -> (52.5023681, 13.3366208) confidence: 8.875486381318407e-05
2025-08-15 16:41:54,068 - INFO - Updated Bella Link: (52.5023681, 13.3366208)
2025-08-15 16:41:54,068 - INFO - Processing address 738/2495: Knesebeckstr. 96, Berlin
2025-08-15 16:41:55,506 - INFO - Geocoded: Knesebeckstr. 96, Berlin -> (52.5094708, 13.3232713) confidence: 8.875486381318407e-05
2025-08-15 16:41:55,506 - INFO - Updated Bellerstein & Wahren GmbH: (52.5094708, 13.3232713)
2025-08-15 16:41:55,506 - INFO - Processing address 739/2495: Drogerie chemicals and pharmaceuticals Brückenallee  17, Berlin
2025-08-15 16:42:00,811 - WARNING - Failed to geocode: Drogerie chemicals and pharmaceuticals Brückenallee  17, Berlin
2025-08-15 16:42:00,812 - ERROR - Failed to geocode address: Drogerie chemicals and pharmaceuticals Brückenallee  17, Berlin
2025-08-15 16:42:00,812 - INFO - Processing address 740/2495: Charlottenstr. 27, Berlin
2025-08-15 16:42:02,665 - INFO - Geocoded: Charlottenstr. 27, Berlin -> (52.3879667, 13.3921115) confidence: 8.875486381318407e-05
2025-08-15 16:42:02,666 - INFO - Updated Belmona Uhrenfabrik GmbH: (52.387745554879174, 13.392084159661785)
2025-08-15 16:42:02,666 - INFO - Updated Grünberg, Wolff & Co: (52.387792283047375, 13.392618767779114)
2025-08-15 16:42:02,666 - INFO - Processing address 741/2495: Friedrichstr. 23, Berlin
2025-08-15 16:42:04,480 - INFO - Geocoded: Friedrichstr. 23, Berlin -> (52.5033791, 13.3922669) confidence: 8.875486381318407e-05
2025-08-15 16:42:04,480 - INFO - Updated Ben Fett Filmproduktion und Vertrieb Inh. Benzion Fett: (52.503167162693806, 13.391708786385655)
2025-08-15 16:42:04,480 - INFO - Updated Eichenwald & Co: (52.502931723428844, 13.391947565734004)
2025-08-15 16:42:04,480 - INFO - Updated Fritz Rosenberg & Co: (52.50321832984062, 13.392699024083228)
2025-08-15 16:42:04,480 - INFO - Processing address 742/2495: 41, Berlin
2025-08-15 16:42:04,480 - WARNING - Incomplete address detected: 41, Berlin
2025-08-15 16:42:04,480 - ERROR - Failed to geocode address: 41, Berlin
2025-08-15 16:42:04,480 - INFO - Processing address 743/2495: Dörnbergstr. 1, Berlin
2025-08-15 16:42:10,457 - WARNING - Failed to geocode: Dörnbergstr. 1, Berlin
2025-08-15 16:42:10,463 - ERROR - Failed to geocode address: Dörnbergstr. 1, Berlin
2025-08-15 16:42:10,463 - INFO - Processing address 744/2495: Linkstr. 32, Berlin
2025-08-15 16:42:12,082 - INFO - Geocoded: Linkstr. 32, Berlin -> (52.5077958, 13.375353) confidence: 0.05342208819714653
2025-08-15 16:42:12,083 - INFO - Updated Bender-Immobilien Bruno Bender: (52.5077958, 13.375353)
2025-08-15 16:42:12,088 - INFO - Processing address 745/2495: Bischofstr. 19/21, Berlin
2025-08-15 16:42:18,867 - WARNING - Failed to geocode: Bischofstr. 19/21, Berlin
2025-08-15 16:42:18,880 - ERROR - Failed to geocode address: Bischofstr. 19/21, Berlin
2025-08-15 16:42:18,881 - INFO - Processing address 746/2495: Dircksenstr. 36, Berlin
2025-08-15 16:42:20,371 - INFO - Geocoded: Dircksenstr. 36, Berlin -> (52.5232322, 13.4086145) confidence: 8.875486381318407e-05
2025-08-15 16:42:20,371 - INFO - Updated Benedict Schwarzer: (52.5232322, 13.4086145)
2025-08-15 16:42:20,371 - INFO - Processing address 747/2495: 68, Berlin
2025-08-15 16:42:20,371 - WARNING - Incomplete address detected: 68, Berlin
2025-08-15 16:42:20,371 - ERROR - Failed to geocode address: 68, Berlin
2025-08-15 16:42:20,371 - INFO - Processing address 748/2495: Platz 5, Berlin
2025-08-15 16:42:23,490 - INFO - Geocoded: Platz 5, Berlin -> (52.4847678, 13.2584564) confidence: 8.875486381318407e-05
2025-08-15 16:42:23,749 - INFO - Updated Benjamin Harz: (52.485069004265426, 13.258484955497734)
2025-08-15 16:42:23,750 - INFO - Updated Eugen Rosenberg: (52.48466862157348, 13.2581858912635)
2025-08-15 16:42:23,750 - INFO - Processing address 749/2495: Waldstr. 4, Berlin
2025-08-15 16:42:27,398 - INFO - Geocoded: Waldstr. 4, Berlin -> (52.4807995, 13.5759691) confidence: 8.875486381318407e-05
2025-08-15 16:42:27,891 - INFO - Updated Benjamin Kristeller: (52.4807995, 13.5759691)
2025-08-15 16:42:28,028 - INFO - Processing address 750/2495: Fritschestr.  30, Berlin
2025-08-15 16:42:30,771 - INFO - Geocoded: Fritschestr.  30, Berlin -> (52.5116818, 13.2996583) confidence: 8.875486381318407e-05
2025-08-15 16:42:30,772 - INFO - Updated Benjamin Reicher: (52.5116818, 13.2996583)
2025-08-15 16:42:30,772 - INFO - Processing address 751/2495: Spittelmarkt 14, Berlin
2025-08-15 16:42:34,592 - INFO - Geocoded: Spittelmarkt 14, Berlin -> (52.5114089, 13.4018916) confidence: 0.33632164909184187
2025-08-15 16:42:34,887 - INFO - Updated Benjamin Wagner: (52.51126571460815, 13.401815795257692)
2025-08-15 16:42:34,887 - INFO - Updated Emil Janklowitz: (52.51174374776036, 13.401479119393077)
2025-08-15 16:42:34,887 - INFO - Processing address 752/2495: Mommsenstr.  43, Berlin
2025-08-15 16:42:37,202 - INFO - Geocoded: Mommsenstr.  43, Berlin -> (52.5033636, 13.3065034) confidence: 8.875486381318407e-05
2025-08-15 16:42:37,203 - INFO - Updated Benno Balah: (52.5033636, 13.3065034)
2025-08-15 16:42:37,203 - INFO - Processing address 753/2495: Regensburgerstr. 25, Berlin
2025-08-15 16:42:39,437 - INFO - Geocoded: Regensburgerstr. 25, Berlin -> (52.4958837, 13.3340828) confidence: 8.875486381318407e-05
2025-08-15 16:42:39,437 - INFO - Updated Benno Belgard: (52.4958837, 13.3340828)
2025-08-15 16:42:39,437 - INFO - Processing address 754/2495: Sebastianstr. 34, Berlin
2025-08-15 16:42:41,117 - INFO - Geocoded: Sebastianstr. 34, Berlin -> (52.5089041, 13.4096886) confidence: 8.875486381318407e-05
2025-08-15 16:42:41,274 - INFO - Updated Benno Citroen: (52.5089041, 13.4096886)
2025-08-15 16:42:41,274 - INFO - Processing address 755/2495: Kommandantenstr. 36, Berlin
2025-08-15 16:42:43,395 - INFO - Geocoded: Kommandantenstr. 36, Berlin -> (52.4377236, 13.2931855) confidence: 0.05342208819714653
2025-08-15 16:42:43,418 - INFO - Updated Benno Eisenstädt: (52.4377236, 13.2931855)
2025-08-15 16:42:43,562 - INFO - Processing address 756/2495: Monbijouplatz 3, Berlin
2025-08-15 16:42:45,925 - INFO - Geocoded: Monbijouplatz 3, Berlin -> (52.5231631, 13.3994034) confidence: 8.875486381318407e-05
2025-08-15 16:42:45,930 - INFO - Updated Benno Fiegel AG: (52.5231649155362, 13.399535750085787)
2025-08-15 16:42:45,930 - INFO - Updated Emil Lipmann: (52.52360610308768, 13.399226065056478)
2025-08-15 16:42:45,930 - INFO - Processing address 757/2495: Alexandrinenstr. 43, Berlin
2025-08-15 16:42:48,877 - INFO - Geocoded: Alexandrinenstr. 43, Berlin -> (52.5055424, 13.4071636) confidence: 8.875486381318407e-05
2025-08-15 16:42:48,989 - INFO - Updated Benno Forchheimer: (52.5055424, 13.4071636)
2025-08-15 16:42:49,065 - INFO - Processing address 758/2495: Klosterstr. 98, Berlin
2025-08-15 16:42:51,929 - INFO - Geocoded: Klosterstr. 98, Berlin -> (52.5186603, 13.4113815) confidence: 0.33382026067444703
2025-08-15 16:42:51,933 - INFO - Updated Benno Gleitzmann: (52.5186603, 13.4113815)
2025-08-15 16:42:51,933 - INFO - Processing address 759/2495: Winsstr. 16, Berlin
2025-08-15 16:42:53,977 - INFO - Geocoded: Winsstr. 16, Berlin -> (52.5335677, 13.4252286) confidence: 8.875486381318407e-05
2025-08-15 16:42:53,978 - INFO - Updated Benno Huldschinsky: (52.5335677, 13.4252286)
2025-08-15 16:42:53,978 - INFO - Processing address 760/2495: Lottumstr. 25, Berlin
2025-08-15 16:42:55,606 - INFO - Geocoded: Lottumstr. 25, Berlin -> (52.530178, 13.4086786) confidence: 8.875486381318407e-05
2025-08-15 16:42:55,619 - INFO - Updated Benno Kahn Fleisch- und Wurstwaren engros: (52.530178, 13.4086786)
2025-08-15 16:42:55,620 - INFO - Processing address 761/2495: Brunnenstr.  158, Berlin
2025-08-15 16:42:57,683 - INFO - Geocoded: Brunnenstr.  158, Berlin -> (52.5351896, 13.3976464) confidence: 8.875486381318407e-05
2025-08-15 16:42:57,691 - INFO - Updated Benno Lachmann: (52.5351896, 13.3976464)
2025-08-15 16:42:57,691 - INFO - Processing address 762/2495: Heidestr. 14, Berlin
2025-08-15 16:42:59,554 - INFO - Geocoded: Heidestr. 14, Berlin -> (52.5318526, 13.3673022) confidence: 8.875486381318407e-05
2025-08-15 16:42:59,554 - INFO - Updated Benno Laskowicz: (52.5318526, 13.3673022)
2025-08-15 16:42:59,554 - INFO - Processing address 763/2495: 87, Berlin
2025-08-15 16:42:59,554 - WARNING - Incomplete address detected: 87, Berlin
2025-08-15 16:42:59,554 - ERROR - Failed to geocode address: 87, Berlin
2025-08-15 16:42:59,554 - INFO - Processing address 764/2495: Friedrichstr. 1, Berlin
2025-08-15 16:43:01,447 - INFO - Geocoded: Friedrichstr. 1, Berlin -> (52.5000125, 13.3919597) confidence: 8.875486381318407e-05
2025-08-15 16:43:01,493 - INFO - Updated Benno Lobsenzer: (52.5001595826536, 13.392593179750877)
2025-08-15 16:43:01,498 - INFO - Updated Grünauer Apotheke und Drogerie Apotheker Max Salinger: (52.499662586885016, 13.391695017830894)
2025-08-15 16:43:01,498 - INFO - Processing address 765/2495: Heiliggeiststr.  39, Berlin
2025-08-15 16:43:07,878 - WARNING - Failed to geocode: Heiliggeiststr.  39, Berlin
2025-08-15 16:43:07,883 - ERROR - Failed to geocode address: Heiliggeiststr.  39, Berlin
2025-08-15 16:43:07,890 - INFO - Processing address 766/2495: Fasanenstr. 58, Berlin
2025-08-15 16:43:09,560 - INFO - Geocoded: Fasanenstr. 58, Berlin -> (52.4970126, 13.327191) confidence: 8.875486381318407e-05
2025-08-15 16:43:09,560 - INFO - Updated Benno Mendel: (52.49671188898775, 13.32735843471049)
2025-08-15 16:43:09,560 - INFO - Updated Dagobert Lisser: (52.497196112021776, 13.32766384220295)
2025-08-15 16:43:09,560 - INFO - Processing address 767/2495: Spittelmarkt 11, Berlin
2025-08-15 16:43:11,313 - INFO - Geocoded: Spittelmarkt 11, Berlin -> (52.5119208, 13.4017647) confidence: 8.875486381318407e-05
2025-08-15 16:43:11,313 - INFO - Updated Benno Menschel: (52.51172265561907, 13.40134020304485)
2025-08-15 16:43:11,314 - INFO - Updated C. H. Mewis: (52.51227779176305, 13.401218269424131)
2025-08-15 16:43:11,314 - INFO - Updated Gebr. Besas GmbH: (52.51170250601509, 13.402403160772097)
2025-08-15 16:43:11,314 - INFO - Processing address 768/2495: Wallstr. 11/12, Berlin
2025-08-15 16:43:13,460 - INFO - Geocoded: Wallstr. 11/12, Berlin -> (52.5114345, 13.5866158) confidence: 0.05342208819714653
2025-08-15 16:43:13,460 - INFO - Updated Benno Nordon: (52.5114345, 13.5866158)
2025-08-15 16:43:13,460 - INFO - Processing address 769/2495: Dahlmannstr.  27, Berlin
2025-08-15 16:43:14,908 - INFO - Geocoded: Dahlmannstr.  27, Berlin -> (52.5021997, 13.3040557) confidence: 8.875486381318407e-05
2025-08-15 16:43:14,908 - INFO - Updated Benno Putziger: (52.5021997, 13.3040557)
2025-08-15 16:43:14,908 - INFO - Processing address 770/2495: Lutherplatz 3, Berlin
2025-08-15 16:43:16,377 - INFO - Geocoded: Lutherplatz 3, Berlin -> (52.5483005, 13.2045423) confidence: 0.2548236191516143
2025-08-15 16:43:16,377 - INFO - Updated Benno Salomon: (52.5483005, 13.2045423)
2025-08-15 16:43:16,377 - INFO - Processing address 771/2495: Meierettostr. 6, Berlin
2025-08-15 16:43:21,756 - WARNING - Failed to geocode: Meierettostr. 6, Berlin
2025-08-15 16:43:21,756 - ERROR - Failed to geocode address: Meierettostr. 6, Berlin
2025-08-15 16:43:21,756 - INFO - Processing address 772/2495: 132, Berlin
2025-08-15 16:43:21,756 - WARNING - Incomplete address detected: 132, Berlin
2025-08-15 16:43:21,757 - ERROR - Failed to geocode address: 132, Berlin
2025-08-15 16:43:21,757 - INFO - Processing address 773/2495: Hardenbergstr. 39, Berlin
2025-08-15 16:43:23,517 - INFO - Geocoded: Hardenbergstr. 39, Berlin -> (52.5060421, 13.3325356) confidence: 0.3410509297273993
2025-08-15 16:43:23,517 - INFO - Updated Benno Silber & Co: (52.5060421, 13.3325356)
2025-08-15 16:43:23,517 - INFO - Processing address 774/2495: Heiligegeiststr. 22, Berlin
2025-08-15 16:43:29,656 - WARNING - Failed to geocode: Heiligegeiststr. 22, Berlin
2025-08-15 16:43:29,657 - ERROR - Failed to geocode address: Heiligegeiststr. 22, Berlin
2025-08-15 16:43:29,657 - INFO - Processing address 775/2495: Jägerstr. 59/60, Berlin
2025-08-15 16:43:31,765 - INFO - Geocoded: Jägerstr. 59/60, Berlin -> (52.5141757, 13.3950701) confidence: 0.2963484801355436
2025-08-15 16:43:31,766 - INFO - Updated Benno Stahl & Sohn: (52.5141757, 13.3950701)
2025-08-15 16:43:31,766 - INFO - Processing address 776/2495: Gleimstr. 53, Berlin
2025-08-15 16:43:33,285 - INFO - Geocoded: Gleimstr. 53, Berlin -> (52.5469672, 13.4039713) confidence: 8.875486381318407e-05
2025-08-15 16:43:33,285 - INFO - Updated Benno Walter & Co: (52.5469672, 13.4039713)
2025-08-15 16:43:33,285 - INFO - Processing address 777/2495: Königstr.  86, Berlin
2025-08-15 16:43:35,188 - INFO - Geocoded: Königstr.  86, Berlin -> (52.5266256, 13.4223511) confidence: 8.875486381318407e-05
2025-08-15 16:43:35,188 - INFO - Updated Benno Wohlgemuth: (52.5266256, 13.4223511)
2025-08-15 16:43:35,188 - INFO - Processing address 778/2495: 204, Berlin
2025-08-15 16:43:35,188 - WARNING - Incomplete address detected: 204, Berlin
2025-08-15 16:43:35,188 - ERROR - Failed to geocode address: 204, Berlin
2025-08-15 16:43:35,188 - INFO - Processing address 779/2495: Charlottenstr. 50/51, Berlin
2025-08-15 16:43:37,005 - INFO - Geocoded: Charlottenstr. 50/51, Berlin -> (52.5327445, 13.5606479) confidence: 0.05342208819714653
2025-08-15 16:43:37,005 - INFO - Updated Benno Wormser: (52.532296044895524, 13.560814839584111)
2025-08-15 16:43:37,005 - INFO - Updated Edler & Co: (52.53308571598886, 13.560379108084199)
2025-08-15 16:43:37,005 - INFO - Processing address 780/2495: Blumeshof 5, Berlin
2025-08-15 16:43:43,208 - WARNING - Failed to geocode: Blumeshof 5, Berlin
2025-08-15 16:43:43,208 - ERROR - Failed to geocode address: Blumeshof 5, Berlin
2025-08-15 16:43:43,208 - INFO - Processing address 781/2495: Roonstr. 8, Berlin
2025-08-15 16:43:44,814 - INFO - Geocoded: Roonstr. 8, Berlin -> (52.4354739, 13.2394877) confidence: 8.875486381318407e-05
2025-08-15 16:43:44,814 - INFO - Updated Berdach & Co: (52.4354739, 13.2394877)
2025-08-15 16:43:44,815 - INFO - Processing address 782/2495: Kanonierstr. 19, Berlin
2025-08-15 16:43:46,311 - INFO - Geocoded: Kanonierstr. 19, Berlin -> (52.5131464, 13.3862759) confidence: 8.875486381318407e-05
2025-08-15 16:43:46,312 - INFO - Updated Berend & Co: (52.5131464, 13.3862759)
2025-08-15 16:43:46,312 - INFO - Processing address 783/2495: Fehlerstr. 6, Berlin
2025-08-15 16:43:47,769 - INFO - Geocoded: Fehlerstr. 6, Berlin -> (52.4768427, 13.3246875) confidence: 8.875486381318407e-05
2025-08-15 16:43:47,770 - INFO - Updated Berendt, Klara Sara: (52.4768427, 13.3246875)
2025-08-15 16:43:47,770 - INFO - Processing address 784/2495: Ackerstr. 91, Berlin
2025-08-15 16:43:49,319 - INFO - Geocoded: Ackerstr. 91, Berlin -> (52.5395343, 13.3820571) confidence: 0.29699664641894313
2025-08-15 16:43:49,319 - INFO - Updated Berg & Co: (52.5395343, 13.3820571)
2025-08-15 16:43:49,319 - INFO - Processing address 785/2495: Kronenstr. 24, Berlin
2025-08-15 16:43:50,893 - INFO - Geocoded: Kronenstr. 24, Berlin -> (52.511386, 13.3927068) confidence: 0.05342208819714653
2025-08-15 16:43:50,893 - INFO - Updated Berg & Möller Jugendliche Konfektion: (52.511193151683216, 13.392702759751055)
2025-08-15 16:43:50,893 - INFO - Updated Fischbein & Mendel: (52.511426099411935, 13.393335957385116)
2025-08-15 16:43:50,893 - INFO - Processing address 786/2495: Hardenbergstr. 27, Berlin
2025-08-15 16:43:52,360 - INFO - Geocoded: Hardenbergstr. 27, Berlin -> (52.5058428, 13.3324503) confidence: 8.875486381318407e-05
2025-08-15 16:43:52,361 - INFO - Updated Berg am Zoo Helene u. Arthur Berg: (52.5058428, 13.3324503)
2025-08-15 16:43:52,361 - INFO - Processing address 787/2495: Charlottenstr. 69, Berlin
2025-08-15 16:43:53,934 - INFO - Geocoded: Charlottenstr. 69, Berlin -> (52.5114149, 13.2892917) confidence: 8.875486381318407e-05
2025-08-15 16:43:53,934 - INFO - Updated Berg's Restaurant Helene und Arthur Berg: (52.5114149, 13.2892917)
2025-08-15 16:43:53,934 - INFO - Processing address 788/2495: Hermannstr. 146, Berlin
2025-08-15 16:43:56,093 - INFO - Geocoded: Hermannstr. 146, Berlin -> (52.4643506, 13.4333842) confidence: 8.875486381318407e-05
2025-08-15 16:43:56,093 - INFO - Updated Berg-Apotheke Walter Schindler: (52.4643506, 13.4333842)
2025-08-15 16:43:56,093 - INFO - Processing address 789/2495: Jakobstr. 18, Berlin
2025-08-15 16:43:57,927 - INFO - Geocoded: Jakobstr. 18, Berlin -> (52.5052112, 13.4011443) confidence: 8.875486381318407e-05
2025-08-15 16:43:57,928 - INFO - Updated Bergas & Held: (52.5052112, 13.4011443)
2025-08-15 16:43:57,928 - INFO - Processing address 790/2495: 45/46, Berlin
2025-08-15 16:44:00,917 - INFO - Geocoded: 45/46, Berlin -> (52.4665189, 13.3305268) confidence: 8.875486381318407e-05
2025-08-15 16:44:01,017 - INFO - Updated Berger & Co: (52.4665189, 13.3305268)
2025-08-15 16:44:01,017 - INFO - Processing address 791/2495: Sponholzstr. 34, Berlin
2025-08-15 16:44:02,755 - INFO - Geocoded: Sponholzstr. 34, Berlin -> (52.4718975, 13.3406524) confidence: 8.875486381318407e-05
2025-08-15 16:44:02,757 - INFO - Updated Berger, Walter: (52.4718975, 13.3406524)
2025-08-15 16:44:02,757 - INFO - Processing address 792/2495: 131, Berlin
2025-08-15 16:44:02,757 - WARNING - Incomplete address detected: 131, Berlin
2025-08-15 16:44:02,757 - ERROR - Failed to geocode address: 131, Berlin
2025-08-15 16:44:02,758 - INFO - Processing address 793/2495: Platz 4, Berlin
2025-08-15 16:44:04,304 - INFO - Geocoded: Platz 4, Berlin -> (52.3910866, 13.3877375) confidence: 8.875486381318407e-05
2025-08-15 16:44:04,304 - INFO - Updated Bergmann, Hermann Jakob: (52.3910866, 13.3877375)
2025-08-15 16:44:04,305 - INFO - Processing address 794/2495: Platz 1, Berlin
2025-08-15 16:44:05,774 - INFO - Geocoded: Platz 1, Berlin -> (52.4853416, 13.2583641) confidence: 8.875486381318407e-05
2025-08-15 16:44:05,774 - INFO - Updated Berkowitz & Kühnen Textilrohstoffe GmbH: (52.48503685416028, 13.25799083012724)
2025-08-15 16:44:05,774 - INFO - Updated Bierhaus 3 Inh. Alfred Lipke: (52.485172754257874, 13.258719425594238)
2025-08-15 16:44:05,774 - INFO - Updated Deutsche Sportartikel-Zeitung Neville B. Bloch & Co: (52.485734946522896, 13.258786971030123)
2025-08-15 16:44:05,774 - INFO - Processing address 795/2495: Milli Habelschwerdter Allee 7, Berlin
2025-08-15 16:44:12,757 - WARNING - Failed to geocode: Milli Habelschwerdter Allee 7, Berlin
2025-08-15 16:44:12,757 - ERROR - Failed to geocode address: Milli Habelschwerdter Allee 7, Berlin
2025-08-15 16:44:12,757 - INFO - Processing address 796/2495: Grolmannstr. 5, Berlin
2025-08-15 16:44:19,774 - WARNING - Failed to geocode: Grolmannstr. 5, Berlin
2025-08-15 16:44:19,845 - ERROR - Failed to geocode address: Grolmannstr. 5, Berlin
2025-08-15 16:44:19,848 - INFO - Processing address 797/2495: Hönower Wiesenweg 19/20, Berlin
2025-08-15 16:44:21,906 - INFO - Geocoded: Hönower Wiesenweg 19/20, Berlin -> (52.4834773, 13.5063187) confidence: 0.05342208819714653
2025-08-15 16:44:21,906 - INFO - Updated Berlin-Märkische Textilgesellschaft mbH: (52.4834773, 13.5063187)
2025-08-15 16:44:21,906 - INFO - Processing address 798/2495: Prenzlauer Allee 6, Berlin
2025-08-15 16:44:24,982 - INFO - Geocoded: Prenzlauer Allee 6, Berlin -> (52.5294261, 13.4184861) confidence: 8.875486381318407e-05
2025-08-15 16:44:24,982 - INFO - Updated Berlin-Schöneberger Hausgrundstücks-Gesellschaft mbH: (52.5294261, 13.4184861)
2025-08-15 16:44:24,982 - INFO - Processing address 799/2495: Tiergartenstr. 37, Berlin
2025-08-15 16:44:26,593 - INFO - Geocoded: Tiergartenstr. 37, Berlin -> (52.5095896, 13.3523446) confidence: 0.32929264745969045
2025-08-15 16:44:26,594 - INFO - Updated Berlin-Suhler Waffen- und Fahrzeugwerke Simson & Co: (52.50962036434794, 13.351758234623444)
2025-08-15 16:44:26,594 - INFO - Updated Berlin-Suhler Waffen- und Fahrzeugwerke Simson & Co: (52.50945489187138, 13.352264144241705)
2025-08-15 16:44:26,594 - INFO - Processing address 800/2495: Ritterstr. 70, Berlin
2025-08-15 16:44:28,316 - INFO - Geocoded: Ritterstr. 70, Berlin -> (52.5049928, 13.3982162) confidence: 0.05342208819714653
2025-08-15 16:44:28,317 - INFO - Updated Berliner Electro-Mechanische Werkstatt Moritz Mottek: (52.5049928, 13.3982162)
2025-08-15 16:44:28,317 - INFO - Progress: 800/2495 addresses processed
2025-08-15 16:44:28,619 - INFO - Processing address 801/2495: Ritterstr. 41, Berlin
2025-08-15 16:44:30,298 - INFO - Geocoded: Ritterstr. 41, Berlin -> (52.5037375, 13.402962) confidence: 8.875486381318407e-05
2025-08-15 16:44:30,298 - INFO - Updated Berliner Electro-Plated Waren-Fabrik GmbH: (52.504090465528435, 13.402624906039367)
2025-08-15 16:44:30,298 - INFO - Updated Berliner Electro-Plated-Waren-Fabrik Siegmar Lewy: (52.50382614518899, 13.40261238109259)
2025-08-15 16:44:30,298 - INFO - Processing address 802/2495: Markgrafenstr. 55, Berlin
2025-08-15 16:44:31,890 - INFO - Geocoded: Markgrafenstr. 55, Berlin -> (52.636847, 13.2950747) confidence: 8.875486381318407e-05
2025-08-15 16:44:31,891 - INFO - Updated Berliner Export Company Dr. Herrmann & Co KG: (52.63659596834273, 13.29495766966299)
2025-08-15 16:44:31,891 - INFO - Updated Gebrüder Loewenberg GmbH: (52.636627738272075, 13.2948742628718)
2025-08-15 16:44:31,891 - INFO - Processing address 803/2495: Jägerstr. 20, Berlin
2025-08-15 16:44:33,384 - INFO - Geocoded: Jägerstr. 20, Berlin -> (52.427033, 13.332206) confidence: 8.875486381318407e-05
2025-08-15 16:44:33,385 - INFO - Updated Berliner Finanzierungs- und Handelsgesellschaft mbH: (52.427033, 13.332206)
2025-08-15 16:44:33,385 - INFO - Processing address 804/2495: Gontardstr. 2, Berlin
2025-08-15 16:44:34,986 - INFO - Geocoded: Gontardstr. 2, Berlin -> (52.5220037, 13.4098815) confidence: 0.05342208819714653
2025-08-15 16:44:34,986 - INFO - Updated Berliner Fleisch-Centrale Neumann & Jacobsohn: (52.5220037, 13.4098815)
2025-08-15 16:44:34,986 - INFO - Processing address 805/2495: Berliner Furniermesserei GmbH Berliner Furniermesserei Goossens, Wennholtz & Co KG (26.02.1937) Berliner Furniermesserei GmbH construction materials and fuel
2025-08-15 16:44:40,369 - WARNING - Failed to geocode: Berliner Furniermesserei GmbH Berliner Furniermesserei Goossens, Wennholtz & Co KG (26.02.1937) Berliner Furniermesserei GmbH construction materials and fuel
2025-08-15 16:44:40,370 - ERROR - Failed to geocode address: Berliner Furniermesserei GmbH Berliner Furniermesserei Goossens, Wennholtz & Co KG (26.02.1937) Berliner Furniermesserei GmbH construction materials and fuel
2025-08-15 16:44:40,370 - INFO - Processing address 806/2495: 124, Berlin
2025-08-15 16:44:40,370 - WARNING - Incomplete address detected: 124, Berlin
2025-08-15 16:44:40,370 - ERROR - Failed to geocode address: 124, Berlin
2025-08-15 16:44:40,370 - INFO - Processing address 807/2495: Kronenstr. 42/43, Berlin
2025-08-15 16:44:42,654 - INFO - Geocoded: Kronenstr. 42/43, Berlin -> (52.511386, 13.3927068) confidence: 0.05342208819714653
2025-08-15 16:44:42,655 - INFO - Updated Berliner & Jubelski: (52.511386, 13.3927068)
2025-08-15 16:44:42,660 - INFO - Processing address 808/2495: 57/58, Berlin
2025-08-15 16:44:45,434 - INFO - Geocoded: 57/58, Berlin -> (52.510885, 13.3989367) confidence: 0.840425236063765
2025-08-15 16:44:45,434 - INFO - Updated Berliner Bank-Institut Joseph Goldschmidt & Co: (52.510885, 13.3989367)
2025-08-15 16:44:45,434 - INFO - Processing address 809/2495: Wilhelminenstr. 33, Berlin
2025-08-15 16:44:51,367 - WARNING - Failed to geocode: Wilhelminenstr. 33, Berlin
2025-08-15 16:44:51,367 - ERROR - Failed to geocode address: Wilhelminenstr. 33, Berlin
2025-08-15 16:44:51,367 - INFO - Processing address 810/2495: Heiligegeiststr. 49, Berlin
2025-08-15 16:44:57,519 - WARNING - Failed to geocode: Heiligegeiststr. 49, Berlin
2025-08-15 16:44:57,520 - ERROR - Failed to geocode address: Heiligegeiststr. 49, Berlin
2025-08-15 16:44:57,520 - INFO - Processing address 811/2495: Juliusstr. 10, Berlin
2025-08-15 16:44:58,964 - INFO - Geocoded: Juliusstr. 10, Berlin -> (52.4639789, 13.4406483) confidence: 8.875486381318407e-05
2025-08-15 16:44:58,964 - INFO - Updated Berliner Ceresin-Fabrik Graab & Kranich GmbH: (52.4639789, 13.4406483)
2025-08-15 16:44:58,964 - INFO - Processing address 812/2495: Elisabethstr. 28/29, Berlin
2025-08-15 16:45:01,205 - INFO - Geocoded: Elisabethstr. 28/29, Berlin -> (52.5342947, 13.5653307) confidence: 0.05342208819714653
2025-08-15 16:45:01,205 - INFO - Updated Berliner Corset-Fabrik W. & G. Neumann: (52.53389773168926, 13.565447648687286)
2025-08-15 16:45:01,205 - INFO - Updated Emanuel Cohn-Reisner: (52.53393092261033, 13.56490173629731)
2025-08-15 16:45:01,205 - INFO - Updated Friedlaender & Grunwald: (52.53401199066976, 13.565393281666838)
2025-08-15 16:45:01,205 - INFO - Updated Fromms Act Julius Fromm Gummiwerke: (52.534215034664875, 13.565514145410782)
2025-08-15 16:45:01,205 - INFO - Processing address 813/2495: Markgrafenstr. 33, Berlin
2025-08-15 16:45:02,707 - INFO - Geocoded: Markgrafenstr. 33, Berlin -> (52.6334122, 13.2997675) confidence: 8.875486381318407e-05
2025-08-15 16:45:02,707 - INFO - Updated Berliner Gummimäntel-Fabrik GmbH: (52.63358599230539, 13.299785181734746)
2025-08-15 16:45:02,707 - INFO - Updated Erich Wolfsohn KG: (52.633222729433975, 13.300079751842341)
2025-08-15 16:45:02,707 - INFO - Updated Feinberg & Meyer: (52.63361641589248, 13.299519023353206)
2025-08-15 16:45:02,708 - INFO - Updated Frank, Sperling & Co: (52.63350761508117, 13.299710296812233)
2025-08-15 16:45:02,708 - INFO - Processing address 814/2495: Behrenstr. 32/33, Berlin
2025-08-15 16:45:04,397 - INFO - Geocoded: Behrenstr. 32/33, Berlin -> (52.5148529, 13.380006) confidence: 0.3330873891249597
2025-08-15 16:45:04,397 - INFO - Updated Berliner Handels-Gesellschaft: (52.5148529, 13.380006)
2025-08-15 16:45:04,397 - INFO - Processing address 815/2495: 16/17, Berlin
2025-08-15 16:45:08,508 - INFO - Geocoded: 16/17, Berlin -> (52.510885, 13.3989367) confidence: 0.840425236063765
2025-08-15 16:45:08,508 - INFO - Updated Berliner Hermannmühle Berthold Rotholz: (52.51048244021787, 13.398578373442525)
2025-08-15 16:45:08,508 - INFO - Updated Bernhard Tannenbaum: (52.51124459926017, 13.398462891666902)
2025-08-15 16:45:08,508 - INFO - Processing address 816/2495: Grünstr. 26, Berlin
2025-08-15 16:45:10,163 - INFO - Geocoded: Grünstr. 26, Berlin -> (52.5105226, 13.4057059) confidence: 8.875486381318407e-05
2025-08-15 16:45:10,163 - INFO - Updated Berliner Holz- und Metallwarenfabrikation GmbH: (52.5105226, 13.4057059)
2025-08-15 16:45:10,163 - INFO - Processing address 817/2495: Melchiorstr. 37, Berlin
2025-08-15 16:45:11,628 - INFO - Geocoded: Melchiorstr. 37, Berlin -> (52.5065947, 13.4237692) confidence: 8.875486381318407e-05
2025-08-15 16:45:11,628 - INFO - Updated Berliner Holzbearbeitungs- und Lagereigesellschaft mbH: (52.5065947, 13.4237692)
2025-08-15 16:45:11,628 - INFO - Processing address 818/2495: Heiligegeiststr. 43/44, Berlin
2025-08-15 16:45:18,351 - WARNING - Failed to geocode: Heiligegeiststr. 43/44, Berlin
2025-08-15 16:45:18,352 - ERROR - Failed to geocode address: Heiligegeiststr. 43/44, Berlin
2025-08-15 16:45:18,352 - INFO - Processing address 819/2495: Kanonierstr. 10, Berlin
2025-08-15 16:45:19,790 - INFO - Geocoded: Kanonierstr. 10, Berlin -> (52.5120755, 13.3867911) confidence: 8.875486381318407e-05
2025-08-15 16:45:19,790 - INFO - Updated Berliner Juwelen Verkaufsstelle Sally Loewenstein: (52.51212222747858, 13.386639180563398)
2025-08-15 16:45:19,790 - INFO - Updated Berliner Lombard-Anstalt AG: (52.51191688542389, 13.38692830806337)
2025-08-15 16:45:19,790 - INFO - Processing address 820/2495: Münzstr. 4, Berlin
2025-08-15 16:45:21,290 - INFO - Geocoded: Münzstr. 4, Berlin -> (52.5240224, 13.4093759) confidence: 0.05342208819714653
2025-08-15 16:45:21,290 - INFO - Updated Berliner Plan- u. Decken-Fabrik Siegfried Lewin: (52.52377131417831, 13.40929804825002)
2025-08-15 16:45:21,290 - INFO - Updated Ferd. Schach & Co: (52.52402294756378, 13.409040498472283)
2025-08-15 16:45:21,290 - INFO - Processing address 821/2495: Münzstr. 15, Berlin
2025-08-15 16:45:22,731 - INFO - Geocoded: Münzstr. 15, Berlin -> (52.5247079, 13.4073279) confidence: 8.875486381318407e-05
2025-08-15 16:45:22,731 - INFO - Updated Berliner Plan- und Decken Vertrieb Lewin & Co: (52.5247079, 13.4073279)
2025-08-15 16:45:22,731 - INFO - Processing address 822/2495: Nonnendamm 4, Berlin
2025-08-15 16:45:24,277 - INFO - Geocoded: Nonnendamm 4, Berlin -> (52.5306355, 13.2881555) confidence: 0.25099128377945606
2025-08-15 16:45:24,277 - INFO - Updated Berliner Präzisions-Werkzeug- und Maschinenfabrik Fleck & Co: (52.5306355, 13.2881555)
2025-08-15 16:45:24,277 - INFO - Processing address 823/2495: Berliner Rollgesellschaft mbH Berliner Rollgesellschaft mbH (13.05.1932) transportation
2025-08-15 16:45:29,549 - WARNING - Failed to geocode: Berliner Rollgesellschaft mbH Berliner Rollgesellschaft mbH (13.05.1932) transportation
2025-08-15 16:45:29,550 - ERROR - Failed to geocode address: Berliner Rollgesellschaft mbH Berliner Rollgesellschaft mbH (13.05.1932) transportation
2025-08-15 16:45:29,550 - INFO - Processing address 824/2495: Friedrichstr. 38/39, Berlin
2025-08-15 16:45:31,776 - INFO - Geocoded: Friedrichstr. 38/39, Berlin -> (52.5015293, 13.3913508) confidence: 0.4683814607413573
2025-08-15 16:45:31,777 - INFO - Updated Berliner Schirm-Fabrik Eugen Lichtenstein: (52.5015293, 13.3913508)
2025-08-15 16:45:31,777 - INFO - Processing address 825/2495: Krausenstr. 1, Berlin
2025-08-15 16:45:33,293 - INFO - Geocoded: Krausenstr. 1, Berlin -> (52.509393, 13.3899057) confidence: 8.875486381318407e-05
2025-08-15 16:45:33,293 - INFO - Updated Berliner Schlüsselverwahrungs-GmbH: (52.509393, 13.3899057)
2025-08-15 16:45:33,297 - INFO - Processing address 826/2495: Badstr. 60, Berlin
2025-08-15 16:45:34,998 - INFO - Geocoded: Badstr. 60, Berlin -> (52.5509146, 13.3831084) confidence: 8.875486381318407e-05
2025-08-15 16:45:34,998 - INFO - Updated Berliner Schneiderei Artikel Simon Lilienfeld: (52.5509146, 13.3831084)
2025-08-15 16:45:34,998 - INFO - Processing address 827/2495: Schillerstr. 106, Berlin
2025-08-15 16:45:37,099 - INFO - Geocoded: Schillerstr. 106, Berlin -> (52.4046965, 13.3995517) confidence: 8.875486381318407e-05
2025-08-15 16:45:37,099 - INFO - Updated Berliner Makronenfabrik Abraham Marcus: (52.40447011006196, 13.399013186487489)
2025-08-15 16:45:37,099 - INFO - Updated Berliner Markisen- und Zelte-Fabrik Kajet & Haack: (52.40497923411343, 13.399750688240163)
2025-08-15 16:45:37,099 - INFO - Processing address 828/2495: Andreasstr. 32, Berlin
2025-08-15 16:45:38,646 - INFO - Geocoded: Andreasstr. 32, Berlin -> (52.5161702, 13.4329337) confidence: 8.875486381318407e-05
2025-08-15 16:45:38,646 - INFO - Updated Berliner Mazzoth Fabrik Brüder Herzog: (52.51647285894978, 13.432564138732209)
2025-08-15 16:45:38,646 - INFO - Updated Dampfbrotfabrik Wilhelma Michael Herzog: (52.51619685830777, 13.4327885524907)
2025-08-15 16:45:38,646 - INFO - Updated Eugen Oppenheimer: (52.516513652009245, 13.432583200621261)
2025-08-15 16:45:38,646 - INFO - Processing address 829/2495: 115, Berlin
2025-08-15 16:45:38,646 - WARNING - Incomplete address detected: 115, Berlin
2025-08-15 16:45:38,646 - ERROR - Failed to geocode address: 115, Berlin
2025-08-15 16:45:38,646 - INFO - Processing address 830/2495: Möckernstr. 111, Berlin
2025-08-15 16:45:40,191 - INFO - Geocoded: Möckernstr. 111, Berlin -> (52.4962535, 13.3804042) confidence: 8.875486381318407e-05
2025-08-15 16:45:40,213 - INFO - Updated Berliner Metallwaren- und Blankschraubenfabrik GmbH: (52.4962535, 13.3804042)
2025-08-15 16:45:40,214 - INFO - Processing address 831/2495: Kiefholzstr. 53, Berlin
2025-08-15 16:45:42,879 - INFO - Geocoded: Kiefholzstr. 53, Berlin -> (52.4925821, 13.4484637) confidence: 0.05342208819714653
2025-08-15 16:45:42,879 - INFO - Updated Berliner Nutzholz Handlung Erich Graetz: (52.4925821, 13.4484637)
2025-08-15 16:45:42,879 - INFO - Processing address 832/2495: Wallstr. 37/38, Berlin
2025-08-15 16:45:44,965 - INFO - Geocoded: Wallstr. 37/38, Berlin -> (52.5114345, 13.5866158) confidence: 0.05342208819714653
2025-08-15 16:45:44,965 - INFO - Updated Berliner Papier-Versand Richard Löbl & Co: (52.5114345, 13.5866158)
2025-08-15 16:45:44,965 - INFO - Processing address 833/2495: Ritterstr. 71, Berlin
2025-08-15 16:45:46,729 - INFO - Geocoded: Ritterstr. 71, Berlin -> (52.5049928, 13.3982162) confidence: 0.05342208819714653
2025-08-15 16:45:46,729 - INFO - Updated Berliner Papierwaren Vertrieb Alfred Baer & Co: (52.505320365836226, 13.398450272766574)
2025-08-15 16:45:46,729 - INFO - Updated Druckwerkstätte Eri GmbH: (52.50487964524604, 13.39855510870365)
2025-08-15 16:45:46,729 - INFO - Updated Gebrüder Schnitzer: (52.50460791386263, 13.398566988233972)
2025-08-15 16:45:46,729 - INFO - Processing address 834/2495: Mühlenstr. 10, Berlin
2025-08-15 16:45:48,831 - INFO - Geocoded: Mühlenstr. 10, Berlin -> (52.5879141, 13.466369) confidence: 8.875486381318407e-05
2025-08-15 16:45:48,831 - INFO - Updated Berliner Photo-Großhandlung Block & Co: (52.5879141, 13.466369)
2025-08-15 16:45:48,831 - INFO - Processing address 835/2495: Nonnendammallee 82, Berlin
2025-08-15 16:45:50,447 - INFO - Geocoded: Nonnendammallee 82, Berlin -> (52.5364766, 13.2668989) confidence: 8.875486381318407e-05
2025-08-15 16:45:50,447 - INFO - Updated Berliner Kaufhaus Adolf Stein: (52.5364766, 13.2668989)
2025-08-15 16:45:50,447 - INFO - Processing address 836/2495: Friedrichstr. 36, Berlin
2025-08-15 16:45:52,034 - INFO - Geocoded: Friedrichstr. 36, Berlin -> (52.5073828, 13.5151287) confidence: 8.875486381318407e-05
2025-08-15 16:45:52,034 - INFO - Updated Berliner Knopfmanufaktur Tietz & Co GmbH: (52.507827071949606, 13.515090625868565)
2025-08-15 16:45:52,034 - INFO - Updated H. M. Dobrin & Sohn: (52.50709620669913, 13.514913226418152)
2025-08-15 16:45:52,034 - INFO - Processing address 837/2495: Schönhauserstr. 20, Berlin
2025-08-15 16:45:53,690 - INFO - Geocoded: Schönhauserstr. 20, Berlin -> (52.4615088, 13.3355355) confidence: 8.875486381318407e-05
2025-08-15 16:45:53,690 - INFO - Updated Berliner Leder- und Sportbekleidungs-Fabrikation Adolf Margulis: (52.4615088, 13.3355355)
2025-08-15 16:45:53,690 - INFO - Processing address 838/2495: Kleistraße 10, Berlin
2025-08-15 16:45:59,657 - WARNING - Failed to geocode: Kleistraße 10, Berlin
2025-08-15 16:45:59,657 - ERROR - Failed to geocode address: Kleistraße 10, Berlin
2025-08-15 16:45:59,657 - INFO - Processing address 839/2495: Kanonierstraße 11, Berlin
2025-08-15 16:46:01,042 - INFO - Geocoded: Kanonierstraße 11, Berlin -> (52.5121825, 13.3863904) confidence: 8.875486381318407e-05
2025-08-15 16:46:01,042 - INFO - Updated Berliner Lombard Anstalt GmbH: (52.5121825, 13.3863904)
2025-08-15 16:46:01,042 - INFO - Processing address 840/2495: Brandenburgstr. 69, Berlin
2025-08-15 16:46:06,982 - WARNING - Failed to geocode: Brandenburgstr. 69, Berlin
2025-08-15 16:46:06,983 - ERROR - Failed to geocode address: Brandenburgstr. 69, Berlin
2025-08-15 16:46:06,983 - INFO - Processing address 841/2495: Grünstr.  23, Berlin
2025-08-15 16:46:08,558 - INFO - Geocoded: Grünstr.  23, Berlin -> (52.4449518, 13.5749087) confidence: 8.875486381318407e-05
2025-08-15 16:46:08,558 - INFO - Updated Berliner Schuhvertrieb: (52.4449518, 13.5749087)
2025-08-15 16:46:08,558 - INFO - Processing address 842/2495: 85, Berlin
2025-08-15 16:46:08,558 - WARNING - Incomplete address detected: 85, Berlin
2025-08-15 16:46:08,558 - ERROR - Failed to geocode address: 85, Berlin
2025-08-15 16:46:08,558 - INFO - Processing address 843/2495: Berliner Allee 134, Berlin
2025-08-15 16:46:10,466 - INFO - Geocoded: Berliner Allee 134, Berlin -> (52.550826, 13.4632476) confidence: 8.875486381318407e-05
2025-08-15 16:46:10,466 - INFO - Updated Berliner Seifen- und Sodawerke AG: (52.55098539367023, 13.463767618516666)
2025-08-15 16:46:10,466 - INFO - Updated Doering & Co AG: (52.551130608625655, 13.463348527815192)
2025-08-15 16:46:10,466 - INFO - Processing address 844/2495: Oranienstr. 183, Berlin
2025-08-15 16:46:12,165 - INFO - Geocoded: Oranienstr. 183, Berlin -> (52.5001125, 13.4201072) confidence: 8.875486381318407e-05
2025-08-15 16:46:12,165 - INFO - Updated Berliner Silberwarenfabrik Adolf Kander: (52.5001125, 13.4201072)
2025-08-15 16:46:12,165 - INFO - Processing address 845/2495: 46/49, Berlin
2025-08-15 16:46:14,639 - INFO - Geocoded: 46/49, Berlin -> (52.510885, 13.3989367) confidence: 0.840425236063765
2025-08-15 16:46:14,639 - INFO - Updated Berliner Tageblatt Rudolf Mosse: (52.510601454772655, 13.398300648430784)
2025-08-15 16:46:14,639 - INFO - Updated Cellaro Luxuskarten-Fabrik GmbH: (52.51048710422337, 13.399178498571665)
2025-08-15 16:46:14,639 - INFO - Updated Crescendo Theaterverlag GmbH: (52.51082861606945, 13.399390485399211)
2025-08-15 16:46:14,639 - INFO - Processing address 846/2495: Ritterstr. 72, Berlin
2025-08-15 16:46:16,368 - INFO - Geocoded: Ritterstr. 72, Berlin -> (52.5049928, 13.3982162) confidence: 0.05342208819714653
2025-08-15 16:46:16,368 - INFO - Updated Berliner Tapisserie-Fabrik Sprinz, Happ & Co: (52.505247482522186, 13.398349516375255)
2025-08-15 16:46:16,368 - INFO - Updated Fritz Reisner: (52.5046421413556, 13.398676880283286)
2025-08-15 16:46:16,368 - INFO - Processing address 847/2495: 18/20, Berlin
2025-08-15 16:46:19,856 - INFO - Geocoded: 18/20, Berlin -> (52.510885, 13.3989367) confidence: 0.840425236063765
2025-08-15 16:46:19,856 - INFO - Updated Berliner Velvetfabrik M. Mengers & Söhne AG: (52.510885, 13.3989367)
2025-08-15 16:46:19,856 - INFO - Processing address 848/2495: 81/83, Berlin
2025-08-15 16:46:22,094 - INFO - Geocoded: 81/83, Berlin -> (52.510885, 13.3989367) confidence: 0.840425236063765
2025-08-15 16:46:22,094 - INFO - Updated Berliner Walkextrakt- und Fettfabrik GmbH: (52.510885, 13.3989367)
2025-08-15 16:46:22,094 - INFO - Processing address 849/2495: Reichspietschufer 76, Berlin
2025-08-15 16:46:27,378 - WARNING - Failed to geocode: Reichspietschufer 76, Berlin
2025-08-15 16:46:27,378 - ERROR - Failed to geocode address: Reichspietschufer 76, Berlin
2025-08-15 16:46:27,378 - INFO - Processing address 850/2495: Klosterstr. 13/15, Berlin
2025-08-15 16:46:29,424 - INFO - Geocoded: Klosterstr. 13/15, Berlin -> (52.5186603, 13.4113815) confidence: 0.33382026067444703
2025-08-15 16:46:29,425 - INFO - Updated Berlt & Silberstein: (52.5186603, 13.4113815)
2025-08-15 16:46:29,425 - INFO - Processing address 851/2495: Tauentzienstr. 5, Berlin
2025-08-15 16:46:30,858 - INFO - Geocoded: Tauentzienstr. 5, Berlin -> (52.5029394, 13.34093) confidence: 8.875486381318407e-05
2025-08-15 16:46:30,858 - INFO - Updated Bernath Sportmoden Egon Bernath: (52.5029394, 13.34093)
2025-08-15 16:46:30,858 - INFO - Processing address 852/2495: Kronenstr. 17, Berlin
2025-08-15 16:46:32,416 - INFO - Geocoded: Kronenstr. 17, Berlin -> (52.511386, 13.3927068) confidence: 0.05342208819714653
2025-08-15 16:46:32,416 - INFO - Updated Bernet & Fraenkel: (52.51183027488493, 13.392837204966481)
2025-08-15 16:46:32,416 - INFO - Updated Bleichrode Heyl & Co: (52.510936131813764, 13.392464365617412)
2025-08-15 16:46:32,416 - INFO - Processing address 853/2495: Hausvogteiplatz 2, Berlin
2025-08-15 16:46:33,857 - INFO - Geocoded: Hausvogteiplatz 2, Berlin -> (52.5133258, 13.3964827) confidence: 8.875486381318407e-05
2025-08-15 16:46:33,857 - INFO - Updated Bernhard Ahrndsen GmbH: (52.513097092181354, 13.395905701003931)
2025-08-15 16:46:33,858 - INFO - Updated Bernstein & Schoenberger GmbH: (52.51299123754868, 13.395954902280403)
2025-08-15 16:46:33,858 - INFO - Updated Gebr. Ullendorf: (52.51316942995687, 13.39612953589979)
2025-08-15 16:46:33,858 - INFO - Processing address 854/2495: Friedrichstr. 62, Berlin
2025-08-15 16:46:35,385 - INFO - Geocoded: Friedrichstr. 62, Berlin -> (52.4550201, 13.6254848) confidence: 8.875486381318407e-05
2025-08-15 16:46:35,385 - INFO - Updated Bernhard Altmann: (52.45499508134894, 13.625284155805257)
2025-08-15 16:46:35,385 - INFO - Updated Emil Marx: (52.45483617652904, 13.625408184866137)
2025-08-15 16:46:35,385 - INFO - Processing address 855/2495: Ritterstr. 76, Berlin
2025-08-15 16:46:37,138 - INFO - Geocoded: Ritterstr. 76, Berlin -> (52.5049928, 13.3982162) confidence: 0.05342208819714653
2025-08-15 16:46:37,138 - INFO - Updated Bernhard B. Simon: (52.505211266321304, 13.397689468520275)
2025-08-15 16:46:37,138 - INFO - Updated Ernst Neufeld: (52.5048861059405, 13.398560198584226)
2025-08-15 16:46:37,138 - INFO - Processing address 856/2495: 59, Berlin
2025-08-15 16:46:37,138 - WARNING - Incomplete address detected: 59, Berlin
2025-08-15 16:46:37,138 - ERROR - Failed to geocode address: 59, Berlin
2025-08-15 16:46:37,138 - INFO - Processing address 857/2495: Olivaer Platz 2, Berlin
2025-08-15 16:46:38,622 - INFO - Geocoded: Olivaer Platz 2, Berlin -> (52.4990774, 13.3131662) confidence: 8.875486381318407e-05
2025-08-15 16:46:38,622 - INFO - Updated Berliner West-Drogerie Parfümerie am Zoo Apotheker Heinrich Growald: (52.4990774, 13.3131662)
2025-08-15 16:46:38,622 - INFO - Processing address 858/2495: Hackescher Markt 2/3, Berlin
2025-08-15 16:46:40,157 - INFO - Geocoded: Hackescher Markt 2/3, Berlin -> (52.5237544, 13.401949) confidence: 8.875486381318407e-05
2025-08-15 16:46:40,157 - INFO - Updated Berliner Wäschefabrik Liepmann & Rieß: (52.5237544, 13.401949)
2025-08-15 16:46:40,157 - INFO - Processing address 859/2495: Markusstr. 37, Berlin
2025-08-15 16:46:41,710 - INFO - Geocoded: Markusstr. 37, Berlin -> (52.5142614, 13.4274428) confidence: 0.05342208819714653
2025-08-15 16:46:41,710 - INFO - Updated Berliner Zinkschmelzerei Josef Ury: (52.5142614, 13.4274428)
2025-08-15 16:46:41,710 - INFO - Processing address 860/2495: Michaelkirchstr. 25, Berlin
2025-08-15 16:46:43,238 - INFO - Geocoded: Michaelkirchstr. 25, Berlin -> (52.5111794, 13.4221728) confidence: 0.05342208819714653
2025-08-15 16:46:43,238 - INFO - Updated Berliner Zuckerwaren & Confitüren-Fabrik Sigmund Meyersohn: (52.5111794, 13.4221728)
2025-08-15 16:46:43,238 - INFO - Processing address 861/2495: Graetzstr. 42/43, Berlin
2025-08-15 16:46:50,732 - WARNING - Failed to geocode: Graetzstr. 42/43, Berlin
2025-08-15 16:46:50,733 - ERROR - Failed to geocode address: Graetzstr. 42/43, Berlin
2025-08-15 16:46:50,733 - INFO - Processing address 862/2495: Charlottenstr. 60, Berlin
2025-08-15 16:46:52,239 - INFO - Geocoded: Charlottenstr. 60, Berlin -> (52.5323516, 13.5644991) confidence: 8.875486381318407e-05
2025-08-15 16:46:52,239 - INFO - Updated Berlinische Boden-Gesellschaft: (52.53193582444063, 13.564555023221732)
2025-08-15 16:46:52,240 - INFO - Updated Berlinische Bodencredit-AG: (52.532708203399615, 13.564053793375754)
2025-08-15 16:46:52,240 - INFO - Updated Hagen & Co KG: (52.53192118271933, 13.564466719067118)
2025-08-15 16:46:52,240 - INFO - Processing address 863/2495: Turmstr. 38, Berlin
2025-08-15 16:46:53,802 - INFO - Geocoded: Turmstr. 38, Berlin -> (52.5268142, 13.3365504) confidence: 8.875486381318407e-05
2025-08-15 16:46:53,802 - INFO - Updated Bernhard Fliegel: (52.5268142, 13.3365504)
2025-08-15 16:46:53,802 - INFO - Processing address 864/2495: 136, Berlin
2025-08-15 16:46:53,802 - WARNING - Incomplete address detected: 136, Berlin
2025-08-15 16:46:53,802 - ERROR - Failed to geocode address: 136, Berlin
2025-08-15 16:46:53,802 - INFO - Processing address 865/2495: Pestalozzistr. 9, Berlin
2025-08-15 16:46:55,408 - INFO - Geocoded: Pestalozzistr. 9, Berlin -> (52.5077965, 13.317364) confidence: 8.875486381318407e-05
2025-08-15 16:46:55,408 - INFO - Updated Bernhard Friedler Tabakwarengroßhandlung: (52.5077965, 13.317364)
2025-08-15 16:46:55,408 - INFO - Processing address 866/2495: Sebastianstr. 16, Berlin
2025-08-15 16:46:56,927 - INFO - Geocoded: Sebastianstr. 16, Berlin -> (52.5059697, 13.4111634) confidence: 8.875486381318407e-05
2025-08-15 16:46:56,927 - INFO - Updated Bernhard Förster: (52.5059697, 13.4111634)
2025-08-15 16:46:56,927 - INFO - Processing address 867/2495: Poststr. 12, Berlin
2025-08-15 16:46:58,880 - INFO - Geocoded: Poststr. 12, Berlin -> (52.5162978, 13.4068153) confidence: 8.875486381318407e-05
2025-08-15 16:46:58,880 - INFO - Updated Bernhard Grzymisch: (52.51631086280549, 13.407024974601176)
2025-08-15 16:46:58,880 - INFO - Updated Hans Alexander: (52.51655393874307, 13.407075042888968)
2025-08-15 16:46:58,880 - INFO - Processing address 868/2495: Hoher Steinweg 9/10, Berlin
2025-08-15 16:47:01,273 - INFO - Geocoded: Hoher Steinweg 9/10, Berlin -> (52.5398747, 13.2062069) confidence: 0.05342208819714653
2025-08-15 16:47:01,274 - INFO - Updated Bernhard Hirsch Herrenkleiderfabrik: (52.5398747, 13.2062069)
2025-08-15 16:47:01,274 - INFO - Processing address 869/2495: Chausseestr. 49, Berlin
2025-08-15 16:47:02,924 - INFO - Geocoded: Chausseestr. 49, Berlin -> (52.4126569, 13.14366) confidence: 8.875486381318407e-05
2025-08-15 16:47:02,924 - INFO - Updated Bernhard Hirschowitz: (52.4126569, 13.14366)
2025-08-15 16:47:02,924 - INFO - Processing address 870/2495: Kantstr. 162, Berlin
2025-08-15 16:47:04,545 - INFO - Geocoded: Kantstr. 162, Berlin -> (52.5050831, 13.3323631) confidence: 8.875486381318407e-05
2025-08-15 16:47:04,545 - INFO - Updated Bernhard Jacobsohn: (52.504705908645015, 13.33175626636932)
2025-08-15 16:47:04,545 - INFO - Updated Dakma Dampfkessel und Kraftmaschinen GmbH: (52.504661557234925, 13.33181756081533)
2025-08-15 16:47:04,546 - INFO - Processing address 871/2495: Pflügerstr. 8, Berlin
2025-08-15 16:47:06,041 - INFO - Geocoded: Pflügerstr. 8, Berlin -> (52.4913089, 13.4268164) confidence: 8.875486381318407e-05
2025-08-15 16:47:06,042 - INFO - Updated Bernhard Krieger: (52.4913089, 13.4268164)
2025-08-15 16:47:06,042 - INFO - Processing address 872/2495: Rosenstr. 14, Berlin
2025-08-15 16:47:07,956 - INFO - Geocoded: Rosenstr. 14, Berlin -> (52.4457374, 13.5771972) confidence: 0.05342208819714653
2025-08-15 16:47:07,957 - INFO - Updated Bernhard Lazarus Söhne: (52.44547027590251, 13.577214643451832)
2025-08-15 16:47:07,957 - INFO - Updated Emil Gallewski: (52.44549769898276, 13.577333022513221)
2025-08-15 16:47:07,957 - INFO - Updated Gebrüder Schmuckler: (52.44612975814894, 13.576761990870462)
2025-08-15 16:47:07,958 - INFO - Processing address 873/2495: Mendelssohnstr. 1, Berlin
2025-08-15 16:47:09,441 - INFO - Geocoded: Mendelssohnstr. 1, Berlin -> (52.526676, 13.4182925) confidence: 8.875486381318407e-05
2025-08-15 16:47:09,441 - INFO - Updated Bernhard Lewy: (52.526676, 13.4182925)
2025-08-15 16:47:09,442 - INFO - Processing address 874/2495: Platz 17, Berlin
2025-08-15 16:47:11,520 - INFO - Geocoded: Platz 17, Berlin -> (52.4779691, 13.3331448) confidence: 8.875486381318407e-05
2025-08-15 16:47:11,520 - INFO - Updated Bernhard Lewy Schneider Artikel: (52.4779691, 13.3331448)
2025-08-15 16:47:11,520 - INFO - Processing address 875/2495: Wassertorstr. 21, Berlin
2025-08-15 16:47:14,601 - INFO - Geocoded: Wassertorstr. 21, Berlin -> (52.5010949, 13.4070844) confidence: 8.875486381318407e-05
2025-08-15 16:47:14,601 - INFO - Updated Bernhard Brauer: (52.5010949, 13.4070844)
2025-08-15 16:47:14,601 - INFO - Processing address 876/2495: Dircksenstr. 45, Berlin
2025-08-15 16:47:16,043 - INFO - Geocoded: Dircksenstr. 45, Berlin -> (52.5235713, 13.4053774) confidence: 8.875486381318407e-05
2025-08-15 16:47:16,043 - INFO - Updated Bernhard Cohn & Comp: (52.5235713, 13.4053774)
2025-08-15 16:47:16,043 - INFO - Processing address 877/2495: Replowplatz 8, Berlin
2025-08-15 16:47:22,758 - WARNING - Failed to geocode: Replowplatz 8, Berlin
2025-08-15 16:47:22,809 - ERROR - Failed to geocode address: Replowplatz 8, Berlin
2025-08-15 16:47:22,809 - INFO - Processing address 878/2495: Ritterstr.  108, Berlin
2025-08-15 16:47:24,819 - INFO - Geocoded: Ritterstr.  108, Berlin -> (52.5014477, 13.4092932) confidence: 8.875486381318407e-05
2025-08-15 16:47:24,819 - INFO - Updated Bernhard Loewenberg: (52.5014477, 13.4092932)
2025-08-15 16:47:24,820 - INFO - Processing address 879/2495: Vorbergstr. 6, Berlin
2025-08-15 16:47:27,170 - INFO - Geocoded: Vorbergstr. 6, Berlin -> (52.4892051, 13.3561719) confidence: 8.875486381318407e-05
2025-08-15 16:47:27,378 - INFO - Updated Bernhard Loewenthal: (52.4892051, 13.3561719)
2025-08-15 16:47:27,379 - INFO - Processing address 880/2495: Oranienstr. 36, Berlin
2025-08-15 16:47:29,033 - INFO - Geocoded: Oranienstr. 36, Berlin -> (52.5017703, 13.4179467) confidence: 8.875486381318407e-05
2025-08-15 16:47:29,033 - INFO - Updated Bernhard Löwinsohn: (52.5017703, 13.4179467)
2025-08-15 16:47:29,033 - INFO - Processing address 881/2495: 47, Berlin
2025-08-15 16:47:29,033 - WARNING - Incomplete address detected: 47, Berlin
2025-08-15 16:47:29,034 - ERROR - Failed to geocode address: 47, Berlin
2025-08-15 16:47:29,034 - INFO - Processing address 882/2495: Kleiststr.  10, Berlin
2025-08-15 16:47:30,902 - INFO - Geocoded: Kleiststr.  10, Berlin -> (52.5190446, 13.704969) confidence: 5.175173571369524e-05
2025-08-15 16:47:30,916 - INFO - Updated Bernhard Rosenbaum, Oekonom des Logenhauses: (52.5190446, 13.704969)
2025-08-15 16:47:30,916 - INFO - Processing address 883/2495: 34/35, Berlin
2025-08-15 16:47:32,697 - INFO - Geocoded: 34/35, Berlin -> (52.5246949, 13.4030437) confidence: 8.875486381318407e-05
2025-08-15 16:47:32,697 - INFO - Updated Bernhard Rosenstein: (52.5246949, 13.4030437)
2025-08-15 16:47:32,697 - INFO - Processing address 884/2495: 61, Berlin
2025-08-15 16:47:32,697 - WARNING - Incomplete address detected: 61, Berlin
2025-08-15 16:47:32,697 - ERROR - Failed to geocode address: 61, Berlin
2025-08-15 16:47:32,697 - INFO - Processing address 885/2495: Schmidstr. 2, Berlin
2025-08-15 16:47:34,341 - INFO - Geocoded: Schmidstr. 2, Berlin -> (52.5088243, 13.4187777) confidence: 8.875486381318407e-05
2025-08-15 16:47:34,341 - INFO - Updated Bernhard Roth Großschlächterei: (52.5088243, 13.4187777)
2025-08-15 16:47:34,341 - INFO - Processing address 886/2495: Friedrichstr.  34, Berlin
2025-08-15 16:47:36,660 - INFO - Geocoded: Friedrichstr.  34, Berlin -> (52.5054231, 13.3908902) confidence: 8.875486381318407e-05
2025-08-15 16:47:36,662 - INFO - Updated Bernhard Roßbach: (52.5054231, 13.3908902)
2025-08-15 16:47:36,662 - INFO - Processing address 887/2495: 103, Berlin
2025-08-15 16:47:36,662 - WARNING - Incomplete address detected: 103, Berlin
2025-08-15 16:47:36,662 - ERROR - Failed to geocode address: 103, Berlin
2025-08-15 16:47:36,663 - INFO - Processing address 888/2495: Bergstr.  93, Berlin
2025-08-15 16:47:39,094 - INFO - Geocoded: Bergstr.  93, Berlin -> (52.4585685, 13.3274238) confidence: 8.875486381318407e-05
2025-08-15 16:47:39,094 - INFO - Updated Bernhard Ungar: (52.4585685, 13.3274238)
2025-08-15 16:47:39,095 - INFO - Processing address 889/2495: Nettelbeckstr. 7/8, Berlin
2025-08-15 16:47:46,075 - WARNING - Failed to geocode: Nettelbeckstr. 7/8, Berlin
2025-08-15 16:47:46,077 - ERROR - Failed to geocode address: Nettelbeckstr. 7/8, Berlin
2025-08-15 16:47:46,077 - INFO - Processing address 890/2495: Bleibtreustr. 41, Berlin
2025-08-15 16:47:47,895 - INFO - Geocoded: Bleibtreustr. 41, Berlin -> (52.503194, 13.3198941) confidence: 8.875486381318407e-05
2025-08-15 16:47:47,949 - INFO - Updated Bernhard Wollenberg ZN Charlottenburg: (52.50283643311811, 13.319751889355718)
2025-08-15 16:47:47,949 - INFO - Updated Croner & Selinger: (52.50284977672721, 13.319478711016384)
2025-08-15 16:47:47,949 - INFO - Processing address 891/2495: Saarbrückerstr. 22/23, Berlin
2025-08-15 16:47:49,847 - INFO - Geocoded: Saarbrückerstr. 22/23, Berlin -> (52.5307473, 13.4133026) confidence: 0.05342208819714653
2025-08-15 16:47:49,848 - INFO - Updated Bernhard Wunderlich: (52.5307473, 13.4133026)
2025-08-15 16:47:49,848 - INFO - Processing address 892/2495: Landsberger Allee 108, Berlin
2025-08-15 16:47:52,212 - INFO - Geocoded: Landsberger Allee 108, Berlin -> (52.539046, 13.5360541) confidence: 0.3568593678648804
2025-08-15 16:47:52,213 - INFO - Updated Bernhard Wunderlich GmbH: (52.539046, 13.5360541)
2025-08-15 16:47:52,213 - INFO - Processing address 893/2495: Kolonnenstr. 12, Berlin
2025-08-15 16:47:53,794 - INFO - Geocoded: Kolonnenstr. 12, Berlin -> (52.4855974, 13.3622044) confidence: 8.875486381318407e-05
2025-08-15 16:47:53,795 - INFO - Updated Bernhard Wyan: (52.4855974, 13.3622044)
2025-08-15 16:47:53,795 - INFO - Processing address 894/2495: Margaretenstr. 7, Berlin
2025-08-15 16:47:55,491 - INFO - Geocoded: Margaretenstr. 7, Berlin -> (52.5075886, 13.498081) confidence: 8.875486381318407e-05
2025-08-15 16:47:55,492 - INFO - Updated Bernhardine Rosenberg: (52.5075886, 13.498081)
2025-08-15 16:47:55,492 - INFO - Processing address 895/2495: Georgenkirchstr.  5, Berlin
2025-08-15 16:47:57,139 - INFO - Geocoded: Georgenkirchstr.  5, Berlin -> (52.5270197, 13.4247532) confidence: 0.05342208819714653
2025-08-15 16:47:57,144 - INFO - Updated Bernhardt Lippmann: (52.52660076674714, 13.424674995956275)
2025-08-15 16:47:57,144 - INFO - Updated Glogauer: (52.5272977490388, 13.424449551231428)
2025-08-15 16:47:57,145 - INFO - Processing address 896/2495: Kurfürstendamm 37, Berlin
2025-08-15 16:47:58,907 - INFO - Geocoded: Kurfürstendamm 37, Berlin -> (52.5023651, 13.3227299) confidence: 8.875486381318407e-05
2025-08-15 16:47:58,941 - INFO - Updated Bernstein & Baer: (52.5023651, 13.3227299)
2025-08-15 16:47:58,941 - INFO - Processing address 897/2495: Friedrichstr 73, Berlin
2025-08-15 16:48:01,394 - INFO - Geocoded: Friedrichstr 73, Berlin -> (52.4564825, 13.625141) confidence: 8.875486381318407e-05
2025-08-15 16:48:01,395 - INFO - Updated Bernstein & Co: (52.4564825, 13.625141)
2025-08-15 16:48:01,395 - INFO - Processing address 898/2495: Auerbachstr. 17, Berlin
2025-08-15 16:48:03,077 - INFO - Geocoded: Auerbachstr. 17, Berlin -> (52.4864397, 13.2592094) confidence: 8.875486381318407e-05
2025-08-15 16:48:03,077 - INFO - Updated Bernstein & Comp. Specialgeschäft für Nähmaschinen und Fahrräder: (52.4864397, 13.2592094)
2025-08-15 16:48:03,077 - INFO - Processing address 899/2495: Tempelhofer Ufer 1, Berlin
2025-08-15 16:48:04,914 - INFO - Geocoded: Tempelhofer Ufer 1, Berlin -> (52.4972188, 13.390482) confidence: 8.875486381318407e-05
2025-08-15 16:48:04,914 - INFO - Updated Bernstein & Krause: (52.4972188, 13.390482)
2025-08-15 16:48:04,914 - INFO - Processing address 900/2495: Bernstein, Mylius Dortmunder Str. 3, II.,,  Berlin
2025-08-15 16:48:11,944 - WARNING - Failed to geocode: Bernstein, Mylius Dortmunder Str. 3, II.,,  Berlin
2025-08-15 16:48:11,945 - ERROR - Failed to geocode address: Bernstein, Mylius Dortmunder Str. 3, II.,,  Berlin
2025-08-15 16:48:11,945 - INFO - Progress: 900/2495 addresses processed
2025-08-15 16:48:12,033 - INFO - Processing address 901/2495: Leonorenstr. 16, Berlin
2025-08-15 16:48:13,593 - INFO - Geocoded: Leonorenstr. 16, Berlin -> (52.444274, 13.3390137) confidence: 0.05342208819714653
2025-08-15 16:48:13,594 - INFO - Updated Berolinum Privat-Pflegeheilanstalt: (52.444274, 13.3390137)
2025-08-15 16:48:13,594 - INFO - Processing address 902/2495: Wattstr. 11/12, Berlin
2025-08-15 16:48:15,851 - INFO - Geocoded: Wattstr. 11/12, Berlin -> (52.5412953, 13.389769) confidence: 0.05342208819714653
2025-08-15 16:48:15,983 - INFO - Updated Beroma, Meyer's Backmassen, Fabrik GmbH: (52.5412953, 13.389769)
2025-08-15 16:48:15,983 - INFO - Processing address 903/2495: Suarezstr. 19, Berlin
2025-08-15 16:48:17,530 - INFO - Geocoded: Suarezstr. 19, Berlin -> (52.5064428, 13.2944574) confidence: 8.875486381318407e-05
2025-08-15 16:48:17,533 - INFO - Updated Berqua Fabrikation von Puderquasten und einschlägiger Luxusartikel, GmbH: (52.5064428, 13.2944574)
2025-08-15 16:48:17,533 - INFO - Processing address 904/2495: Lessingstr. 13, Berlin
2025-08-15 16:48:20,510 - INFO - Geocoded: Lessingstr. 13, Berlin -> (52.4582714, 13.3355847) confidence: 8.875486381318407e-05
2025-08-15 16:48:20,565 - INFO - Updated Bersak, Paula: (52.45825079473084, 13.33595635474807)
2025-08-15 16:48:20,766 - INFO - Updated Deutscher Bahnhandel Alfred Bernstein: (52.45834380146983, 13.335693194210934)
2025-08-15 16:48:20,767 - INFO - Processing address 905/2495: Danckelmannstr. 16, Berlin
2025-08-15 16:48:22,322 - INFO - Geocoded: Danckelmannstr. 16, Berlin -> (52.5145111, 13.2907646) confidence: 8.875486381318407e-05
2025-08-15 16:48:22,322 - INFO - Updated Berta Bernstein: (52.5145111, 13.2907646)
2025-08-15 16:48:22,323 - INFO - Processing address 906/2495: Uhlandstr.  96, Berlin
2025-08-15 16:48:24,277 - INFO - Geocoded: Uhlandstr.  96, Berlin -> (52.5049526, 13.3256295) confidence: 0.23790322239318296
2025-08-15 16:48:24,278 - INFO - Updated Berta Wollsteiner: (52.5049526, 13.3256295)
2025-08-15 16:48:24,278 - INFO - Processing address 907/2495: Gerichtstr.  13, Berlin
2025-08-15 16:48:26,007 - INFO - Geocoded: Gerichtstr.  13, Berlin -> (52.5445334, 13.3767356) confidence: 8.875486381318407e-05
2025-08-15 16:48:26,007 - INFO - Updated Berth. Fließer: (52.5445334, 13.3767356)
2025-08-15 16:48:26,007 - INFO - Processing address 908/2495: Kastanienallee 31, Berlin
2025-08-15 16:48:27,654 - INFO - Geocoded: Kastanienallee 31, Berlin -> (52.5369327, 13.4077049) confidence: 8.875486381318407e-05
2025-08-15 16:48:27,654 - INFO - Updated Bertha Gessert: (52.5369327, 13.4077049)
2025-08-15 16:48:27,654 - INFO - Processing address 909/2495: Wartburgstr. 11, Berlin
2025-08-15 16:48:29,115 - INFO - Geocoded: Wartburgstr. 11, Berlin -> (52.487302, 13.3483398) confidence: 8.875486381318407e-05
2025-08-15 16:48:29,116 - INFO - Updated Bertha Herz: (52.487302, 13.3483398)
2025-08-15 16:48:29,116 - INFO - Processing address 910/2495: Rankestr. 1, Berlin
2025-08-15 16:48:30,716 - INFO - Geocoded: Rankestr. 1, Berlin -> (52.5040356, 13.3350053) confidence: 8.875486381318407e-05
2025-08-15 16:48:30,716 - INFO - Updated Berthold Apelbaum: (52.504068429090395, 13.334794518737244)
2025-08-15 16:48:30,716 - INFO - Updated Bötzow-Bräustübl GmbH: (52.50397492814932, 13.334795884271912)
2025-08-15 16:48:30,716 - INFO - Processing address 911/2495: Meineckestr. 25, Berlin
2025-08-15 16:48:36,688 - WARNING - Failed to geocode: Meineckestr. 25, Berlin
2025-08-15 16:48:36,689 - ERROR - Failed to geocode address: Meineckestr. 25, Berlin
2025-08-15 16:48:36,689 - INFO - Processing address 912/2495: Wallnertheaterstr. 23, Berlin
2025-08-15 16:48:42,009 - WARNING - Failed to geocode: Wallnertheaterstr. 23, Berlin
2025-08-15 16:48:42,009 - ERROR - Failed to geocode address: Wallnertheaterstr. 23, Berlin
2025-08-15 16:48:42,009 - INFO - Processing address 913/2495: Droysenstr. 17, Berlin
2025-08-15 16:48:43,473 - INFO - Geocoded: Droysenstr. 17, Berlin -> (52.5025822, 13.300875) confidence: 8.875486381318407e-05
2025-08-15 16:48:43,473 - INFO - Updated Berthold Cohn, GmbH: (52.5025822, 13.300875)
2025-08-15 16:48:43,473 - INFO - Processing address 914/2495: Kommandantenstr. 15, Berlin
2025-08-15 16:48:44,959 - INFO - Geocoded: Kommandantenstr. 15, Berlin -> (52.5083789, 13.4024699) confidence: 0.3612918601149863
2025-08-15 16:48:44,959 - INFO - Updated Berthold Hammel: (52.508797103601104, 13.402961567209777)
2025-08-15 16:48:44,959 - INFO - Updated Fahrradhaus Alka Alfred Kaphan: (52.50856773717362, 13.402933802798586)
2025-08-15 16:48:44,960 - INFO - Processing address 915/2495: 31, Berlin
2025-08-15 16:48:44,960 - WARNING - Incomplete address detected: 31, Berlin
2025-08-15 16:48:44,960 - ERROR - Failed to geocode address: 31, Berlin
2025-08-15 16:48:44,960 - INFO - Processing address 916/2495: Brüderstr. 4, Berlin
2025-08-15 16:48:46,645 - INFO - Geocoded: Brüderstr. 4, Berlin -> (52.5237477, 13.1937817) confidence: 8.875486381318407e-05
2025-08-15 16:48:46,645 - INFO - Updated Berthold Metz: (52.5237477, 13.1937817)
2025-08-15 16:48:46,645 - INFO - Processing address 917/2495: 60/61, Berlin
2025-08-15 16:48:49,908 - INFO - Geocoded: 60/61, Berlin -> (52.5560781, 13.2977204) confidence: 8.875486381318407e-05
2025-08-15 16:48:49,908 - INFO - Updated Berthold Metzger: (52.556474514192765, 13.297431036993508)
2025-08-15 16:48:49,908 - INFO - Updated Carl Cahn: (52.55641050423615, 13.297208837891702)
2025-08-15 16:48:49,908 - INFO - Processing address 918/2495: Kurfürstendamm 205, Berlin
2025-08-15 16:48:51,606 - INFO - Geocoded: Kurfürstendamm 205, Berlin -> (52.5018393, 13.3228252) confidence: 8.875486381318407e-05
2025-08-15 16:48:51,606 - INFO - Updated Berthold Neumann: (52.50212762163347, 13.322210741166522)
2025-08-15 16:48:51,606 - INFO - Updated C. J. Quandt-Pianos-Verkaufs-GmbH: (52.50154083786218, 13.322620206402672)
2025-08-15 16:48:51,606 - INFO - Processing address 919/2495: Oberwallstr. 24, Berlin
2025-08-15 16:48:53,244 - INFO - Geocoded: Oberwallstr. 24, Berlin -> (52.5148271, 13.3970046) confidence: 8.875486381318407e-05
2025-08-15 16:48:53,244 - INFO - Updated Berthold Oppenheimer: (52.5148271, 13.3970046)
2025-08-15 16:48:53,244 - INFO - Processing address 920/2495: Dunckerstr.  90, Berlin
2025-08-15 16:48:54,834 - INFO - Geocoded: Dunckerstr.  90, Berlin -> (52.5407906, 13.4188917) confidence: 8.875486381318407e-05
2025-08-15 16:48:54,834 - INFO - Updated Berthold Pommer: (52.5407906, 13.4188917)
2025-08-15 16:48:54,834 - INFO - Processing address 921/2495: Wrangelstr. 93, Berlin
2025-08-15 16:48:56,417 - INFO - Geocoded: Wrangelstr. 93, Berlin -> (52.4997413, 13.4394617) confidence: 8.875486381318407e-05
2025-08-15 16:48:56,417 - INFO - Updated Berthold Schweriner: (52.4997413, 13.4394617)
2025-08-15 16:48:56,417 - INFO - Processing address 922/2495: Jacobstr. 11/12, Berlin
2025-08-15 16:48:58,160 - INFO - Geocoded: Jacobstr. 11/12, Berlin -> (52.5290679, 13.4676102) confidence: 0.05342208819714653
2025-08-15 16:48:58,161 - INFO - Updated Berthold Wreschner: (52.5290679, 13.4676102)
2025-08-15 16:48:58,161 - INFO - Processing address 923/2495: Kurfürstenstr. 105, Berlin
2025-08-15 16:48:59,786 - INFO - Geocoded: Kurfürstenstr. 105, Berlin -> (52.4466224, 13.3694489) confidence: 8.875486381318407e-05
2025-08-15 16:48:59,786 - INFO - Updated Berventulo Bewetterungs-GmbH: (52.4466224, 13.3694489)
2025-08-15 16:48:59,786 - INFO - Processing address 924/2495: Jagowstr. 10, Berlin
2025-08-15 16:49:01,305 - INFO - Geocoded: Jagowstr. 10, Berlin -> (52.6099971, 13.2989861) confidence: 8.875486381318407e-05
2025-08-15 16:49:01,305 - INFO - Updated Berventulo, Dr. Ing. Max Berlowitz: (52.6099971, 13.2989861)
2025-08-15 16:49:01,305 - INFO - Processing address 925/2495: Tauentzienstr. 9, Berlin
2025-08-15 16:49:02,774 - INFO - Geocoded: Tauentzienstr. 9, Berlin -> (52.504856, 13.337072) confidence: 8.875486381318407e-05
2025-08-15 16:49:02,774 - INFO - Updated Betty Vogel: (52.50450309563616, 13.337439688783757)
2025-08-15 16:49:02,774 - INFO - Updated Carl Bernstein: (52.50494699960699, 13.336582685599002)
2025-08-15 16:49:02,774 - INFO - Processing address 926/2495: Beuthner, Hertha Badensche Str. 54, G. I.,,  Berlin
2025-08-15 16:49:08,896 - WARNING - Failed to geocode: Beuthner, Hertha Badensche Str. 54, G. I.,,  Berlin
2025-08-15 16:49:08,896 - ERROR - Failed to geocode address: Beuthner, Hertha Badensche Str. 54, G. I.,,  Berlin
2025-08-15 16:49:08,896 - INFO - Processing address 927/2495: Prager Platz 2, Berlin
2025-08-15 16:49:10,449 - INFO - Geocoded: Prager Platz 2, Berlin -> (52.4940632, 13.3318557) confidence: 8.875486381318407e-05
2025-08-15 16:49:10,449 - INFO - Updated Bialek Schuh Dawid Bialek & Co: (52.4940632, 13.3318557)
2025-08-15 16:49:10,449 - INFO - Processing address 928/2495: Heidereutergasse 4, Berlin
2025-08-15 16:49:11,996 - INFO - Geocoded: Heidereutergasse 4, Berlin -> (52.5213434, 13.4044976) confidence: 0.05342208819714653
2025-08-15 16:49:11,996 - INFO - Updated Biberfeld & Meyer: (52.5213434, 13.4044976)
2025-08-15 16:49:11,996 - INFO - Processing address 929/2495: Friedrichstr. 71, Berlin
2025-08-15 16:49:13,654 - INFO - Geocoded: Friedrichstr. 71, Berlin -> (52.5134953, 13.3899624) confidence: 0.2049590550690361
2025-08-15 16:49:13,654 - INFO - Updated Betty Baran, Wäsche- und Baumwollwaren engros: (52.5134953, 13.3899624)
2025-08-15 16:49:13,654 - INFO - Processing address 930/2495: technische Artikel Landsberger Allee  138, Berlin
2025-08-15 16:49:21,301 - WARNING - Failed to geocode: technische Artikel Landsberger Allee  138, Berlin
2025-08-15 16:49:21,302 - ERROR - Failed to geocode address: technische Artikel Landsberger Allee  138, Berlin
2025-08-15 16:49:21,302 - INFO - Processing address 931/2495: Betty Fraenkel Landsberger Allee  138, Berlin
2025-08-15 16:49:28,469 - WARNING - Failed to geocode: Betty Fraenkel Landsberger Allee  138, Berlin
2025-08-15 16:49:28,469 - ERROR - Failed to geocode address: Betty Fraenkel Landsberger Allee  138, Berlin
2025-08-15 16:49:28,469 - INFO - Processing address 932/2495: Prinzregentenstr.  19, Berlin
2025-08-15 16:49:29,918 - INFO - Geocoded: Prinzregentenstr.  19, Berlin -> (52.4878984, 13.3328197) confidence: 8.875486381318407e-05
2025-08-15 16:49:29,918 - INFO - Updated Betty Hutschnecker: (52.4878984, 13.3328197)
2025-08-15 16:49:29,918 - INFO - Processing address 933/2495: Prinzregentenstr.  75, Berlin
2025-08-15 16:49:31,383 - INFO - Geocoded: Prinzregentenstr.  75, Berlin -> (52.4864847, 13.333365) confidence: 8.875486381318407e-05
2025-08-15 16:49:31,383 - INFO - Updated Betty Leyser: (52.4864847, 13.333365)
2025-08-15 16:49:31,383 - INFO - Processing address 934/2495: Böckhstr.  27, Berlin
2025-08-15 16:49:32,834 - INFO - Geocoded: Böckhstr.  27, Berlin -> (52.4929606, 13.4211946) confidence: 8.875486381318407e-05
2025-08-15 16:49:32,834 - INFO - Updated Betty Rothholz: (52.4929606, 13.4211946)
2025-08-15 16:49:32,834 - INFO - Processing address 935/2495: Windscheidstr.  9, Berlin
2025-08-15 16:49:35,542 - INFO - Geocoded: Windscheidstr.  9, Berlin -> (52.5085634, 13.2982589) confidence: 8.875486381318407e-05
2025-08-15 16:49:35,546 - INFO - Updated Betty Rubensohn: (52.5085634, 13.2982589)
2025-08-15 16:49:35,546 - INFO - Processing address 936/2495: Zimmerstr. 94, Berlin
2025-08-15 16:49:37,021 - INFO - Geocoded: Zimmerstr. 94, Berlin -> (52.5080804, 13.3870961) confidence: 8.875486381318407e-05
2025-08-15 16:49:37,021 - INFO - Updated Beton- und Tiefbau-Gesellschaft Mast mbH: (52.5080804, 13.3870961)
2025-08-15 16:49:37,021 - INFO - Processing address 937/2495: Kantstr. 10, Berlin
2025-08-15 16:49:38,675 - INFO - Geocoded: Kantstr. 10, Berlin -> (52.505602, 13.3295758) confidence: 8.875486381318407e-05
2025-08-15 16:49:38,675 - INFO - Updated Betriebs-Revision GmbH: (52.505602, 13.3295758)
2025-08-15 16:49:38,675 - INFO - Processing address 938/2495: Klosterstr. 21/24, Berlin
2025-08-15 16:49:40,883 - INFO - Geocoded: Klosterstr. 21/24, Berlin -> (52.5186603, 13.4113815) confidence: 0.33382026067444703
2025-08-15 16:49:40,883 - INFO - Updated Betriebsgesellschaft mbH der Carl Cohn AG: (52.518781766266414, 13.41185227928033)
2025-08-15 16:49:40,883 - INFO - Updated Carl Cohn AG: (52.51839406491165, 13.410843831768698)
2025-08-15 16:49:40,883 - INFO - Processing address 939/2495: Wallstr. 76/79, Berlin
2025-08-15 16:49:42,803 - INFO - Geocoded: Wallstr. 76/79, Berlin -> (52.5114345, 13.5866158) confidence: 0.05342208819714653
2025-08-15 16:49:42,803 - INFO - Updated Betriebswerkstätte Ceo Czarlinski und Ott Fabrikation jugendlicher Kleider: (52.5114345, 13.5866158)
2025-08-15 16:49:42,803 - INFO - Processing address 940/2495: Kronenstr. 46, Berlin
2025-08-15 16:49:44,507 - INFO - Geocoded: Kronenstr. 46, Berlin -> (52.511386, 13.3927068) confidence: 0.05342208819714653
2025-08-15 16:49:44,508 - INFO - Updated Betriebswerkstätte Osten Wilhelm Rubinstein: (52.51144639647148, 13.392709006656457)
2025-08-15 16:49:44,508 - INFO - Updated Gebr. Taus: (52.51115776294891, 13.392703584562843)
2025-08-15 16:49:44,508 - INFO - Processing address 941/2495: Mauerstr. 53, Berlin
2025-08-15 16:49:46,055 - INFO - Geocoded: Mauerstr. 53, Berlin -> (52.5125539, 13.385364) confidence: 8.875486381318407e-05
2025-08-15 16:49:46,056 - INFO - Updated Bett, Simon & Co: (52.5125539, 13.385364)
2025-08-15 16:49:46,056 - INFO - Processing address 942/2495: Gleditschstr.  47, Berlin
2025-08-15 16:49:47,519 - INFO - Geocoded: Gleditschstr.  47, Berlin -> (52.4924315, 13.3553163) confidence: 8.875486381318407e-05
2025-08-15 16:49:47,519 - INFO - Updated Betten-Hühn: (52.4924315, 13.3553163)
2025-08-15 16:49:47,519 - INFO - Processing address 943/2495: Lutherstr.  47, Berlin
2025-08-15 16:49:49,361 - INFO - Geocoded: Lutherstr.  47, Berlin -> (52.4927433, 13.3454241) confidence: 8.875486381318407e-05
2025-08-15 16:49:49,362 - INFO - Updated Bettenfabrik Strohmandel: (52.4927433, 13.3454241)
2025-08-15 16:49:49,362 - INFO - Processing address 944/2495: Kleiststr. 3, Berlin
2025-08-15 16:49:50,973 - INFO - Geocoded: Kleiststr. 3, Berlin -> (52.5003074, 13.3513844) confidence: 8.875486381318407e-05
2025-08-15 16:49:50,974 - INFO - Updated Bettenhaus Georg Loewenhard: (52.5003074, 13.3513844)
2025-08-15 16:49:50,974 - INFO - Processing address 945/2495: Holzmarktstr.  68, Berlin
2025-08-15 16:49:52,485 - INFO - Geocoded: Holzmarktstr.  68, Berlin -> (52.5124197, 13.4259348) confidence: 0.2560520753862706
2025-08-15 16:49:52,485 - INFO - Updated Bettenhaus Pincuss: (52.5124197, 13.4259348)
2025-08-15 16:49:52,485 - INFO - Processing address 946/2495: Kronenstr. 38/40, Berlin
2025-08-15 16:49:54,484 - INFO - Geocoded: Kronenstr. 38/40, Berlin -> (52.511386, 13.3927068) confidence: 0.05342208819714653
2025-08-15 16:49:54,485 - INFO - Updated Bibo & Jackier: (52.51171880592724, 13.393171883843182)
2025-08-15 16:49:54,485 - INFO - Updated Fritz Weil & Co: (52.51133660185942, 13.392979626318658)
2025-08-15 16:49:54,485 - INFO - Updated Goldberg & Sander GmbH: (52.511704425840556, 13.392923042474363)
2025-08-15 16:49:54,485 - INFO - Updated Gustav Nathan: (52.511421775590314, 13.392627685253025)
2025-08-15 16:49:54,485 - INFO - Processing address 947/2495: Grunewaldstr. 27, Berlin
2025-08-15 16:49:56,136 - INFO - Geocoded: Grunewaldstr. 27, Berlin -> (52.4601424, 13.3097265) confidence: 8.875486381318407e-05
2025-08-15 16:49:56,143 - INFO - Updated Biek, Eugen: (52.46045327650154, 13.309103753921299)
2025-08-15 16:49:56,149 - INFO - Updated Deutsch, Elsa: (52.459928479233845, 13.309166909229688)
2025-08-15 16:49:56,150 - INFO - Processing address 948/2495: Sybelstr. 29, Berlin
2025-08-15 16:49:57,577 - INFO - Geocoded: Sybelstr. 29, Berlin -> (52.5020085, 13.2986539) confidence: 8.875486381318407e-05
2025-08-15 16:49:57,577 - INFO - Updated Bielschowsky & Hirsch: (52.5020085, 13.2986539)
2025-08-15 16:49:57,577 - INFO - Processing address 949/2495: Hauptstr. 76, Berlin
2025-08-15 16:50:01,278 - INFO - Geocoded: Hauptstr. 76, Berlin -> (52.4739936, 13.3379393) confidence: 8.875486381318407e-05
2025-08-15 16:50:01,278 - INFO - Updated Bielschowsky, Erich: (52.4739936, 13.3379393)
2025-08-15 16:50:01,278 - INFO - Processing address 950/2495: Kurfüstendamm 101, Berlin
2025-08-15 16:50:07,387 - WARNING - Failed to geocode: Kurfüstendamm 101, Berlin
2025-08-15 16:50:07,387 - ERROR - Failed to geocode address: Kurfüstendamm 101, Berlin
2025-08-15 16:50:07,387 - INFO - Processing address 951/2495: 66, Berlin
2025-08-15 16:50:07,387 - WARNING - Incomplete address detected: 66, Berlin
2025-08-15 16:50:07,387 - ERROR - Failed to geocode address: 66, Berlin
2025-08-15 16:50:07,387 - INFO - Processing address 952/2495: Dahlwitzplatz 6, Berlin
2025-08-15 16:50:12,706 - WARNING - Failed to geocode: Dahlwitzplatz 6, Berlin
2025-08-15 16:50:12,706 - ERROR - Failed to geocode address: Dahlwitzplatz 6, Berlin
2025-08-15 16:50:12,706 - INFO - Processing address 953/2495: Toni textiles and clothing Berliner Allee 238, Berlin
2025-08-15 16:50:19,833 - WARNING - Failed to geocode: Toni textiles and clothing Berliner Allee 238, Berlin
2025-08-15 16:50:19,834 - ERROR - Failed to geocode address: Toni textiles and clothing Berliner Allee 238, Berlin
2025-08-15 16:50:19,834 - INFO - Processing address 954/2495: Allee  80, Berlin
2025-08-15 16:50:21,842 - INFO - Geocoded: Allee  80, Berlin -> (52.5037813, 13.4995732) confidence: 8.875486381318407e-05
2025-08-15 16:50:21,842 - INFO - Updated Blima Gingold: (52.5037813, 13.4995732)
2025-08-15 16:50:21,842 - INFO - Processing address 955/2495: Sophienstr. 8, Berlin
2025-08-15 16:50:23,357 - INFO - Geocoded: Sophienstr. 8, Berlin -> (52.5251538, 13.4021472) confidence: 8.875486381318407e-05
2025-08-15 16:50:23,357 - INFO - Updated Blinden-Bürstenwerkstätte Friedenau Moritz Rosenzweig: (52.5251538, 13.4021472)
2025-08-15 16:50:23,357 - INFO - Processing address 956/2495: Ritterstr. 87, Berlin
2025-08-15 16:50:25,001 - INFO - Geocoded: Ritterstr. 87, Berlin -> (52.5049928, 13.3982162) confidence: 0.05342208819714653
2025-08-15 16:50:25,001 - INFO - Updated Blindenwerkstatt Blindewa E. Langenkamp GmbH: (52.5049241469642, 13.39789680692508)
2025-08-15 16:50:25,001 - INFO - Updated Blindenwerkstatt Süd-West Gebr. Goldstein: (52.50485191044768, 13.398114028945914)
2025-08-15 16:50:25,001 - INFO - Updated Gebr. Schachmann: (52.505351696664405, 13.398097778473954)
2025-08-15 16:50:25,001 - INFO - Processing address 957/2495: Johannisstr.  16, Berlin
2025-08-15 16:50:26,577 - INFO - Geocoded: Johannisstr.  16, Berlin -> (52.5244912, 13.3904727) confidence: 8.875486381318407e-05
2025-08-15 16:50:26,577 - INFO - Updated Bildungsverein deutscher Juden: (52.5244912, 13.3904727)
2025-08-15 16:50:26,577 - INFO - Processing address 958/2495: Roederstr. 26, Berlin
2025-08-15 16:50:32,656 - WARNING - Failed to geocode: Roederstr. 26, Berlin
2025-08-15 16:50:32,657 - ERROR - Failed to geocode address: Roederstr. 26, Berlin
2025-08-15 16:50:32,657 - INFO - Processing address 959/2495: Klosterstr. 3, Berlin
2025-08-15 16:50:34,400 - INFO - Geocoded: Klosterstr. 3, Berlin -> (52.5334339, 13.1976879) confidence: 8.875486381318407e-05
2025-08-15 16:50:34,400 - INFO - Updated Birenhak & Mandel Herren- und Sport-Bekleidung: (52.5334339, 13.1976879)
2025-08-15 16:50:34,400 - INFO - Processing address 960/2495: Goethestr. 30, Berlin
2025-08-15 16:50:36,669 - INFO - Geocoded: Goethestr. 30, Berlin -> (52.5092209, 13.3098106) confidence: 8.875486381318407e-05
2025-08-15 16:50:36,669 - INFO - Updated Birkle & Thomer: (52.5092209, 13.3098106)
2025-08-15 16:50:36,669 - INFO - Processing address 961/2495: Wrangelstr. 47, Berlin
2025-08-15 16:50:38,219 - INFO - Geocoded: Wrangelstr. 47, Berlin -> (52.4990942, 13.4404067) confidence: 8.875486381318407e-05
2025-08-15 16:50:38,219 - INFO - Updated Bismarck-Apotheke Inhaber Apotheker Arthur Hurtig: (52.4990942, 13.4404067)
2025-08-15 16:50:38,219 - INFO - Processing address 962/2495: Barbarossastr. 40, Berlin
2025-08-15 16:50:39,772 - INFO - Geocoded: Barbarossastr. 40, Berlin -> (52.4921615, 13.3399551) confidence: 8.875486381318407e-05
2025-08-15 16:50:39,773 - INFO - Updated Bloch, Hans: (52.4921615, 13.3399551)
2025-08-15 16:50:39,773 - INFO - Processing address 963/2495: Kronenstr. 58, Berlin
2025-08-15 16:50:41,218 - INFO - Geocoded: Kronenstr. 58, Berlin -> (52.5113949, 13.3903356) confidence: 8.875486381318407e-05
2025-08-15 16:50:41,218 - INFO - Updated Block & Simon: (52.5113949, 13.3903356)
2025-08-15 16:50:41,218 - INFO - Processing address 964/2495: Kurfürstendamm 33, Berlin
2025-08-15 16:50:42,927 - INFO - Geocoded: Kurfürstendamm 33, Berlin -> (52.5029145, 13.3245999) confidence: 8.875486381318407e-05
2025-08-15 16:50:42,927 - INFO - Updated Blondine Straus: (52.50287204091509, 13.325170187575939)
2025-08-15 16:50:42,928 - INFO - Updated Coty Alleinvertrieb für Deutschland GmbH: (52.50292253835344, 13.324998349181383)
2025-08-15 16:50:42,928 - INFO - Processing address 965/2495: Teutonenstr. 18, Berlin
2025-08-15 16:50:44,552 - INFO - Geocoded: Teutonenstr. 18, Berlin -> (52.4272482, 13.198267) confidence: 8.875486381318407e-05
2025-08-15 16:50:44,554 - INFO - Updated Bluhm, Margarete: (52.4272482, 13.198267)
2025-08-15 16:50:44,632 - INFO - Processing address 966/2495: Bischofstr. 19, Berlin
2025-08-15 16:50:50,801 - WARNING - Failed to geocode: Bischofstr. 19, Berlin
2025-08-15 16:50:50,801 - ERROR - Failed to geocode address: Bischofstr. 19, Berlin
2025-08-15 16:50:50,801 - INFO - Processing address 967/2495: Kommandantenstr.  6, Berlin
2025-08-15 16:50:52,400 - INFO - Geocoded: Kommandantenstr.  6, Berlin -> (52.4392178, 13.2929506) confidence: 8.875486381318407e-05
2025-08-15 16:50:52,400 - INFO - Updated Blumenthal: (52.4392178, 13.2929506)
2025-08-15 16:50:52,400 - INFO - Processing address 968/2495: Melanchtonstr. 17, Berlin
2025-08-15 16:50:57,672 - WARNING - Failed to geocode: Melanchtonstr. 17, Berlin
2025-08-15 16:50:57,673 - ERROR - Failed to geocode address: Melanchtonstr. 17, Berlin
2025-08-15 16:50:57,673 - INFO - Processing address 969/2495: s Wiener Moden textiles and clothing Bayerischer Platz  4, Berlin
2025-08-15 16:51:04,788 - WARNING - Failed to geocode: s Wiener Moden textiles and clothing Bayerischer Platz  4, Berlin
2025-08-15 16:51:04,789 - ERROR - Failed to geocode address: s Wiener Moden textiles and clothing Bayerischer Platz  4, Berlin
2025-08-15 16:51:04,789 - INFO - Processing address 970/2495: Mohrenstr. 44, Berlin
2025-08-15 16:51:07,861 - INFO - Geocoded: Mohrenstr. 44, Berlin -> (52.511298, 13.3847578) confidence: 0.32314590312055647
2025-08-15 16:51:07,861 - INFO - Updated Blusen Beer Erich Beer: (52.511580059594344, 13.385056993564346)
2025-08-15 16:51:07,861 - INFO - Updated Cohn & Rosenbaum AG: (52.51125471944799, 13.385232264399132)
2025-08-15 16:51:07,861 - INFO - Updated Gebrüder Hirschfeld KG: (52.510991551323045, 13.384155216968347)
2025-08-15 16:51:07,861 - INFO - Processing address 971/2495: Kurfürstendamm 213, Berlin
2025-08-15 16:51:09,374 - INFO - Geocoded: Kurfürstendamm 213, Berlin -> (52.5022582, 13.325665) confidence: 8.875486381318407e-05
2025-08-15 16:51:09,374 - INFO - Updated Blusen-Pracht GmbH: (52.5022582, 13.325665)
2025-08-15 16:51:09,374 - INFO - Processing address 972/2495: Ritterstr. 40, Berlin
2025-08-15 16:51:10,830 - INFO - Geocoded: Ritterstr. 40, Berlin -> (52.5036317, 13.4032252) confidence: 8.875486381318407e-05
2025-08-15 16:51:10,831 - INFO - Updated Boas Weißbarth: (52.5036317, 13.4032252)
2025-08-15 16:51:10,831 - INFO - Processing address 973/2495: Motzstr. 63, Berlin
2025-08-15 16:51:12,353 - INFO - Geocoded: Motzstr. 63, Berlin -> (52.4946975, 13.3393373) confidence: 8.875486381318407e-05
2025-08-15 16:51:12,353 - INFO - Updated Bock, Lotte: (52.4946975, 13.3393373)
2025-08-15 16:51:12,353 - INFO - Processing address 974/2495: Rungestr. 25/27, Berlin
2025-08-15 16:51:14,100 - INFO - Geocoded: Rungestr. 25/27, Berlin -> (52.5124698, 13.4129107) confidence: 0.05342208819714653
2025-08-15 16:51:14,100 - INFO - Updated Blumenfeld & Co GmbH: (52.51282705906953, 13.412331822421411)
2025-08-15 16:51:14,100 - INFO - Updated Gebrüder F. & M. Simon: (52.512393116576284, 13.413309942753187)
2025-08-15 16:51:14,100 - INFO - Updated Greve & Hanff GmbH: (52.51216852834678, 13.413405578159082)
2025-08-15 16:51:14,100 - INFO - Processing address 975/2495: Meinekestr.  2, Berlin
2025-08-15 16:51:15,518 - INFO - Geocoded: Meinekestr.  2, Berlin -> (52.5024986, 13.3289233) confidence: 8.875486381318407e-05
2025-08-15 16:51:15,518 - INFO - Updated Blumenhaus Gerson: (52.5024986, 13.3289233)
2025-08-15 16:51:15,518 - INFO - Processing address 976/2495: Raschdorffstr. 22, Berlin
2025-08-15 16:51:17,180 - INFO - Geocoded: Raschdorffstr. 22, Berlin -> (52.56867, 13.3652905) confidence: 8.875486381318407e-05
2025-08-15 16:51:17,180 - INFO - Updated Blumenreich, Artur: (52.56867, 13.3652905)
2025-08-15 16:51:17,180 - INFO - Processing address 977/2495: Barnimstr.  12, Berlin
2025-08-15 16:51:18,620 - INFO - Geocoded: Barnimstr.  12, Berlin -> (52.5254427, 13.42399) confidence: 8.875486381318407e-05
2025-08-15 16:51:18,620 - INFO - Updated Blumenstein: (52.52509788403793, 13.423981662323213)
2025-08-15 16:51:18,620 - INFO - Updated David Epstein: (52.52544541148555, 13.424305604145939)
2025-08-15 16:51:18,620 - INFO - Updated Geschw. Hoffmann: (52.52507008630961, 13.423417437279515)
2025-08-15 16:51:18,620 - INFO - Processing address 978/2495: Friedrichstr. 79, Berlin
2025-08-15 16:51:20,415 - INFO - Geocoded: Friedrichstr. 79, Berlin -> (52.5149943, 13.389343) confidence: 8.875486381318407e-05
2025-08-15 16:51:20,415 - INFO - Updated Bodengesellschaft Berlin-Lankwitz mbH: (52.51467196657374, 13.389865259546207)
2025-08-15 16:51:20,415 - INFO - Updated D. Arndt: (52.51464378567629, 13.389481860589946)
2025-08-15 16:51:20,415 - INFO - Processing address 979/2495: 20/21, Berlin
2025-08-15 16:51:24,304 - INFO - Geocoded: 20/21, Berlin -> (52.510885, 13.3989367) confidence: 0.840425236063765
2025-08-15 16:51:24,305 - INFO - Updated Bodengesellschaft Saarbrückerstraße AG: (52.51049139077179, 13.398598036386785)
2025-08-15 16:51:24,305 - INFO - Updated Continentale Papierwaren-Werke Büttner & Seidel GmbH: (52.51048999625061, 13.398690399604497)
2025-08-15 16:51:24,305 - INFO - Processing address 980/2495: Nollendorfplatz 6, Berlin
2025-08-15 16:51:26,018 - INFO - Geocoded: Nollendorfplatz 6, Berlin -> (52.4997838, 13.3539923) confidence: 0.393277020885686
2025-08-15 16:51:26,018 - INFO - Updated Boiler und Heizungschlangen-Reservoire Beha: (52.4997838, 13.3539923)
2025-08-15 16:51:26,018 - INFO - Processing address 981/2495: Krausenstr. 41, Berlin
2025-08-15 16:51:27,487 - INFO - Geocoded: Krausenstr. 41, Berlin -> (52.509859, 13.3992936) confidence: 8.875486381318407e-05
2025-08-15 16:51:27,487 - INFO - Updated Boll & Spier: (52.509859, 13.3992936)
2025-08-15 16:51:27,487 - INFO - Processing address 982/2495: Kaiserstr. 39/40, Berlin
2025-08-15 16:51:30,328 - INFO - Geocoded: Kaiserstr. 39/40, Berlin -> (52.5272366, 13.5518484) confidence: 0.05342208819714653
2025-08-15 16:51:30,328 - INFO - Updated Bonbon u. Schokoladen-Fabrik Paul Cissarz: (52.52694501405462, 13.552322303802264)
2025-08-15 16:51:30,328 - INFO - Updated E. Mathews & Co: (52.527061965973786, 13.551917781229495)
2025-08-15 16:51:30,328 - INFO - Processing address 983/2495: Bülowstr. 92, Berlin
2025-08-15 16:51:31,937 - INFO - Geocoded: Bülowstr. 92, Berlin -> (52.4971229, 13.3659951) confidence: 0.3119015040685218
2025-08-15 16:51:31,937 - INFO - Updated Bondy & Sinasohn: (52.4971229, 13.3659951)
2025-08-15 16:51:31,937 - INFO - Processing address 984/2495: Kurfürstendamm 48/49, Berlin
2025-08-15 16:51:33,695 - INFO - Geocoded: Kurfürstendamm 48/49, Berlin -> (52.5035641, 13.3305371) confidence: 0.4914112718388304
2025-08-15 16:51:33,695 - INFO - Updated Bostanjoglo Zigaretten- und Tabakfabrik AG: (52.50360511120839, 13.330067243414291)
2025-08-15 16:51:33,695 - INFO - Updated Careel Parfumerien Korngut & Hescheles: (52.50383218104539, 13.330148060568439)
2025-08-15 16:51:33,695 - INFO - Processing address 985/2495: Neue Schönhausenstr 3, Berlin
2025-08-15 16:51:41,941 - WARNING - Failed to geocode: Neue Schönhausenstr 3, Berlin
2025-08-15 16:51:41,942 - ERROR - Failed to geocode address: Neue Schönhausenstr 3, Berlin
2025-08-15 16:51:41,942 - INFO - Processing address 986/2495: Wilhelmsaue 4, Berlin
2025-08-15 16:51:43,368 - INFO - Geocoded: Wilhelmsaue 4, Berlin -> (52.4846475, 13.3274268) confidence: 8.875486381318407e-05
2025-08-15 16:51:43,369 - INFO - Updated Bragus Handelsgesellschaft mbH: (52.4846475, 13.3274268)
2025-08-15 16:51:43,369 - INFO - Processing address 987/2495: Wiebestr. 12/20, Berlin
2025-08-15 16:51:45,097 - INFO - Geocoded: Wiebestr. 12/20, Berlin -> (52.5302732, 13.3195101) confidence: 0.05342208819714653
2025-08-15 16:51:45,097 - INFO - Updated Brainos GmbH: (52.5302732, 13.3195101)
2025-08-15 16:51:45,097 - INFO - Processing address 988/2495: Jägerstr. 29/31, Berlin
2025-08-15 16:51:47,212 - INFO - Geocoded: Jägerstr. 29/31, Berlin -> (52.5141757, 13.3950701) confidence: 0.2963484801355436
2025-08-15 16:51:47,212 - INFO - Updated Bootshausgesellschaft Wendenschloß GmbH: (52.5141757, 13.3950701)
2025-08-15 16:51:47,212 - INFO - Processing address 989/2495: Goltzstr. 27, Berlin
2025-08-15 16:51:48,763 - INFO - Geocoded: Goltzstr. 27, Berlin -> (52.3833718, 13.4013527) confidence: 8.875486381318407e-05
2025-08-15 16:51:48,763 - INFO - Updated Borchardt, Selma: (52.3833718, 13.4013527)
2025-08-15 16:51:48,763 - INFO - Processing address 990/2495: Taubenstr. 35, Berlin
2025-08-15 16:51:50,350 - INFO - Geocoded: Taubenstr. 35, Berlin -> (52.4494151, 13.4679752) confidence: 0.05342208819714653
2025-08-15 16:51:50,350 - INFO - Updated Borger & Co: (52.4494151, 13.4679752)
2025-08-15 16:51:50,350 - INFO - Processing address 991/2495: Horstweg 41, Berlin
2025-08-15 16:51:51,783 - INFO - Geocoded: Horstweg 41, Berlin -> (52.5116366, 13.2947223) confidence: 8.875486381318407e-05
2025-08-15 16:51:51,783 - INFO - Updated Boris Rensin: (52.5116366, 13.2947223)
2025-08-15 16:51:51,783 - INFO - Processing address 992/2495: Manteuffelstr. 64, Berlin
2025-08-15 16:51:53,471 - INFO - Geocoded: Manteuffelstr. 64, Berlin -> (52.4960907, 13.4233383) confidence: 8.875486381318407e-05
2025-08-15 16:51:53,471 - INFO - Updated Borrina Hausverwaltungsgesellschaft mbH: (52.4960907, 13.4233383)
2025-08-15 16:51:53,471 - INFO - Processing address 993/2495: Knobelsdorffstr. 1, Berlin
2025-08-15 16:51:54,936 - INFO - Geocoded: Knobelsdorffstr. 1, Berlin -> (52.5132009, 13.2965961) confidence: 8.875486381318407e-05
2025-08-15 16:51:54,938 - INFO - Updated Borussia Apotheke Dr. Max Dehmel Nachfolger: (52.5132009, 13.2965961)
2025-08-15 16:51:54,938 - INFO - Processing address 994/2495: Magazinstr. 14, Berlin
2025-08-15 16:51:56,486 - INFO - Geocoded: Magazinstr. 14, Berlin -> (52.5184589, 13.4194685) confidence: 0.05342208819714653
2025-08-15 16:51:56,486 - INFO - Updated Bostanjoglo GmbH: (52.518868136674385, 13.419816126302235)
2025-08-15 16:51:56,486 - INFO - Updated Eichel & Co: (52.51815440225624, 13.419973666622125)
2025-08-15 16:51:56,486 - INFO - Processing address 995/2495: Ebertstr. 7, Berlin
2025-08-15 16:51:58,631 - INFO - Geocoded: Ebertstr. 7, Berlin -> (52.5127504, 13.3772068) confidence: 0.3281092747657318
2025-08-15 16:51:58,631 - INFO - Updated Brandenburgische Spargelbau- und Verwertungsgesellschaft mbH: (52.5127504, 13.3772068)
2025-08-15 16:51:58,631 - INFO - Processing address 996/2495: Charlottenstr. 19, Berlin
2025-08-15 16:52:00,414 - INFO - Geocoded: Charlottenstr. 19, Berlin -> (52.5075329, 13.5227848) confidence: 8.875486381318407e-05
2025-08-15 16:52:00,415 - INFO - Updated Brandler & Borger: (52.50779136364059, 13.522389157101347)
2025-08-15 16:52:00,415 - INFO - Updated Brandler & Borger GmbH: (52.50783570389055, 13.522810266640588)
2025-08-15 16:52:00,415 - INFO - Processing address 997/2495: Gerichtstr. 23, Berlin
2025-08-15 16:52:01,985 - INFO - Geocoded: Gerichtstr. 23, Berlin -> (52.5452757, 13.3736417) confidence: 8.875486381318407e-05
2025-08-15 16:52:01,985 - INFO - Updated Brandt & Wittig: (52.5452757, 13.3736417)
2025-08-15 16:52:01,985 - INFO - Processing address 998/2495: Luitpoldstr. 28, Berlin
2025-08-15 16:52:03,460 - INFO - Geocoded: Luitpoldstr. 28, Berlin -> (52.4947336, 13.3431557) confidence: 8.875486381318407e-05
2025-08-15 16:52:03,460 - INFO - Updated Brandus'sche Verlagsbuchhandlung Martin Brandus: (52.4947336, 13.3431557)
2025-08-15 16:52:03,460 - INFO - Processing address 999/2495: Poststr. 28, Berlin
2025-08-15 16:52:05,364 - INFO - Geocoded: Poststr. 28, Berlin -> (52.5170641, 13.406241) confidence: 8.875486381318407e-05
2025-08-15 16:52:05,364 - INFO - Updated Brenner & Nathan: (52.5170641, 13.406241)
2025-08-15 16:52:05,364 - INFO - Processing address 1000/2495: Rankestr. 17, Berlin
2025-08-15 16:52:06,865 - INFO - Geocoded: Rankestr. 17, Berlin -> (52.4998371, 13.3312643) confidence: 8.875486381318407e-05
2025-08-15 16:52:06,865 - INFO - Updated Brennstoffvertrieb Südost (Wilhelm Urban) GmbH: (52.4998371, 13.3312643)
2025-08-15 16:52:06,865 - INFO - Progress: 1000/2495 addresses processed
2025-08-15 16:52:06,898 - INFO - Processing address 1001/2495: 19/20, Berlin
2025-08-15 16:52:10,264 - INFO - Geocoded: 19/20, Berlin -> (52.510885, 13.3989367) confidence: 0.840425236063765
2025-08-15 16:52:10,264 - INFO - Updated Bresser & Apelbaum: (52.51090380612578, 13.399386891973238)
2025-08-15 16:52:10,264 - INFO - Updated Georg Flach & Engel: (52.51047277531052, 13.399096536603338)
2025-08-15 16:52:10,264 - INFO - Updated Grunauer und Freudenberg: (52.510948218113604, 13.398512093662188)
2025-08-15 16:52:10,264 - INFO - Processing address 1002/2495: Kurfürstendamm 130, Berlin
2025-08-15 16:52:11,717 - INFO - Geocoded: Kurfürstendamm 130, Berlin -> (52.4970431, 13.2920592) confidence: 8.875486381318407e-05
2025-08-15 16:52:11,717 - INFO - Updated Briefmarkenhandlung Julius Hirsch: (52.4970431, 13.2920592)
2025-08-15 16:52:11,717 - INFO - Processing address 1003/2495: Oberwasserstr. 13, Berlin
2025-08-15 16:52:13,217 - INFO - Geocoded: Oberwasserstr. 13, Berlin -> (52.5130396, 13.4018434) confidence: 8.875486381318407e-05
2025-08-15 16:52:13,218 - INFO - Updated Brill & Cassel: (52.5130396, 13.4018434)
2025-08-15 16:52:13,218 - INFO - Processing address 1004/2495: Speyererstr.  10, Berlin
2025-08-15 16:52:14,780 - INFO - Geocoded: Speyererstr.  10, Berlin -> (52.493193, 13.3446325) confidence: 0.05342208819714653
2025-08-15 16:52:14,780 - INFO - Updated Brillen-Kaiser: (52.493193, 13.3446325)
2025-08-15 16:52:14,780 - INFO - Processing address 1005/2495: Erdmannstr. 13, Berlin
2025-08-15 16:52:16,265 - INFO - Geocoded: Erdmannstr. 13, Berlin -> (52.4888306, 13.3600187) confidence: 8.875486381318407e-05
2025-08-15 16:52:16,265 - INFO - Updated Brillling & Kortstock: (52.4888306, 13.3600187)
2025-08-15 16:52:16,265 - INFO - Processing address 1006/2495: Alexandrinenstr. 11, Berlin
2025-08-15 16:52:17,800 - INFO - Geocoded: Alexandrinenstr. 11, Berlin -> (52.5066473, 13.4090003) confidence: 0.05342208819714653
2025-08-15 16:52:17,801 - INFO - Updated Brann & Wolff Metallwaarenfabrik: (52.506953867495085, 13.40924140268627)
2025-08-15 16:52:17,801 - INFO - Updated Deutsche Cassenrollen-Fabrik mbH: (52.506894823452086, 13.40964329664538)
2025-08-15 16:52:17,801 - INFO - Processing address 1007/2495: Düppelstr. 20/21, Berlin
2025-08-15 16:52:19,685 - INFO - Geocoded: Düppelstr. 20/21, Berlin -> (52.4568453, 13.3230854) confidence: 0.05342208819714653
2025-08-15 16:52:19,685 - INFO - Updated Brauerei Friedrich Mönnig vorm. Oskar Walter: (52.4568453, 13.3230854)
2025-08-15 16:52:19,685 - INFO - Processing address 1008/2495: Eichhornstr. 2, Berlin
2025-08-15 16:52:21,183 - INFO - Geocoded: Eichhornstr. 2, Berlin -> (52.5060157, 13.3741303) confidence: 8.875486381318407e-05
2025-08-15 16:52:21,184 - INFO - Updated Braun & Co: (52.5060157, 13.3741303)
2025-08-15 16:52:21,184 - INFO - Processing address 1009/2495: Hohenstaufenstr. 50, Berlin
2025-08-15 16:52:22,648 - INFO - Geocoded: Hohenstaufenstr. 50, Berlin -> (52.4941561, 13.3436503) confidence: 8.875486381318407e-05
2025-08-15 16:52:22,648 - INFO - Updated Braun & Co GmbH: (52.4941561, 13.3436503)
2025-08-15 16:52:22,648 - INFO - Processing address 1010/2495: Eisenwarenhändler Brauner Weg  29, Berlin
2025-08-15 16:52:28,990 - WARNING - Failed to geocode: Eisenwarenhändler Brauner Weg  29, Berlin
2025-08-15 16:52:28,991 - ERROR - Failed to geocode address: Eisenwarenhändler Brauner Weg  29, Berlin
2025-08-15 16:52:28,991 - INFO - Processing address 1011/2495: Schiffbauerdamm 2, Berlin
2025-08-15 16:52:30,615 - INFO - Geocoded: Schiffbauerdamm 2, Berlin -> (52.5199875, 13.3825181) confidence: 0.28875241632417264
2025-08-15 16:52:30,615 - INFO - Updated Brawas Brandenburgische Wasserspar-GmbH: (52.5199875, 13.3825181)
2025-08-15 16:52:30,615 - INFO - Processing address 1012/2495: Galvanistr. 11/13, Berlin
2025-08-15 16:52:32,337 - INFO - Geocoded: Galvanistr. 11/13, Berlin -> (52.518846, 13.3162592) confidence: 0.05342208819714653
2025-08-15 16:52:32,337 - INFO - Updated Brenn- und Baumaterialien-Handlung Wilhelm Pieckenhagen Nachfolger GmbH: (52.518846, 13.3162592)
2025-08-15 16:52:32,337 - INFO - Processing address 1013/2495: Nestorstr.  35, Berlin
2025-08-15 16:52:33,818 - INFO - Geocoded: Nestorstr.  35, Berlin -> (52.4908749, 13.2993579) confidence: 8.875486381318407e-05
2025-08-15 16:52:33,819 - INFO - Updated Brunhilde Dorloff: (52.4908749, 13.2993579)
2025-08-15 16:52:33,819 - INFO - Processing address 1014/2495: ( Trade ) Eingetragen im Handelsregister/ Gründung 1926 Erloschen 1938 Burgstr. ,  Berlin
2025-08-15 16:52:39,149 - WARNING - Failed to geocode: ( Trade ) Eingetragen im Handelsregister/ Gründung 1926 Erloschen 1938 Burgstr. ,  Berlin
2025-08-15 16:52:39,150 - ERROR - Failed to geocode address: ( Trade ) Eingetragen im Handelsregister/ Gründung 1926 Erloschen 1938 Burgstr. ,  Berlin
2025-08-15 16:52:39,150 - INFO - Processing address 1015/2495: Müllerstr. 155, Berlin
2025-08-15 16:52:41,802 - INFO - Geocoded: Müllerstr. 155, Berlin -> (52.5456302, 13.3599915) confidence: 8.875486381318407e-05
2025-08-15 16:52:41,802 - INFO - Updated Bruno Eichner: (52.5456302, 13.3599915)
2025-08-15 16:52:41,802 - INFO - Processing address 1016/2495: Kronenstr. 53, Berlin
2025-08-15 16:52:43,457 - INFO - Geocoded: Kronenstr. 53, Berlin -> (52.511386, 13.3927068) confidence: 0.05342208819714653
2025-08-15 16:52:43,457 - INFO - Updated Bruno Fuchs: (52.511386, 13.3927068)
2025-08-15 16:52:43,457 - INFO - Processing address 1017/2495: Jakobstr. 20/22, Berlin
2025-08-15 16:52:45,563 - INFO - Geocoded: Jakobstr. 20/22, Berlin -> (52.5260336, 13.4125015) confidence: 0.05342208819714653
2025-08-15 16:52:45,564 - INFO - Updated Bruno Georgi: (52.52638013682421, 13.411949264732536)
2025-08-15 16:52:45,564 - INFO - Updated Casparius & Silberstein: (52.5264623548675, 13.412755733301754)
2025-08-15 16:52:45,564 - INFO - Updated Gebr. Ring: (52.5257145695467, 13.412480099872825)
2025-08-15 16:52:45,564 - INFO - Processing address 1018/2495: Dorotheenstr. 56, Berlin
2025-08-15 16:52:47,615 - INFO - Geocoded: Dorotheenstr. 56, Berlin -> (52.5187352, 13.3871435) confidence: 8.875486381318407e-05
2025-08-15 16:52:47,615 - INFO - Updated Bruno Hellinger: (52.5187352, 13.3871435)
2025-08-15 16:52:47,615 - INFO - Processing address 1019/2495: Mohrenstr. 41, Berlin
2025-08-15 16:52:49,187 - INFO - Geocoded: Mohrenstr. 41, Berlin -> (52.5127362, 13.3957618) confidence: 8.875486381318407e-05
2025-08-15 16:52:49,187 - INFO - Updated Brinitzer & Co: (52.51277038247339, 13.395531835028416)
2025-08-15 16:52:49,187 - INFO - Updated Hans Seliger: (52.51230463374675, 13.395462990944345)
2025-08-15 16:52:49,187 - INFO - Processing address 1020/2495: 10/11, Berlin
2025-08-15 16:52:51,392 - INFO - Geocoded: 10/11, Berlin -> (52.5272819, 13.3244852) confidence: 8.875486381318407e-05
2025-08-15 16:52:51,393 - INFO - Updated Briske & Prohl: (52.52750804829918, 13.324571418216781)
2025-08-15 16:52:51,393 - INFO - Updated Frischauer & Comp: (52.52753274460729, 13.324340348522757)
2025-08-15 16:52:51,393 - INFO - Processing address 1021/2495: Frommelstr. 1, Berlin
2025-08-15 16:52:57,584 - WARNING - Failed to geocode: Frommelstr. 1, Berlin
2025-08-15 16:52:57,584 - ERROR - Failed to geocode address: Frommelstr. 1, Berlin
2025-08-15 16:52:57,584 - INFO - Processing address 1022/2495: Königstr. 25/26, Berlin
2025-08-15 16:52:59,725 - INFO - Geocoded: Königstr. 25/26, Berlin -> (52.5182552, 13.4068157) confidence: 0.34137582715177667
2025-08-15 16:52:59,725 - INFO - Updated Bruck & Loewenstein: (52.5182552, 13.4068157)
2025-08-15 16:52:59,725 - INFO - Processing address 1023/2495: Kronenstr. 56, Berlin
2025-08-15 16:53:01,464 - INFO - Geocoded: Kronenstr. 56, Berlin -> (52.511386, 13.3927068) confidence: 0.05342208819714653
2025-08-15 16:53:01,464 - INFO - Updated Brum & Co Damenmäntel: (52.511386, 13.3927068)
2025-08-15 16:53:01,464 - INFO - Processing address 1024/2495: Burgherrenstr. 7, Berlin
2025-08-15 16:53:02,968 - INFO - Geocoded: Burgherrenstr. 7, Berlin -> (52.4839794, 13.382665) confidence: 8.875486381318407e-05
2025-08-15 16:53:02,968 - INFO - Updated Brück, Alma: (52.4839794, 13.382665)
2025-08-15 16:53:02,968 - INFO - Processing address 1025/2495: Kolonnenstr. 29, Berlin
2025-08-15 16:53:04,501 - INFO - Geocoded: Kolonnenstr. 29, Berlin -> (52.4849342, 13.3669502) confidence: 8.875486381318407e-05
2025-08-15 16:53:04,501 - INFO - Updated Brückner, Lampe & Co AG: (52.4849342, 13.3669502)
2025-08-15 16:53:04,501 - INFO - Processing address 1026/2495: Kaiserstr. 41, Berlin
2025-08-15 16:53:06,333 - INFO - Geocoded: Kaiserstr. 41, Berlin -> (52.523958, 13.5535465) confidence: 8.875486381318407e-05
2025-08-15 16:53:06,333 - INFO - Updated Brüder Asriel & Farchy: (52.523958, 13.5535465)
2025-08-15 16:53:06,333 - INFO - Processing address 1027/2495: Heiligegeiststr. 23, Berlin
2025-08-15 16:53:12,275 - WARNING - Failed to geocode: Heiligegeiststr. 23, Berlin
2025-08-15 16:53:12,276 - ERROR - Failed to geocode address: Heiligegeiststr. 23, Berlin
2025-08-15 16:53:12,276 - INFO - Processing address 1028/2495: Mohrenstr. 34/35, Berlin
2025-08-15 16:53:14,031 - INFO - Geocoded: Mohrenstr. 34/35, Berlin -> (52.511298, 13.3847578) confidence: 0.32314590312055647
2025-08-15 16:53:14,031 - INFO - Updated Brüder Feige: (52.511298, 13.3847578)
2025-08-15 16:53:14,031 - INFO - Processing address 1029/2495: Kronenstr. 11, Berlin
2025-08-15 16:53:15,496 - INFO - Geocoded: Kronenstr. 11, Berlin -> (52.5110273, 13.388801) confidence: 8.875486381318407e-05
2025-08-15 16:53:15,496 - INFO - Updated Brüder Samek: (52.5110273, 13.388801)
2025-08-15 16:53:15,496 - INFO - Processing address 1030/2495: Kurfürstenstr. 110, Berlin
2025-08-15 16:53:17,054 - INFO - Geocoded: Kurfürstenstr. 110, Berlin -> (52.4461142, 13.3686547) confidence: 8.875486381318407e-05
2025-08-15 16:53:17,054 - INFO - Updated Brühl & Norden: (52.4461142, 13.3686547)
2025-08-15 16:53:17,054 - INFO - Processing address 1031/2495: Kurstr. 36, Berlin
2025-08-15 16:53:18,496 - INFO - Geocoded: Kurstr. 36, Berlin -> (52.513175, 13.3998346) confidence: 8.875486381318407e-05
2025-08-15 16:53:18,496 - INFO - Updated Bruno Neumann: (52.513175, 13.3998346)
2025-08-15 16:53:18,496 - INFO - Processing address 1032/2495: Turmstr. 43, Berlin
2025-08-15 16:53:20,059 - INFO - Geocoded: Turmstr. 43, Berlin -> (52.5270193, 13.3347948) confidence: 8.875486381318407e-05
2025-08-15 16:53:20,059 - INFO - Updated Bruno Philippi: (52.5270193, 13.3347948)
2025-08-15 16:53:20,059 - INFO - Processing address 1033/2495: Raupachstr.  7, Berlin
2025-08-15 16:53:26,314 - WARNING - Failed to geocode: Raupachstr.  7, Berlin
2025-08-15 16:53:26,315 - ERROR - Failed to geocode address: Raupachstr.  7, Berlin
2025-08-15 16:53:26,317 - INFO - Processing address 1034/2495: Windscheidstr. 33, Berlin
2025-08-15 16:53:27,804 - INFO - Geocoded: Windscheidstr. 33, Berlin -> (52.5084383, 13.2988456) confidence: 8.875486381318407e-05
2025-08-15 16:53:27,805 - INFO - Updated Bruno Rawack: (52.5084383, 13.2988456)
2025-08-15 16:53:27,805 - INFO - Processing address 1035/2495: Burgstr. 29, Berlin
2025-08-15 16:53:29,790 - INFO - Geocoded: Burgstr. 29, Berlin -> (52.5220276, 13.4006284) confidence: 8.875486381318407e-05
2025-08-15 16:53:29,790 - INFO - Updated Bruno Simsohn: (52.5220276, 13.4006284)
2025-08-15 16:53:29,790 - INFO - Processing address 1036/2495: Königstr.  82, Berlin
2025-08-15 16:53:31,463 - INFO - Geocoded: Königstr.  82, Berlin -> (52.5258075, 13.4215478) confidence: 8.875486381318407e-05
2025-08-15 16:53:31,463 - INFO - Updated Bruno Wohlgemuth: (52.5258075, 13.4215478)
2025-08-15 16:53:31,463 - INFO - Processing address 1037/2495: Klosterstr. 100, Berlin
2025-08-15 16:53:33,566 - INFO - Geocoded: Klosterstr. 100, Berlin -> (52.5186603, 13.4113815) confidence: 0.33382026067444703
2025-08-15 16:53:33,566 - INFO - Updated Bry, Herzberg & Co GmbH: (52.5186603, 13.4113815)
2025-08-15 16:53:33,567 - INFO - Processing address 1038/2495: Tempelhofer Damm 97, Berlin
2025-08-15 16:53:35,054 - INFO - Geocoded: Tempelhofer Damm 97, Berlin -> (52.4719171, 13.386012) confidence: 8.875486381318407e-05
2025-08-15 16:53:35,054 - INFO - Updated Bruno Juhnke Lichtspielbetriebe: (52.4719171, 13.386012)
2025-08-15 16:53:35,054 - INFO - Processing address 1039/2495: Bismarckstr.  104, Berlin
2025-08-15 16:53:36,972 - INFO - Geocoded: Bismarckstr.  104, Berlin -> (52.5117855, 13.3140266) confidence: 8.875486381318407e-05
2025-08-15 16:53:36,972 - INFO - Updated Bruno Kantorowicz: (52.5117855, 13.3140266)
2025-08-15 16:53:36,972 - INFO - Processing address 1040/2495: Niebuhrstr. 10, Berlin
2025-08-15 16:53:38,474 - INFO - Geocoded: Niebuhrstr. 10, Berlin -> (52.5044958, 13.3147736) confidence: 8.875486381318407e-05
2025-08-15 16:53:38,474 - INFO - Updated Bruno Kuttner: (52.5044958, 13.3147736)
2025-08-15 16:53:38,474 - INFO - Processing address 1041/2495: Klosterstr. 4, Berlin
2025-08-15 16:53:40,173 - INFO - Geocoded: Klosterstr. 4, Berlin -> (52.5332581, 13.1981318) confidence: 8.875486381318407e-05
2025-08-15 16:53:40,173 - INFO - Updated Bruno Lasnitzki Schuhwaren: (52.5332581, 13.1981318)
2025-08-15 16:53:40,173 - INFO - Processing address 1042/2495: Kluckstr. 6, Berlin
2025-08-15 16:53:41,612 - INFO - Geocoded: Kluckstr. 6, Berlin -> (52.5050327, 13.3618856) confidence: 8.875486381318407e-05
2025-08-15 16:53:41,612 - INFO - Updated Bruno Löwenberg: (52.5050327, 13.3618856)
2025-08-15 16:53:41,612 - INFO - Processing address 1043/2495: Brunnenstr.  196, Berlin
2025-08-15 16:53:43,566 - INFO - Geocoded: Brunnenstr.  196, Berlin -> (52.5300918, 13.4007622) confidence: 8.875486381318407e-05
2025-08-15 16:53:43,566 - INFO - Updated Buchbinderei Schneebaum: (52.5300918, 13.4007622)
2025-08-15 16:53:43,566 - INFO - Processing address 1044/2495: Spreestr. 52/53, Berlin
2025-08-15 16:53:45,616 - INFO - Geocoded: Spreestr. 52/53, Berlin -> (52.4460083, 13.6165924) confidence: 0.05342208819714653
2025-08-15 16:53:45,616 - INFO - Updated Buchdruckerei Viktoria GmbH: (52.4460083, 13.6165924)
2025-08-15 16:53:45,616 - INFO - Processing address 1045/2495: Hollmannstr. 10, Berlin
2025-08-15 16:53:47,255 - INFO - Geocoded: Hollmannstr. 10, Berlin -> (52.5018096, 13.39627) confidence: 0.04008875486381322
2025-08-15 16:53:47,256 - INFO - Updated Buchdruckerei Wilhelma R. Saling & Co.: (52.5018096, 13.39627)
2025-08-15 16:53:47,256 - INFO - Processing address 1046/2495: Platz 10, Berlin
2025-08-15 16:53:48,767 - INFO - Geocoded: Platz 10, Berlin -> (52.4846123, 13.2599523) confidence: 8.875486381318407e-05
2025-08-15 16:53:48,767 - INFO - Updated Buchhandlung Jenny Neumann: (52.4846123, 13.2599523)
2025-08-15 16:53:48,767 - INFO - Processing address 1047/2495: Dahlmannstr. 8, Berlin
2025-08-15 16:53:50,238 - INFO - Geocoded: Dahlmannstr. 8, Berlin -> (52.5017159, 13.3036182) confidence: 8.875486381318407e-05
2025-08-15 16:53:50,239 - INFO - Updated Buchhandlung Kedem Blumstein und Bronstein: (52.5017159, 13.3036182)
2025-08-15 16:53:50,239 - INFO - Processing address 1048/2495: Hohenzollerndamm 194/195, Berlin
2025-08-15 16:53:52,477 - INFO - Geocoded: Hohenzollerndamm 194/195, Berlin -> (52.4783155, 13.2831171) confidence: 0.29890295276232437
2025-08-15 16:53:52,477 - INFO - Updated Buchhandlung Richard Kronheim: (52.4783155, 13.2831171)
2025-08-15 16:53:52,477 - INFO - Processing address 1049/2495: Kantstr. 46, Berlin
2025-08-15 16:53:53,990 - INFO - Geocoded: Kantstr. 46, Berlin -> (52.5065696, 13.3118226) confidence: 8.875486381318407e-05
2025-08-15 16:53:53,991 - INFO - Updated Buchhandlung Rubin Maß: (52.5065696, 13.3118226)
2025-08-15 16:53:53,991 - INFO - Processing address 1050/2495: 43/44, Berlin
2025-08-15 16:53:56,831 - INFO - Geocoded: 43/44, Berlin -> (52.510885, 13.3989367) confidence: 0.840425236063765
2025-08-15 16:53:56,831 - INFO - Updated Buchhandlung am Zoo Fritz Ring: (52.51045589005382, 13.39943117962902)
2025-08-15 16:53:56,831 - INFO - Updated H. Schoyer: (52.51079860327314, 13.39936573725082)
2025-08-15 16:53:56,831 - INFO - Processing address 1051/2495: Bayerischer Platz 13/14, Berlin
2025-08-15 16:53:58,580 - INFO - Geocoded: Bayerischer Platz 13/14, Berlin -> (52.4890603, 13.3398205) confidence: 0.2730660066097438
2025-08-15 16:53:58,580 - INFO - Updated Buchladen Bayerischer Platz Benedict Lachmann Buchhandlung und Verlag: (52.4890603, 13.3398205)
2025-08-15 16:53:58,580 - INFO - Processing address 1052/2495: Buium, Oskar advertising Elberfelder Str. 20, b/Witt,,  Berlin
2025-08-15 16:54:03,909 - WARNING - Failed to geocode: Buium, Oskar advertising Elberfelder Str. 20, b/Witt,,  Berlin
2025-08-15 16:54:03,910 - ERROR - Failed to geocode address: Buium, Oskar advertising Elberfelder Str. 20, b/Witt,,  Berlin
2025-08-15 16:54:03,910 - INFO - Processing address 1053/2495: Motzstr. 77/81, Berlin
2025-08-15 16:54:05,821 - INFO - Geocoded: Motzstr. 77/81, Berlin -> (52.4969568, 13.3454465) confidence: 0.34545697456998203
2025-08-15 16:54:05,821 - INFO - Updated Buntstoff GmbH: (52.4969568, 13.3454465)
2025-08-15 16:54:05,821 - INFO - Processing address 1054/2495: Jakobstr. 54/55, Berlin
2025-08-15 16:54:07,688 - INFO - Geocoded: Jakobstr. 54/55, Berlin -> (52.5260336, 13.4125015) confidence: 0.05342208819714653
2025-08-15 16:54:07,688 - INFO - Updated Burchardy & Ziegler: (52.5260336, 13.4125015)
2025-08-15 16:54:07,688 - INFO - Processing address 1055/2495: Junkerstr. 1, Berlin
2025-08-15 16:54:13,651 - WARNING - Failed to geocode: Junkerstr. 1, Berlin
2025-08-15 16:54:13,652 - ERROR - Failed to geocode address: Junkerstr. 1, Berlin
2025-08-15 16:54:13,652 - INFO - Processing address 1056/2495: Klosterstr. 7/9, Berlin
2025-08-15 16:54:15,697 - INFO - Geocoded: Klosterstr. 7/9, Berlin -> (52.5186603, 13.4113815) confidence: 0.33382026067444703
2025-08-15 16:54:15,697 - INFO - Updated Burger & Brand: (52.5186603, 13.4113815)
2025-08-15 16:54:15,697 - INFO - Processing address 1057/2495: Florastr. 9, Berlin
2025-08-15 16:54:17,446 - INFO - Geocoded: Florastr. 9, Berlin -> (52.5165059, 13.6189936) confidence: 8.875486381318407e-05
2025-08-15 16:54:17,446 - INFO - Updated Burstyn, Frea: (52.5165059, 13.6189936)
2025-08-15 16:54:17,446 - INFO - Processing address 1058/2495: Busse, Vilma restaurants Aschaffenburger Str. 6, ptr.,,  Berlin
2025-08-15 16:54:23,284 - WARNING - Failed to geocode: Busse, Vilma restaurants Aschaffenburger Str. 6, ptr.,,  Berlin
2025-08-15 16:54:23,285 - ERROR - Failed to geocode address: Busse, Vilma restaurants Aschaffenburger Str. 6, ptr.,,  Berlin
2025-08-15 16:54:23,285 - INFO - Processing address 1059/2495: Magazinstr. 6/7, Berlin
2025-08-15 16:54:24,994 - INFO - Geocoded: Magazinstr. 6/7, Berlin -> (52.5184589, 13.4194685) confidence: 0.05342208819714653
2025-08-15 16:54:24,994 - INFO - Updated Butter Nordstern GmbH: (52.51866614537066, 13.419887655111738)
2025-08-15 16:54:24,994 - INFO - Updated Gebrüder Feige: (52.5185481924929, 13.419031420635028)
2025-08-15 16:54:24,994 - INFO - Processing address 1060/2495: Wilhelmstr. 5/6, Berlin
2025-08-15 16:54:26,993 - INFO - Geocoded: Wilhelmstr. 5/6, Berlin -> (52.4985654, 13.2906319) confidence: 8.875486381318407e-05
2025-08-15 16:54:26,993 - INFO - Updated Byk-Guldenwerke Chemische Fabrik AG: (52.4985654, 13.2906319)
2025-08-15 16:54:26,993 - INFO - Processing address 1061/2495: Berlinerstr. 96, Berlin
2025-08-15 16:54:29,284 - INFO - Geocoded: Berlinerstr. 96, Berlin -> (52.5890105, 13.2845173) confidence: 8.875486381318407e-05
2025-08-15 16:54:29,285 - INFO - Updated Béla Friedmann: (52.5890105, 13.2845173)
2025-08-15 16:54:29,285 - INFO - Processing address 1062/2495: 43, Berlin
2025-08-15 16:54:29,285 - WARNING - Incomplete address detected: 43, Berlin
2025-08-15 16:54:29,285 - ERROR - Failed to geocode address: 43, Berlin
2025-08-15 16:54:29,285 - INFO - Processing address 1063/2495: Kaiserkorse 001, Berlin
2025-08-15 16:54:34,573 - WARNING - Failed to geocode: Kaiserkorse 001, Berlin
2025-08-15 16:54:34,574 - ERROR - Failed to geocode address: Kaiserkorse 001, Berlin
2025-08-15 16:54:34,574 - INFO - Processing address 1064/2495: Wexstr. 33, Berlin
2025-08-15 16:54:36,089 - INFO - Geocoded: Wexstr. 33, Berlin -> (52.4785391, 13.3298384) confidence: 8.875486381318407e-05
2025-08-15 16:54:36,089 - INFO - Updated Böhm & Solms GmbH: (52.4785391, 13.3298384)
2025-08-15 16:54:36,089 - INFO - Processing address 1065/2495: Kantstr. 163, Berlin
2025-08-15 16:54:37,951 - INFO - Geocoded: Kantstr. 163, Berlin -> (52.5050597, 13.3328482) confidence: 8.875486381318407e-05
2025-08-15 16:54:37,951 - INFO - Updated Böhm, Caminer & Co KG: (52.505210228242646, 13.333491310406224)
2025-08-15 16:54:37,951 - INFO - Updated Fabian Lachmann: (52.504764109760494, 13.333217388833651)
2025-08-15 16:54:37,951 - INFO - Processing address 1066/2495: Waldstr. 16, Berlin
2025-08-15 16:54:40,049 - INFO - Geocoded: Waldstr. 16, Berlin -> (52.4418104, 13.5526058) confidence: 8.875486381318407e-05
2025-08-15 16:54:40,049 - INFO - Updated Böhm, Erich: (52.4418104, 13.5526058)
2025-08-15 16:54:40,049 - INFO - Processing address 1067/2495: Thomasiusstr. 17, Berlin
2025-08-15 16:54:41,472 - INFO - Geocoded: Thomasiusstr. 17, Berlin -> (52.5220239, 13.3502227) confidence: 8.875486381318407e-05
2025-08-15 16:54:41,472 - INFO - Updated Böhm, Max: (52.5220239, 13.3502227)
2025-08-15 16:54:41,472 - INFO - Processing address 1068/2495: Invalidenstr.  18, Berlin
2025-08-15 16:54:43,252 - INFO - Geocoded: Invalidenstr.  18, Berlin -> (52.5316629, 13.3889) confidence: 0.3747721185273456
2025-08-15 16:54:43,252 - INFO - Updated Bürobedarfshaus Biberfeld: (52.5316629, 13.3889)
2025-08-15 16:54:43,252 - INFO - Processing address 1069/2495: Uhlandstr. 79, Berlin
2025-08-15 16:54:45,093 - INFO - Geocoded: Uhlandstr. 79, Berlin -> (52.409295, 13.3989678) confidence: 8.875486381318407e-05
2025-08-15 16:54:45,093 - INFO - Updated Bürola Gesellschaft für Büromittellieferung mbH: (52.409295, 13.3989678)
2025-08-15 16:54:45,093 - INFO - Processing address 1070/2495: Markgrafenstr. 87, Berlin
2025-08-15 16:54:46,722 - INFO - Geocoded: Markgrafenstr. 87, Berlin -> (52.5033408, 13.3947136) confidence: 8.875486381318407e-05
2025-08-15 16:54:46,722 - INFO - Updated Büromöbel Carl Bader: (52.5033408, 13.3947136)
2025-08-15 16:54:46,722 - INFO - Processing address 1071/2495: Oranienstr. 105, Berlin
2025-08-15 16:54:48,252 - INFO - Geocoded: Oranienstr. 105, Berlin -> (52.5064353, 13.3999711) confidence: 8.875486381318407e-05
2025-08-15 16:54:48,252 - INFO - Updated Büromöbel Oranien Max Hirschhorn: (52.5064353, 13.3999711)
2025-08-15 16:54:48,252 - INFO - Processing address 1072/2495: Sebastianstr. 61, Berlin
2025-08-15 16:54:49,826 - INFO - Geocoded: Sebastianstr. 61, Berlin -> (52.5062744, 13.4106063) confidence: 0.05342208819714653
2025-08-15 16:54:49,826 - INFO - Updated Büropa Bürobedarf und Papier Handelsgesellschaft mbH: (52.5062744, 13.4106063)
2025-08-15 16:54:49,826 - INFO - Processing address 1073/2495: Westhafen 1, Berlin
2025-08-15 16:54:51,339 - INFO - Geocoded: Westhafen 1, Berlin -> (52.5369734, 13.3417491) confidence: 8.875486381318407e-05
2025-08-15 16:54:51,339 - INFO - Updated C. Becker & Co GmbH: (52.5369734, 13.3417491)
2025-08-15 16:54:51,339 - INFO - Processing address 1074/2495: An der Spandauer Brücke 6, Berlin
2025-08-15 16:54:52,792 - INFO - Geocoded: An der Spandauer Brücke 6, Berlin -> (52.5235713, 13.403462) confidence: 8.875486381318407e-05
2025-08-15 16:54:52,793 - INFO - Updated C. Borinski & Co: (52.52325798888564, 13.404095550828854)
2025-08-15 16:54:52,793 - INFO - Updated Gorodecki & Will: (52.523473806142775, 13.403434726983761)
2025-08-15 16:54:52,793 - INFO - Processing address 1075/2495: Kronenstr. 14, Berlin
2025-08-15 16:54:54,467 - INFO - Geocoded: Kronenstr. 14, Berlin -> (52.511386, 13.3927068) confidence: 0.05342208819714653
2025-08-15 16:54:54,467 - INFO - Updated C. G. Strohbach: (52.511386, 13.3927068)
2025-08-15 16:54:54,467 - INFO - Processing address 1076/2495: Rungestr. 17, Berlin
2025-08-15 16:54:57,593 - INFO - Geocoded: Rungestr. 17, Berlin -> (52.512112, 13.4194935) confidence: 8.875486381318407e-05
2025-08-15 16:54:57,593 - INFO - Updated C. Gordon & Co: (52.5123034404776, 13.419233492602313)
2025-08-15 16:54:57,593 - INFO - Updated Deutsche Herrenwäsche-Industrie GmbH: (52.512499281622986, 13.419861727972338)
2025-08-15 16:54:57,593 - INFO - Processing address 1077/2495: 108, Berlin
2025-08-15 16:54:57,593 - WARNING - Incomplete address detected: 108, Berlin
2025-08-15 16:54:57,593 - ERROR - Failed to geocode address: 108, Berlin
2025-08-15 16:54:57,593 - INFO - Processing address 1078/2495: Jägerstr. 18, Berlin
2025-08-15 16:55:00,350 - INFO - Geocoded: Jägerstr. 18, Berlin -> (52.4266066, 13.3324679) confidence: 8.875486381318407e-05
2025-08-15 16:55:00,350 - INFO - Updated C. H. Kretschmar in Liquid.: (52.4266066, 13.3324679)
2025-08-15 16:55:00,350 - INFO - Processing address 1079/2495: Königstr. 5, Berlin
2025-08-15 16:55:02,103 - INFO - Geocoded: Königstr. 5, Berlin -> (52.5193175, 13.4112585) confidence: 8.875486381318407e-05
2025-08-15 16:55:02,103 - INFO - Updated C. Marcuse & Co: (52.5193175, 13.4112585)
2025-08-15 16:55:02,103 - INFO - Processing address 1080/2495: An der Schleuse 13, Berlin
2025-08-15 16:55:09,517 - WARNING - Failed to geocode: An der Schleuse 13, Berlin
2025-08-15 16:55:09,518 - ERROR - Failed to geocode address: An der Schleuse 13, Berlin
2025-08-15 16:55:09,518 - INFO - Processing address 1081/2495: Kronenstr. 41, Berlin
2025-08-15 16:55:11,015 - INFO - Geocoded: Kronenstr. 41, Berlin -> (52.5116528, 13.394903) confidence: 8.875486381318407e-05
2025-08-15 16:55:11,015 - INFO - Updated C. Neumann & Co: (52.511210532227985, 13.395401117469198)
2025-08-15 16:55:11,015 - INFO - Updated Erwin Leibke: (52.51120532446909, 13.394542258716807)
2025-08-15 16:55:11,015 - INFO - Updated Fließer & Rosenthal: (52.511343730592905, 13.395022747837322)
2025-08-15 16:55:11,015 - INFO - Processing address 1082/2495: Droysenstr.  18, Berlin
2025-08-15 16:55:12,484 - INFO - Geocoded: Droysenstr.  18, Berlin -> (52.502794, 13.3009023) confidence: 8.875486381318407e-05
2025-08-15 16:55:12,484 - INFO - Updated C. Schiesser: (52.502794, 13.3009023)
2025-08-15 16:55:12,484 - INFO - Processing address 1083/2495: Kurfürstenstr. 149, Berlin
2025-08-15 16:55:14,079 - INFO - Geocoded: Kurfürstenstr. 149, Berlin -> (52.4999163, 13.3614178) confidence: 8.875486381318407e-05
2025-08-15 16:55:14,079 - INFO - Updated C. Spaltmann & Co: (52.4999163, 13.3614178)
2025-08-15 16:55:14,079 - INFO - Processing address 1084/2495: ( Trade ) Eingetragen im Handelsregister/ Gründung 1904 Erloschen 1938 Ostbahnhof ,  Berlin
2025-08-15 16:55:19,466 - WARNING - Failed to geocode: ( Trade ) Eingetragen im Handelsregister/ Gründung 1904 Erloschen 1938 Ostbahnhof ,  Berlin
2025-08-15 16:55:19,467 - ERROR - Failed to geocode address: ( Trade ) Eingetragen im Handelsregister/ Gründung 1904 Erloschen 1938 Ostbahnhof ,  Berlin
2025-08-15 16:55:19,467 - INFO - Processing address 1085/2495: 36/38, Berlin
2025-08-15 16:55:22,521 - INFO - Geocoded: 36/38, Berlin -> (52.510885, 13.3989367) confidence: 0.840425236063765
2025-08-15 16:55:22,521 - INFO - Updated C. Wolfenstein & Co: (52.510970051098866, 13.398619313657777)
2025-08-15 16:55:22,521 - INFO - Updated Continental-Armaturen-Fabrik Gustav Salomon: (52.511128565585565, 13.399133309153347)
2025-08-15 16:55:22,521 - INFO - Processing address 1086/2495: Wassertorstr. 42, Berlin
2025-08-15 16:55:24,088 - INFO - Geocoded: Wassertorstr. 42, Berlin -> (52.4996834, 13.4090638) confidence: 0.05342208819714653
2025-08-15 16:55:24,088 - INFO - Updated C. Zender: (52.4996834, 13.4090638)
2025-08-15 16:55:24,088 - INFO - Processing address 1087/2495: Goebenstr. 9, Berlin
2025-08-15 16:55:25,578 - INFO - Geocoded: Goebenstr. 9, Berlin -> (52.4936207, 13.3642679) confidence: 8.875486381318407e-05
2025-08-15 16:55:25,578 - INFO - Updated C. Zutraun & Co: (52.4936207, 13.3642679)
2025-08-15 16:55:25,578 - INFO - Processing address 1088/2495: Schönhauser Allee 34, Berlin
2025-08-15 16:55:27,218 - INFO - Geocoded: Schönhauser Allee 34, Berlin -> (52.5376943, 13.4126497) confidence: 8.875486381318407e-05
2025-08-15 16:55:27,218 - INFO - Updated Caesar Krucz Metallwarenfabrik: (52.5376943, 13.4126497)
2025-08-15 16:55:27,219 - INFO - Processing address 1089/2495: Alexanderplatz 1, Berlin
2025-08-15 16:55:28,765 - INFO - Geocoded: Alexanderplatz 1, Berlin -> (52.5215058, 13.4123809) confidence: 8.875486381318407e-05
2025-08-15 16:55:28,765 - INFO - Updated Café Braun GmbH: (52.5215058, 13.4123809)
2025-08-15 16:55:28,765 - INFO - Processing address 1090/2495: Kurfürstendamm 70, Berlin
2025-08-15 16:55:30,505 - INFO - Geocoded: Kurfürstendamm 70, Berlin -> (52.5001542, 13.3066629) confidence: 8.875486381318407e-05
2025-08-15 16:55:30,505 - INFO - Updated Café Kurfürstendamm Marta Meyerhof: (52.50051146105547, 13.30686209738075)
2025-08-15 16:55:30,505 - INFO - Updated Frieda Lemmé Inh. Lotte Löwenstein: (52.49973964985664, 13.306403745473766)
2025-08-15 16:55:30,505 - INFO - Processing address 1091/2495: Kurfürstendamm 209, Berlin
2025-08-15 16:55:31,958 - INFO - Geocoded: Kurfürstendamm 209, Berlin -> (52.5020282, 13.3240944) confidence: 8.875486381318407e-05
2025-08-15 16:55:31,958 - INFO - Updated Café Kutschera Karl Kutschera: (52.5020282, 13.3240944)
2025-08-15 16:55:31,958 - INFO - Processing address 1092/2495: Lutherstr. 22/24, Berlin
2025-08-15 16:55:33,957 - INFO - Geocoded: Lutherstr. 22/24, Berlin -> (52.4934258, 13.6118638) confidence: 0.05342208819714653
2025-08-15 16:55:33,957 - INFO - Updated Café Scala GmbH: (52.4934258, 13.6118638)
2025-08-15 16:55:33,957 - INFO - Processing address 1093/2495: Kurfürstendamm 214, Berlin
2025-08-15 16:55:35,427 - INFO - Geocoded: Kurfürstendamm 214, Berlin -> (52.5024906, 13.3262932) confidence: 8.875486381318407e-05
2025-08-15 16:55:35,427 - INFO - Updated Café Treffpunkt GmbH: (52.50231544566084, 13.326847482864206)
2025-08-15 16:55:35,427 - INFO - Updated F. W. J. Gesellschaft zur Förderung wirtschaftlicher Interessen von in Deutschland wohnhaften oder wohnhaft gewesenen Juden mbH: (52.50205276644655, 13.326439435043152)
2025-08-15 16:55:35,427 - INFO - Processing address 1094/2495: Kurfürstendamm 18/19, Berlin
2025-08-15 16:55:37,369 - INFO - Geocoded: Kurfürstendamm 18/19, Berlin -> (52.5035641, 13.3305371) confidence: 0.4914112718388304
2025-08-15 16:55:37,369 - INFO - Updated Café des Westens GmbH: (52.5035641, 13.3305371)
2025-08-15 16:55:37,369 - INFO - Processing address 1095/2495: Friedenstr. 5, Berlin
2025-08-15 16:55:39,130 - INFO - Geocoded: Friedenstr. 5, Berlin -> (52.4379802, 13.3821782) confidence: 8.875486381318407e-05
2025-08-15 16:55:39,130 - INFO - Updated Camnitzer & Feld: (52.4379802, 13.3821782)
2025-08-15 16:55:39,130 - INFO - Processing address 1096/2495: Wrangelstr.  52, Berlin
2025-08-15 16:55:40,644 - INFO - Geocoded: Wrangelstr.  52, Berlin -> (52.4986235, 13.4415686) confidence: 8.875486381318407e-05
2025-08-15 16:55:40,644 - INFO - Updated Carl Abraham, in Firma Joseph Behrendt: (52.4986235, 13.4415686)
2025-08-15 16:55:40,644 - INFO - Processing address 1097/2495: Riehlstr. 19, Berlin
2025-08-15 16:55:42,057 - INFO - Geocoded: Riehlstr. 19, Berlin -> (52.5098746, 13.2864602) confidence: 8.875486381318407e-05
2025-08-15 16:55:42,057 - INFO - Updated Carl Badrian: (52.5098746, 13.2864602)
2025-08-15 16:55:42,057 - INFO - Processing address 1098/2495: Fennstr. 28, Berlin
2025-08-15 16:55:43,617 - INFO - Geocoded: Fennstr. 28, Berlin -> (52.4535902, 13.5158238) confidence: 8.875486381318407e-05
2025-08-15 16:55:43,618 - INFO - Updated Carl Bauermeister: (52.4535902, 13.5158238)
2025-08-15 16:55:43,618 - INFO - Processing address 1099/2495: Olivaer Platz 11, Berlin
2025-08-15 16:55:45,162 - INFO - Geocoded: Olivaer Platz 11, Berlin -> (52.499682, 13.3162955) confidence: 8.875486381318407e-05
2025-08-15 16:55:45,162 - INFO - Updated Carl Bendix: (52.499682, 13.3162955)
2025-08-15 16:55:45,162 - INFO - Processing address 1100/2495: Hauptstr. 49, Berlin
2025-08-15 16:55:48,382 - INFO - Geocoded: Hauptstr. 49, Berlin -> (52.4822777, 13.3485062) confidence: 8.875486381318407e-05
2025-08-15 16:55:48,382 - INFO - Updated Carl Berkowitz & Co Fabrik elektr. Apparate: (52.4822777, 13.3485062)
2025-08-15 16:55:48,383 - INFO - Progress: 1100/2495 addresses processed
2025-08-15 16:55:48,416 - INFO - Processing address 1101/2495: Rosenstr. 19, Berlin
2025-08-15 16:55:50,091 - INFO - Geocoded: Rosenstr. 19, Berlin -> (52.4458117, 13.5774014) confidence: 8.875486381318407e-05
2025-08-15 16:55:50,091 - INFO - Updated Carl Cohn & Co Schuhgroßhandel GmbH: (52.4458117, 13.5774014)
2025-08-15 16:55:50,091 - INFO - Processing address 1102/2495: Bachstr. 10, Berlin
2025-08-15 16:55:51,934 - INFO - Geocoded: Bachstr. 10, Berlin -> (52.4641869, 13.5701491) confidence: 8.875486381318407e-05
2025-08-15 16:55:51,934 - INFO - Updated Carl Cohn jr.: (52.4641869, 13.5701491)
2025-08-15 16:55:51,934 - INFO - Processing address 1103/2495: Molkenmarkt 12/13, Berlin
2025-08-15 16:55:53,682 - INFO - Geocoded: Molkenmarkt 12/13, Berlin -> (52.5167421, 13.4095495) confidence: 0.32357442298512873
2025-08-15 16:55:53,682 - INFO - Updated Carl Engel: (52.51643642935833, 13.409281519702368)
2025-08-15 16:55:53,682 - INFO - Updated Dagobert Holtz: (52.516726912228364, 13.409860899630027)
2025-08-15 16:55:53,682 - INFO - Processing address 1104/2495: Friedrichstr. 69, Berlin
2025-08-15 16:55:55,364 - INFO - Geocoded: Friedrichstr. 69, Berlin -> (52.5122481, 13.3900314) confidence: 8.875486381318407e-05
2025-08-15 16:55:55,364 - INFO - Updated Carl Engel & Co: (52.5122481, 13.3900314)
2025-08-15 16:55:55,364 - INFO - Processing address 1105/2495: Mühlenstr. 9, Berlin
2025-08-15 16:55:57,376 - INFO - Geocoded: Mühlenstr. 9, Berlin -> (52.4302837, 13.2640416) confidence: 8.875486381318407e-05
2025-08-15 16:55:57,376 - INFO - Updated Carl Ernst & Co Nachf.: (52.4302837, 13.2640416)
2025-08-15 16:55:57,376 - INFO - Processing address 1106/2495: Andreasstr. 69, Berlin
2025-08-15 16:55:58,865 - INFO - Geocoded: Andreasstr. 69, Berlin -> (52.5125093, 13.4308135) confidence: 8.875486381318407e-05
2025-08-15 16:55:58,865 - INFO - Updated Carl Raehmer Nchflg.: (52.5125093, 13.4308135)
2025-08-15 16:55:58,865 - INFO - Processing address 1107/2495: Krummestr.  47, Berlin
2025-08-15 16:56:00,384 - INFO - Geocoded: Krummestr.  47, Berlin -> (52.5060555, 13.3087831) confidence: 8.875486381318407e-05
2025-08-15 16:56:00,384 - INFO - Updated Carl Schuhmann: (52.5060555, 13.3087831)
2025-08-15 16:56:00,384 - INFO - Processing address 1108/2495: Hasenheide 9, Berlin
2025-08-15 16:56:01,957 - INFO - Geocoded: Hasenheide 9, Berlin -> (52.487236, 13.422246) confidence: 8.875486381318407e-05
2025-08-15 16:56:01,957 - INFO - Updated Carl Schulz Berliner Eisenmöbel-Fabrik GmbH: (52.48716173725218, 13.42214342763415)
2025-08-15 16:56:01,957 - INFO - Updated Carl Schulz Erste Berliner Eisen-Möbel-Fabrik: (52.48695648700741, 13.422375518288371)
2025-08-15 16:56:01,957 - INFO - Processing address 1109/2495: Bleibtreustr. 25, Berlin
2025-08-15 16:56:03,502 - INFO - Geocoded: Bleibtreustr. 25, Berlin -> (52.5005091, 13.3190018) confidence: 8.875486381318407e-05
2025-08-15 16:56:03,502 - INFO - Updated Carl Walther Steinitz: (52.50075560881604, 13.318722706668739)
2025-08-15 16:56:03,502 - INFO - Updated Emil Jacob: (52.50006278811356, 13.318758201786911)
2025-08-15 16:56:03,502 - INFO - Processing address 1110/2495: Friedrichstr. 78, Berlin
2025-08-15 16:56:05,253 - INFO - Geocoded: Friedrichstr. 78, Berlin -> (52.4556982, 13.6250157) confidence: 8.875486381318407e-05
2025-08-15 16:56:05,253 - INFO - Updated Carl Weil: (52.455714002138414, 13.625013593343517)
2025-08-15 16:56:05,253 - INFO - Updated Geflügel-Mastanstalt Wriezen GmbH: (52.45546687422736, 13.624741495925445)
2025-08-15 16:56:05,253 - INFO - Processing address 1111/2495: Albrechtstr. 6, Berlin
2025-08-15 16:56:06,999 - INFO - Geocoded: Albrechtstr. 6, Berlin -> (52.5226615, 13.384029) confidence: 8.875486381318407e-05
2025-08-15 16:56:06,999 - INFO - Updated Carl Wittenberg Herren-Ausstattungs-Geschäft: (52.5226615, 13.384029)
2025-08-15 16:56:06,999 - INFO - Processing address 1112/2495: Jahnstr. 2, Berlin
2025-08-15 16:56:09,148 - INFO - Geocoded: Jahnstr. 2, Berlin -> (52.6139773, 13.3085236) confidence: 8.875486381318407e-05
2025-08-15 16:56:09,148 - INFO - Updated Carl Zellner: (52.6139773, 13.3085236)
2025-08-15 16:56:09,148 - INFO - Processing address 1113/2495: 121, Berlin
2025-08-15 16:56:09,148 - WARNING - Incomplete address detected: 121, Berlin
2025-08-15 16:56:09,148 - ERROR - Failed to geocode address: 121, Berlin
2025-08-15 16:56:09,148 - INFO - Processing address 1114/2495: Kommandantenstr. 3/4, Berlin
2025-08-15 16:56:11,044 - INFO - Geocoded: Kommandantenstr. 3/4, Berlin -> (52.4377236, 13.2931855) confidence: 0.05342208819714653
2025-08-15 16:56:11,044 - INFO - Updated Carl Kriener: (52.43812155287435, 13.29332411299537)
2025-08-15 16:56:11,044 - INFO - Updated Eisenberg & Arndt: (52.43733440780657, 13.292850437332309)
2025-08-15 16:56:11,044 - INFO - Updated Gebrüder Karantbeiwel GmbH: (52.43774933626515, 13.293793294599583)
2025-08-15 16:56:11,045 - INFO - Processing address 1115/2495: Kurfürstenstr. 3, Berlin
2025-08-15 16:56:12,613 - INFO - Geocoded: Kurfürstenstr. 3, Berlin -> (52.4990372, 13.3686721) confidence: 8.875486381318407e-05
2025-08-15 16:56:12,613 - INFO - Updated Carl Mosheim: (52.4990372, 13.3686721)
2025-08-15 16:56:12,613 - INFO - Processing address 1116/2495: Am Weidendamm 1, Berlin
2025-08-15 16:56:14,241 - INFO - Geocoded: Am Weidendamm 1, Berlin -> (52.5217315, 13.3889817) confidence: 8.875486381318407e-05
2025-08-15 16:56:14,241 - INFO - Updated Carl Nadelmann: (52.5217315, 13.3889817)
2025-08-15 16:56:14,241 - INFO - Processing address 1117/2495: Friedrichsgracht 57, Berlin
2025-08-15 16:56:15,682 - INFO - Geocoded: Friedrichsgracht 57, Berlin -> (52.5136915, 13.401869) confidence: 8.875486381318407e-05
2025-08-15 16:56:15,682 - INFO - Updated Carl Oelsner: (52.5136915, 13.401869)
2025-08-15 16:56:15,682 - INFO - Processing address 1118/2495: Charlottenstr. 59, Berlin
2025-08-15 16:56:17,511 - INFO - Geocoded: Charlottenstr. 59, Berlin -> (52.4319, 13.3332536) confidence: 8.875486381318407e-05
2025-08-15 16:56:17,511 - INFO - Updated Carl Oppenheim: (52.4319, 13.3332536)
2025-08-15 16:56:17,511 - INFO - Processing address 1119/2495: 127, Berlin
2025-08-15 16:56:17,512 - WARNING - Incomplete address detected: 127, Berlin
2025-08-15 16:56:17,512 - ERROR - Failed to geocode address: 127, Berlin
2025-08-15 16:56:17,512 - INFO - Processing address 1120/2495: Turmstr. 77, Berlin
2025-08-15 16:56:19,067 - INFO - Geocoded: Turmstr. 77, Berlin -> (52.5265058, 13.3359353) confidence: 8.875486381318407e-05
2025-08-15 16:56:19,067 - INFO - Updated Carl Pantiel: (52.52679208771168, 13.335932589290184)
2025-08-15 16:56:19,067 - INFO - Updated Gertrud Landsberger: (52.52659543501621, 13.336461318535711)
2025-08-15 16:56:19,067 - INFO - Processing address 1121/2495: 150/151, Berlin
2025-08-15 16:56:21,648 - INFO - Geocoded: 150/151, Berlin -> (52.510885, 13.3989367) confidence: 0.840425236063765
2025-08-15 16:56:21,648 - INFO - Updated Carl Pick Nachfolger: (52.510885, 13.3989367)
2025-08-15 16:56:21,648 - INFO - Processing address 1122/2495: Homuthstr. 7, Berlin
2025-08-15 16:56:23,063 - INFO - Geocoded: Homuthstr. 7, Berlin -> (52.4708571, 13.3231264) confidence: 8.875486381318407e-05
2025-08-15 16:56:23,063 - INFO - Updated Carl Guttfreund: (52.4708571, 13.3231264)
2025-08-15 16:56:23,063 - INFO - Processing address 1123/2495: 101/102, Berlin
2025-08-15 16:56:26,600 - INFO - Geocoded: 101/102, Berlin -> (52.510885, 13.3989367) confidence: 0.840425236063765
2025-08-15 16:56:26,600 - INFO - Updated Carl Hausdorf: (52.510885, 13.3989367)
2025-08-15 16:56:26,600 - INFO - Processing address 1124/2495: Alexandrinenstr. 48, Berlin
2025-08-15 16:56:28,045 - INFO - Geocoded: Alexandrinenstr. 48, Berlin -> (52.506375, 13.4095892) confidence: 8.875486381318407e-05
2025-08-15 16:56:28,045 - INFO - Updated Carl Jander: (52.506281216271105, 13.409197269731045)
2025-08-15 16:56:28,045 - INFO - Updated Chlorator: (52.50659472114714, 13.409315408430428)
2025-08-15 16:56:28,045 - INFO - Updated Chlorator-GmbH: (52.50664839259756, 13.40970850026302)
2025-08-15 16:56:28,045 - INFO - Processing address 1125/2495: Lindenstr. 105, Berlin
2025-08-15 16:56:30,567 - INFO - Geocoded: Lindenstr. 105, Berlin -> (52.393641, 13.5638153) confidence: 5.20401312275428e-05
2025-08-15 16:56:30,567 - INFO - Updated Carl Kisch: (52.393641, 13.5638153)
2025-08-15 16:56:30,567 - INFO - Processing address 1126/2495: Poststr. 29, Berlin
2025-08-15 16:56:32,656 - INFO - Geocoded: Poststr. 29, Berlin -> (52.5162686, 13.4070105) confidence: 0.21935002950294058
2025-08-15 16:56:32,656 - INFO - Updated Carl Koppenheim vormals Paul Siebeling: (52.51663026343928, 13.407022074719901)
2025-08-15 16:56:32,656 - INFO - Updated Emco, Herrenwäsche, Inhaber Martin Cohn: (52.516033522572016, 13.406367107656324)
2025-08-15 16:56:32,656 - INFO - Processing address 1127/2495: Alexanderstr. 14, Berlin
2025-08-15 16:56:34,289 - INFO - Geocoded: Alexanderstr. 14, Berlin -> (52.5203301, 13.4156813) confidence: 0.05342208819714653
2025-08-15 16:56:34,289 - INFO - Updated Carlsbader Fein Bäckerei Moritz Dobrin: (52.5203301, 13.4156813)
2025-08-15 16:56:34,289 - INFO - Processing address 1128/2495: Geisbergstr.  18, Berlin
2025-08-15 16:56:35,735 - INFO - Geocoded: Geisbergstr.  18, Berlin -> (52.4981072, 13.3368226) confidence: 8.875486381318407e-05
2025-08-15 16:56:35,735 - INFO - Updated Carlsbader Feinbäckerei: (52.4981072, 13.3368226)
2025-08-15 16:56:35,735 - INFO - Processing address 1129/2495: Hufelandstr.  1, Berlin
2025-08-15 16:56:37,264 - INFO - Geocoded: Hufelandstr.  1, Berlin -> (52.5329108, 13.4300394) confidence: 8.875486381318407e-05
2025-08-15 16:56:37,265 - INFO - Updated Carmen Echtermeier: (52.5329108, 13.4300394)
2025-08-15 16:56:37,265 - INFO - Processing address 1130/2495: Poststr. 31, Berlin
2025-08-15 16:56:39,355 - INFO - Geocoded: Poststr. 31, Berlin -> (52.5162686, 13.4070105) confidence: 0.21935002950294058
2025-08-15 16:56:39,355 - INFO - Updated Caro & Rosenhain: (52.515866515516095, 13.406464909555728)
2025-08-15 16:56:39,355 - INFO - Updated Grotex, Großhandels-Textilgesellschaft mbH: (52.51618813972581, 13.406420513715728)
2025-08-15 16:56:39,355 - INFO - Processing address 1131/2495: Taubenstr. 46, Berlin
2025-08-15 16:56:41,013 - INFO - Geocoded: Taubenstr. 46, Berlin -> (52.4494151, 13.4679752) confidence: 0.05342208819714653
2025-08-15 16:56:41,013 - INFO - Updated Carsch & Co: (52.4494151, 13.4679752)
2025-08-15 16:56:41,013 - INFO - Processing address 1132/2495: Münzstr. 16, Berlin
2025-08-15 16:56:42,479 - INFO - Geocoded: Münzstr. 16, Berlin -> (52.5247458, 13.4074249) confidence: 8.875486381318407e-05
2025-08-15 16:56:42,479 - INFO - Updated Caspar Markwald: (52.52514261488099, 13.407580360002445)
2025-08-15 16:56:42,479 - INFO - Updated Fritz Brandmann: (52.524418102545766, 13.407273387227344)
2025-08-15 16:56:42,479 - INFO - Processing address 1133/2495: Keithstr. 11, Berlin
2025-08-15 16:56:43,944 - INFO - Geocoded: Keithstr. 11, Berlin -> (52.5028116, 13.3456171) confidence: 8.875486381318407e-05
2025-08-15 16:56:43,944 - INFO - Updated Caucasische Handelsgesellschaft mbH: (52.5028116, 13.3456171)
2025-08-15 16:56:43,944 - INFO - Processing address 1134/2495: Trautenaustr.  5, Berlin
2025-08-15 16:56:45,466 - INFO - Geocoded: Trautenaustr.  5, Berlin -> (52.4933187, 13.3297618) confidence: 8.875486381318407e-05
2025-08-15 16:56:45,466 - INFO - Updated Cecilien-Bad: (52.4933187, 13.3297618)
2025-08-15 16:56:45,466 - INFO - Processing address 1135/2495: Tegeler Weg 28/33, Berlin
2025-08-15 16:56:47,463 - INFO - Geocoded: Tegeler Weg 28/33, Berlin -> (52.5227085, 13.3001805) confidence: 0.05342208819714653
2025-08-15 16:56:47,464 - INFO - Updated Cellon Chemische Fabrik GmbH: (52.522731740382845, 13.300376795567656)
2025-08-15 16:56:47,464 - INFO - Updated Cellon-Werke, Dr. Arthur Eichengrün: (52.52299163103431, 13.300685129982837)
2025-08-15 16:56:47,464 - INFO - Updated Filigo, Fabrik pharm. u. chem. techn. Praeparate Julius Philippsthal: (52.52248862355927, 13.30014017385648)
2025-08-15 16:56:47,464 - INFO - Processing address 1136/2495: Claudiusstr. 9, Berlin
2025-08-15 16:56:48,905 - INFO - Geocoded: Claudiusstr. 9, Berlin -> (52.5221511, 13.3450568) confidence: 8.875486381318407e-05
2025-08-15 16:56:48,908 - INFO - Updated Central-Bureau techn. Neuheiten Philipp Burger: (52.5221511, 13.3450568)
2025-08-15 16:56:48,908 - INFO - Processing address 1137/2495: Siegmundshof 6, Berlin
2025-08-15 16:56:55,349 - WARNING - Failed to geocode: Siegmundshof 6, Berlin
2025-08-15 16:56:55,349 - ERROR - Failed to geocode address: Siegmundshof 6, Berlin
2025-08-15 16:56:55,349 - INFO - Processing address 1138/2495: Friedrichstr. 225, Berlin
2025-08-15 16:56:57,184 - INFO - Geocoded: Friedrichstr. 225, Berlin -> (52.5039428, 13.390732) confidence: 8.875486381318407e-05
2025-08-15 16:56:57,184 - INFO - Updated Centralfilm Fett & Co GmbH: (52.50429286801397, 13.390968299182962)
2025-08-15 16:56:57,184 - INFO - Updated Gebr. Wolffsohn GmbH: (52.503704852557334, 13.39075156697977)
2025-08-15 16:56:57,184 - INFO - Processing address 1139/2495: Jägerstr.  63, Berlin
2025-08-15 16:56:59,105 - INFO - Geocoded: Jägerstr.  63, Berlin -> (52.5139669, 13.388613) confidence: 8.875486381318407e-05
2025-08-15 16:56:59,105 - INFO - Updated Centralleihhaus 63: (52.5139669, 13.388613)
2025-08-15 16:56:59,105 - INFO - Processing address 1140/2495: Frobenstr. 2, Berlin
2025-08-15 16:57:00,655 - INFO - Geocoded: Frobenstr. 2, Berlin -> (52.4260857, 13.3343074) confidence: 8.875486381318407e-05
2025-08-15 16:57:00,655 - INFO - Updated Cereales Kommanditgesellschaft F. Ettich & Co: (52.4260857, 13.3343074)
2025-08-15 16:57:00,655 - INFO - Processing address 1141/2495: Taubenstr. 25, Berlin
2025-08-15 16:57:02,072 - INFO - Geocoded: Taubenstr. 25, Berlin -> (52.5134518, 13.3949732) confidence: 8.875486381318407e-05
2025-08-15 16:57:02,072 - INFO - Updated Ceres-Assekuranz AG: (52.5134518, 13.3949732)
2025-08-15 16:57:02,072 - INFO - Processing address 1142/2495: 64, Berlin
2025-08-15 16:57:02,072 - WARNING - Incomplete address detected: 64, Berlin
2025-08-15 16:57:02,072 - ERROR - Failed to geocode address: 64, Berlin
2025-08-15 16:57:02,072 - INFO - Processing address 1143/2495: Helgoländer Ufer 2, Berlin
2025-08-15 16:57:03,727 - INFO - Geocoded: Helgoländer Ufer 2, Berlin -> (52.5200177, 13.3512243) confidence: 0.05342208819714653
2025-08-15 16:57:03,727 - INFO - Updated Ch. Berkmann & Co: (52.5200177, 13.3512243)
2025-08-15 16:57:03,727 - INFO - Processing address 1144/2495: ( Trade ) Eingetragen im Handelsregister/ Gründung 1919 Köpenicker Str. 33a,  Berlin
2025-08-15 16:57:13,842 - WARNING - Failed to geocode: ( Trade ) Eingetragen im Handelsregister/ Gründung 1919 Köpenicker Str. 33a,  Berlin
2025-08-15 16:57:13,842 - ERROR - Failed to geocode address: ( Trade ) Eingetragen im Handelsregister/ Gründung 1919 Köpenicker Str. 33a,  Berlin
2025-08-15 16:57:13,842 - INFO - Processing address 1145/2495: Kantstr. 129, Berlin
2025-08-15 16:57:15,723 - INFO - Geocoded: Kantstr. 129, Berlin -> (52.5061552, 13.3129289) confidence: 8.875486381318407e-05
2025-08-15 16:57:15,724 - INFO - Updated Ch. Ehrlich & Co: (52.5061552, 13.3129289)
2025-08-15 16:57:15,724 - INFO - Processing address 1146/2495: 89, Berlin
2025-08-15 16:57:15,724 - WARNING - Incomplete address detected: 89, Berlin
2025-08-15 16:57:15,724 - ERROR - Failed to geocode address: 89, Berlin
2025-08-15 16:57:15,724 - INFO - Processing address 1147/2495: Schillerstr.  75, Berlin
2025-08-15 16:57:17,703 - INFO - Geocoded: Schillerstr.  75, Berlin -> (52.5097938, 13.3045199) confidence: 8.875486381318407e-05
2025-08-15 16:57:17,703 - INFO - Updated Ch. Kraschkowski: (52.5097938, 13.3045199)
2025-08-15 16:57:17,703 - INFO - Processing address 1148/2495: Jakobstr.  10, Berlin
2025-08-15 16:57:19,268 - INFO - Geocoded: Jakobstr.  10, Berlin -> (52.5260336, 13.4125015) confidence: 0.05342208819714653
2025-08-15 16:57:19,268 - INFO - Updated Ch. Monetta: (52.5260336, 13.4125015)
2025-08-15 16:57:19,268 - INFO - Processing address 1149/2495: Stallschreiberstr.  33, Berlin
2025-08-15 16:57:20,681 - INFO - Geocoded: Stallschreiberstr.  33, Berlin -> (52.5081198, 13.4056733) confidence: 8.875486381318407e-05
2025-08-15 16:57:20,681 - INFO - Updated Ch. Regenwetter: (52.5081198, 13.4056733)
2025-08-15 16:57:20,681 - INFO - Processing address 1150/2495: Dircksenstr.  42, Berlin
2025-08-15 16:57:22,095 - INFO - Geocoded: Dircksenstr.  42, Berlin -> (52.5236197, 13.4059919) confidence: 8.875486381318407e-05
2025-08-15 16:57:22,095 - INFO - Updated Ch. Rosenheck: (52.5236197, 13.4059919)
2025-08-15 16:57:22,096 - INFO - Processing address 1151/2495: Linienstr. 1, Berlin
2025-08-15 16:57:23,705 - INFO - Geocoded: Linienstr. 1, Berlin -> (52.5263484, 13.3886944) confidence: 0.272124500803288
2025-08-15 16:57:23,705 - INFO - Updated Chaim Bindel: (52.5263484, 13.3886944)
2025-08-15 16:57:23,705 - INFO - Processing address 1152/2495: Schillerstr. 29, Berlin
2025-08-15 16:57:25,441 - INFO - Geocoded: Schillerstr. 29, Berlin -> (52.4284798, 13.3192963) confidence: 8.875486381318407e-05
2025-08-15 16:57:25,441 - INFO - Updated Chaim Both: (52.4284798, 13.3192963)
2025-08-15 16:57:25,441 - INFO - Processing address 1153/2495: Waßmannstr. 28, Berlin
2025-08-15 16:57:31,521 - WARNING - Failed to geocode: Waßmannstr. 28, Berlin
2025-08-15 16:57:31,522 - ERROR - Failed to geocode address: Waßmannstr. 28, Berlin
2025-08-15 16:57:31,522 - INFO - Processing address 1154/2495: Roßstr. 14, Berlin
2025-08-15 16:57:33,308 - INFO - Geocoded: Roßstr. 14, Berlin -> (52.5118183, 13.4087513) confidence: 8.875486381318407e-05
2025-08-15 16:57:33,309 - INFO - Updated Chaim Federgrün: (52.5118183, 13.4087513)
2025-08-15 16:57:33,309 - INFO - Processing address 1155/2495: Sybelstr. 2, Berlin
2025-08-15 16:57:34,881 - INFO - Geocoded: Sybelstr. 2, Berlin -> (52.5025933, 13.3119358) confidence: 0.22146471083322677
2025-08-15 16:57:34,881 - INFO - Updated Chaim Kantorowitz: (52.5025933, 13.3119358)
2025-08-15 16:57:34,881 - INFO - Processing address 1156/2495: Samariterstr. 7, Berlin
2025-08-15 16:57:36,406 - INFO - Geocoded: Samariterstr. 7, Berlin -> (52.5160195, 13.4651782) confidence: 8.875486381318407e-05
2025-08-15 16:57:36,407 - INFO - Updated Chaim Karp: (52.5160195, 13.4651782)
2025-08-15 16:57:36,407 - INFO - Processing address 1157/2495: Sophienstr. 5, Berlin
2025-08-15 16:57:37,890 - INFO - Geocoded: Sophienstr. 5, Berlin -> (52.525292, 13.4017082) confidence: 8.875486381318407e-05
2025-08-15 16:57:37,890 - INFO - Updated Chaim Wahrhaftig Schuhwaren Engros: (52.525292, 13.4017082)
2025-08-15 16:57:37,890 - INFO - Processing address 1158/2495: Bahnhofstr.  17, Berlin
2025-08-15 16:57:40,988 - INFO - Geocoded: Bahnhofstr.  17, Berlin -> (52.456721, 13.5780476) confidence: 8.875486381318407e-05
2025-08-15 16:57:40,988 - INFO - Updated Chaim Zupan: (52.456721, 13.5780476)
2025-08-15 16:57:40,988 - INFO - Processing address 1159/2495: Kaiserallee 21, Berlin
2025-08-15 16:57:42,443 - INFO - Geocoded: Kaiserallee 21, Berlin -> (52.4180886, 13.3702438) confidence: 8.875486381318407e-05
2025-08-15 16:57:42,443 - INFO - Updated Charles Gingold Export: (52.4180886, 13.3702438)
2025-08-15 16:57:42,443 - INFO - Processing address 1160/2495: Niederwallstr. 22, Berlin
2025-08-15 16:57:44,024 - INFO - Geocoded: Niederwallstr. 22, Berlin -> (52.5122783, 13.3995124) confidence: 0.05342208819714653
2025-08-15 16:57:44,024 - INFO - Updated Charlie Friedenthal: (52.51216834760219, 13.3991374796101)
2025-08-15 16:57:44,024 - INFO - Updated Elise Kietzmann Inhaber Ascher und Lietke: (52.5119196968539, 13.39999130628422)
2025-08-15 16:57:44,024 - INFO - Processing address 1161/2495: Friedrichstr. 54, Berlin
2025-08-15 16:57:45,798 - INFO - Geocoded: Friedrichstr. 54, Berlin -> (52.4538722, 13.6255957) confidence: 8.875486381318407e-05
2025-08-15 16:57:45,798 - INFO - Updated Charlotte Kroner Zum Zauberkönig: (52.4538722, 13.6255957)
2025-08-15 16:57:45,798 - INFO - Processing address 1162/2495: 133, Berlin
2025-08-15 16:57:45,798 - WARNING - Incomplete address detected: 133, Berlin
2025-08-15 16:57:45,798 - ERROR - Failed to geocode address: 133, Berlin
2025-08-15 16:57:45,798 - INFO - Processing address 1163/2495: Hohenzollerndamm 211, Berlin
2025-08-15 16:57:47,920 - INFO - Geocoded: Hohenzollerndamm 211, Berlin -> (52.4783155, 13.2831171) confidence: 0.29890295276232437
2025-08-15 16:57:47,920 - INFO - Updated Charlottenburger Lombard-GmbH: (52.4783155, 13.2831171)
2025-08-15 16:57:47,920 - INFO - Processing address 1164/2495: Allee 4, Berlin
2025-08-15 16:57:49,847 - INFO - Geocoded: Allee 4, Berlin -> (52.5090054, 13.5038275) confidence: 8.875486381318407e-05
2025-08-15 16:57:49,847 - INFO - Updated Charlottenburger Papierwaren GmbH: (52.5090054, 13.5038275)
2025-08-15 16:57:49,847 - INFO - Processing address 1165/2495: Am Bayerischen Platz 9, Berlin
2025-08-15 16:57:51,706 - INFO - Geocoded: Am Bayerischen Platz 9, Berlin -> (52.4881328, 13.3405829) confidence: 8.875486381318407e-05
2025-08-15 16:57:51,706 - INFO - Updated Charlottenburger Wasser- und Industriewerke AG: (52.4881328, 13.3405829)
2025-08-15 16:57:51,706 - INFO - Processing address 1166/2495: Spandauer Berg 10/12, Berlin
2025-08-15 16:57:53,958 - INFO - Geocoded: Spandauer Berg 10/12, Berlin -> (52.5239946, 13.2565591) confidence: 0.10675542153047987
2025-08-15 16:57:53,958 - INFO - Updated Charlottenburger Westend-Apotheke am Spandauer Berg Ella Handschuhmacher: (52.5239946, 13.2565591)
2025-08-15 16:57:53,958 - INFO - Processing address 1167/2495: Dragonerstr. 10, Berlin
2025-08-15 16:57:55,423 - INFO - Geocoded: Dragonerstr. 10, Berlin -> (52.5252726, 13.408431) confidence: 8.875486381318407e-05
2025-08-15 16:57:55,423 - INFO - Updated Chaskel Felsenbach: (52.5252726, 13.408431)
2025-08-15 16:57:55,423 - INFO - Processing address 1168/2495: Thomasiusstr. 3, Berlin
2025-08-15 16:57:57,064 - INFO - Geocoded: Thomasiusstr. 3, Berlin -> (52.5236539, 13.3504859) confidence: 8.875486381318407e-05
2025-08-15 16:57:57,064 - INFO - Updated Chemisch-Technischer Industriebedarf Dipl.-Ing. Erwin Reichmann: (52.5236539, 13.3504859)
2025-08-15 16:57:57,064 - INFO - Processing address 1169/2495: Ritterstr. 42/43, Berlin
2025-08-15 16:57:59,110 - INFO - Geocoded: Ritterstr. 42/43, Berlin -> (52.5049928, 13.3982162) confidence: 0.05342208819714653
2025-08-15 16:57:59,110 - INFO - Updated Chemisch-pharmazeutische Fabrik Ruko Dr. Rudolf Kohn: (52.50488597558935, 13.398856661763823)
2025-08-15 16:57:59,110 - INFO - Updated Gustav Kochmann: (52.5049384554077, 13.398707932994029)
2025-08-15 16:57:59,110 - INFO - Processing address 1170/2495: Nalepastr. 208, Berlin
2025-08-15 16:58:01,090 - INFO - Geocoded: Nalepastr. 208, Berlin -> (52.4657802, 13.5061663) confidence: 8.875486381318407e-05
2025-08-15 16:58:01,090 - INFO - Updated Chemisch-wissenschaftliches Laboratorium Dr. Fraenkel u. Dr. Landau: (52.4657802, 13.5061663)
2025-08-15 16:58:01,090 - INFO - Processing address 1171/2495: Kirchstr. 85, Berlin
2025-08-15 16:58:03,173 - INFO - Geocoded: Kirchstr. 85, Berlin -> (52.4214382, 13.3744395) confidence: 8.875486381318407e-05
2025-08-15 16:58:03,173 - INFO - Updated Chemische Fabrik Apotheker Weiß GmbH: (52.4214382, 13.3744395)
2025-08-15 16:58:03,173 - INFO - Processing address 1172/2495: Dorotheenstr. 36, Berlin
2025-08-15 16:58:04,747 - INFO - Geocoded: Dorotheenstr. 36, Berlin -> (52.5195438, 13.3958725) confidence: 0.32228022566186254
2025-08-15 16:58:04,747 - INFO - Updated Chemische Fabrik Dr. Hans Sachse & Scheidt GmbH: (52.51929717501801, 13.395804573940312)
2025-08-15 16:58:04,747 - INFO - Updated Gesellschaft für elektrische Unternehmungen - Ludw. Loewe & Co AG: (52.519530458545425, 13.396273604212675)
2025-08-15 16:58:04,747 - INFO - Processing address 1173/2495: Sybelstr. 39, Berlin
2025-08-15 16:58:06,184 - INFO - Geocoded: Sybelstr. 39, Berlin -> (52.5018068, 13.2984588) confidence: 8.875486381318407e-05
2025-08-15 16:58:06,184 - INFO - Updated Chemische Fabrik Hermann & Adolf Lubszynski: (52.5018068, 13.2984588)
2025-08-15 16:58:06,184 - INFO - Processing address 1174/2495: Adalbertstr. 65, Berlin
2025-08-15 16:58:07,772 - INFO - Geocoded: Adalbertstr. 65, Berlin -> (52.5059459, 13.4223372) confidence: 8.875486381318407e-05
2025-08-15 16:58:07,772 - INFO - Updated Chemische Fabrik Jacobus GmbH: (52.5059459, 13.4223372)
2025-08-15 16:58:07,772 - INFO - Processing address 1175/2495: Nalepastr. 10, Berlin
2025-08-15 16:58:09,256 - INFO - Geocoded: Nalepastr. 10, Berlin -> (52.4807747, 13.5011212) confidence: 8.875486381318407e-05
2025-08-15 16:58:09,256 - INFO - Updated Chemische Fabrik Kebbel GmbH: (52.4807747, 13.5011212)
2025-08-15 16:58:09,256 - INFO - Processing address 1176/2495: Michaelkirchstr. 20, Berlin
2025-08-15 16:58:10,751 - INFO - Geocoded: Michaelkirchstr. 20, Berlin -> (52.5113845, 13.4225646) confidence: 8.875486381318407e-05
2025-08-15 16:58:10,751 - INFO - Updated Chemische Fabrikation Jacart GmbH: (52.5113845, 13.4225646)
2025-08-15 16:58:10,751 - INFO - Processing address 1177/2495: Oraniendamm 7/9, Berlin
2025-08-15 16:58:12,531 - INFO - Geocoded: Oraniendamm 7/9, Berlin -> (52.6063387, 13.3251959) confidence: 0.05342208819714653
2025-08-15 16:58:12,531 - INFO - Updated Chemische Fabriken Dr. Joachim Wiernik & Co AG: (52.6063387, 13.3251959)
2025-08-15 16:58:12,531 - INFO - Processing address 1178/2495: Flottenstr. 54/55, Berlin
2025-08-15 16:58:15,632 - INFO - Geocoded: Flottenstr. 54/55, Berlin -> (52.5778426, 13.3535671) confidence: 0.05342208819714653
2025-08-15 16:58:15,633 - INFO - Updated Chemische Werke Zimmer & Co: (52.578166145585904, 13.354004217264505)
2025-08-15 16:58:15,633 - INFO - Updated Deutscher Schrotthandel GmbH: (52.57740966529095, 13.353227666175929)
2025-08-15 16:58:15,633 - INFO - Processing address 1179/2495: Uhlandstr. 31, Berlin
2025-08-15 16:58:17,523 - INFO - Geocoded: Uhlandstr. 31, Berlin -> (52.5007716, 13.3248081) confidence: 8.875486381318407e-05
2025-08-15 16:58:17,523 - INFO - Updated Chemisches Laboratorium Paul Raphael: (52.5007716, 13.3248081)
2025-08-15 16:58:17,523 - INFO - Processing address 1180/2495: Wielandstr. 24, Berlin
2025-08-15 16:58:19,153 - INFO - Geocoded: Wielandstr. 24, Berlin -> (52.5001968, 13.3147386) confidence: 8.875486381318407e-05
2025-08-15 16:58:19,153 - INFO - Updated Chemophot Herstellung photochemischer Erzeugnisse Max Silberberg: (52.5001968, 13.3147386)
2025-08-15 16:58:19,153 - INFO - Processing address 1181/2495: Friedrichstr. 47, Berlin
2025-08-15 16:58:21,720 - INFO - Geocoded: Friedrichstr. 47, Berlin -> (52.5079798, 13.390654) confidence: 8.875486381318407e-05
2025-08-15 16:58:21,720 - INFO - Updated Chiel Goldmann: (52.50772193958661, 13.390098898604073)
2025-08-15 16:58:21,720 - INFO - Updated Goldmann & Kuttner GmbH: (52.507816220328785, 13.390682797672866)
2025-08-15 16:58:21,720 - INFO - Processing address 1182/2495: Gneisenaustr. 49, Berlin
2025-08-15 16:58:23,290 - INFO - Geocoded: Gneisenaustr. 49, Berlin -> (52.4895201, 13.4029434) confidence: 8.875486381318407e-05
2025-08-15 16:58:23,291 - INFO - Updated Chr. Rösler: (52.4895201, 13.4029434)
2025-08-15 16:58:23,291 - INFO - Processing address 1183/2495: Kurfürstendamm 219, Berlin
2025-08-15 16:58:24,931 - INFO - Geocoded: Kurfürstendamm 219, Berlin -> (52.5028114, 13.3283201) confidence: 8.875486381318407e-05
2025-08-15 16:58:24,932 - INFO - Updated Christian Ehlermann GmbH: (52.5028114, 13.3283201)
2025-08-15 16:58:24,932 - INFO - Processing address 1184/2495: Gollnowstr. 44, Berlin
2025-08-15 16:58:31,194 - WARNING - Failed to geocode: Gollnowstr. 44, Berlin
2025-08-15 16:58:31,195 - ERROR - Failed to geocode address: Gollnowstr. 44, Berlin
2025-08-15 16:58:31,195 - INFO - Processing address 1185/2495: Erasmusstr. 2, Berlin
2025-08-15 16:58:32,640 - INFO - Geocoded: Erasmusstr. 2, Berlin -> (52.5262144, 13.3274128) confidence: 8.875486381318407e-05
2025-08-15 16:58:32,640 - INFO - Updated Cigarettenfabrik Kraj GmbH: (52.5262144, 13.3274128)
2025-08-15 16:58:32,640 - INFO - Processing address 1186/2495: 212, Berlin
2025-08-15 16:58:32,640 - WARNING - Incomplete address detected: 212, Berlin
2025-08-15 16:58:32,640 - ERROR - Failed to geocode address: 212, Berlin
2025-08-15 16:58:32,640 - INFO - Processing address 1187/2495: Alexanderstr. 27, Berlin
2025-08-15 16:58:34,164 - INFO - Geocoded: Alexanderstr. 27, Berlin -> (52.5189267, 13.4181965) confidence: 8.875486381318407e-05
2025-08-15 16:58:34,164 - INFO - Updated Cigarettenpapier-Manufaktur Max Mayer: (52.518657180051584, 13.418049322309349)
2025-08-15 16:58:34,164 - INFO - Updated Edel & Dobrin, Spirituosen und Weinhandlung GmbH: (52.518634301247324, 13.418553361313062)
2025-08-15 16:58:34,164 - INFO - Processing address 1188/2495: Bahnstr. 18, Berlin
2025-08-15 16:58:36,320 - INFO - Geocoded: Bahnstr. 18, Berlin -> (52.4221953, 13.3751119) confidence: 0.05342208819714653
2025-08-15 16:58:36,320 - INFO - Updated Cigarrenhaus Groß-Berlin Passow u. Neimann: (52.4221953, 13.3751119)
2025-08-15 16:58:36,320 - INFO - Processing address 1189/2495: Motzstr.  43, Berlin
2025-08-15 16:58:37,811 - INFO - Geocoded: Motzstr.  43, Berlin -> (52.4965739, 13.3449807) confidence: 8.875486381318407e-05
2025-08-15 16:58:37,811 - INFO - Updated Cilly Goldschmidt: (52.4965739, 13.3449807)
2025-08-15 16:58:37,811 - INFO - Processing address 1190/2495: Cilly Hamburger Kurfürstendamm  229, Berlin
2025-08-15 16:58:45,529 - WARNING - Failed to geocode: Cilly Hamburger Kurfürstendamm  229, Berlin
2025-08-15 16:58:45,530 - ERROR - Failed to geocode address: Cilly Hamburger Kurfürstendamm  229, Berlin
2025-08-15 16:58:45,530 - INFO - Processing address 1191/2495: Friedrichstr.  248, Berlin
2025-08-15 16:58:47,785 - INFO - Geocoded: Friedrichstr.  248, Berlin -> (52.5015293, 13.3913508) confidence: 0.4683814607413573
2025-08-15 16:58:47,785 - INFO - Updated Cilly Stillmann: (52.5015293, 13.3913508)
2025-08-15 16:58:47,785 - INFO - Processing address 1192/2495: Kochstr. 18, Berlin
2025-08-15 16:58:49,538 - INFO - Geocoded: Kochstr. 18, Berlin -> (52.5070178, 13.3930998) confidence: 8.875486381318407e-05
2025-08-15 16:58:49,538 - INFO - Updated Cine-Allianz Tonfilm Produktionsgesellschaft mbH: (52.5070178, 13.3930998)
2025-08-15 16:58:49,538 - INFO - Processing address 1193/2495: 136/138, Berlin
2025-08-15 16:58:53,821 - INFO - Geocoded: 136/138, Berlin -> (52.510885, 13.3989367) confidence: 0.840425236063765
2025-08-15 16:58:53,821 - INFO - Updated City-Cafébetriebsgesellschaft mbH: (52.510885, 13.3989367)
2025-08-15 16:58:53,821 - INFO - Processing address 1194/2495: Hohenstaufenstr.  14, Berlin
2025-08-15 16:58:55,433 - INFO - Geocoded: Hohenstaufenstr.  14, Berlin -> (52.4947354, 13.3508544) confidence: 0.05342208819714653
2025-08-15 16:58:55,433 - INFO - Updated Claire Schott: (52.4947354, 13.3508544)
2025-08-15 16:58:55,433 - INFO - Processing address 1195/2495: Grunewaldstr. 46, Berlin
2025-08-15 16:58:57,245 - INFO - Geocoded: Grunewaldstr. 46, Berlin -> (52.4888464, 13.3410094) confidence: 8.875486381318407e-05
2025-08-15 16:58:57,246 - INFO - Updated Clara Golsch: (52.4888464, 13.3410094)
2025-08-15 16:58:57,246 - INFO - Processing address 1196/2495: Schöneberger Ufer 31, Berlin
2025-08-15 16:58:59,027 - INFO - Geocoded: Schöneberger Ufer 31, Berlin -> (52.5054916, 13.3698445) confidence: 0.05342208819714653
2025-08-15 16:58:59,027 - INFO - Updated Clara Landau, Bibliophile Bücherstube GmbH: (52.5054916, 13.3698445)
2025-08-15 16:58:59,027 - INFO - Processing address 1197/2495: Suarezstr.  16, Berlin
2025-08-15 16:59:00,662 - INFO - Geocoded: Suarezstr.  16, Berlin -> (52.5074305, 13.2950865) confidence: 8.875486381318407e-05
2025-08-15 16:59:00,663 - INFO - Updated Clara Loewenheim: (52.5074305, 13.2950865)
2025-08-15 16:59:00,663 - INFO - Processing address 1198/2495: Markt 4/5, Berlin
2025-08-15 16:59:04,761 - INFO - Geocoded: Markt 4/5, Berlin -> (52.5371035, 13.2049034) confidence: 0.05342208819714653
2025-08-15 16:59:04,761 - INFO - Updated Clara Nansen: (52.5371035, 13.2049034)
2025-08-15 16:59:04,761 - INFO - Processing address 1199/2495: Uhlandstr.  71, Berlin
2025-08-15 16:59:06,568 - INFO - Geocoded: Uhlandstr.  71, Berlin -> (52.4108082, 13.3981692) confidence: 8.875486381318407e-05
2025-08-15 16:59:06,569 - INFO - Updated Clara Oppenheim: (52.4108082, 13.3981692)
2025-08-15 16:59:06,569 - INFO - Processing address 1200/2495: Friedrichstr. 153, Berlin
2025-08-15 16:59:08,109 - INFO - Geocoded: Friedrichstr. 153, Berlin -> (52.5178109, 13.3885445) confidence: 8.875486381318407e-05
2025-08-15 16:59:08,109 - INFO - Updated Clara Riemer: (52.5178109, 13.3885445)
2025-08-15 16:59:08,109 - INFO - Progress: 1200/2495 addresses processed
2025-08-15 16:59:08,149 - INFO - Processing address 1201/2495: Fasanenstr. 68, Berlin
2025-08-15 16:59:09,710 - INFO - Geocoded: Fasanenstr. 68, Berlin -> (52.5008537, 13.3273006) confidence: 8.875486381318407e-05
2025-08-15 16:59:09,710 - INFO - Updated Claudia Altin Parfümerie-Vertretung-Engros-Export-Import: (52.5008537, 13.3273006)
2025-08-15 16:59:09,710 - INFO - Processing address 1202/2495: Kurfürstenstr. 35, Berlin
2025-08-15 16:59:11,288 - INFO - Geocoded: Kurfürstenstr. 35, Berlin -> (52.5008093, 13.3613244) confidence: 8.875486381318407e-05
2025-08-15 16:59:11,288 - INFO - Updated Club-Magazin Ernstein & Co: (52.5008093, 13.3613244)
2025-08-15 16:59:11,288 - INFO - Processing address 1203/2495: Kantstr. 160, Berlin
2025-08-15 16:59:12,779 - INFO - Geocoded: Kantstr. 160, Berlin -> (52.5051314, 13.3306665) confidence: 8.875486381318407e-05
2025-08-15 16:59:12,779 - INFO - Updated Cohen & Behar: (52.5051314, 13.3306665)
2025-08-15 16:59:12,779 - INFO - Processing address 1204/2495: Turmstr.  53, Berlin
2025-08-15 16:59:14,283 - INFO - Geocoded: Turmstr.  53, Berlin -> (52.5273373, 13.331426) confidence: 8.875486381318407e-05
2025-08-15 16:59:14,283 - INFO - Updated Cohn: (52.5273373, 13.331426)
2025-08-15 16:59:14,283 - INFO - Processing address 1205/2495: Kommandantenstr. 17, Berlin
2025-08-15 16:59:16,046 - INFO - Geocoded: Kommandantenstr. 17, Berlin -> (52.4356892, 13.2925709) confidence: 8.875486381318407e-05
2025-08-15 16:59:16,046 - INFO - Updated Cohn & Eichel: (52.436006759964144, 13.292757100980003)
2025-08-15 16:59:16,046 - INFO - Updated Donig & Lambert: (52.43554964835266, 13.292207810942738)
2025-08-15 16:59:16,046 - INFO - Processing address 1206/2495: Beusselstr.  72, Berlin
2025-08-15 16:59:17,561 - INFO - Geocoded: Beusselstr.  72, Berlin -> (52.5282486, 13.3284535) confidence: 8.875486381318407e-05
2025-08-15 16:59:17,561 - INFO - Updated Cohn Johanna: (52.52825805982441, 13.32819756082105)
2025-08-15 16:59:17,561 - INFO - Updated Felix Zimmt, in Firma M. Leschnik: (52.527856548538054, 13.328024441985567)
2025-08-15 16:59:17,561 - INFO - Processing address 1207/2495: Edisonstr. 25, Berlin
2025-08-15 16:59:19,067 - INFO - Geocoded: Edisonstr. 25, Berlin -> (52.4661106, 13.5135005) confidence: 8.875486381318407e-05
2025-08-15 16:59:19,067 - INFO - Updated Cohn, Edmund (oder Eduard): (52.4661106, 13.5135005)
2025-08-15 16:59:19,067 - INFO - Processing address 1208/2495: Barbarossastr. 27, Berlin
2025-08-15 16:59:20,604 - INFO - Geocoded: Barbarossastr. 27, Berlin -> (52.4924873, 13.3399389) confidence: 8.875486381318407e-05
2025-08-15 16:59:20,604 - INFO - Updated Cohn, Gertrud: (52.4924873, 13.3399389)
2025-08-15 16:59:20,604 - INFO - Processing address 1209/2495: Lohmühlenstr. 38/42, Berlin
2025-08-15 16:59:23,850 - INFO - Geocoded: Lohmühlenstr. 38/42, Berlin -> (52.4898369, 13.4402814) confidence: 0.1654187199679029
2025-08-15 16:59:23,850 - INFO - Updated Cohn, Hoffmeister & Schramm: (52.4898369, 13.4402814)
2025-08-15 16:59:23,850 - INFO - Processing address 1210/2495: Kronenstr. 44, Berlin
2025-08-15 16:59:25,416 - INFO - Geocoded: Kronenstr. 44, Berlin -> (52.511386, 13.3927068) confidence: 0.05342208819714653
2025-08-15 16:59:25,416 - INFO - Updated Cohnreich & Blumenthal GmbH: (52.5116999676307, 13.393243241438881)
2025-08-15 16:59:25,416 - INFO - Updated Eugen Neustadt: (52.511657412909734, 13.392947233578408)
2025-08-15 16:59:25,416 - INFO - Updated Grünthal & Wolff GmbH: (52.5118144542226, 13.392278130675262)
2025-08-15 16:59:25,416 - INFO - Updated Grünthal, Wolff & Co: (52.51109838132034, 13.39318015141607)
2025-08-15 16:59:25,416 - INFO - Processing address 1211/2495: Markgrafenstr. 48, Berlin
2025-08-15 16:59:27,046 - INFO - Geocoded: Markgrafenstr. 48, Berlin -> (52.6360843, 13.2970153) confidence: 8.875486381318407e-05
2025-08-15 16:59:27,047 - INFO - Updated Cohnreich & Neiß GmbH: (52.6360843, 13.2970153)
2025-08-15 16:59:27,047 - INFO - Processing address 1212/2495: Mommsenstr. 56, Berlin
2025-08-15 16:59:28,856 - INFO - Geocoded: Mommsenstr. 56, Berlin -> (52.5032131, 13.3125037) confidence: 8.875486381318407e-05
2025-08-15 16:59:28,856 - INFO - Updated Colemann GmbH Fabrik chemisch-technischer Produkte: (52.5032131, 13.3125037)
2025-08-15 16:59:28,856 - INFO - Processing address 1213/2495: Sybelstr. 36, Berlin
2025-08-15 16:59:30,372 - INFO - Geocoded: Sybelstr. 36, Berlin -> (52.5017856, 13.2974743) confidence: 8.875486381318407e-05
2025-08-15 16:59:30,372 - INFO - Updated Collin & Eisenhardt: (52.5017856, 13.2974743)
2025-08-15 16:59:30,372 - INFO - Processing address 1214/2495: Markgrafenstr. 32, Berlin
2025-08-15 16:59:31,852 - INFO - Geocoded: Markgrafenstr. 32, Berlin -> (52.6335903, 13.3004849) confidence: 8.875486381318407e-05
2025-08-15 16:59:31,852 - INFO - Updated Collin & Heilborn: (52.6335903, 13.3004849)
2025-08-15 16:59:31,852 - INFO - Processing address 1215/2495: Vertrieb chemicals and pharmaceuticals Nikolsburger Platz  2, Berlin
2025-08-15 16:59:38,613 - WARNING - Failed to geocode: Vertrieb chemicals and pharmaceuticals Nikolsburger Platz  2, Berlin
2025-08-15 16:59:38,614 - ERROR - Failed to geocode address: Vertrieb chemicals and pharmaceuticals Nikolsburger Platz  2, Berlin
2025-08-15 16:59:38,614 - INFO - Processing address 1216/2495: Chausseestr. 42, Berlin
2025-08-15 16:59:40,382 - INFO - Geocoded: Chausseestr. 42, Berlin -> (52.4144633, 13.1448253) confidence: 8.875486381318407e-05
2025-08-15 16:59:40,382 - INFO - Updated Cona Kaffeemaschinen-Gesellschaft mbH: (52.4144633, 13.1448253)
2025-08-15 16:59:40,382 - INFO - Processing address 1217/2495: Kleiststr.  13, Berlin
2025-08-15 16:59:41,901 - INFO - Geocoded: Kleiststr.  13, Berlin -> (52.5015047, 13.348575) confidence: 8.875486381318407e-05
2025-08-15 16:59:41,901 - INFO - Updated Conditorei Schneider: (52.5015047, 13.348575)
2025-08-15 16:59:41,901 - INFO - Processing address 1218/2495: 100, Berlin
2025-08-15 16:59:41,901 - WARNING - Incomplete address detected: 100, Berlin
2025-08-15 16:59:41,901 - ERROR - Failed to geocode address: 100, Berlin
2025-08-15 16:59:41,901 - INFO - Processing address 1219/2495: Lindenstr. 44/47, Berlin
2025-08-15 16:59:46,649 - INFO - Geocoded: Lindenstr. 44/47, Berlin -> (52.5025323, 13.3948252) confidence: 0.32442301420651465
2025-08-15 16:59:46,650 - INFO - Updated Confektionsgesellschaft Fischbein & Mendel mbH: (52.5025323, 13.3948252)
2025-08-15 16:59:46,650 - INFO - Processing address 1220/2495: Andreasstr. 52, Berlin
2025-08-15 16:59:48,467 - INFO - Geocoded: Andreasstr. 52, Berlin -> (52.515909, 13.4306076) confidence: 8.875486381318407e-05
2025-08-15 16:59:48,467 - INFO - Updated Confektionshaus Osten Salo Kainer: (52.515909, 13.4306076)
2025-08-15 16:59:48,467 - INFO - Processing address 1221/2495: Burgstr. 7, Berlin
2025-08-15 16:59:50,282 - INFO - Geocoded: Burgstr. 7, Berlin -> (52.5222556, 13.4003567) confidence: 0.2535713079130456
2025-08-15 16:59:50,282 - INFO - Updated Conrad & Heymann: (52.5222556, 13.4003567)
2025-08-15 16:59:50,282 - INFO - Processing address 1222/2495: Barbarossastr. 32, Berlin
2025-08-15 16:59:51,733 - INFO - Geocoded: Barbarossastr. 32, Berlin -> (52.4922404, 13.3365679) confidence: 8.875486381318407e-05
2025-08-15 16:59:51,734 - INFO - Updated Conrad Cohn: (52.4922404, 13.3365679)
2025-08-15 16:59:51,734 - INFO - Processing address 1223/2495: Linienstr. 201, Berlin
2025-08-15 16:59:53,342 - INFO - Geocoded: Linienstr. 201, Berlin -> (52.5288501, 13.4013595) confidence: 8.875486381318407e-05
2025-08-15 16:59:53,342 - INFO - Updated Conrad Czarlinski & Co: (52.5288501, 13.4013595)
2025-08-15 16:59:53,342 - INFO - Processing address 1224/2495: Lützowstr. 89/90, Berlin
2025-08-15 16:59:54,895 - INFO - Geocoded: Lützowstr. 89/90, Berlin -> (52.5031495, 13.3643728) confidence: 8.875486381318407e-05
2025-08-15 16:59:54,895 - INFO - Updated Conrad Igel: (52.50326119115931, 13.364084469210855)
2025-08-15 16:59:54,895 - INFO - Updated Deutsches Kolonialhaus Bruno Antelmann Nachf.: (52.502875853315246, 13.36377695726169)
2025-08-15 16:59:54,895 - INFO - Updated Fromm & Brandenburg: (52.50308870303988, 13.364752077347934)
2025-08-15 16:59:54,895 - INFO - Updated Fromms Brothers: (52.503453874119984, 13.364349566044002)
2025-08-15 16:59:54,895 - INFO - Processing address 1225/2495: Kadinerstr. 16, Berlin
2025-08-15 16:59:56,369 - INFO - Geocoded: Kadinerstr. 16, Berlin -> (52.5136439, 13.4504518) confidence: 8.875486381318407e-05
2025-08-15 16:59:56,369 - INFO - Updated Conrad Moses: (52.5136439, 13.4504518)
2025-08-15 16:59:56,369 - INFO - Processing address 1226/2495: Kaiserdamm 10, Berlin
2025-08-15 16:59:57,868 - INFO - Geocoded: Kaiserdamm 10, Berlin -> (52.5107769, 13.2902323) confidence: 8.875486381318407e-05
2025-08-15 16:59:57,868 - INFO - Updated Conrad Schayer & Co: (52.5107769, 13.2902323)
2025-08-15 16:59:57,868 - INFO - Processing address 1227/2495: Burgherrnstr. 11, Berlin
2025-08-15 17:00:03,688 - WARNING - Failed to geocode: Burgherrnstr. 11, Berlin
2025-08-15 17:00:03,688 - ERROR - Failed to geocode address: Burgherrnstr. 11, Berlin
2025-08-15 17:00:03,688 - INFO - Processing address 1228/2495: Cornelius Rohn leather and shoes Kurfürstendamm  74, Berlin
2025-08-15 17:00:10,580 - WARNING - Failed to geocode: Cornelius Rohn leather and shoes Kurfürstendamm  74, Berlin
2025-08-15 17:00:10,580 - ERROR - Failed to geocode address: Cornelius Rohn leather and shoes Kurfürstendamm  74, Berlin
2025-08-15 17:00:10,580 - INFO - Processing address 1229/2495: Schönberg real estate Brückenallee 9, Berlin
2025-08-15 17:00:17,311 - WARNING - Failed to geocode: Schönberg real estate Brückenallee 9, Berlin
2025-08-15 17:00:17,312 - ERROR - Failed to geocode address: Schönberg real estate Brückenallee 9, Berlin
2025-08-15 17:00:17,312 - INFO - Processing address 1230/2495: Kommandantenstr. 58/59, Berlin
2025-08-15 17:00:19,061 - INFO - Geocoded: Kommandantenstr. 58/59, Berlin -> (52.4377236, 13.2931855) confidence: 0.05342208819714653
2025-08-15 17:00:19,061 - INFO - Updated Corona Atelier für Reklamekunst Max Jacoby: (52.4377236, 13.2931855)
2025-08-15 17:00:19,061 - INFO - Processing address 1231/2495: Platz 9, Berlin
2025-08-15 17:00:20,529 - INFO - Geocoded: Platz 9, Berlin -> (52.4847046, 13.2597088) confidence: 8.875486381318407e-05
2025-08-15 17:00:20,530 - INFO - Updated Correx Gesellschaft für Kinotechnik mbH: (52.4847046, 13.2597088)
2025-08-15 17:00:20,530 - INFO - Processing address 1232/2495: Waterlooufer 3, Berlin
2025-08-15 17:00:25,864 - WARNING - Failed to geocode: Waterlooufer 3, Berlin
2025-08-15 17:00:25,864 - ERROR - Failed to geocode address: Waterlooufer 3, Berlin
2025-08-15 17:00:25,864 - INFO - Processing address 1233/2495: Frankfurter Allee 327, Berlin
2025-08-15 17:00:28,303 - INFO - Geocoded: Frankfurter Allee 327, Berlin -> (52.5135804, 13.4752216) confidence: 0.35478715739707195
2025-08-15 17:00:28,303 - INFO - Updated Credithaus Union Hellmuth Philipp: (52.5135804, 13.4752216)
2025-08-15 17:00:28,303 - INFO - Processing address 1234/2495: Bergstr. 1, Berlin
2025-08-15 17:00:31,005 - INFO - Geocoded: Bergstr. 1, Berlin -> (52.4231721, 13.1603015) confidence: 8.875486381318407e-05
2025-08-15 17:00:31,005 - INFO - Updated Curt Egon Kochmann: (52.4231721, 13.1603015)
2025-08-15 17:00:31,005 - INFO - Processing address 1235/2495: Curt Ephraim Weidenweg  53, Berlin
2025-08-15 17:00:38,110 - WARNING - Failed to geocode: Curt Ephraim Weidenweg  53, Berlin
2025-08-15 17:00:38,113 - ERROR - Failed to geocode address: Curt Ephraim Weidenweg  53, Berlin
2025-08-15 17:00:38,113 - INFO - Processing address 1236/2495: Bundesratsufer 9, Berlin
2025-08-15 17:00:43,394 - WARNING - Failed to geocode: Bundesratsufer 9, Berlin
2025-08-15 17:00:43,395 - ERROR - Failed to geocode address: Bundesratsufer 9, Berlin
2025-08-15 17:00:43,395 - INFO - Processing address 1237/2495: Kurfürstendamm 109, Berlin
2025-08-15 17:00:44,950 - INFO - Geocoded: Kurfürstendamm 109, Berlin -> (52.4977537, 13.2930261) confidence: 8.875486381318407e-05
2025-08-15 17:00:44,950 - INFO - Updated Curt Harwitz: (52.4977537, 13.2930261)
2025-08-15 17:00:44,950 - INFO - Processing address 1238/2495: Regentenstr. 20, Berlin
2025-08-15 17:00:51,203 - WARNING - Failed to geocode: Regentenstr. 20, Berlin
2025-08-15 17:00:51,204 - ERROR - Failed to geocode address: Regentenstr. 20, Berlin
2025-08-15 17:00:51,204 - INFO - Processing address 1239/2495: Wilhelmstr. 12/14, Berlin
2025-08-15 17:00:54,337 - INFO - Geocoded: Wilhelmstr. 12/14, Berlin -> (52.5055527, 13.3865334) confidence: 0.4376161342920629
2025-08-15 17:00:54,337 - INFO - Updated Curt Lehmann: (52.5055527, 13.3865334)
2025-08-15 17:00:54,337 - INFO - Processing address 1240/2495: Lindenstr. 56, Berlin
2025-08-15 17:00:56,218 - INFO - Geocoded: Lindenstr. 56, Berlin -> (52.42698, 13.732462) confidence: 8.875486381318407e-05
2025-08-15 17:00:56,218 - INFO - Updated Curt Rosenbaum: (52.42698, 13.732462)
2025-08-15 17:00:56,218 - INFO - Processing address 1241/2495: Artilleriestr. 9, Berlin
2025-08-15 17:01:03,967 - WARNING - Failed to geocode: Artilleriestr. 9, Berlin
2025-08-15 17:01:03,969 - ERROR - Failed to geocode address: Artilleriestr. 9, Berlin
2025-08-15 17:01:03,969 - INFO - Processing address 1242/2495: Ruhrstr. 13, Berlin
2025-08-15 17:01:05,504 - INFO - Geocoded: Ruhrstr. 13, Berlin -> (52.4906801, 13.3091506) confidence: 8.875486381318407e-05
2025-08-15 17:01:05,504 - INFO - Updated Curt Schwarzer & Co: (52.4906801, 13.3091506)
2025-08-15 17:01:05,504 - INFO - Processing address 1243/2495: Kurfürstendamm 169/170, Berlin
2025-08-15 17:01:07,530 - INFO - Geocoded: Kurfürstendamm 169/170, Berlin -> (52.5035641, 13.3305371) confidence: 0.4914112718388304
2025-08-15 17:01:07,531 - INFO - Updated Curty Modesalon Kurt Levin: (52.5035641, 13.3305371)
2025-08-15 17:01:07,531 - INFO - Processing address 1244/2495: Neue Promenade 7, Berlin
2025-08-15 17:01:10,160 - INFO - Geocoded: Neue Promenade 7, Berlin -> (52.5227041, 13.4011948) confidence: 8.875486381318407e-05
2025-08-15 17:01:10,162 - INFO - Updated Czollek & Geballe: (52.5227041, 13.4011948)
2025-08-15 17:01:10,163 - INFO - Processing address 1245/2495: Holtzendorffstr. 16, Berlin
2025-08-15 17:01:11,653 - INFO - Geocoded: Holtzendorffstr. 16, Berlin -> (52.5053614, 13.2952233) confidence: 8.875486381318407e-05
2025-08-15 17:01:11,653 - INFO - Updated Cäcilien-Apotheke Dr. Georg F. Kuntze: (52.5053614, 13.2952233)
2025-08-15 17:01:11,653 - INFO - Processing address 1246/2495: Waitzstr. 23, Berlin
2025-08-15 17:01:13,170 - INFO - Geocoded: Waitzstr. 23, Berlin -> (52.5025081, 13.3059515) confidence: 8.875486381318407e-05
2025-08-15 17:01:13,175 - INFO - Updated Cäsar Hirsch: (52.5025081, 13.3059515)
2025-08-15 17:01:13,177 - INFO - Processing address 1247/2495: Klosterstr. 40, Berlin
2025-08-15 17:01:15,208 - INFO - Geocoded: Klosterstr. 40, Berlin -> (52.5186603, 13.4113815) confidence: 0.33382026067444703
2025-08-15 17:01:15,208 - INFO - Updated D. & M. Levy: (52.5186603, 13.4113815)
2025-08-15 17:01:15,208 - INFO - Processing address 1248/2495: Kurfürstendamm 91, Berlin
2025-08-15 17:01:16,709 - INFO - Geocoded: Kurfürstendamm 91, Berlin -> (52.4991799, 13.3011476) confidence: 8.875486381318407e-05
2025-08-15 17:01:16,711 - INFO - Updated D. & M. Lewy Bankgeschäft: (52.4991799, 13.3011476)
2025-08-15 17:01:16,712 - INFO - Processing address 1249/2495: Neue Promenade 3, Berlin
2025-08-15 17:01:18,452 - INFO - Geocoded: Neue Promenade 3, Berlin -> (52.5232441, 13.4021711) confidence: 8.875486381318407e-05
2025-08-15 17:01:18,452 - INFO - Updated D. Abraham & Co: (52.52327404024334, 13.401713738261812)
2025-08-15 17:01:18,452 - INFO - Updated Friedmann & Co: (52.52281295763398, 13.402681306141131)
2025-08-15 17:01:18,452 - INFO - Processing address 1250/2495: Uhlandstr. 183, Berlin
2025-08-15 17:01:20,728 - INFO - Geocoded: Uhlandstr. 183, Berlin -> (52.5039024, 13.3257229) confidence: 8.875486381318407e-05
2025-08-15 17:01:20,728 - INFO - Updated D. Benas jr.: (52.5039024, 13.3257229)
2025-08-15 17:01:20,728 - INFO - Processing address 1251/2495: Rungestr. 21, Berlin
2025-08-15 17:01:22,150 - INFO - Geocoded: Rungestr. 21, Berlin -> (52.5124324, 13.4192552) confidence: 8.875486381318407e-05
2025-08-15 17:01:22,150 - INFO - Updated D. Coundé AG: (52.51201569937874, 13.419319186901006)
2025-08-15 17:01:22,151 - INFO - Updated D. Coundé Vertriebs-GmbH: (52.5126411149096, 13.41950203983222)
2025-08-15 17:01:22,151 - INFO - Processing address 1252/2495: Dahlmannstr. 24, Berlin
2025-08-15 17:01:23,667 - INFO - Geocoded: Dahlmannstr. 24, Berlin -> (52.5012101, 13.3041485) confidence: 8.875486381318407e-05
2025-08-15 17:01:23,667 - INFO - Updated D. Croner: (52.5012101, 13.3041485)
2025-08-15 17:01:23,667 - INFO - Processing address 1253/2495: Zimmerstr.  60, Berlin
2025-08-15 17:01:25,352 - INFO - Geocoded: Zimmerstr.  60, Berlin -> (52.5081653, 13.3982488) confidence: 0.07085170629346904
2025-08-15 17:01:25,352 - INFO - Updated D. Czollack: (52.5081653, 13.3982488)
2025-08-15 17:01:25,352 - INFO - Processing address 1254/2495: Chausseestr. 46/48, Berlin
2025-08-15 17:01:27,358 - INFO - Geocoded: Chausseestr. 46/48, Berlin -> (52.5314074, 13.3820146) confidence: 0.36385788403092795
2025-08-15 17:01:27,358 - INFO - Updated D. J. Asriel & Co: (52.5314074, 13.3820146)
2025-08-15 17:01:27,358 - INFO - Processing address 1255/2495: Bachestr. 1, Berlin
2025-08-15 17:01:28,826 - INFO - Geocoded: Bachestr. 1, Berlin -> (52.4748571, 13.3277715) confidence: 8.875486381318407e-05
2025-08-15 17:01:28,826 - INFO - Updated D. J. Weiner & Co Bürobedarf-Schreibwaren-Vertrieb und Export: (52.4748571, 13.3277715)
2025-08-15 17:01:28,826 - INFO - Processing address 1256/2495: Trendelenburgstr. 16, Berlin
2025-08-15 17:01:30,294 - INFO - Geocoded: Trendelenburgstr. 16, Berlin -> (52.5061775, 13.2917322) confidence: 8.875486381318407e-05
2025-08-15 17:01:30,294 - INFO - Updated D. J. Weiner & Co Schreibmaschinen-Vertriebsgesellschaft mbH: (52.5061775, 13.2917322)
2025-08-15 17:01:30,294 - INFO - Processing address 1257/2495: 129/130, Berlin
2025-08-15 17:01:33,690 - INFO - Geocoded: 129/130, Berlin -> (52.510885, 13.3989367) confidence: 0.840425236063765
2025-08-15 17:01:33,752 - INFO - Updated D. L. Haim & Co GmbH: (52.51104453472953, 13.399278557135204)
2025-08-15 17:01:33,752 - INFO - Updated Gea's Ausstattungshaus Abrahamowicz & Gottschall: (52.510766899558575, 13.398573896275018)
2025-08-15 17:01:33,752 - INFO - Processing address 1258/2495: Dircksenstr. 26/27, Berlin
2025-08-15 17:01:36,553 - INFO - Geocoded: Dircksenstr. 26/27, Berlin -> (52.5234318, 13.4071408) confidence: 0.05342208819714653
2025-08-15 17:01:36,972 - INFO - Updated D. Lewinsky Nachfolger Inhaber Georg Anker: (52.523685981557776, 13.40721933734795)
2025-08-15 17:01:36,972 - INFO - Updated Das Jüdische Volk Verlagsgesellschaft mbH: (52.52348806969649, 13.407774156039043)
2025-08-15 17:01:36,972 - INFO - Updated Deutscher Wirtschaftsbedarf Gesellschaft zur Belieferung von Beamten und Angestellten mbH: (52.52367798063091, 13.407140612575033)
2025-08-15 17:01:36,972 - INFO - Updated Emil Israelski: (52.523801337921284, 13.407048381006875)
2025-08-15 17:01:36,973 - INFO - Updated Ernst Hirschel: (52.52371990971048, 13.40777284070915)
2025-08-15 17:01:36,973 - INFO - Processing address 1259/2495: Beuthstr. 19, Berlin
2025-08-15 17:01:39,051 - INFO - Geocoded: Beuthstr. 19, Berlin -> (52.5871174, 13.4099172) confidence: 8.875486381318407e-05
2025-08-15 17:01:39,595 - INFO - Updated D. Lichtenstein jr.: (52.5871174, 13.4099172)
2025-08-15 17:01:39,659 - INFO - Processing address 1260/2495: Kastanienallee 79, Berlin
2025-08-15 17:01:42,751 - INFO - Geocoded: Kastanienallee 79, Berlin -> (52.5366272, 13.4079224) confidence: 8.875486381318407e-05
2025-08-15 17:01:42,917 - INFO - Updated D. Meier: (52.5366272, 13.4079224)
2025-08-15 17:01:42,918 - INFO - Processing address 1261/2495: Kurfürstendamm 76, Berlin
2025-08-15 17:01:45,075 - INFO - Geocoded: Kurfürstendamm 76, Berlin -> (52.4995484, 13.3032205) confidence: 8.875486381318407e-05
2025-08-15 17:01:45,083 - INFO - Updated D. Ryczywol: (52.4995484, 13.3032205)
2025-08-15 17:01:45,084 - INFO - Processing address 1262/2495: Kaiserdamm 90, Berlin
2025-08-15 17:01:48,265 - INFO - Geocoded: Kaiserdamm 90, Berlin -> (52.5093646, 13.2826819) confidence: 8.875486381318407e-05
2025-08-15 17:01:48,381 - INFO - Updated D. S. Diamant: (52.5093646, 13.2826819)
2025-08-15 17:01:48,458 - INFO - Processing address 1263/2495: 32/34, Berlin
2025-08-15 17:01:53,512 - INFO - Geocoded: 32/34, Berlin -> (52.510885, 13.3989367) confidence: 0.840425236063765
2025-08-15 17:01:53,512 - INFO - Updated D. Woythaler: (52.510885, 13.3989367)
2025-08-15 17:01:53,513 - INFO - Processing address 1264/2495: Brückenstr. 13, Berlin
2025-08-15 17:01:56,826 - INFO - Geocoded: Brückenstr. 13, Berlin -> (52.5121318, 13.4169088) confidence: 8.875486381318407e-05
2025-08-15 17:01:56,827 - INFO - Updated D. Wurzel & Co: (52.51216005437396, 13.416844865737952)
2025-08-15 17:01:56,827 - INFO - Updated Degeka D. Goldstein & Co: (52.51229059194683, 13.416447898810933)
2025-08-15 17:01:56,827 - INFO - Processing address 1265/2495: Alt Moabit 75, Berlin
2025-08-15 17:01:58,732 - INFO - Geocoded: Alt Moabit 75, Berlin -> (52.5241465, 13.3334697) confidence: 8.875486381318407e-05
2025-08-15 17:01:58,733 - INFO - Updated Dachpix Gesellschaft Klemann & Co GmbH: (52.5241465, 13.3334697)
2025-08-15 17:01:58,734 - INFO - Processing address 1266/2495: Dagobert Koeppler textiles and clothing Wilhelmsaue  134, Berlin
2025-08-15 17:02:06,052 - WARNING - Failed to geocode: Dagobert Koeppler textiles and clothing Wilhelmsaue  134, Berlin
2025-08-15 17:02:06,052 - ERROR - Failed to geocode address: Dagobert Koeppler textiles and clothing Wilhelmsaue  134, Berlin
2025-08-15 17:02:06,052 - INFO - Processing address 1267/2495: Winterfeldstr. 45, Berlin
2025-08-15 17:02:12,381 - WARNING - Failed to geocode: Winterfeldstr. 45, Berlin
2025-08-15 17:02:12,382 - ERROR - Failed to geocode address: Winterfeldstr. 45, Berlin
2025-08-15 17:02:12,382 - INFO - Processing address 1268/2495: Kommandantenstr. 78, Berlin
2025-08-15 17:02:13,875 - INFO - Geocoded: Kommandantenstr. 78, Berlin -> (52.5093681, 13.4010204) confidence: 8.875486381318407e-05
2025-08-15 17:02:13,875 - INFO - Updated Dagobert Meyhardt, Dekorationsbedarf, Großhandel und Fabrikation: (52.50977850075546, 13.400490374451312)
2025-08-15 17:02:13,875 - INFO - Updated Gebrüder Friede: (52.509659773939674, 13.400448839492698)
2025-08-15 17:02:13,875 - INFO - Processing address 1269/2495: Roßstr. 1, Berlin
2025-08-15 17:02:15,660 - INFO - Geocoded: Roßstr. 1, Berlin -> (52.5121551, 13.4085379) confidence: 0.05342208819714653
2025-08-15 17:02:15,660 - INFO - Updated Dagobert Spiegel: (52.5121551, 13.4085379)
2025-08-15 17:02:15,660 - INFO - Processing address 1270/2495: Gerviniusstr. 17, Berlin
2025-08-15 17:02:21,138 - WARNING - Failed to geocode: Gerviniusstr. 17, Berlin
2025-08-15 17:02:21,140 - ERROR - Failed to geocode address: Gerviniusstr. 17, Berlin
2025-08-15 17:02:21,140 - INFO - Processing address 1271/2495: Klosterstr. 17/18, Berlin
2025-08-15 17:02:23,309 - INFO - Geocoded: Klosterstr. 17/18, Berlin -> (52.5299552, 13.1951424) confidence: 8.875486381318407e-05
2025-08-15 17:02:23,310 - INFO - Updated Dagobert Weinstock Burschenconfection: (52.5299552, 13.1951424)
2025-08-15 17:02:23,310 - INFO - Processing address 1272/2495: Rungestr. 27, Berlin
2025-08-15 17:02:24,930 - INFO - Geocoded: Rungestr. 27, Berlin -> (52.5124698, 13.4129107) confidence: 0.05342208819714653
2025-08-15 17:02:24,931 - INFO - Updated Dako Herstellung von Damenbekleidung GmbH: (52.5124698, 13.4129107)
2025-08-15 17:02:24,931 - INFO - Processing address 1273/2495: Tauentzienstr. 20, Berlin
2025-08-15 17:02:26,644 - INFO - Geocoded: Tauentzienstr. 20, Berlin -> (52.5024468, 13.3399937) confidence: 8.875486381318407e-05
2025-08-15 17:02:26,644 - INFO - Updated Dalemo Das Lebende Modell Robert Wertheim: (52.502186163005874, 13.339643172966245)
2025-08-15 17:02:26,644 - INFO - Updated Fritz Rollenhagen Nachf.: (52.50285051381326, 13.340546098489531)
2025-08-15 17:02:26,644 - INFO - Processing address 1274/2495: Turmstr. 33, Berlin
2025-08-15 17:02:28,378 - INFO - Geocoded: Turmstr. 33, Berlin -> (52.5265811, 13.3403231) confidence: 8.875486381318407e-05
2025-08-15 17:02:28,379 - INFO - Updated Damen Konfektion Gebrüder Neumann: (52.5265811, 13.3403231)
2025-08-15 17:02:28,380 - INFO - Processing address 1275/2495: Mohrenstr. 29/30, Berlin
2025-08-15 17:02:30,025 - INFO - Geocoded: Mohrenstr. 29/30, Berlin -> (52.511298, 13.3847578) confidence: 0.32314590312055647
2025-08-15 17:02:30,026 - INFO - Updated Damen-Sportmäntel Rekord GmbH: (52.51126141040369, 13.385209040623081)
2025-08-15 17:02:30,026 - INFO - Updated Grünthal & Co GmbH: (52.51123249882028, 13.38442409046134)
2025-08-15 17:02:30,027 - INFO - Processing address 1276/2495: Kronenstr. 47, Berlin
2025-08-15 17:02:31,632 - INFO - Geocoded: Kronenstr. 47, Berlin -> (52.511386, 13.3927068) confidence: 0.05342208819714653
2025-08-15 17:02:31,633 - INFO - Updated Damenconfektion Vertriebsgesellschaft mbH: (52.51154230304945, 13.392913882326711)
2025-08-15 17:02:31,633 - INFO - Updated Georg Bick: (52.51173283970681, 13.392730039028764)
2025-08-15 17:02:31,633 - INFO - Processing address 1277/2495: Seydelstr.  12, Berlin
2025-08-15 17:02:33,116 - INFO - Geocoded: Seydelstr.  12, Berlin -> (52.5093541, 13.4038828) confidence: 8.875486381318407e-05
2025-08-15 17:02:33,116 - INFO - Updated Damenmäntel-Fabrikation Bruntsch: (52.5093541, 13.4038828)
2025-08-15 17:02:33,116 - INFO - Processing address 1278/2495: Sedanstr. 35/37, Berlin
2025-08-15 17:02:35,131 - INFO - Geocoded: Sedanstr. 35/37, Berlin -> (52.4501366, 13.3342166) confidence: 0.05342208819714653
2025-08-15 17:02:35,132 - INFO - Updated Dampf-Marzipanmassen-Fabrik Germania Otto Wölfert & Co GmbH: (52.4501366, 13.3342166)
2025-08-15 17:02:35,132 - INFO - Processing address 1279/2495: Königstr. 18, Berlin
2025-08-15 17:02:37,184 - INFO - Geocoded: Königstr. 18, Berlin -> (52.4323717, 13.2481285) confidence: 8.875486381318407e-05
2025-08-15 17:02:37,184 - INFO - Updated Dampfschmalzsiederei Edmund Haase GmbH: (52.4323717, 13.2481285)
2025-08-15 17:02:37,184 - INFO - Processing address 1280/2495: Machnower Weg 9/11, Berlin
2025-08-15 17:02:39,026 - INFO - Geocoded: Machnower Weg 9/11, Berlin -> (52.4085231, 13.2652251) confidence: 8.875486381318407e-05
2025-08-15 17:02:39,026 - INFO - Updated Dampfwäscherei Berner Land Brasch & Co: (52.4085231, 13.2652251)
2025-08-15 17:02:39,026 - INFO - Processing address 1281/2495: Dampfwäscherei Carola textiles and clothing Prinzen Allee  34, Berlin
2025-08-15 17:02:46,633 - WARNING - Failed to geocode: Dampfwäscherei Carola textiles and clothing Prinzen Allee  34, Berlin
2025-08-15 17:02:46,638 - ERROR - Failed to geocode address: Dampfwäscherei Carola textiles and clothing Prinzen Allee  34, Berlin
2025-08-15 17:02:46,646 - INFO - Processing address 1282/2495: Thüringerstr. 16, Berlin
2025-08-15 17:02:53,323 - WARNING - Failed to geocode: Thüringerstr. 16, Berlin
2025-08-15 17:02:53,323 - ERROR - Failed to geocode address: Thüringerstr. 16, Berlin
2025-08-15 17:02:53,323 - INFO - Processing address 1283/2495: Müllerstr. 173, Berlin
2025-08-15 17:02:56,546 - INFO - Geocoded: Müllerstr. 173, Berlin -> (52.5414032, 13.3675444) confidence: 8.875486381318407e-05
2025-08-15 17:02:56,546 - INFO - Updated Daniel Haase: (52.5414032, 13.3675444)
2025-08-15 17:02:56,546 - INFO - Processing address 1284/2495: Sanderstr. 3, Berlin
2025-08-15 17:02:58,023 - INFO - Geocoded: Sanderstr. 3, Berlin -> (52.4921275, 13.4237475) confidence: 8.875486381318407e-05
2025-08-15 17:02:58,023 - INFO - Updated Daniel Huttner: (52.4921275, 13.4237475)
2025-08-15 17:02:58,023 - INFO - Processing address 1285/2495: Seydelstr. 31, Berlin
2025-08-15 17:02:59,510 - INFO - Geocoded: Seydelstr. 31, Berlin -> (52.5105202, 13.4033419) confidence: 8.875486381318407e-05
2025-08-15 17:02:59,511 - INFO - Updated Daniel Lachmann: (52.51035054866182, 13.403500730863795)
2025-08-15 17:02:59,511 - INFO - Updated Emil Loeser: (52.51012897068678, 13.402996931076608)
2025-08-15 17:02:59,511 - INFO - Processing address 1286/2495: Daniel Milberg transportation Unter den Linden  38, Berlin
2025-08-15 17:03:06,604 - WARNING - Failed to geocode: Daniel Milberg transportation Unter den Linden  38, Berlin
2025-08-15 17:03:06,605 - ERROR - Failed to geocode address: Daniel Milberg transportation Unter den Linden  38, Berlin
2025-08-15 17:03:06,605 - INFO - Processing address 1287/2495: 190, Berlin
2025-08-15 17:03:06,605 - WARNING - Incomplete address detected: 190, Berlin
2025-08-15 17:03:06,605 - ERROR - Failed to geocode address: 190, Berlin
2025-08-15 17:03:06,605 - INFO - Processing address 1288/2495: Elisabethstr.  12, Berlin
2025-08-15 17:03:08,656 - INFO - Geocoded: Elisabethstr.  12, Berlin -> (52.3899139, 13.3912699) confidence: 8.875486381318407e-05
2025-08-15 17:03:08,656 - INFO - Updated Daniel Pinkus: (52.3899139, 13.3912699)
2025-08-15 17:03:08,656 - INFO - Processing address 1289/2495: Burgstr.  30, Berlin
2025-08-15 17:03:10,692 - INFO - Geocoded: Burgstr.  30, Berlin -> (52.5222556, 13.4003567) confidence: 0.2535713079130456
2025-08-15 17:03:10,692 - INFO - Updated Daniel Posnanski: (52.5222556, 13.4003567)
2025-08-15 17:03:10,692 - INFO - Processing address 1290/2495: 1/2, Berlin
2025-08-15 17:03:12,428 - INFO - Geocoded: 1/2, Berlin -> (52.56186, 13.3275949) confidence: 8.875486381318407e-05
2025-08-15 17:03:12,428 - INFO - Updated Dannenbaum & Co: (52.56186, 13.3275949)
2025-08-15 17:03:12,428 - INFO - Processing address 1291/2495: Beusselstr.  25, Berlin
2025-08-15 17:03:14,265 - INFO - Geocoded: Beusselstr.  25, Berlin -> (52.5292551, 13.3288295) confidence: 8.875486381318407e-05
2025-08-15 17:03:14,265 - INFO - Updated Dantowitz Philipp: (52.5292551, 13.3288295)
2025-08-15 17:03:14,265 - INFO - Processing address 1292/2495: Behrenstr. 28, Berlin
2025-08-15 17:03:16,001 - INFO - Geocoded: Behrenstr. 28, Berlin -> (52.5155956, 13.3898461) confidence: 8.875486381318407e-05
2025-08-15 17:03:16,002 - INFO - Updated Darag Deutsch-Amerikanische Rohstoff-Gesellschaft mbH: (52.5155956, 13.3898461)
2025-08-15 17:03:16,002 - INFO - Processing address 1293/2495: Friedrichstr. 44, Berlin
2025-08-15 17:03:17,955 - INFO - Geocoded: Friedrichstr. 44, Berlin -> (52.5070054, 13.3905809) confidence: 8.875486381318407e-05
2025-08-15 17:03:17,955 - INFO - Updated David & Co: (52.5070054, 13.3905809)
2025-08-15 17:03:17,955 - INFO - Processing address 1294/2495: Nettelbeckstr. 24, Berlin
2025-08-15 17:03:24,482 - WARNING - Failed to geocode: Nettelbeckstr. 24, Berlin
2025-08-15 17:03:24,484 - ERROR - Failed to geocode address: Nettelbeckstr. 24, Berlin
2025-08-15 17:03:24,484 - INFO - Processing address 1295/2495: Hauptstr.  5, Berlin
2025-08-15 17:03:28,666 - INFO - Geocoded: Hauptstr.  5, Berlin -> (52.4898227, 13.3594033) confidence: 8.875486381318407e-05
2025-08-15 17:03:28,667 - INFO - Updated David Benedik: (52.4898227, 13.3594033)
2025-08-15 17:03:28,667 - INFO - Processing address 1296/2495: Gertraudenstr. 20, Berlin
2025-08-15 17:03:30,129 - INFO - Geocoded: Gertraudenstr. 20, Berlin -> (52.5137002, 13.4057173) confidence: 8.875486381318407e-05
2025-08-15 17:03:30,129 - INFO - Updated David Caspari: (52.51353259370718, 13.405349524367706)
2025-08-15 17:03:30,129 - INFO - Updated E. Wulff & Cie: (52.51350846285379, 13.405633000188654)
2025-08-15 17:03:30,129 - INFO - Processing address 1297/2495: Königstr. 39, Berlin
2025-08-15 17:03:32,414 - INFO - Geocoded: Königstr. 39, Berlin -> (52.4467079, 13.3813337) confidence: 8.875486381318407e-05
2025-08-15 17:03:32,414 - INFO - Updated David Felder: (52.4467079, 13.3813337)
2025-08-15 17:03:32,414 - INFO - Processing address 1298/2495: Uhlandstr.  43, Berlin
2025-08-15 17:03:34,335 - INFO - Geocoded: Uhlandstr.  43, Berlin -> (52.5920767, 13.3662024) confidence: 8.875486381318407e-05
2025-08-15 17:03:34,336 - INFO - Updated David Fiks: (52.5920767, 13.3662024)
2025-08-15 17:03:34,336 - INFO - Processing address 1299/2495: Bischofstr. 6/8, Berlin
2025-08-15 17:03:41,799 - WARNING - Failed to geocode: Bischofstr. 6/8, Berlin
2025-08-15 17:03:41,800 - ERROR - Failed to geocode address: Bischofstr. 6/8, Berlin
2025-08-15 17:03:41,800 - INFO - Processing address 1300/2495: Friedrichstr.  113, Berlin
2025-08-15 17:03:43,519 - INFO - Geocoded: Friedrichstr.  113, Berlin -> (52.5259722, 13.3876283) confidence: 8.875486381318407e-05
2025-08-15 17:03:43,520 - INFO - Updated David Hess: (52.5259722, 13.3876283)
2025-08-15 17:03:43,521 - INFO - Progress: 1300/2495 addresses processed
2025-08-15 17:03:43,931 - INFO - Processing address 1301/2495: Jüdenstr. 20, Berlin
2025-08-15 17:03:45,555 - INFO - Geocoded: Jüdenstr. 20, Berlin -> (52.5165352, 13.4105919) confidence: 0.272124500803288
2025-08-15 17:03:45,555 - INFO - Updated David Joachimsmann: (52.5165352, 13.4105919)
2025-08-15 17:03:45,555 - INFO - Processing address 1302/2495: Türrschmidtstr. 1, Berlin
2025-08-15 17:03:47,110 - INFO - Geocoded: Türrschmidtstr. 1, Berlin -> (52.5026366, 13.4758561) confidence: 8.875486381318407e-05
2025-08-15 17:03:47,119 - INFO - Updated David Kempinski: (52.5026366, 13.4758561)
2025-08-15 17:03:47,120 - INFO - Processing address 1303/2495: Carmerstr. 2, Berlin
2025-08-15 17:03:48,646 - INFO - Geocoded: Carmerstr. 2, Berlin -> (52.5078465, 13.3245115) confidence: 8.875486381318407e-05
2025-08-15 17:03:48,647 - INFO - Updated David Leder: (52.5078465, 13.3245115)
2025-08-15 17:03:48,647 - INFO - Processing address 1304/2495: Alexandrinenstr. 37, Berlin
2025-08-15 17:03:50,777 - INFO - Geocoded: Alexandrinenstr. 37, Berlin -> (52.5044945, 13.4057972) confidence: 8.875486381318407e-05
2025-08-15 17:03:50,778 - INFO - Updated David Owitz: (52.5044945, 13.4057972)
2025-08-15 17:03:50,782 - INFO - Processing address 1305/2495: Kantstr.  72, Berlin
2025-08-15 17:03:52,754 - INFO - Geocoded: Kantstr.  72, Berlin -> (52.5069808, 13.299842) confidence: 8.875486381318407e-05
2025-08-15 17:03:52,754 - INFO - Updated David Raff: (52.5069808, 13.299842)
2025-08-15 17:03:52,754 - INFO - Processing address 1306/2495: Tauentzienstr. 1, Berlin
2025-08-15 17:03:54,250 - INFO - Geocoded: Tauentzienstr. 1, Berlin -> (52.5024564, 13.3418887) confidence: 8.875486381318407e-05
2025-08-15 17:03:54,250 - INFO - Updated David Rattner: (52.5024564, 13.3418887)
2025-08-15 17:03:54,250 - INFO - Processing address 1307/2495: Schloßstr. 118, Berlin
2025-08-15 17:03:56,595 - INFO - Geocoded: Schloßstr. 118, Berlin -> (52.4625167, 13.3264583) confidence: 8.875486381318407e-05
2025-08-15 17:03:56,595 - INFO - Updated David Rosenstock Handelsvertretungen: (52.4625167, 13.3264583)
2025-08-15 17:03:56,595 - INFO - Processing address 1308/2495: Brunnenstr. 7, Berlin
2025-08-15 17:03:58,368 - INFO - Geocoded: Brunnenstr. 7, Berlin -> (52.5308194, 13.4005277) confidence: 8.875486381318407e-05
2025-08-15 17:03:58,369 - INFO - Updated David Scherbel: (52.5308194, 13.4005277)
2025-08-15 17:03:58,369 - INFO - Processing address 1309/2495: Uhlandstr. 137, Berlin
2025-08-15 17:04:00,136 - INFO - Geocoded: Uhlandstr. 137, Berlin -> (52.49344, 13.3238183) confidence: 8.875486381318407e-05
2025-08-15 17:04:00,136 - INFO - Updated David Sid: (52.49358666208037, 13.323246342984929)
2025-08-15 17:04:00,136 - INFO - Updated Fränkische Weinhandels-Gesellschaft Rothstein & Co: (52.493658806606895, 13.32328987650202)
2025-08-15 17:04:00,136 - INFO - Processing address 1310/2495: Hermannplatz 6, Berlin
2025-08-15 17:04:01,774 - INFO - Geocoded: Hermannplatz 6, Berlin -> (52.4873448, 13.4241247) confidence: 0.2292915155073439
2025-08-15 17:04:01,774 - INFO - Updated David Springer Inh. Adolph Cohn: (52.4873448, 13.4241247)
2025-08-15 17:04:01,774 - INFO - Processing address 1311/2495: Gaudystr.  1, Berlin
2025-08-15 17:04:03,224 - INFO - Geocoded: Gaudystr.  1, Berlin -> (52.5469084, 13.4125974) confidence: 8.875486381318407e-05
2025-08-15 17:04:03,224 - INFO - Updated David Weißbrod: (52.5469084, 13.4125974)
2025-08-15 17:04:03,224 - INFO - Processing address 1312/2495: Luitpoldstr.  39, Berlin
2025-08-15 17:04:04,908 - INFO - Geocoded: Luitpoldstr.  39, Berlin -> (52.4951543, 13.3470604) confidence: 0.05342208819714653
2025-08-15 17:04:04,908 - INFO - Updated David Wischnitz: (52.4951543, 13.3470604)
2025-08-15 17:04:04,908 - INFO - Processing address 1313/2495: Dircksenstr. 48/49, Berlin
2025-08-15 17:04:06,630 - INFO - Geocoded: Dircksenstr. 48/49, Berlin -> (52.5234318, 13.4071408) confidence: 0.05342208819714653
2025-08-15 17:04:06,630 - INFO - Updated David Zagorski Herren Konfektion: (52.5234318, 13.4071408)
2025-08-15 17:04:06,630 - INFO - Processing address 1314/2495: Tauentzienstr. 10, Berlin
2025-08-15 17:04:08,202 - INFO - Geocoded: Tauentzienstr. 10, Berlin -> (52.5035913, 13.3384099) confidence: 0.39856164849947184
2025-08-15 17:04:08,203 - INFO - Updated Dawid Fainleib & Co, Rauchwaren-GmbH: (52.50378735268276, 13.33902197084927)
2025-08-15 17:04:08,203 - INFO - Updated Delakur Dental Laboratoriumsbedarf Kurfürst GmbH: (52.503636354757234, 13.337978540969369)
2025-08-15 17:04:08,203 - INFO - Updated Emil Elkan: (52.503869620540264, 13.33799445512896)
2025-08-15 17:04:08,203 - INFO - Processing address 1315/2495: Friedrichstr. 237, Berlin
2025-08-15 17:04:09,898 - INFO - Geocoded: Friedrichstr. 237, Berlin -> (52.5020083, 13.3910785) confidence: 8.875486381318407e-05
2025-08-15 17:04:09,898 - INFO - Updated Dea-Film GmbH: (52.5020083, 13.3910785)
2025-08-15 17:04:09,898 - INFO - Processing address 1316/2495: ( Trade ) Eingetragen im Handelsregister/ Gründung 1917 Erloschen 1936 Keine Angabe ,  Berlin
2025-08-15 17:04:15,279 - WARNING - Failed to geocode: ( Trade ) Eingetragen im Handelsregister/ Gründung 1917 Erloschen 1936 Keine Angabe ,  Berlin
2025-08-15 17:04:15,280 - ERROR - Failed to geocode address: ( Trade ) Eingetragen im Handelsregister/ Gründung 1917 Erloschen 1936 Keine Angabe ,  Berlin
2025-08-15 17:04:15,280 - INFO - Processing address 1317/2495: Rotherstr. 16/19, Berlin
2025-08-15 17:04:17,142 - INFO - Geocoded: Rotherstr. 16/19, Berlin -> (52.5040825, 13.4496852) confidence: 0.05342208819714653
2025-08-15 17:04:17,142 - INFO - Updated Degea AG (Auergesellschaft): (52.5040825, 13.4496852)
2025-08-15 17:04:17,142 - INFO - Processing address 1318/2495: Windscheidstr. 18, Berlin
2025-08-15 17:04:18,670 - INFO - Geocoded: Windscheidstr. 18, Berlin -> (52.5056232, 13.2992922) confidence: 8.875486381318407e-05
2025-08-15 17:04:18,670 - INFO - Updated Degrophot Deutsche Groß-Photo Gesellschaft für Werbung mbH: (52.50598471630044, 13.298789599009657)
2025-08-15 17:04:18,670 - INFO - Updated Ernst Tell Fabrik chemisch-pharmazeutischer Präparate: (52.5055544707911, 13.299928373726807)
2025-08-15 17:04:18,670 - INFO - Processing address 1319/2495: Kottbusser Damm 73, Berlin
2025-08-15 17:04:20,359 - INFO - Geocoded: Kottbusser Damm 73, Berlin -> (52.4902443, 13.4241098) confidence: 8.875486381318407e-05
2025-08-15 17:04:20,360 - INFO - Updated Deja Spezialgeschäft für Damenkonfektion Martha Jacobsohn: (52.4902443, 13.4241098)
2025-08-15 17:04:20,360 - INFO - Processing address 1320/2495: Kolonnenstr. 8/9, Berlin
2025-08-15 17:04:22,271 - INFO - Geocoded: Kolonnenstr. 8/9, Berlin -> (52.4865745, 13.357926) confidence: 0.05342208819714653
2025-08-15 17:04:22,272 - INFO - Updated Dekla Das Kleinwarenhaus Haus Freyhan: (52.4865745, 13.357926)
2025-08-15 17:04:22,272 - INFO - Processing address 1321/2495: Mauerstr. 61/65, Berlin
2025-08-15 17:04:24,600 - INFO - Geocoded: Mauerstr. 61/65, Berlin -> (52.5100384, 13.3875511) confidence: 0.27844345352870076
2025-08-15 17:04:24,600 - INFO - Updated Delbrück Schickler & Co: (52.5100384, 13.3875511)
2025-08-15 17:04:24,600 - INFO - Processing address 1322/2495: 54/56, Berlin
2025-08-15 17:04:27,584 - INFO - Geocoded: 54/56, Berlin -> (52.510885, 13.3989367) confidence: 0.840425236063765
2025-08-15 17:04:27,584 - INFO - Updated Delej & Co: (52.510885, 13.3989367)
2025-08-15 17:04:27,584 - INFO - Processing address 1323/2495: Hindersinstr. 3, Berlin
2025-08-15 17:04:34,957 - WARNING - Failed to geocode: Hindersinstr. 3, Berlin
2025-08-15 17:04:34,960 - ERROR - Failed to geocode address: Hindersinstr. 3, Berlin
2025-08-15 17:04:34,960 - INFO - Processing address 1324/2495: Copernikuststr. 23, Berlin
2025-08-15 17:04:40,287 - WARNING - Failed to geocode: Copernikuststr. 23, Berlin
2025-08-15 17:04:40,287 - ERROR - Failed to geocode address: Copernikuststr. 23, Berlin
2025-08-15 17:04:40,287 - INFO - Processing address 1325/2495: Jägerstr. 11, Berlin
2025-08-15 17:04:42,017 - INFO - Geocoded: Jägerstr. 11, Berlin -> (52.4224184, 13.5788468) confidence: 8.875486381318407e-05
2025-08-15 17:04:42,017 - INFO - Updated Dephot GmbH Deutscher Photodienst: (52.422048650788625, 13.57894346882462)
2025-08-15 17:04:42,017 - INFO - Updated Edelstahl-GmbH: (52.42216242568295, 13.578466060588273)
2025-08-15 17:04:42,017 - INFO - Processing address 1326/2495: Bogen  8, Berlin
2025-08-15 17:04:43,888 - INFO - Geocoded: Bogen  8, Berlin -> (52.5714898, 13.3214737) confidence: 8.875486381318407e-05
2025-08-15 17:04:43,889 - INFO - Updated Der Eierspezialist': (52.5714898, 13.3214737)
2025-08-15 17:04:43,889 - INFO - Processing address 1327/2495: Ossastr. 15, Berlin
2025-08-15 17:04:45,396 - INFO - Geocoded: Ossastr. 15, Berlin -> (52.4864418, 13.4380383) confidence: 8.875486381318407e-05
2025-08-15 17:04:45,396 - INFO - Updated Der Junggeselle, Verlags-Gesellschaft mbH: (52.4864418, 13.4380383)
2025-08-15 17:04:45,397 - INFO - Processing address 1328/2495: Turmstr.  43, Berlin
2025-08-15 17:04:47,215 - INFO - Geocoded: Turmstr.  43, Berlin -> (52.5270193, 13.3347948) confidence: 8.875486381318407e-05
2025-08-15 17:04:47,215 - INFO - Updated Der Oberhemdenspezialist: (52.5270193, 13.3347948)
2025-08-15 17:04:47,216 - INFO - Processing address 1329/2495: Grünstr.  1, Berlin
2025-08-15 17:04:48,878 - INFO - Geocoded: Grünstr.  1, Berlin -> (52.508296, 13.4045794) confidence: 8.875486381318407e-05
2025-08-15 17:04:48,878 - INFO - Updated Der Renovator Alex Weiß: (52.508296, 13.4045794)
2025-08-15 17:04:48,878 - INFO - Processing address 1330/2495: Rheinstr. 18, Berlin
2025-08-15 17:04:50,702 - INFO - Geocoded: Rheinstr. 18, Berlin -> (52.4692769, 13.3324795) confidence: 8.875486381318407e-05
2025-08-15 17:04:50,702 - INFO - Updated Der schlichte Laden Goldschmidt-Cohn und Fischel: (52.4692769, 13.3324795)
2025-08-15 17:04:50,702 - INFO - Processing address 1331/2495: Derfflingerstraße 4, Berlin
2025-08-15 17:04:52,271 - INFO - Geocoded: Derfflingerstraße 4, Berlin -> (52.4274468, 13.3341431) confidence: 8.875486381318407e-05
2025-08-15 17:04:52,272 - INFO - Updated Derfflingerstraße 4 Grundstücksaktiengesellschaft: (52.4274468, 13.3341431)
2025-08-15 17:04:52,272 - INFO - Processing address 1332/2495: Krimhildstr. 17/22, Berlin
2025-08-15 17:04:53,980 - INFO - Geocoded: Krimhildstr. 17/22, Berlin -> (52.6768363, 13.6100852) confidence: 0.05338932249942775
2025-08-15 17:04:53,980 - INFO - Updated Descopreß Vereinigte Dr. Ing. Subkis & Co und Allpreß Fabriken GmbH: (52.6768363, 13.6100852)
2025-08-15 17:04:53,980 - INFO - Processing address 1333/2495: Frühlingstr. 2, Berlin
2025-08-15 17:04:55,475 - INFO - Geocoded: Frühlingstr. 2, Berlin -> (52.5736935, 13.3786341) confidence: 8.875486381318407e-05
2025-08-15 17:04:55,475 - INFO - Updated Despisa Deutsche Essenzen- und Spirituosenfabrikation Emanuel Kotzur: (52.5736935, 13.3786341)
2025-08-15 17:04:55,475 - INFO - Processing address 1334/2495: Heidestr. 40, Berlin
2025-08-15 17:04:57,282 - INFO - Geocoded: Heidestr. 40, Berlin -> (52.5328215, 13.3655968) confidence: 8.875486381318407e-05
2025-08-15 17:04:57,282 - INFO - Updated Deurupo Holz- und Metallwarengesellschaft mbH: (52.5328215, 13.3655968)
2025-08-15 17:04:57,282 - INFO - Processing address 1335/2495: Kurfürstendamm 47, Berlin
2025-08-15 17:04:59,225 - INFO - Geocoded: Kurfürstendamm 47, Berlin -> (52.5017381, 13.3186839) confidence: 8.875486381318407e-05
2025-08-15 17:04:59,234 - INFO - Updated Deutag Deutsche Buchführungs-Steuerberatungs- und Treuhand GmbH: (52.5017381, 13.3186839)
2025-08-15 17:04:59,235 - INFO - Processing address 1336/2495: Pflügerstr. 18, Berlin
2025-08-15 17:05:00,822 - INFO - Geocoded: Pflügerstr. 18, Berlin -> (52.4905333, 13.4308264) confidence: 8.875486381318407e-05
2025-08-15 17:05:00,824 - INFO - Updated Deutsch & Lachmann: (52.4905333, 13.4308264)
2025-08-15 17:05:00,824 - INFO - Processing address 1337/2495: Friedrichstr. 118, Berlin
2025-08-15 17:05:02,821 - INFO - Geocoded: Friedrichstr. 118, Berlin -> (52.4496799, 13.6242972) confidence: 8.875486381318407e-05
2025-08-15 17:05:02,821 - INFO - Updated Deutsch-Englische Tuchhandelsgesellschaft mbH: (52.4496799, 13.6242972)
2025-08-15 17:05:02,822 - INFO - Processing address 1338/2495: Lindenstr. 35, Berlin
2025-08-15 17:05:04,988 - INFO - Geocoded: Lindenstr. 35, Berlin -> (52.4512857, 13.5709223) confidence: 8.875486381318407e-05
2025-08-15 17:05:04,990 - INFO - Updated Deutsch-Russische Luftverkehrs-GmbH: (52.4512857, 13.5709223)
2025-08-15 17:05:04,990 - INFO - Processing address 1339/2495: Jacobstr. 156/157, Berlin
2025-08-15 17:05:06,985 - INFO - Geocoded: Jacobstr. 156/157, Berlin -> (52.5290679, 13.4676102) confidence: 0.05342208819714653
2025-08-15 17:05:06,985 - INFO - Updated Deutsche Buch-Gemeinschaft GmbH: (52.5290679, 13.4676102)
2025-08-15 17:05:06,985 - INFO - Processing address 1340/2495: Kronenstr. 73/74, Berlin
2025-08-15 17:05:08,809 - INFO - Geocoded: Kronenstr. 73/74, Berlin -> (52.511386, 13.3927068) confidence: 0.05342208819714653
2025-08-15 17:05:08,809 - INFO - Updated Deutsche Effecten- und Wechsel-Bank: (52.511386, 13.3927068)
2025-08-15 17:05:08,810 - INFO - Processing address 1341/2495: Krause Ufer 24, Berlin
2025-08-15 17:05:10,595 - INFO - Geocoded: Krause Ufer 24, Berlin -> (52.5381987, 13.3561078) confidence: 8.875486381318407e-05
2025-08-15 17:05:10,595 - INFO - Updated Deutsche Gasglühlicht-Auer-GmbH: (52.5381987, 13.3561078)
2025-08-15 17:05:10,595 - INFO - Processing address 1342/2495: Hinter dem Gießhaus 3, Berlin
2025-08-15 17:05:12,236 - INFO - Geocoded: Hinter dem Gießhaus 3, Berlin -> (52.5189415, 13.3965266) confidence: 8.875486381318407e-05
2025-08-15 17:05:12,237 - INFO - Updated Deutsche Genossenschafts-Revisions- und Treuhand-AG: (52.518958595832395, 13.396596989287836)
2025-08-15 17:05:12,237 - INFO - Updated Deutsche Genossenschafts-Revisions- und Treuhandges. m.b.H: (52.51925036283445, 13.396525288880392)
2025-08-15 17:05:12,237 - INFO - Updated Genossenschafts-Treuhandgesellschaft mbH: (52.51875642739197, 13.397082774048288)
2025-08-15 17:05:12,237 - INFO - Processing address 1343/2495: Kantstraße 78, Berlin
2025-08-15 17:05:14,113 - INFO - Geocoded: Kantstraße 78, Berlin -> (52.5069529, 13.2977521) confidence: 8.875486381318407e-05
2025-08-15 17:05:14,113 - INFO - Updated Deutsche Grund- und Boden Verwertungsgesellschaft mbH: (52.5069529, 13.2977521)
2025-08-15 17:05:14,113 - INFO - Processing address 1344/2495: Bleibtreustr. 44, Berlin
2025-08-15 17:05:15,583 - INFO - Geocoded: Bleibtreustr. 44, Berlin -> (52.5037448, 13.3199912) confidence: 8.875486381318407e-05
2025-08-15 17:05:15,583 - INFO - Updated Deutsche Grundstücks-Bau- und Verwaltungs-GmbH: (52.5037448, 13.3199912)
2025-08-15 17:05:15,583 - INFO - Processing address 1345/2495: Bergstr. 157, Berlin
2025-08-15 17:05:19,879 - INFO - Geocoded: Bergstr. 157, Berlin -> (52.5212416, 13.518608) confidence: 0.04008875486381322
2025-08-15 17:05:19,880 - INFO - Updated Deutsche Herrenmoden Max Rosner: (52.5212416, 13.518608)
2025-08-15 17:05:19,880 - INFO - Processing address 1346/2495: Gertraudenstr. 24, Berlin
2025-08-15 17:05:21,569 - INFO - Geocoded: Gertraudenstr. 24, Berlin -> (52.5134759, 13.4047901) confidence: 0.05342208819714653
2025-08-15 17:05:21,569 - INFO - Updated Deutsche Herrenwäsche-Fabriken Dornbusch & Co Berlin-Bielefeld: (52.51343078489315, 13.405216005885192)
2025-08-15 17:05:21,570 - INFO - Updated H. & M. Jacobsohn: (52.51329572693163, 13.40469650069446)
2025-08-15 17:05:21,570 - INFO - Processing address 1347/2495: Hauptstr.  60, Berlin
2025-08-15 17:05:24,936 - INFO - Geocoded: Hauptstr.  60, Berlin -> (52.4797986, 13.3454215) confidence: 8.875486381318407e-05
2025-08-15 17:05:24,939 - INFO - Updated Deutsche Hut-Zentrale Jenny Wollstein: (52.4797986, 13.3454215)
2025-08-15 17:05:24,940 - INFO - Processing address 1348/2495: Ritterstr. 50, Berlin
2025-08-15 17:05:26,587 - INFO - Geocoded: Ritterstr. 50, Berlin -> (52.5042157, 13.401266) confidence: 8.875486381318407e-05
2025-08-15 17:05:26,587 - INFO - Updated Deutsche Kassenblock GmbH: (52.5042157, 13.401266)
2025-08-15 17:05:26,587 - INFO - Processing address 1349/2495: Unter den Linden 65, Berlin
2025-08-15 17:05:28,209 - INFO - Geocoded: Unter den Linden 65, Berlin -> (52.5160885, 13.3831682) confidence: 8.875486381318407e-05
2025-08-15 17:05:28,210 - INFO - Updated Deutsche Kupferhaus GmbH: (52.5160885, 13.3831682)
2025-08-15 17:05:28,210 - INFO - Processing address 1350/2495: Bischofstr. 6, Berlin
2025-08-15 17:05:34,759 - WARNING - Failed to geocode: Bischofstr. 6, Berlin
2025-08-15 17:05:34,760 - ERROR - Failed to geocode address: Bischofstr. 6, Berlin
2025-08-15 17:05:34,761 - INFO - Processing address 1351/2495: Calvinstr. 25, Berlin
2025-08-15 17:05:36,246 - INFO - Geocoded: Calvinstr. 25, Berlin -> (52.5222834, 13.3519138) confidence: 8.875486381318407e-05
2025-08-15 17:05:36,247 - INFO - Updated Deutsche Likör-Fabrik und Weinhandlung Ernst Voß: (52.5222834, 13.3519138)
2025-08-15 17:05:36,247 - INFO - Processing address 1352/2495: Unter den Linden 78, Berlin
2025-08-15 17:05:37,751 - INFO - Geocoded: Unter den Linden 78, Berlin -> (52.5169572, 13.380362) confidence: 8.875486381318407e-05
2025-08-15 17:05:37,751 - INFO - Updated Deutsche Länderbank AG: (52.5169572, 13.380362)
2025-08-15 17:05:37,751 - INFO - Processing address 1353/2495: Ritterstr. 33, Berlin
2025-08-15 17:05:39,680 - INFO - Geocoded: Ritterstr. 33, Berlin -> (52.5049928, 13.3982162) confidence: 0.05342208819714653
2025-08-15 17:05:39,680 - INFO - Updated Deutsche Metall Industrie A. S. Auerbach: (52.5049928, 13.3982162)
2025-08-15 17:05:39,680 - INFO - Processing address 1354/2495: Holzmarktstr. 69/70, Berlin
2025-08-15 17:05:41,530 - INFO - Geocoded: Holzmarktstr. 69/70, Berlin -> (52.5124197, 13.4259348) confidence: 0.2560520753862706
2025-08-15 17:05:41,530 - INFO - Updated Deutsche Metallbettstellen-Fabrik Max Mendelsohn: (52.5124197, 13.4259348)
2025-08-15 17:05:41,530 - INFO - Processing address 1355/2495: Gertraudenstr. 1/7, Berlin
2025-08-15 17:05:43,413 - INFO - Geocoded: Gertraudenstr. 1/7, Berlin -> (52.5134759, 13.4047901) confidence: 0.05342208819714653
2025-08-15 17:05:43,414 - INFO - Updated Deutsche Orientteppich Import Gesellschaft Ernst Philipsborn & Co: (52.5134759, 13.4047901)
2025-08-15 17:05:43,414 - INFO - Processing address 1356/2495: Kurstr. 30/31, Berlin
2025-08-15 17:05:45,157 - INFO - Geocoded: Kurstr. 30/31, Berlin -> (52.5471732, 13.2077354) confidence: 0.05342208819714653
2025-08-15 17:05:45,157 - INFO - Updated Deutsche Pelzindustrie GmbH: (52.5471732, 13.2077354)
2025-08-15 17:05:45,158 - INFO - Processing address 1357/2495: Kaiserallee 159, Berlin
2025-08-15 17:05:47,223 - INFO - Geocoded: Kaiserallee 159, Berlin -> (52.4193875, 13.3665673) confidence: 0.05342208819714653
2025-08-15 17:05:47,224 - INFO - Updated Deutsche Pharmazeutische Spezialpräparate Dephas GmbH: (52.4193875, 13.3665673)
2025-08-15 17:05:47,224 - INFO - Processing address 1358/2495: Gneisenaustr. 44/45, Berlin
2025-08-15 17:05:49,185 - INFO - Geocoded: Gneisenaustr. 44/45, Berlin -> (52.4900584, 13.4026754) confidence: 0.05342208819714653
2025-08-15 17:05:49,196 - INFO - Updated Deutsche Photomaton AG: (52.4900584, 13.4026754)
2025-08-15 17:05:49,196 - INFO - Processing address 1359/2495: Behrenstr. 55/57, Berlin
2025-08-15 17:05:50,820 - INFO - Geocoded: Behrenstr. 55/57, Berlin -> (52.5156648, 13.3869856) confidence: 0.488894506172639
2025-08-15 17:05:50,820 - INFO - Updated Deutsche Schauspielhaus-Betriebs AG: (52.5156648, 13.3869856)
2025-08-15 17:05:50,820 - INFO - Processing address 1360/2495: Wallstr. 19, Berlin
2025-08-15 17:05:52,579 - INFO - Geocoded: Wallstr. 19, Berlin -> (52.5110998, 13.4072706) confidence: 8.875486381318407e-05
2025-08-15 17:05:52,580 - INFO - Updated Deutsche Schuhkunst Simon Karpf: (52.5110998, 13.4072706)
2025-08-15 17:05:52,580 - INFO - Processing address 1361/2495: 75/76, Berlin
2025-08-15 17:05:55,008 - INFO - Geocoded: 75/76, Berlin -> (52.510885, 13.3989367) confidence: 0.840425236063765
2025-08-15 17:05:55,008 - INFO - Updated Deutsche Taschentuch-Industrie AG: (52.510885, 13.3989367)
2025-08-15 17:05:55,008 - INFO - Processing address 1362/2495: Douglasstr. 30, Berlin
2025-08-15 17:05:56,477 - INFO - Geocoded: Douglasstr. 30, Berlin -> (52.4855383, 13.2605716) confidence: 8.875486381318407e-05
2025-08-15 17:05:56,477 - INFO - Updated Deutsche Textil-Auskunftei Scherbel & Co: (52.4855383, 13.2605716)
2025-08-15 17:05:56,477 - INFO - Processing address 1363/2495: Unter den Linden 17/18, Berlin
2025-08-15 17:05:58,794 - INFO - Geocoded: Unter den Linden 17/18, Berlin -> (52.517382, 13.3957141) confidence: 0.5148900273965856
2025-08-15 17:05:58,794 - INFO - Updated Deutsche Unionbank AG: (52.517382, 13.3957141)
2025-08-15 17:05:58,794 - INFO - Processing address 1364/2495: Dorotheenstr. 68, Berlin
2025-08-15 17:06:00,351 - INFO - Geocoded: Dorotheenstr. 68, Berlin -> (52.5186511, 13.3859966) confidence: 8.875486381318407e-05
2025-08-15 17:06:00,351 - INFO - Updated Deutsche Waren-Treuhand-AG: (52.5186511, 13.3859966)
2025-08-15 17:06:00,351 - INFO - Processing address 1365/2495: 81/82, Berlin
2025-08-15 17:06:02,638 - INFO - Geocoded: 81/82, Berlin -> (52.510885, 13.3989367) confidence: 0.840425236063765
2025-08-15 17:06:02,638 - INFO - Updated Deutsche Werkstätten Berlin GmbH: (52.510885, 13.3989367)
2025-08-15 17:06:02,638 - INFO - Processing address 1366/2495: Mommsenstr. 59, Berlin
2025-08-15 17:06:04,113 - INFO - Geocoded: Mommsenstr. 59, Berlin -> (52.5031002, 13.3144852) confidence: 8.875486381318407e-05
2025-08-15 17:06:04,113 - INFO - Updated Deutscher Creditoren-Verband GmbH: (52.5031002, 13.3144852)
2025-08-15 17:06:04,113 - INFO - Processing address 1367/2495: Schmidstr. 19/20, Berlin
2025-08-15 17:06:05,892 - INFO - Geocoded: Schmidstr. 19/20, Berlin -> (52.5086029, 13.4175295) confidence: 0.05342208819714653
2025-08-15 17:06:05,892 - INFO - Updated Deutscher Modenverlag Louis Joseph: (52.50834512179662, 13.41788630992576)
2025-08-15 17:06:05,893 - INFO - Updated Favorit-Verlag Georg Lehmann: (52.50888735516454, 13.417038676572878)
2025-08-15 17:06:05,893 - INFO - Updated Gustav Lyon Stiftung GmbH: (52.508172017701256, 13.416925390390558)
2025-08-15 17:06:05,893 - INFO - Processing address 1368/2495: Mansteinstr. 1, Berlin
2025-08-15 17:06:07,371 - INFO - Geocoded: Mansteinstr. 1, Berlin -> (52.4930916, 13.3668191) confidence: 8.875486381318407e-05
2025-08-15 17:06:07,372 - INFO - Updated Deutscher Möbel-Vertrieb Becker & Co: (52.4930916, 13.3668191)
2025-08-15 17:06:07,372 - INFO - Processing address 1369/2495: Zimmerstr. 72/74, Berlin
2025-08-15 17:06:09,140 - INFO - Geocoded: Zimmerstr. 72/74, Berlin -> (52.5081653, 13.3982488) confidence: 0.07085170629346904
2025-08-15 17:06:09,141 - INFO - Updated Deutscher Submissionsanzeiger Georg Erb: (52.5081653, 13.3982488)
2025-08-15 17:06:09,141 - INFO - Processing address 1370/2495: ( Trade ) Eingetragen im Handelsregister/ Gründung 1925 Erloschen 1934 Potsdamer Str. 119b,  Berlin
2025-08-15 17:06:14,551 - WARNING - Failed to geocode: ( Trade ) Eingetragen im Handelsregister/ Gründung 1925 Erloschen 1934 Potsdamer Str. 119b,  Berlin
2025-08-15 17:06:14,552 - ERROR - Failed to geocode address: ( Trade ) Eingetragen im Handelsregister/ Gründung 1925 Erloschen 1934 Potsdamer Str. 119b,  Berlin
2025-08-15 17:06:14,552 - INFO - Processing address 1371/2495: Am Zirkus 1, Berlin
2025-08-15 17:06:16,335 - INFO - Geocoded: Am Zirkus 1, Berlin -> (52.5231698, 13.386393) confidence: 0.18271960161957657
2025-08-15 17:06:16,335 - INFO - Updated Deutsches National-Theater AG: (52.5231698, 13.386393)
2025-08-15 17:06:16,335 - INFO - Processing address 1372/2495: Badstr. 31, Berlin
2025-08-15 17:06:18,179 - INFO - Geocoded: Badstr. 31, Berlin -> (52.5528898, 13.3803956) confidence: 8.875486381318407e-05
2025-08-15 17:06:18,180 - INFO - Updated Deutsches Schuhwarenhaus Adolf Sommerfeld: (52.5528898, 13.3803956)
2025-08-15 17:06:18,180 - INFO - Processing address 1373/2495: Oranienstr. 158, Berlin
2025-08-15 17:06:20,226 - INFO - Geocoded: Oranienstr. 158, Berlin -> (52.5028987, 13.4129908) confidence: 8.875486381318407e-05
2025-08-15 17:06:20,227 - INFO - Updated Deutsches Teppichhaus Emil Lefèvre GmbH: (52.5028987, 13.4129908)
2025-08-15 17:06:20,227 - INFO - Processing address 1374/2495: Schumannstr. 13, Berlin
2025-08-15 17:06:21,865 - INFO - Geocoded: Schumannstr. 13, Berlin -> (52.5243546, 13.3819066) confidence: 0.5165827141243987
2025-08-15 17:06:21,866 - INFO - Updated Deutsches Theater in Berlin GmbH: (52.5247033282494, 13.381632358464168)
2025-08-15 17:06:21,866 - INFO - Updated Deutsches Theater, Direktion Max Reinhardt: (52.524665402060926, 13.382005026423203)
2025-08-15 17:06:21,866 - INFO - Processing address 1375/2495: Porbststr. 14/15, Berlin
2025-08-15 17:06:27,292 - WARNING - Failed to geocode: Porbststr. 14/15, Berlin
2025-08-15 17:06:27,292 - ERROR - Failed to geocode address: Porbststr. 14/15, Berlin
2025-08-15 17:06:27,292 - INFO - Processing address 1376/2495: Königstr. 76, Berlin
2025-08-15 17:06:29,252 - INFO - Geocoded: Königstr. 76, Berlin -> (52.5182552, 13.4068157) confidence: 0.34137582715177667
2025-08-15 17:06:29,253 - INFO - Updated Dlusniewski & Co: (52.5182552, 13.4068157)
2025-08-15 17:06:29,253 - INFO - Processing address 1377/2495: Schützenstr. 9, Berlin
2025-08-15 17:06:31,180 - INFO - Geocoded: Schützenstr. 9, Berlin -> (52.5507326, 13.2108254) confidence: 8.875486381318407e-05
2025-08-15 17:06:31,180 - INFO - Updated Dom-Kellerei zu Köln AG: (52.5507326, 13.2108254)
2025-08-15 17:06:31,180 - INFO - Processing address 1378/2495: Kurfürstenstr. 117, Berlin
2025-08-15 17:06:33,200 - INFO - Geocoded: Kurfürstenstr. 117, Berlin -> (52.5021068, 13.353687) confidence: 0.05342208819714653
2025-08-15 17:06:33,200 - INFO - Updated Domus Parva Grundstücks-AG zu Berlin: (52.50225853679073, 13.354162870197785)
2025-08-15 17:06:33,200 - INFO - Updated Domus bona Grundstücks-AG: (52.50242649790131, 13.35350167556013)
2025-08-15 17:06:33,201 - INFO - Updated Domus melior Grundstücks-Aktiengesellschaft zu Berlin: (52.502241205233354, 13.353433906947332)
2025-08-15 17:06:33,201 - INFO - Updated Domus minima Grundstücks-AG: (52.50221076361034, 13.35395554256819)
2025-08-15 17:06:33,201 - INFO - Updated Domus minor Grundstücks-AG zu Berlin: (52.5024652125324, 13.35353313851169)
2025-08-15 17:06:33,201 - INFO - Updated Domus optima Grundstücks-AG zu Berlin: (52.50209861041407, 13.353350754752473)
2025-08-15 17:06:33,201 - INFO - Updated Grundstücksverwertungsgesellschaft Phantasus mbH: (52.50174981052354, 13.35363994243479)
2025-08-15 17:06:33,201 - INFO - Processing address 1379/2495: Motzstr.  87, Berlin
2025-08-15 17:06:34,709 - INFO - Geocoded: Motzstr.  87, Berlin -> (52.4935304, 13.3351638) confidence: 8.875486381318407e-05
2025-08-15 17:06:34,709 - INFO - Updated Diana Pulik: (52.4935304, 13.3351638)
2025-08-15 17:06:34,709 - INFO - Processing address 1380/2495: Turmstr. 28, Berlin
2025-08-15 17:06:36,707 - INFO - Geocoded: Turmstr. 28, Berlin -> (52.526467, 13.3427528) confidence: 8.875486381318407e-05
2025-08-15 17:06:36,707 - INFO - Updated Diana-Apotheke-Drogenhandlung Ernst J. Levy: (52.526467, 13.3427528)
2025-08-15 17:06:36,707 - INFO - Processing address 1381/2495: Grunewaldstr. 53, Berlin
2025-08-15 17:06:38,659 - INFO - Geocoded: Grunewaldstr. 53, Berlin -> (52.4881247, 13.3375358) confidence: 8.875486381318407e-05
2025-08-15 17:06:38,659 - INFO - Updated Die Bücher-Ecke Willy Cohn: (52.4881247, 13.3375358)
2025-08-15 17:06:38,659 - INFO - Processing address 1382/2495: Prinzregentenstr.  11, Berlin
2025-08-15 17:06:40,215 - INFO - Geocoded: Prinzregentenstr.  11, Berlin -> (52.4897355, 13.3327715) confidence: 8.875486381318407e-05
2025-08-15 17:06:40,215 - INFO - Updated Die Heißmangel: (52.4897355, 13.3327715)
2025-08-15 17:06:40,215 - INFO - Processing address 1383/2495: Wichmannstr. 19, Berlin
2025-08-15 17:06:42,387 - INFO - Geocoded: Wichmannstr. 19, Berlin -> (52.5052452, 13.3473758) confidence: 8.875486381318407e-05
2025-08-15 17:06:42,388 - INFO - Updated Die Kohlenwirtschaft Verlagsgesellschaft mbH: (52.5052452, 13.3473758)
2025-08-15 17:06:42,388 - INFO - Processing address 1384/2495: Paulusstr. 36, Berlin
2025-08-15 17:06:43,927 - INFO - Geocoded: Paulusstr. 36, Berlin -> (52.4885528, 13.352321) confidence: 0.05342208819714653
2025-08-15 17:06:43,927 - INFO - Updated Dienemann, Hans: (52.4885528, 13.352321)
2025-08-15 17:06:43,927 - INFO - Processing address 1385/2495: Friedrichstr. 74, Berlin
2025-08-15 17:06:45,851 - INFO - Geocoded: Friedrichstr. 74, Berlin -> (52.456339, 13.6248738) confidence: 8.875486381318407e-05
2025-08-15 17:06:45,851 - INFO - Updated Dienes, Friedheim & Co: (52.456484634744456, 13.625103924081973)
2025-08-15 17:06:45,852 - INFO - Updated Guttentag & Goldschmidt: (52.456632892258476, 13.62538689474609)
2025-08-15 17:06:45,852 - INFO - Processing address 1386/2495: Schützenstr. 56, Berlin
2025-08-15 17:06:47,753 - INFO - Geocoded: Schützenstr. 56, Berlin -> (52.5509869, 13.2116088) confidence: 0.05342208819714653
2025-08-15 17:06:47,753 - INFO - Updated Dienstag & Co: (52.5509869, 13.2116088)
2025-08-15 17:06:47,754 - INFO - Processing address 1387/2495: Südwestkorso 9, Berlin
2025-08-15 17:06:49,420 - INFO - Geocoded: Südwestkorso 9, Berlin -> (52.4753606, 13.3238264) confidence: 8.875486381318407e-05
2025-08-15 17:06:49,420 - INFO - Updated Dipl.-Ing. Alfred Strauß: (52.4753606, 13.3238264)
2025-08-15 17:06:49,420 - INFO - Processing address 1388/2495: ( Trade ) Eingetragen im Handelsregister/ Gründung 1935 Erloschen 1938 Freisinger Str. 5a,  Berlin
2025-08-15 17:06:54,906 - WARNING - Failed to geocode: ( Trade ) Eingetragen im Handelsregister/ Gründung 1935 Erloschen 1938 Freisinger Str. 5a,  Berlin
2025-08-15 17:06:54,907 - ERROR - Failed to geocode address: ( Trade ) Eingetragen im Handelsregister/ Gründung 1935 Erloschen 1938 Freisinger Str. 5a,  Berlin
2025-08-15 17:06:54,907 - INFO - Processing address 1389/2495: Wexstr. 39, Berlin
2025-08-15 17:06:56,458 - INFO - Geocoded: Wexstr. 39, Berlin -> (52.4785462, 13.3323829) confidence: 8.875486381318407e-05
2025-08-15 17:06:56,458 - INFO - Updated Dipl.-Ing. R. Schuftan, Zivil-Ingenieur: (52.4785462, 13.3323829)
2025-08-15 17:06:56,458 - INFO - Processing address 1390/2495: Nollendorfplatz 1, Berlin
2025-08-15 17:06:58,078 - INFO - Geocoded: Nollendorfplatz 1, Berlin -> (52.4997838, 13.3539923) confidence: 0.393277020885686
2025-08-15 17:06:58,078 - INFO - Updated Direktion des Theater am Nollendorfplatz GmbH: (52.4997838, 13.3539923)
2025-08-15 17:06:58,078 - INFO - Processing address 1391/2495: Charlottenstr. 55, Berlin
2025-08-15 17:07:00,098 - INFO - Geocoded: Charlottenstr. 55, Berlin -> (52.5135064, 13.3908638) confidence: 0.4257265482755533
2025-08-15 17:07:00,098 - INFO - Updated Doppelecke Grundstücksgesellschaft mbH: (52.5134171437098, 13.390641425641617)
2025-08-15 17:07:00,098 - INFO - Updated Ernst Hamburg: (52.51323303480017, 13.390549135941146)
2025-08-15 17:07:00,098 - INFO - Processing address 1392/2495: Am Erlenbusch 4, Berlin
2025-08-15 17:07:01,551 - INFO - Geocoded: Am Erlenbusch 4, Berlin -> (52.4642968, 13.3000552) confidence: 8.875486381318407e-05
2025-08-15 17:07:01,552 - INFO - Updated Doppellandhaus Dahlem GmbH: (52.4642968, 13.3000552)
2025-08-15 17:07:01,552 - INFO - Processing address 1393/2495: Dragonerstr. 20, Berlin
2025-08-15 17:07:03,060 - INFO - Geocoded: Dragonerstr. 20, Berlin -> (52.5256876, 13.4083997) confidence: 0.18271960161957657
2025-08-15 17:07:03,061 - INFO - Updated Dora Gelb Inh. Moritz Müller: (52.5256876, 13.4083997)
2025-08-15 17:07:03,061 - INFO - Processing address 1394/2495: Beuthstr. 6, Berlin
2025-08-15 17:07:04,533 - INFO - Geocoded: Beuthstr. 6, Berlin -> (52.5097398, 13.402097) confidence: 8.875486381318407e-05
2025-08-15 17:07:04,533 - INFO - Updated Dora Gerson: (52.5097398, 13.402097)
2025-08-15 17:07:04,533 - INFO - Processing address 1395/2495: Chorinerstr. 11, Berlin
2025-08-15 17:07:06,102 - INFO - Geocoded: Chorinerstr. 11, Berlin -> (52.5329547, 13.4069612) confidence: 8.875486381318407e-05
2025-08-15 17:07:06,102 - INFO - Updated Dora Grünwurzel: (52.5329547, 13.4069612)
2025-08-15 17:07:06,102 - INFO - Processing address 1396/2495: Barnimstr.  20, Berlin
2025-08-15 17:07:07,595 - INFO - Geocoded: Barnimstr.  20, Berlin -> (52.5263681, 13.4220066) confidence: 0.05342208819714653
2025-08-15 17:07:07,595 - INFO - Updated Dora Schwing: (52.52653574896114, 13.42189965044725)
2025-08-15 17:07:07,595 - INFO - Updated Groß: (52.52613965890261, 13.42226441619669)
2025-08-15 17:07:07,595 - INFO - Processing address 1397/2495: Tauentzienstr. 4, Berlin
2025-08-15 17:07:09,010 - INFO - Geocoded: Tauentzienstr. 4, Berlin -> (52.5026895, 13.3410749) confidence: 8.875486381318407e-05
2025-08-15 17:07:09,010 - INFO - Updated Dorn-Verlag Grete Ullmann: (52.502905384219616, 13.340742500581214)
2025-08-15 17:07:09,010 - INFO - Updated Gomperts & Co: (52.50261657873178, 13.34080664264494)
2025-08-15 17:07:09,010 - INFO - Processing address 1398/2495: Akazienstr.  20, Berlin
2025-08-15 17:07:10,565 - INFO - Geocoded: Akazienstr.  20, Berlin -> (52.4882594, 13.3538564) confidence: 8.875486381318407e-05
2025-08-15 17:07:10,565 - INFO - Updated Dorothea Holzhändler: (52.4882594, 13.3538564)
2025-08-15 17:07:10,565 - INFO - Processing address 1399/2495: Beusselstr.  23, Berlin
2025-08-15 17:07:12,015 - INFO - Geocoded: Beusselstr.  23, Berlin -> (52.5290074, 13.3288778) confidence: 8.875486381318407e-05
2025-08-15 17:07:12,015 - INFO - Updated Dosack Leo: (52.5290074, 13.3288778)
2025-08-15 17:07:12,015 - INFO - Processing address 1400/2495: Katharinenstr. 19, Berlin
2025-08-15 17:07:13,547 - INFO - Geocoded: Katharinenstr. 19, Berlin -> (52.4997341, 13.2923393) confidence: 8.875486381318407e-05
2025-08-15 17:07:13,547 - INFO - Updated Dr. Adolf Abrahams Laboratorium: (52.4997341, 13.2923393)
2025-08-15 17:07:13,547 - INFO - Progress: 1400/2495 addresses processed
2025-08-15 17:07:13,581 - INFO - Processing address 1401/2495: Kurstr. 34/35, Berlin
2025-08-15 17:07:15,359 - INFO - Geocoded: Kurstr. 34/35, Berlin -> (52.5471732, 13.2077354) confidence: 0.05342208819714653
2025-08-15 17:07:15,360 - INFO - Updated Dr. Albert Bernard Nachfolger Einhorn-Apotheke: (52.5471732, 13.2077354)
2025-08-15 17:07:15,360 - INFO - Processing address 1402/2495: 200, Berlin
2025-08-15 17:07:15,360 - WARNING - Incomplete address detected: 200, Berlin
2025-08-15 17:07:15,360 - ERROR - Failed to geocode address: 200, Berlin
2025-08-15 17:07:15,360 - INFO - Processing address 1403/2495: Nostizstr. 30, Berlin
2025-08-15 17:07:20,787 - WARNING - Failed to geocode: Nostizstr. 30, Berlin
2025-08-15 17:07:20,787 - ERROR - Failed to geocode address: Nostizstr. 30, Berlin
2025-08-15 17:07:20,787 - INFO - Processing address 1404/2495: Badstr. 11, Berlin
2025-08-15 17:07:22,329 - INFO - Geocoded: Badstr. 11, Berlin -> (52.5503414, 13.3855631) confidence: 8.875486381318407e-05
2025-08-15 17:07:22,329 - INFO - Updated Dr. Apt & Co: (52.5503414, 13.3855631)
2025-08-15 17:07:22,329 - INFO - Processing address 1405/2495: Meinekestr. 9, Berlin
2025-08-15 17:07:23,921 - INFO - Geocoded: Meinekestr. 9, Berlin -> (52.5009762, 13.32871) confidence: 8.875486381318407e-05
2025-08-15 17:07:23,921 - INFO - Updated Dr. Aschner und Kempner, GmbH: (52.5009762, 13.32871)
2025-08-15 17:07:23,921 - INFO - Processing address 1406/2495: Nonnendammallee 86, Berlin
2025-08-15 17:07:25,405 - INFO - Geocoded: Nonnendammallee 86, Berlin -> (52.5363797, 13.2705333) confidence: 8.875486381318407e-05
2025-08-15 17:07:25,405 - INFO - Updated Dr. Auerbach's Apotheke Dr. Martin Auerbach: (52.5363797, 13.2705333)
2025-08-15 17:07:25,405 - INFO - Processing address 1407/2495: 2/3, Berlin
2025-08-15 17:07:27,072 - INFO - Geocoded: 2/3, Berlin -> (52.5071696, 13.3768877) confidence: 8.875486381318407e-05
2025-08-15 17:07:27,072 - INFO - Updated Dr. Benedict & Co GmbH: (52.5071696, 13.3768877)
2025-08-15 17:07:27,072 - INFO - Processing address 1408/2495: Wallstr. 89, Berlin
2025-08-15 17:07:28,728 - INFO - Geocoded: Wallstr. 89, Berlin -> (52.5114708, 13.4066816) confidence: 8.875486381318407e-05
2025-08-15 17:07:28,729 - INFO - Updated Dr. Bretschneider & Co: (52.5114708, 13.4066816)
2025-08-15 17:07:28,729 - INFO - Processing address 1409/2495: Keplerstr. 20, Berlin
2025-08-15 17:07:30,382 - INFO - Geocoded: Keplerstr. 20, Berlin -> (52.4604427, 13.5317048) confidence: 0.05342208819714653
2025-08-15 17:07:30,383 - INFO - Updated Dr. Cassirer & Co AG: (52.4604427, 13.5317048)
2025-08-15 17:07:30,383 - INFO - Processing address 1410/2495: Herzbergstr. 28, Berlin
2025-08-15 17:07:32,030 - INFO - Geocoded: Herzbergstr. 28, Berlin -> (52.5264758, 13.4881707) confidence: 8.875486381318407e-05
2025-08-15 17:07:32,030 - INFO - Updated Dr. Dobrin & Co: (52.5264758, 13.4881707)
2025-08-15 17:07:32,030 - INFO - Processing address 1411/2495: Karlstr. 20, Berlin
2025-08-15 17:07:33,819 - INFO - Geocoded: Karlstr. 20, Berlin -> (52.4974802, 13.618429) confidence: 8.875486381318407e-05
2025-08-15 17:07:33,819 - INFO - Updated Dr. Ernst Silten Fabrik chem. Pharmac. Praeparate: (52.4974802, 13.618429)
2025-08-15 17:07:33,819 - INFO - Processing address 1412/2495: s Apotheke pharmacies Kurfürstendamm  101, Berlin
2025-08-15 17:07:40,817 - WARNING - Failed to geocode: s Apotheke pharmacies Kurfürstendamm  101, Berlin
2025-08-15 17:07:40,817 - ERROR - Failed to geocode address: s Apotheke pharmacies Kurfürstendamm  101, Berlin
2025-08-15 17:07:40,817 - INFO - Processing address 1413/2495: Leonorenstr.  14, Berlin
2025-08-15 17:07:42,456 - INFO - Geocoded: Leonorenstr.  14, Berlin -> (52.444274, 13.3390137) confidence: 0.05342208819714653
2025-08-15 17:07:42,456 - INFO - Updated Dr. Fraenkel-Oliven: (52.444274, 13.3390137)
2025-08-15 17:07:42,457 - INFO - Processing address 1414/2495: Oppenstr. 61, Berlin
2025-08-15 17:07:48,348 - WARNING - Failed to geocode: Oppenstr. 61, Berlin
2025-08-15 17:07:48,349 - ERROR - Failed to geocode address: Oppenstr. 61, Berlin
2025-08-15 17:07:48,349 - INFO - Processing address 1415/2495: Motzstr. 47, Berlin
2025-08-15 17:07:49,749 - INFO - Geocoded: Motzstr. 47, Berlin -> (52.4963811, 13.3443638) confidence: 8.875486381318407e-05
2025-08-15 17:07:49,749 - INFO - Updated Dr. Franz Josef Krall: (52.49612168565178, 13.343826976586985)
2025-08-15 17:07:49,749 - INFO - Updated Florida Grundstücksverwertungsgesellschaft mbH: (52.49634608164599, 13.3448776678172)
2025-08-15 17:07:49,749 - INFO - Processing address 1416/2495: Kantstr. 164, Berlin
2025-08-15 17:07:51,568 - INFO - Geocoded: Kantstr. 164, Berlin -> (52.5048411, 13.332962) confidence: 8.875486381318407e-05
2025-08-15 17:07:51,568 - INFO - Updated Dr. Fritz Taussig: (52.5048411, 13.332962)
2025-08-15 17:07:51,568 - INFO - Processing address 1417/2495: 14/15, Berlin
2025-08-15 17:07:53,259 - INFO - Geocoded: 14/15, Berlin -> (52.5534557, 13.2910103) confidence: 8.875486381318407e-05
2025-08-15 17:07:53,259 - INFO - Updated Dr. Georg Henning chemisch-pharmazeutisches Werk GmbH: (52.5534557, 13.2910103)
2025-08-15 17:07:53,259 - INFO - Processing address 1418/2495: Ruschestr. 6/8, Berlin
2025-08-15 17:07:55,255 - INFO - Geocoded: Ruschestr. 6/8, Berlin -> (52.5195473, 13.4859486) confidence: 0.05342208819714653
2025-08-15 17:07:55,255 - INFO - Updated Dr. H. Kellermann GmbH: (52.5195473, 13.4859486)
2025-08-15 17:07:55,255 - INFO - Processing address 1419/2495: Dorotheenstr. 4, Berlin
2025-08-15 17:07:56,879 - INFO - Geocoded: Dorotheenstr. 4, Berlin -> (52.3976, 13.1451797) confidence: 8.875486381318407e-05
2025-08-15 17:07:56,881 - INFO - Updated Dr. Hans Preiß: (52.3976, 13.1451797)
2025-08-15 17:07:56,881 - INFO - Processing address 1420/2495: Kantstr. 152, Berlin
2025-08-15 17:07:58,532 - INFO - Geocoded: Kantstr. 152, Berlin -> (52.50538, 13.3263152) confidence: 8.875486381318407e-05
2025-08-15 17:07:58,532 - INFO - Updated Dr. Heinrich Lubowski & Co Handelsgesellschaft für chemische Produkte mbH: (52.50538, 13.3263152)
2025-08-15 17:07:58,532 - INFO - Processing address 1421/2495: Turmstr. 6, Berlin
2025-08-15 17:08:00,157 - INFO - Geocoded: Turmstr. 6, Berlin -> (52.5290653, 13.3647859) confidence: 8.875486381318407e-05
2025-08-15 17:08:00,158 - INFO - Updated Dr. Herbert W. Nürnberg: (52.5290653, 13.3647859)
2025-08-15 17:08:00,158 - INFO - Processing address 1422/2495: Friedrichstr.  249, Berlin
2025-08-15 17:08:02,497 - INFO - Geocoded: Friedrichstr.  249, Berlin -> (52.5015293, 13.3913508) confidence: 0.4683814607413573
2025-08-15 17:08:02,497 - INFO - Updated Dr. Herz: (52.5015293, 13.3913508)
2025-08-15 17:08:02,497 - INFO - Processing address 1423/2495: Innsbrucker Platz 1, Berlin
2025-08-15 17:08:04,307 - INFO - Geocoded: Innsbrucker Platz 1, Berlin -> (52.4786014, 13.3440187) confidence: 0.3037270327716202
2025-08-15 17:08:04,307 - INFO - Updated Dr. Holz GmbH: (52.4786014, 13.3440187)
2025-08-15 17:08:04,307 - INFO - Processing address 1424/2495: Elisabethufer 55, Berlin
2025-08-15 17:08:10,629 - WARNING - Failed to geocode: Elisabethufer 55, Berlin
2025-08-15 17:08:10,630 - ERROR - Failed to geocode address: Elisabethufer 55, Berlin
2025-08-15 17:08:10,630 - INFO - Processing address 1425/2495: Cicerostr. 15, Berlin
2025-08-15 17:08:12,222 - INFO - Geocoded: Cicerostr. 15, Berlin -> (52.4938994, 13.3012891) confidence: 8.875486381318407e-05
2025-08-15 17:08:12,223 - INFO - Updated Dr. James J. Traube Spezialartikel für Kraftfahrzeuge: (52.4938994, 13.3012891)
2025-08-15 17:08:12,223 - INFO - Processing address 1426/2495: Prenzlauer Allee 34, Berlin
2025-08-15 17:08:13,878 - INFO - Geocoded: Prenzlauer Allee 34, Berlin -> (52.5344439, 13.4219098) confidence: 8.875486381318407e-05
2025-08-15 17:08:13,878 - INFO - Updated Dr. Jewnin & Tebrich: (52.53460681120229, 13.421404136893829)
2025-08-15 17:08:13,878 - INFO - Updated Gebrüder Blumenthal: (52.534792045086064, 13.421891911901064)
2025-08-15 17:08:13,878 - INFO - Processing address 1427/2495: Jerusalemerstr. 65/66, Berlin
2025-08-15 17:08:15,677 - INFO - Geocoded: Jerusalemerstr. 65/66, Berlin -> (52.5089924, 13.397046) confidence: 0.05342208819714653
2025-08-15 17:08:15,677 - INFO - Updated Dr. Julius Spitzer & Co GmbH: (52.5089924, 13.397046)
2025-08-15 17:08:15,677 - INFO - Processing address 1428/2495: Windscheidstr. 11, Berlin
2025-08-15 17:08:17,165 - INFO - Geocoded: Windscheidstr. 11, Berlin -> (52.50767, 13.2985862) confidence: 8.875486381318407e-05
2025-08-15 17:08:17,165 - INFO - Updated Dr. Julius Werther, Ingenieur: (52.50767, 13.2985862)
2025-08-15 17:08:17,165 - INFO - Processing address 1429/2495: Lehderstr. 74/76, Berlin
2025-08-15 17:08:18,957 - INFO - Geocoded: Lehderstr. 74/76, Berlin -> (52.5481954, 13.4453205) confidence: 0.05342208819714653
2025-08-15 17:08:18,957 - INFO - Updated Dr. Kantorowicz GmbH: (52.5481954, 13.4453205)
2025-08-15 17:08:18,957 - INFO - Processing address 1430/2495: Sanatorium Mendel pharmacies Jungfernstieg  14, Berlin
2025-08-15 17:08:25,976 - WARNING - Failed to geocode: Sanatorium Mendel pharmacies Jungfernstieg  14, Berlin
2025-08-15 17:08:25,976 - ERROR - Failed to geocode address: Sanatorium Mendel pharmacies Jungfernstieg  14, Berlin
2025-08-15 17:08:25,976 - INFO - Processing address 1431/2495: Holsteiner Ufer 19, Berlin
2025-08-15 17:08:27,731 - INFO - Geocoded: Holsteiner Ufer 19, Berlin -> (52.5225771, 13.3435923) confidence: 0.05342208819714653
2025-08-15 17:08:27,731 - INFO - Updated Dr. Ludwig Mottek: (52.5225771, 13.3435923)
2025-08-15 17:08:27,731 - INFO - Processing address 1432/2495: Prinzenallee 67/69, Berlin
2025-08-15 17:08:29,515 - INFO - Geocoded: Prinzenallee 67/69, Berlin -> (52.5588981, 13.386358) confidence: 0.20221430031627477
2025-08-15 17:08:29,515 - INFO - Updated Dr. Lövinsohn & Co: (52.5588981, 13.386358)
2025-08-15 17:08:29,515 - INFO - Processing address 1433/2495: Holzmannstr. 22, Berlin
2025-08-15 17:08:30,973 - INFO - Geocoded: Holzmannstr. 22, Berlin -> (52.4629576, 13.4176781) confidence: 8.875486381318407e-05
2025-08-15 17:08:30,973 - INFO - Updated Dr. Max Ascher & Co GmbH: (52.4629576, 13.4176781)
2025-08-15 17:08:30,973 - INFO - Processing address 1434/2495: Chausseestr. 116, Berlin
2025-08-15 17:08:32,892 - INFO - Geocoded: Chausseestr. 116, Berlin -> (52.530075, 13.3833878) confidence: 8.875486381318407e-05
2025-08-15 17:08:32,892 - INFO - Updated Dr. Max Goldschmidt, Bureau für Zeitungsausschnitte und Verlag der Wissenschaftlichen Revue: (52.530075, 13.3833878)
2025-08-15 17:08:32,892 - INFO - Processing address 1435/2495: Müllerstr. 65, Berlin
2025-08-15 17:08:34,943 - INFO - Geocoded: Müllerstr. 65, Berlin -> (52.5563154, 13.3420765) confidence: 8.875486381318407e-05
2025-08-15 17:08:34,943 - INFO - Updated Dr. Max Levy GmbH: (52.5563154, 13.3420765)
2025-08-15 17:08:34,943 - INFO - Processing address 1436/2495: Prenzlauer Allee 176, Berlin
2025-08-15 17:08:36,625 - INFO - Geocoded: Prenzlauer Allee 176, Berlin -> (52.5455448, 13.4273221) confidence: 8.875486381318407e-05
2025-08-15 17:08:36,626 - INFO - Updated Dr. Max Salinger: (52.5455448, 13.4273221)
2025-08-15 17:08:36,626 - INFO - Processing address 1437/2495: Rheinstr.  65, Berlin
2025-08-15 17:08:38,469 - INFO - Geocoded: Rheinstr.  65, Berlin -> (52.4710539, 13.3351238) confidence: 0.19634734818319707
2025-08-15 17:08:38,469 - INFO - Updated Dr. Maß-Neumann: (52.4710539, 13.3351238)
2025-08-15 17:08:38,469 - INFO - Processing address 1438/2495: 154, Berlin
2025-08-15 17:08:38,469 - WARNING - Incomplete address detected: 154, Berlin
2025-08-15 17:08:38,469 - ERROR - Failed to geocode address: 154, Berlin
2025-08-15 17:08:38,469 - INFO - Processing address 1439/2495: Bellevuestr. 11, Berlin
2025-08-15 17:08:40,198 - INFO - Geocoded: Bellevuestr. 11, Berlin -> (52.5106844, 13.373205) confidence: 0.05342208819714653
2025-08-15 17:08:40,199 - INFO - Updated Dr. Otto Burchard & Co GmbH: (52.510744425594034, 13.373745995384814)
2025-08-15 17:08:40,199 - INFO - Updated Gartenstadt Pinnow und Antonienhof GmbH: (52.510803668516125, 13.372629498655598)
2025-08-15 17:08:40,199 - INFO - Processing address 1440/2495: Hermannstr. 64, Berlin
2025-08-15 17:08:42,166 - INFO - Geocoded: Hermannstr. 64, Berlin -> (52.4755564, 13.426737) confidence: 8.875486381318407e-05
2025-08-15 17:08:42,167 - INFO - Updated Dr. Pfeffermann & Co GmbH: (52.4755564, 13.426737)
2025-08-15 17:08:42,167 - INFO - Processing address 1441/2495: 140/141, Berlin
2025-08-15 17:08:44,232 - INFO - Geocoded: 140/141, Berlin -> (52.5233617, 13.4051171) confidence: 8.875486381318407e-05
2025-08-15 17:08:44,232 - INFO - Updated Dr. Philipp Hirsch: (52.5233617, 13.4051171)
2025-08-15 17:08:44,232 - INFO - Processing address 1442/2495: Am Kupfergraben 4, Berlin
2025-08-15 17:08:45,696 - INFO - Geocoded: Am Kupfergraben 4, Berlin -> (52.5206176, 13.3947047) confidence: 8.875486381318407e-05
2025-08-15 17:08:45,696 - INFO - Updated Dr. Philipp Lederer: (52.5206176, 13.3947047)
2025-08-15 17:08:45,696 - INFO - Processing address 1443/2495: Binzstr. 2, Berlin
2025-08-15 17:08:47,287 - INFO - Geocoded: Binzstr. 2, Berlin -> (52.5629846, 13.4140392) confidence: 8.875486381318407e-05
2025-08-15 17:08:47,288 - INFO - Updated Dr. R. E. Müller & Co: (52.5629846, 13.4140392)
2025-08-15 17:08:47,288 - INFO - Processing address 1444/2495: Leibnitzstr. 33, Berlin
2025-08-15 17:08:54,241 - WARNING - Failed to geocode: Leibnitzstr. 33, Berlin
2025-08-15 17:08:54,249 - ERROR - Failed to geocode address: Leibnitzstr. 33, Berlin
2025-08-15 17:08:54,249 - INFO - Processing address 1445/2495: Zimmerstr. 68, Berlin
2025-08-15 17:08:55,766 - INFO - Geocoded: Zimmerstr. 68, Berlin -> (52.5080012, 13.3933535) confidence: 8.875486381318407e-05
2025-08-15 17:08:55,769 - INFO - Updated Dr. S. Meyer & Co GmbH: (52.50788237524124, 13.393378790450525)
2025-08-15 17:08:55,770 - INFO - Updated Georg Schleyer: (52.50780113760164, 13.392928991180547)
2025-08-15 17:08:55,770 - INFO - Processing address 1446/2495: Lietzenburgerstr. 3, Berlin
2025-08-15 17:08:57,563 - INFO - Geocoded: Lietzenburgerstr. 3, Berlin -> (52.4996692, 13.3446615) confidence: 8.875486381318407e-05
2025-08-15 17:08:57,564 - INFO - Updated Dr. Siegfried Tikotin vorm. Brandenburgisches Assekuranz Kontor: (52.4996692, 13.3446615)
2025-08-15 17:08:57,564 - INFO - Processing address 1447/2495: Schinkestr. 18/19, Berlin
2025-08-15 17:09:01,553 - INFO - Geocoded: Schinkestr. 18/19, Berlin -> (52.4941897, 13.4222806) confidence: 0.05342208819714653
2025-08-15 17:09:01,553 - INFO - Updated Dr. Speier u. von Karger, Chemische Fabrik: (52.4941897, 13.4222806)
2025-08-15 17:09:01,553 - INFO - Processing address 1448/2495: Blumenthalstr. 9, Berlin
2025-08-15 17:09:03,060 - INFO - Geocoded: Blumenthalstr. 9, Berlin -> (52.497786, 13.3653926) confidence: 8.875486381318407e-05
2025-08-15 17:09:03,060 - INFO - Updated Dr. Striem, Wilhelm Jacques: (52.497786, 13.3653926)
2025-08-15 17:09:03,060 - INFO - Processing address 1449/2495: Jagowstr.  35, Berlin
2025-08-15 17:09:04,580 - INFO - Geocoded: Jagowstr.  35, Berlin -> (52.5222205, 13.3331804) confidence: 8.875486381318407e-05
2025-08-15 17:09:04,580 - INFO - Updated Dr. Vera Lachmann: (52.5222205, 13.3331804)
2025-08-15 17:09:04,580 - INFO - Processing address 1450/2495: Stallschreiberstr. 24/25, Berlin
2025-08-15 17:09:06,707 - INFO - Geocoded: Stallschreiberstr. 24/25, Berlin -> (52.5076588, 13.4061366) confidence: 0.05342208819714653
2025-08-15 17:09:06,707 - INFO - Updated Dr. Walter Freudenberg: (52.5076588, 13.4061366)
2025-08-15 17:09:06,707 - INFO - Processing address 1451/2495: Lietzenseeufer 10, Berlin
2025-08-15 17:09:08,102 - INFO - Geocoded: Lietzenseeufer 10, Berlin -> (52.507375, 13.2890067) confidence: 8.875486381318407e-05
2025-08-15 17:09:08,103 - INFO - Updated Dr. Westhoff & Co: (52.507375, 13.2890067)
2025-08-15 17:09:08,103 - INFO - Processing address 1452/2495: Kurfürstendamm 35, Berlin
2025-08-15 17:09:09,830 - INFO - Geocoded: Kurfürstendamm 35, Berlin -> (52.5025419, 13.3238646) confidence: 8.875486381318407e-05
2025-08-15 17:09:09,830 - INFO - Updated Dr. Wolff & Co Import & Export: (52.5025419, 13.3238646)
2025-08-15 17:09:09,830 - INFO - Processing address 1453/2495: Am Park 18, Berlin
2025-08-15 17:09:12,358 - INFO - Geocoded: Am Park 18, Berlin -> (52.5107428, 13.3743818) confidence: 0.04008875486381322
2025-08-15 17:09:12,358 - INFO - Updated Dr. jur. Ernst Meyer: (52.5107428, 13.3743818)
2025-08-15 17:09:12,358 - INFO - Processing address 1454/2495: Elfriede Ehrenreich Kurfürstendamm  43, Berlin
2025-08-15 17:09:19,872 - WARNING - Failed to geocode: Elfriede Ehrenreich Kurfürstendamm  43, Berlin
2025-08-15 17:09:19,873 - ERROR - Failed to geocode address: Elfriede Ehrenreich Kurfürstendamm  43, Berlin
2025-08-15 17:09:19,873 - INFO - Processing address 1455/2495: Kommandantenstr. 1/2, Berlin
2025-08-15 17:09:21,730 - INFO - Geocoded: Kommandantenstr. 1/2, Berlin -> (52.4377236, 13.2931855) confidence: 0.05342208819714653
2025-08-15 17:09:21,730 - INFO - Updated Dreifuss & Co: (52.4377236, 13.2931855)
2025-08-15 17:09:21,730 - INFO - Processing address 1456/2495: 119, Berlin
2025-08-15 17:09:21,730 - WARNING - Incomplete address detected: 119, Berlin
2025-08-15 17:09:21,731 - ERROR - Failed to geocode address: 119, Berlin
2025-08-15 17:09:21,731 - INFO - Processing address 1457/2495: Jakobstr. 78, Berlin
2025-08-15 17:09:23,543 - INFO - Geocoded: Jakobstr. 78, Berlin -> (52.5103663, 13.4081815) confidence: 8.875486381318407e-05
2025-08-15 17:09:23,543 - INFO - Updated Drewes & Leyser: (52.510621194034485, 13.40866662668365)
2025-08-15 17:09:23,543 - INFO - Updated Hahn & Langer: (52.51037533327178, 13.408541337792041)
2025-08-15 17:09:23,543 - INFO - Processing address 1458/2495: Schützenstr. 59, Berlin
2025-08-15 17:09:25,575 - INFO - Geocoded: Schützenstr. 59, Berlin -> (52.5509869, 13.2116088) confidence: 0.05342208819714653
2025-08-15 17:09:25,575 - INFO - Updated Dreßel & Ephraim: (52.5509869, 13.2116088)
2025-08-15 17:09:25,575 - INFO - Processing address 1459/2495: Rüdesheimer Platz 1, Berlin
2025-08-15 17:09:27,073 - INFO - Geocoded: Rüdesheimer Platz 1, Berlin -> (52.4733711, 13.3167326) confidence: 8.875486381318407e-05
2025-08-15 17:09:27,073 - INFO - Updated Drogerie Dr. Georg Peiser: (52.4733711, 13.3167326)
2025-08-15 17:09:27,073 - INFO - Processing address 1460/2495: Frankfurter Allee 17, Berlin
2025-08-15 17:09:28,996 - INFO - Geocoded: Frankfurter Allee 17, Berlin -> (52.5159314, 13.4581142) confidence: 8.875486381318407e-05
2025-08-15 17:09:28,996 - INFO - Updated Drogerie Gustav Behm: (52.5159314, 13.4581142)
2025-08-15 17:09:28,997 - INFO - Processing address 1461/2495: Olivaer Platz 9, Berlin
2025-08-15 17:09:30,522 - INFO - Geocoded: Olivaer Platz 9, Berlin -> (52.4989687, 13.316692) confidence: 8.875486381318407e-05
2025-08-15 17:09:30,523 - INFO - Updated Drogerie HACO Inhaber Apotheker Hans Cohn: (52.4989687, 13.316692)
2025-08-15 17:09:30,523 - INFO - Processing address 1462/2495: Kaiserdamm 106, Berlin
2025-08-15 17:09:32,213 - INFO - Geocoded: Kaiserdamm 106, Berlin -> (52.5108825, 13.2944172) confidence: 0.3445378330881743
2025-08-15 17:09:32,214 - INFO - Updated Drogerie Süßkind Apotheker Kurt Süßkind: (52.5108825, 13.2944172)
2025-08-15 17:09:32,214 - INFO - Processing address 1463/2495: Grunewaldstr. 40, Berlin
2025-08-15 17:09:33,902 - INFO - Geocoded: Grunewaldstr. 40, Berlin -> (52.4892785, 13.3440324) confidence: 8.875486381318407e-05
2025-08-15 17:09:33,903 - INFO - Updated Drogerie Weißes Kreuz Apotheker Hugo Cohn: (52.4892785, 13.3440324)
2025-08-15 17:09:33,904 - INFO - Processing address 1464/2495: chemicals and pharmaceuticals Kurfürstendamm  127, Berlin
2025-08-15 17:09:42,144 - WARNING - Failed to geocode: chemicals and pharmaceuticals Kurfürstendamm  127, Berlin
2025-08-15 17:09:42,145 - ERROR - Failed to geocode address: chemicals and pharmaceuticals Kurfürstendamm  127, Berlin
2025-08-15 17:09:42,145 - INFO - Processing address 1465/2495: Schlüterstr. 18, Berlin
2025-08-15 17:09:43,669 - INFO - Geocoded: Schlüterstr. 18, Berlin -> (52.5070459, 13.3173347) confidence: 8.875486381318407e-05
2025-08-15 17:09:43,669 - INFO - Updated Droysenhaus Grundstücksgesellschaft mbH: (52.5070459, 13.3173347)
2025-08-15 17:09:43,669 - INFO - Processing address 1466/2495: 3/6, Berlin
2025-08-15 17:09:50,076 - INFO - Geocoded: 3/6, Berlin -> (52.510885, 13.3989367) confidence: 0.840425236063765
2025-08-15 17:09:50,076 - INFO - Updated Drucker & Nagler: (52.510885, 13.3989367)
2025-08-15 17:09:50,076 - INFO - Processing address 1467/2495: Kurstr. 20/21, Berlin
2025-08-15 17:09:51,733 - INFO - Geocoded: Kurstr. 20/21, Berlin -> (52.5471732, 13.2077354) confidence: 0.05342208819714653
2025-08-15 17:09:51,733 - INFO - Updated Druckerei Biko Reklame Klischee-Verlag Hochhauser & Aufrecht: (52.5471732, 13.2077354)
2025-08-15 17:09:51,734 - INFO - Processing address 1468/2495: Privatstraße an der Ringbahn 9, Berlin
2025-08-15 17:09:58,603 - WARNING - Failed to geocode: Privatstraße an der Ringbahn 9, Berlin
2025-08-15 17:09:58,603 - ERROR - Failed to geocode address: Privatstraße an der Ringbahn 9, Berlin
2025-08-15 17:09:58,603 - INFO - Processing address 1469/2495: Kronenstr. 12, Berlin
2025-08-15 17:10:00,097 - INFO - Geocoded: Kronenstr. 12, Berlin -> (52.5110346, 13.389072) confidence: 8.875486381318407e-05
2025-08-15 17:10:00,097 - INFO - Updated Druckschriften-Vertriebsstelle des Reichsverbandes des kreditgebenden Einzelhandels GmbH: (52.5110346, 13.389072)
2025-08-15 17:10:00,097 - INFO - Processing address 1470/2495: Christinenstr. 23, Berlin
2025-08-15 17:10:02,122 - INFO - Geocoded: Christinenstr. 23, Berlin -> (52.5328372, 13.4107914) confidence: 8.875486381318407e-05
2025-08-15 17:10:02,122 - INFO - Updated Duffag Chemisch-technisches Werk AG: (52.5328372, 13.4107914)
2025-08-15 17:10:02,122 - INFO - Processing address 1471/2495: Kurfürstendamm 217, Berlin
2025-08-15 17:10:03,579 - INFO - Geocoded: Kurfürstendamm 217, Berlin -> (52.5027864, 13.3277675) confidence: 8.875486381318407e-05
2025-08-15 17:10:03,579 - INFO - Updated Dupla GmbH zur Herstellung zahnärztlicher Prothesen und für gemeinschaftlichen Einkauf von Metallen für zahntechnischen Bedarf: (52.5027864, 13.3277675)
2025-08-15 17:10:03,579 - INFO - Processing address 1472/2495: Kurfürstendamm 157/158, Berlin
2025-08-15 17:10:05,064 - INFO - Geocoded: Kurfürstendamm 157/158, Berlin -> (52.4991502, 13.3041497) confidence: 8.875486381318407e-05
2025-08-15 17:10:05,064 - INFO - Updated Dénes & Friedmann, AG: (52.4991502, 13.3041497)
2025-08-15 17:10:05,064 - INFO - Processing address 1473/2495: Bahnstr. 45, Berlin
2025-08-15 17:10:06,962 - INFO - Geocoded: Bahnstr. 45, Berlin -> (52.4221953, 13.3751119) confidence: 0.05342208819714653
2025-08-15 17:10:06,962 - INFO - Updated Dünner, Philipp: (52.4221953, 13.3751119)
2025-08-15 17:10:06,963 - INFO - Processing address 1474/2495: Stallschreiberstr. 24/26, Berlin
2025-08-15 17:10:08,839 - INFO - Geocoded: Stallschreiberstr. 24/26, Berlin -> (52.5076588, 13.4061366) confidence: 0.05342208819714653
2025-08-15 17:10:08,839 - INFO - Updated E. & H. Mannheim: (52.5076588, 13.4061366)
2025-08-15 17:10:08,839 - INFO - Processing address 1475/2495: Schillingstr. 37, Berlin
2025-08-15 17:10:10,308 - INFO - Geocoded: Schillingstr. 37, Berlin -> (52.5679445, 13.3208243) confidence: 8.875486381318407e-05
2025-08-15 17:10:10,308 - INFO - Updated E. & L. Littmann: (52.5679445, 13.3208243)
2025-08-15 17:10:10,308 - INFO - Processing address 1476/2495: Passauerstr. 3, Berlin
2025-08-15 17:10:11,819 - INFO - Geocoded: Passauerstr. 3, Berlin -> (52.3851803, 13.4216033) confidence: 8.875486381318407e-05
2025-08-15 17:10:11,819 - INFO - Updated E. & M. Gornitzky Parfümerien, Seifen, Haushaltungs- und Wirtschafts-Artikel: (52.3851803, 13.4216033)
2025-08-15 17:10:11,820 - INFO - Processing address 1477/2495: Bötzowstr. 17, Berlin
2025-08-15 17:10:13,486 - INFO - Geocoded: Bötzowstr. 17, Berlin -> (52.5307116, 13.4326534) confidence: 8.875486381318407e-05
2025-08-15 17:10:13,486 - INFO - Updated E. & M. Stern: (52.5307116, 13.4326534)
2025-08-15 17:10:13,486 - INFO - Processing address 1478/2495: Kastanienallee 26, Berlin
2025-08-15 17:10:15,036 - INFO - Geocoded: Kastanienallee 26, Berlin -> (52.5374062, 13.408213) confidence: 8.875486381318407e-05
2025-08-15 17:10:15,036 - INFO - Updated E. A. Krüger & Friedeberg: (52.537686767457714, 13.408667171533985)
2025-08-15 17:10:15,036 - INFO - Updated Glashüttenwerk Elisabethhütte Dr. Ernst Martin GmbH: (52.53711055704167, 13.408685627933322)
2025-08-15 17:10:15,082 - INFO - Processing address 1479/2495: Apfeldorf publishing and printing Schönhauser Allee  150, Berlin
2025-08-15 17:10:24,317 - WARNING - Failed to geocode: Apfeldorf publishing and printing Schönhauser Allee  150, Berlin
2025-08-15 17:10:24,318 - ERROR - Failed to geocode address: Apfeldorf publishing and printing Schönhauser Allee  150, Berlin
2025-08-15 17:10:24,318 - INFO - Processing address 1480/2495: Tauentzienstr. 11, Berlin
2025-08-15 17:10:25,797 - INFO - Geocoded: Tauentzienstr. 11, Berlin -> (52.5040287, 13.3382565) confidence: 8.875486381318407e-05
2025-08-15 17:10:25,797 - INFO - Updated E. Audorff Nachf.: (52.50436725424598, 13.338237995153213)
2025-08-15 17:10:25,797 - INFO - Updated Englische Textilwaren Dinermann & Co GmbH: (52.50434864503077, 13.338491535432016)
2025-08-15 17:10:25,797 - INFO - Updated Eugen Perau: (52.503765479333694, 13.338780505804975)
2025-08-15 17:10:25,797 - INFO - Processing address 1481/2495: Bismarckstr.  13, Berlin
2025-08-15 17:10:27,637 - INFO - Geocoded: Bismarckstr.  13, Berlin -> (52.4172515, 13.1708068) confidence: 8.875486381318407e-05
2025-08-15 17:10:27,637 - INFO - Updated E. Bauer, Entfleckerei "am Knie""": (52.4172515, 13.1708068)
2025-08-15 17:10:27,637 - INFO - Processing address 1482/2495: Charlottenstr. 6, Berlin
2025-08-15 17:10:29,373 - INFO - Geocoded: Charlottenstr. 6, Berlin -> (52.5872649, 13.4130905) confidence: 8.875486381318407e-05
2025-08-15 17:10:29,374 - INFO - Updated E. Bergmann vorm. Leo Oberwarth Nachf.: (52.58710144234034, 13.41297730802805)
2025-08-15 17:10:29,374 - INFO - Updated E. Bergmann, Stahl- und Maschinen-GmbH: (52.58764254056294, 13.41261442814632)
2025-08-15 17:10:29,374 - INFO - Processing address 1483/2495: Leibnizstr. 4, Berlin
2025-08-15 17:10:30,897 - INFO - Geocoded: Leibnizstr. 4, Berlin -> (52.5135266, 13.3152056) confidence: 8.875486381318407e-05
2025-08-15 17:10:30,897 - INFO - Updated E. Besas & Co: (52.5135266, 13.3152056)
2025-08-15 17:10:30,897 - INFO - Processing address 1484/2495: Albrechtstr. 2, Berlin
2025-08-15 17:10:32,545 - INFO - Geocoded: Albrechtstr. 2, Berlin -> (52.4562628, 13.3212357) confidence: 8.875486381318407e-05
2025-08-15 17:10:32,545 - INFO - Updated E. Bieber: (52.4562628, 13.3212357)
2025-08-15 17:10:32,545 - INFO - Processing address 1485/2495: Unter den Linden 2, Berlin
2025-08-15 17:10:35,581 - INFO - Geocoded: Unter den Linden 2, Berlin -> (52.5177477, 13.3970225) confidence: 0.5184197360810953
2025-08-15 17:10:35,582 - INFO - Updated E. Braun & Co: (52.5177477, 13.3970225)
2025-08-15 17:10:35,582 - INFO - Processing address 1486/2495: Charlottenstr.  25, Berlin
2025-08-15 17:10:37,142 - INFO - Geocoded: Charlottenstr.  25, Berlin -> (52.5914428, 13.4104146) confidence: 8.875486381318407e-05
2025-08-15 17:10:37,142 - INFO - Updated E. Cohn, Haus für Web-und Manufakturwaren: (52.5914428, 13.4104146)
2025-08-15 17:10:37,142 - INFO - Processing address 1487/2495: Prinzregentenstr. 80, Berlin
2025-08-15 17:10:38,591 - INFO - Geocoded: Prinzregentenstr. 80, Berlin -> (52.4878595, 13.3333919) confidence: 8.875486381318407e-05
2025-08-15 17:10:38,591 - INFO - Updated E. Fabian: (52.4878595, 13.3333919)
2025-08-15 17:10:38,591 - INFO - Processing address 1488/2495: Jägerstr. 25, Berlin
2025-08-15 17:10:40,450 - INFO - Geocoded: Jägerstr. 25, Berlin -> (52.5139856, 13.3949993) confidence: 8.875486381318407e-05
2025-08-15 17:10:40,450 - INFO - Updated E. G. Kaufmann: (52.5139856, 13.3949993)
2025-08-15 17:10:40,450 - INFO - Processing address 1489/2495: Behrenstr. 50/52, Berlin
2025-08-15 17:10:42,259 - INFO - Geocoded: Behrenstr. 50/52, Berlin -> (52.5148529, 13.380006) confidence: 0.3330873891249597
2025-08-15 17:10:42,260 - INFO - Updated E. Heynemann & Co: (52.51526936930907, 13.379391132192943)
2025-08-15 17:10:42,260 - INFO - Updated Gebr. Ladenburger: (52.51440799348406, 13.380287708537258)
2025-08-15 17:10:42,260 - INFO - Processing address 1490/2495: Jägerstr. 6/7, Berlin
2025-08-15 17:10:44,226 - INFO - Geocoded: Jägerstr. 6/7, Berlin -> (52.5141757, 13.3950701) confidence: 0.2963484801355436
2025-08-15 17:10:44,226 - INFO - Updated E. Hirschfeld & Klemke: (52.5141757, 13.3950701)
2025-08-15 17:10:44,226 - INFO - Processing address 1491/2495: Roßstr. 5, Berlin
2025-08-15 17:10:45,872 - INFO - Geocoded: Roßstr. 5, Berlin -> (52.6786014, 13.5894144) confidence: 5.5989166094407835e-05
2025-08-15 17:10:45,873 - INFO - Updated E. Horst & Co: (52.6786014, 13.5894144)
2025-08-15 17:10:45,873 - INFO - Processing address 1492/2495: Voßstr. 16, Berlin
2025-08-15 17:10:47,323 - INFO - Geocoded: Voßstr. 16, Berlin -> (52.5109914, 13.3782351) confidence: 8.875486381318407e-05
2025-08-15 17:10:47,323 - INFO - Updated E. J. Meyer: (52.5109914, 13.3782351)
2025-08-15 17:10:47,323 - INFO - Processing address 1493/2495: Grunewaldstr.  88, Berlin
2025-08-15 17:10:48,918 - INFO - Geocoded: Grunewaldstr.  88, Berlin -> (52.4901206, 13.3564915) confidence: 8.875486381318407e-05
2025-08-15 17:10:48,918 - INFO - Updated E. Kobold Nfg.: (52.4901206, 13.3564915)
2025-08-15 17:10:48,918 - INFO - Processing address 1494/2495: Unter den Linden 12, Berlin
2025-08-15 17:10:50,390 - INFO - Geocoded: Unter den Linden 12, Berlin -> (52.5173738, 13.3901416) confidence: 8.875486381318407e-05
2025-08-15 17:10:50,390 - INFO - Updated E. L. Friedmann & Co: (52.5173738, 13.3901416)
2025-08-15 17:10:50,390 - INFO - Processing address 1495/2495: Lützowstr. 10, Berlin
2025-08-15 17:10:51,900 - INFO - Geocoded: Lützowstr. 10, Berlin -> (52.3827469, 13.4087854) confidence: 8.875486381318407e-05
2025-08-15 17:10:51,900 - INFO - Updated E. Landau & Co: (52.3827469, 13.4087854)
2025-08-15 17:10:51,900 - INFO - Processing address 1496/2495: Karlstr. 16, Berlin
2025-08-15 17:10:53,594 - INFO - Geocoded: Karlstr. 16, Berlin -> (52.4418847, 13.5792924) confidence: 8.875486381318407e-05
2025-08-15 17:10:53,594 - INFO - Updated E. Liebermann Inhaber Bernhard Nathan: (52.4418847, 13.5792924)
2025-08-15 17:10:53,594 - INFO - Processing address 1497/2495: Tauentzienstr. 15, Berlin
2025-08-15 17:10:55,042 - INFO - Geocoded: Tauentzienstr. 15, Berlin -> (52.503603, 13.3373533) confidence: 8.875486381318407e-05
2025-08-15 17:10:55,043 - INFO - Updated E. Lochmaier & Co Bau- und Terraingesellschaft mbH: (52.50351851133015, 13.337292448680596)
2025-08-15 17:10:55,043 - INFO - Updated Hans Latz: (52.50368928295571, 13.33682423235142)
2025-08-15 17:10:55,043 - INFO - Processing address 1498/2495: Sophienstr.  19, Berlin
2025-08-15 17:10:56,587 - INFO - Geocoded: Sophienstr.  19, Berlin -> (52.5256767, 13.4009335) confidence: 8.875486381318407e-05
2025-08-15 17:10:56,587 - INFO - Updated E. Mieschonz: (52.5256767, 13.4009335)
2025-08-15 17:10:56,587 - INFO - Processing address 1499/2495: Geisbergstr.  19, Berlin
2025-08-15 17:10:58,030 - INFO - Geocoded: Geisbergstr.  19, Berlin -> (52.49818, 13.3363105) confidence: 8.875486381318407e-05
2025-08-15 17:10:58,030 - INFO - Updated E. Minx: (52.49818, 13.3363105)
2025-08-15 17:10:58,030 - INFO - Processing address 1500/2495: ( Trade ) Eingetragen im Handelsregister/ Gründung 1934 Besitzübernahme 1938 Keine Angabe ,  Berlin
2025-08-15 17:11:03,389 - WARNING - Failed to geocode: ( Trade ) Eingetragen im Handelsregister/ Gründung 1934 Besitzübernahme 1938 Keine Angabe ,  Berlin
2025-08-15 17:11:03,389 - ERROR - Failed to geocode address: ( Trade ) Eingetragen im Handelsregister/ Gründung 1934 Besitzübernahme 1938 Keine Angabe ,  Berlin
2025-08-15 17:11:03,389 - INFO - Progress: 1500/2495 addresses processed
2025-08-15 17:11:03,425 - INFO - Processing address 1501/2495: Nollendorfstr. 29/30, Berlin
2025-08-15 17:11:04,955 - INFO - Geocoded: Nollendorfstr. 29/30, Berlin -> (52.4977271, 13.3522716) confidence: 8.875486381318407e-05
2025-08-15 17:11:04,955 - INFO - Updated E. Richter & Co: (52.4977271, 13.3522716)
2025-08-15 17:11:04,955 - INFO - Processing address 1502/2495: Mohrenstr. 42/44, Berlin
2025-08-15 17:11:06,657 - INFO - Geocoded: Mohrenstr. 42/44, Berlin -> (52.511298, 13.3847578) confidence: 0.32314590312055647
2025-08-15 17:11:06,658 - INFO - Updated E. Rothe: (52.511298, 13.3847578)
2025-08-15 17:11:06,658 - INFO - Processing address 1503/2495: Uhlandstr.  148, Berlin
2025-08-15 17:11:08,373 - INFO - Geocoded: Uhlandstr.  148, Berlin -> (52.4964589, 13.3243988) confidence: 8.875486381318407e-05
2025-08-15 17:11:08,373 - INFO - Updated E. Skiba: (52.4964589, 13.3243988)
2025-08-15 17:11:08,373 - INFO - Processing address 1504/2495: Kurfürstendamm 156, Berlin
2025-08-15 17:11:10,149 - INFO - Geocoded: Kurfürstendamm 156, Berlin -> (52.498772, 13.302941) confidence: 8.875486381318407e-05
2025-08-15 17:11:10,162 - INFO - Updated E. Tusche & Co: (52.498772, 13.302941)
2025-08-15 17:11:10,162 - INFO - Processing address 1505/2495: Leibnizstr. 58, Berlin
2025-08-15 17:11:11,663 - INFO - Geocoded: Leibnizstr. 58, Berlin -> (52.5025468, 13.3131041) confidence: 8.875486381318407e-05
2025-08-15 17:11:11,664 - INFO - Updated E. Wetzlar & Co: (52.5025468, 13.3131041)
2025-08-15 17:11:11,664 - INFO - Processing address 1506/2495: Witzlebenstr. 6, Berlin
2025-08-15 17:11:13,111 - INFO - Geocoded: Witzlebenstr. 6, Berlin -> (52.5094459, 13.2943341) confidence: 8.875486381318407e-05
2025-08-15 17:11:13,111 - INFO - Updated E. Wolff & Sohn: (52.5094459, 13.2943341)
2025-08-15 17:11:13,111 - INFO - Processing address 1507/2495: Herzbergstr. 140, Berlin
2025-08-15 17:11:14,598 - INFO - Geocoded: Herzbergstr. 140, Berlin -> (52.5268387, 13.4870468) confidence: 8.875486381318407e-05
2025-08-15 17:11:14,598 - INFO - Updated E. de la Sauce & Kloß: (52.5268387, 13.4870468)
2025-08-15 17:11:14,598 - INFO - Processing address 1508/2495: 211, Berlin
2025-08-15 17:11:14,598 - WARNING - Incomplete address detected: 211, Berlin
2025-08-15 17:11:14,598 - ERROR - Failed to geocode address: 211, Berlin
2025-08-15 17:11:14,598 - INFO - Processing address 1509/2495: Pistoriusstr. 96, Berlin
2025-08-15 17:11:16,380 - INFO - Geocoded: Pistoriusstr. 96, Berlin -> (52.5558771, 13.4374781) confidence: 8.875486381318407e-05
2025-08-15 17:11:16,381 - INFO - Updated Ebro Erste Berliner Dampf-Roßhaarspinnerei AG: (52.5558771, 13.4374781)
2025-08-15 17:11:16,381 - INFO - Processing address 1510/2495: Kommandantenstr. 70, Berlin
2025-08-15 17:11:17,830 - INFO - Geocoded: Kommandantenstr. 70, Berlin -> (52.5084814, 13.403504) confidence: 8.875486381318407e-05
2025-08-15 17:11:17,830 - INFO - Updated Echt & Bogner: (52.50823375181142, 13.40309287082458)
2025-08-15 17:11:17,830 - INFO - Updated Ginnow & Schlesinger: (52.50844978467706, 13.404035953797914)
2025-08-15 17:11:17,831 - INFO - Processing address 1511/2495: Beusselstr.  15, Berlin
2025-08-15 17:11:19,403 - INFO - Geocoded: Beusselstr.  15, Berlin -> (52.5277538, 13.3288895) confidence: 8.875486381318407e-05
2025-08-15 17:11:19,403 - INFO - Updated Eckstein Arthur: (52.5277538, 13.3288895)
2025-08-15 17:11:19,403 - INFO - Processing address 1512/2495: Johannisstr. 2, Berlin
2025-08-15 17:11:21,017 - INFO - Geocoded: Johannisstr. 2, Berlin -> (52.5243651, 13.3898677) confidence: 8.875486381318407e-05
2025-08-15 17:11:21,018 - INFO - Updated Ed. Capelle: (52.5243651, 13.3898677)
2025-08-15 17:11:21,018 - INFO - Processing address 1513/2495: Hausvogteiplatz 3/4, Berlin
2025-08-15 17:11:22,459 - INFO - Geocoded: Hausvogteiplatz 3/4, Berlin -> (52.5133633, 13.3959964) confidence: 8.875486381318407e-05
2025-08-15 17:11:22,468 - INFO - Updated Ed. Freystadt & Westmann: (52.51325978511679, 13.396538742074828)
2025-08-15 17:11:22,480 - INFO - Updated Exiner & Ehrenfried: (52.51377969661468, 13.395985617322134)
2025-08-15 17:11:22,485 - INFO - Updated Gebr. Grünthal: (52.513485989443346, 13.396172276401964)
2025-08-15 17:11:22,485 - INFO - Updated Handelsvertretung Siegfried Hamburger: (52.51345119293025, 13.39557052448095)
2025-08-15 17:11:22,485 - INFO - Processing address 1514/2495: Kurfürstendamm 172, Berlin
2025-08-15 17:11:23,936 - INFO - Geocoded: Kurfürstendamm 172, Berlin -> (52.499968, 13.3093208) confidence: 8.875486381318407e-05
2025-08-15 17:11:23,936 - INFO - Updated Ed. Lachmann in Liq.: (52.499968, 13.3093208)
2025-08-15 17:11:23,936 - INFO - Processing address 1515/2495: 110, Berlin
2025-08-15 17:11:23,936 - WARNING - Incomplete address detected: 110, Berlin
2025-08-15 17:11:23,936 - ERROR - Failed to geocode address: 110, Berlin
2025-08-15 17:11:23,936 - INFO - Processing address 1516/2495: Schiffbauerdamm 19, Berlin
2025-08-15 17:11:25,510 - INFO - Geocoded: Schiffbauerdamm 19, Berlin -> (52.5199635, 13.3821152) confidence: 8.875486381318407e-05
2025-08-15 17:11:25,510 - INFO - Updated Edelhof GmbH: (52.5199635, 13.3821152)
2025-08-15 17:11:25,510 - INFO - Processing address 1517/2495: Knausstr. 14, Berlin
2025-08-15 17:11:28,014 - INFO - Geocoded: Knausstr. 14, Berlin -> (52.4803575, 13.2761931) confidence: 8.875486381318407e-05
2025-08-15 17:11:28,015 - INFO - Updated Eden Verlag GmbH: (52.4803575, 13.2761931)
2025-08-15 17:11:28,015 - INFO - Processing address 1518/2495: Nachodstr.  20, Berlin
2025-08-15 17:11:29,526 - INFO - Geocoded: Nachodstr.  20, Berlin -> (52.4950606, 13.3336377) confidence: 8.875486381318407e-05
2025-08-15 17:11:29,526 - INFO - Updated Edgar Caro: (52.4950606, 13.3336377)
2025-08-15 17:11:29,526 - INFO - Processing address 1519/2495: Hohenstaufenstr. 45, Berlin
2025-08-15 17:11:31,038 - INFO - Geocoded: Hohenstaufenstr. 45, Berlin -> (52.4940097, 13.3410345) confidence: 8.875486381318407e-05
2025-08-15 17:11:31,038 - INFO - Updated Edgar Sußmann: (52.4940097, 13.3410345)
2025-08-15 17:11:31,038 - INFO - Processing address 1520/2495: Möckernstr. 65, Berlin
2025-08-15 17:11:32,546 - INFO - Geocoded: Möckernstr. 65, Berlin -> (52.4912525, 13.3786887) confidence: 8.875486381318407e-05
2025-08-15 17:11:32,547 - INFO - Updated Edith Grand: (52.49120917329337, 13.378265092710416)
2025-08-15 17:11:32,547 - INFO - Updated Emil Grand: (52.491013260372604, 13.378375780435283)
2025-08-15 17:11:32,547 - INFO - Processing address 1521/2495: Kurfürstendamm 230, Berlin
2025-08-15 17:11:34,424 - INFO - Geocoded: Kurfürstendamm 230, Berlin -> (52.5035641, 13.3305371) confidence: 0.4914112718388304
2025-08-15 17:11:34,424 - INFO - Updated Edition Karl Brüll: (52.5035641, 13.3305371)
2025-08-15 17:11:34,424 - INFO - Processing address 1522/2495: Jakobstr. 46, Berlin
2025-08-15 17:11:36,109 - INFO - Geocoded: Jakobstr. 46, Berlin -> (52.5080302, 13.4050598) confidence: 8.875486381318407e-05
2025-08-15 17:11:36,110 - INFO - Updated Edmund Kahn: (52.5080302, 13.4050598)
2025-08-15 17:11:36,110 - INFO - Processing address 1523/2495: Weinmeisterstr. 14, Berlin
2025-08-15 17:11:37,576 - INFO - Geocoded: Weinmeisterstr. 14, Berlin -> (52.5254873, 13.4052789) confidence: 8.875486381318407e-05
2025-08-15 17:11:37,576 - INFO - Updated Edmund Leon: (52.5254873, 13.4052789)
2025-08-15 17:11:37,577 - INFO - Processing address 1524/2495: Albrechtstr. 107, Berlin
2025-08-15 17:11:39,082 - INFO - Geocoded: Albrechtstr. 107, Berlin -> (52.4540987, 13.3293927) confidence: 8.875486381318407e-05
2025-08-15 17:11:39,082 - INFO - Updated Edmund Reich: (52.4540987, 13.3293927)
2025-08-15 17:11:39,082 - INFO - Processing address 1525/2495: Lutherstr. 47, Berlin
2025-08-15 17:11:41,044 - INFO - Geocoded: Lutherstr. 47, Berlin -> (52.4927433, 13.3454241) confidence: 8.875486381318407e-05
2025-08-15 17:11:41,044 - INFO - Updated Edmund Weinmann Vermögensverwaltung: (52.4927433, 13.3454241)
2025-08-15 17:11:41,044 - INFO - Processing address 1526/2495: Fregestr. 26, Berlin
2025-08-15 17:11:42,645 - INFO - Geocoded: Fregestr. 26, Berlin -> (52.4671801, 13.3357134) confidence: 8.875486381318407e-05
2025-08-15 17:11:42,646 - INFO - Updated Eduard Biek: (52.4671801, 13.3357134)
2025-08-15 17:11:42,646 - INFO - Processing address 1527/2495: Schützenstr. 75, Berlin
2025-08-15 17:11:44,636 - INFO - Geocoded: Schützenstr. 75, Berlin -> (52.6109097, 13.4280171) confidence: 8.875486381318407e-05
2025-08-15 17:11:44,636 - INFO - Updated Eduard Cohn jr.: (52.6109097, 13.4280171)
2025-08-15 17:11:44,636 - INFO - Processing address 1528/2495: Bismarckstr. 78, Berlin
2025-08-15 17:11:46,479 - INFO - Geocoded: Bismarckstr. 78, Berlin -> (52.5111663, 13.3037517) confidence: 8.875486381318407e-05
2025-08-15 17:11:46,479 - INFO - Updated Eduard Gans: (52.5111663, 13.3037517)
2025-08-15 17:11:46,480 - INFO - Processing address 1529/2495: Chausseestr. 264, Berlin
2025-08-15 17:11:48,355 - INFO - Geocoded: Chausseestr. 264, Berlin -> (52.5314074, 13.3820146) confidence: 0.36385788403092795
2025-08-15 17:11:48,355 - INFO - Updated Eduard Glaesemann: (52.5314074, 13.3820146)
2025-08-15 17:11:48,355 - INFO - Processing address 1530/2495: 88, Berlin
2025-08-15 17:11:48,355 - WARNING - Incomplete address detected: 88, Berlin
2025-08-15 17:11:48,355 - ERROR - Failed to geocode address: 88, Berlin
2025-08-15 17:11:48,355 - INFO - Processing address 1531/2495: Hohenzollerndamm 46/47, Berlin
2025-08-15 17:11:50,319 - INFO - Geocoded: Hohenzollerndamm 46/47, Berlin -> (52.4783155, 13.2831171) confidence: 0.29890295276232437
2025-08-15 17:11:50,320 - INFO - Updated Eduard Goldacker Nachf. (Inh. Gusowski und van Groenenbergh) GmbH: (52.4783155, 13.2831171)
2025-08-15 17:11:50,320 - INFO - Processing address 1532/2495: 11/12, Berlin
2025-08-15 17:11:52,024 - INFO - Geocoded: 11/12, Berlin -> (52.544707, 13.3533486) confidence: 8.875486381318407e-05
2025-08-15 17:11:52,025 - INFO - Updated Eduard Growald: (52.5445756462065, 13.353844624242276)
2025-08-15 17:11:52,026 - INFO - Updated Georg Eichelgrün: (52.54496849448487, 13.353832474462637)
2025-08-15 17:11:52,026 - INFO - Processing address 1533/2495: Nollendorfstr.  31, Berlin
2025-08-15 17:11:53,455 - INFO - Geocoded: Nollendorfstr.  31, Berlin -> (52.4977712, 13.352642) confidence: 8.875486381318407e-05
2025-08-15 17:11:53,456 - INFO - Updated Eduard Hartwig: (52.4977712, 13.352642)
2025-08-15 17:11:53,456 - INFO - Processing address 1534/2495: 74, Berlin
2025-08-15 17:11:53,456 - WARNING - Incomplete address detected: 74, Berlin
2025-08-15 17:11:53,456 - ERROR - Failed to geocode address: 74, Berlin
2025-08-15 17:11:53,457 - INFO - Processing address 1535/2495: Hektorstr. 2, Berlin
2025-08-15 17:11:54,883 - INFO - Geocoded: Hektorstr. 2, Berlin -> (52.4990084, 13.2978491) confidence: 8.875486381318407e-05
2025-08-15 17:11:54,884 - INFO - Updated Eduard Kugelmann: (52.4990084, 13.2978491)
2025-08-15 17:11:54,884 - INFO - Processing address 1536/2495: Hasenheide 59, Berlin
2025-08-15 17:11:56,822 - INFO - Geocoded: Hasenheide 59, Berlin -> (52.4881991, 13.4137245) confidence: 0.27844345352870076
2025-08-15 17:11:56,822 - INFO - Updated Eduard Lichtenstein: (52.4881991, 13.4137245)
2025-08-15 17:11:56,822 - INFO - Processing address 1537/2495: Bachstr.  11, Berlin
2025-08-15 17:11:59,002 - INFO - Geocoded: Bachstr.  11, Berlin -> (52.4644693, 13.5703766) confidence: 8.875486381318407e-05
2025-08-15 17:11:59,002 - INFO - Updated Eduard Moskowitz: (52.4644693, 13.5703766)
2025-08-15 17:11:59,002 - INFO - Processing address 1538/2495: Kommandantenstr. 18, Berlin
2025-08-15 17:12:00,490 - INFO - Geocoded: Kommandantenstr. 18, Berlin -> (52.508042, 13.40184) confidence: 0.3612918601149863
2025-08-15 17:12:00,491 - INFO - Updated Eduard Naumann: (52.508042, 13.40184)
2025-08-15 17:12:00,491 - INFO - Processing address 1539/2495: Lindenstr. 108, Berlin
2025-08-15 17:12:04,507 - INFO - Geocoded: Lindenstr. 108, Berlin -> (52.500417, 13.3933738) confidence: 8.875486381318407e-05
2025-08-15 17:12:04,507 - INFO - Updated Eduard Segall: (52.500417, 13.3933738)
2025-08-15 17:12:04,507 - INFO - Processing address 1540/2495: Brunnenstr. 43, Berlin
2025-08-15 17:12:06,330 - INFO - Geocoded: Brunnenstr. 43, Berlin -> (52.5368726, 13.3974093) confidence: 8.875486381318407e-05
2025-08-15 17:12:06,331 - INFO - Updated Eduard Süßkind KG: (52.5368726, 13.3974093)
2025-08-15 17:12:06,331 - INFO - Processing address 1541/2495: Niebuhrstr. 70, Berlin
2025-08-15 17:12:07,780 - INFO - Geocoded: Niebuhrstr. 70, Berlin -> (52.5042992, 13.3143397) confidence: 8.875486381318407e-05
2025-08-15 17:12:07,780 - INFO - Updated Eduard Wassermann: (52.5042992, 13.3143397)
2025-08-15 17:12:07,780 - INFO - Processing address 1542/2495: Holzmarktstr.  14, Berlin
2025-08-15 17:12:09,439 - INFO - Geocoded: Holzmarktstr.  14, Berlin -> (52.5138544, 13.421876) confidence: 8.875486381318407e-05
2025-08-15 17:12:09,439 - INFO - Updated Eduard Weißenstein: (52.5138544, 13.421876)
2025-08-15 17:12:09,439 - INFO - Processing address 1543/2495: Burgstr. 13, Berlin
2025-08-15 17:12:12,694 - INFO - Geocoded: Burgstr. 13, Berlin -> (52.5222556, 13.4003567) confidence: 0.2535713079130456
2025-08-15 17:12:12,694 - INFO - Updated Edvard M. Ruben: (52.522164394031506, 13.400014132401184)
2025-08-15 17:12:12,694 - INFO - Updated Hanns Dispeker: (52.52213487388296, 13.39978920013602)
2025-08-15 17:12:12,694 - INFO - Processing address 1544/2495: Hurtig Kaiserallee  138, Berlin
2025-08-15 17:12:19,516 - WARNING - Failed to geocode: Hurtig Kaiserallee  138, Berlin
2025-08-15 17:12:19,517 - ERROR - Failed to geocode address: Hurtig Kaiserallee  138, Berlin
2025-08-15 17:12:19,517 - INFO - Processing address 1545/2495: Kommandantenstr. 77/78, Berlin
2025-08-15 17:12:21,356 - INFO - Geocoded: Kommandantenstr. 77/78, Berlin -> (52.4377236, 13.2931855) confidence: 0.05342208819714653
2025-08-15 17:12:21,356 - INFO - Updated Edwin Rosenthal GmbH: (52.43810313101537, 13.293257942037105)
2025-08-15 17:12:21,356 - INFO - Updated Gebrüder Droller: (52.43799802245731, 13.292712677725675)
2025-08-15 17:12:21,356 - INFO - Processing address 1546/2495: Leibnizstr.  29, Berlin
2025-08-15 17:12:22,900 - INFO - Geocoded: Leibnizstr.  29, Berlin -> (52.5081727, 13.3144698) confidence: 8.875486381318407e-05
2025-08-15 17:12:22,900 - INFO - Updated Edwin Rothschild: (52.5081727, 13.3144698)
2025-08-15 17:12:22,900 - INFO - Processing address 1547/2495: Linienstr. 142, Berlin
2025-08-15 17:12:24,370 - INFO - Geocoded: Linienstr. 142, Berlin -> (52.5267329, 13.3904519) confidence: 8.875486381318407e-05
2025-08-15 17:12:24,370 - INFO - Updated Efim Fuhrmann: (52.5267329, 13.3904519)
2025-08-15 17:12:24,371 - INFO - Processing address 1548/2495: Planufer 29, Berlin
2025-08-15 17:12:25,948 - INFO - Geocoded: Planufer 29, Berlin -> (52.4957516, 13.4195696) confidence: 0.05342208819714653
2025-08-15 17:12:25,948 - INFO - Updated Egers & Engel: (52.4957516, 13.4195696)
2025-08-15 17:12:25,948 - INFO - Processing address 1549/2495: Gleditschstr. 30, Berlin
2025-08-15 17:12:27,410 - INFO - Geocoded: Gleditschstr. 30, Berlin -> (52.4941621, 13.3550152) confidence: 8.875486381318407e-05
2025-08-15 17:12:27,410 - INFO - Updated Egon Berlin: (52.4941621, 13.3550152)
2025-08-15 17:12:27,410 - INFO - Processing address 1550/2495: Ritterstr. 35, Berlin
2025-08-15 17:12:29,077 - INFO - Geocoded: Ritterstr. 35, Berlin -> (52.5031615, 13.4051772) confidence: 8.875486381318407e-05
2025-08-15 17:12:29,077 - INFO - Updated Eheyco-Werkstatt Ernst Katzenstein: (52.5031615, 13.4051772)
2025-08-15 17:12:29,077 - INFO - Processing address 1551/2495: Waldstr.  55, Berlin
2025-08-15 17:12:31,537 - INFO - Geocoded: Waldstr.  55, Berlin -> (52.4858835, 13.5764471) confidence: 8.875486381318407e-05
2025-08-15 17:12:31,537 - INFO - Updated Ehrenberger: (52.4858835, 13.5764471)
2025-08-15 17:12:31,537 - INFO - Processing address 1552/2495: Meineckestr. 14, Berlin
2025-08-15 17:12:37,581 - WARNING - Failed to geocode: Meineckestr. 14, Berlin
2025-08-15 17:12:37,582 - ERROR - Failed to geocode address: Meineckestr. 14, Berlin
2025-08-15 17:12:37,582 - INFO - Processing address 1553/2495: Hohenzollerndamm 174/177, Berlin
2025-08-15 17:12:39,776 - INFO - Geocoded: Hohenzollerndamm 174/177, Berlin -> (52.4877772, 13.3001563) confidence: 0.29890295276232437
2025-08-15 17:12:39,776 - INFO - Updated Eigenhaus GmbH: (52.4877772, 13.3001563)
2025-08-15 17:12:39,776 - INFO - Processing address 1554/2495: Knesebeckstr. 59/60, Berlin
2025-08-15 17:12:41,462 - INFO - Geocoded: Knesebeckstr. 59/60, Berlin -> (52.5026226, 13.3219476) confidence: 0.05342208819714653
2025-08-15 17:12:41,462 - INFO - Updated Eigenhausbauten für Stadt und Land GmbH: (52.5026226, 13.3219476)
2025-08-15 17:12:41,462 - INFO - Processing address 1555/2495: Dorotheenstr. 80, Berlin
2025-08-15 17:12:42,936 - INFO - Geocoded: Dorotheenstr. 80, Berlin -> (52.5185849, 13.3845118) confidence: 8.875486381318407e-05
2025-08-15 17:12:42,936 - INFO - Updated Einfamilienhaus Mein Eigen AG: (52.5185849, 13.3845118)
2025-08-15 17:12:42,936 - INFO - Processing address 1556/2495: Johannisstr. 8, Berlin
2025-08-15 17:12:44,396 - INFO - Geocoded: Johannisstr. 8, Berlin -> (52.5242839, 13.3921445) confidence: 8.875486381318407e-05
2025-08-15 17:12:44,396 - INFO - Updated Einfamilienhaus Rothenburg AG: (52.52425271202039, 13.392409221933452)
2025-08-15 17:12:44,396 - INFO - Updated Gustav Loewen Nachf.: (52.52433167047632, 13.391948240514122)
2025-08-15 17:12:44,396 - INFO - Processing address 1557/2495: 65/66, Berlin
2025-08-15 17:12:46,069 - INFO - Geocoded: 65/66, Berlin -> (52.4696966, 13.3375987) confidence: 8.875486381318407e-05
2025-08-15 17:12:46,071 - INFO - Updated Einkaufszentrale J. Schocken Söhne, GmbH, Zweigniederlassung Berlin: (52.46972780820353, 13.337557755406241)
2025-08-15 17:12:46,071 - INFO - Updated Frankenschwerth & Blank: (52.469973771684856, 13.33722025742399)
2025-08-15 17:12:46,071 - INFO - Processing address 1558/2495: Tauentzienstr. 7, Berlin
2025-08-15 17:12:47,667 - INFO - Geocoded: Tauentzienstr. 7, Berlin -> (52.5035605, 13.3391673) confidence: 8.875486381318407e-05
2025-08-15 17:12:47,667 - INFO - Updated Einsteins Corsetspezialhaus für starke Damen GmbH: (52.5035605, 13.3391673)
2025-08-15 17:12:47,667 - INFO - Processing address 1559/2495: Kleiststr.  3, Berlin
2025-08-15 17:12:49,286 - INFO - Geocoded: Kleiststr.  3, Berlin -> (52.4419312, 13.2313802) confidence: 8.875486381318407e-05
2025-08-15 17:12:49,286 - INFO - Updated Eischleb & Neuwahl: (52.4419312, 13.2313802)
2025-08-15 17:12:49,286 - INFO - Processing address 1560/2495: Eisdiele des Westens Hohenzollerndamm  11, Berlin
2025-08-15 17:12:56,486 - WARNING - Failed to geocode: Eisdiele des Westens Hohenzollerndamm  11, Berlin
2025-08-15 17:12:56,488 - ERROR - Failed to geocode address: Eisdiele des Westens Hohenzollerndamm  11, Berlin
2025-08-15 17:12:56,489 - INFO - Processing address 1561/2495: Alexanderstr. 35, Berlin
2025-08-15 17:12:58,125 - INFO - Geocoded: Alexanderstr. 35, Berlin -> (52.5178747, 13.4191073) confidence: 8.875486381318407e-05
2025-08-15 17:12:58,125 - INFO - Updated Eisen & Co: (52.5178747, 13.4191073)
2025-08-15 17:12:58,125 - INFO - Processing address 1562/2495: Herzbergstr. 46/48, Berlin
2025-08-15 17:12:59,892 - INFO - Geocoded: Herzbergstr. 46/48, Berlin -> (52.5264289, 13.4804744) confidence: 0.2711690462561393
2025-08-15 17:12:59,892 - INFO - Updated Eisen- und Stückblech-Handelsgesellschaft mbH: (52.5264289, 13.4804744)
2025-08-15 17:12:59,892 - INFO - Processing address 1563/2495: 141, Berlin
2025-08-15 17:12:59,892 - WARNING - Incomplete address detected: 141, Berlin
2025-08-15 17:12:59,892 - ERROR - Failed to geocode address: 141, Berlin
2025-08-15 17:12:59,892 - INFO - Processing address 1564/2495: Dorotheenstr. 60, Berlin
2025-08-15 17:13:01,383 - INFO - Geocoded: Dorotheenstr. 60, Berlin -> (52.5192629, 13.3870262) confidence: 8.875486381318407e-05
2025-08-15 17:13:01,383 - INFO - Updated Eisenschmidt's Buch- und Landkartenhandlung: (52.5192629, 13.3870262)
2025-08-15 17:13:01,383 - INFO - Processing address 1565/2495: Brüderstr. 3, Berlin
2025-08-15 17:13:02,922 - INFO - Geocoded: Brüderstr. 3, Berlin -> (52.4404234, 13.2947593) confidence: 8.875486381318407e-05
2025-08-15 17:13:02,922 - INFO - Updated Eisner & Ehrmann: (52.440372909521884, 13.294682212679419)
2025-08-15 17:13:02,922 - INFO - Updated Eisner & Kirchheim GmbH: (52.44011611822161, 13.294466549168819)
2025-08-15 17:13:02,922 - INFO - Processing address 1566/2495: Wallstr. 55, Berlin
2025-08-15 17:13:04,735 - INFO - Geocoded: Wallstr. 55, Berlin -> (52.5112193, 13.4058639) confidence: 0.05342208819714653
2025-08-15 17:13:04,735 - INFO - Updated Eisner & Meisl AG: (52.51094651447234, 13.40582028558351)
2025-08-15 17:13:04,735 - INFO - Updated Goldmann & Löw GmbH: (52.51129361094178, 13.406449590657838)
2025-08-15 17:13:04,736 - INFO - Processing address 1567/2495: Georgenkirchstr. 31, Berlin
2025-08-15 17:13:06,190 - INFO - Geocoded: Georgenkirchstr. 31, Berlin -> (52.5270197, 13.4247532) confidence: 0.05342208819714653
2025-08-15 17:13:06,191 - INFO - Updated Eiswerke & Kühlhallen am Alexanderplatz Nathan Lindenberger: (52.5270197, 13.4247532)
2025-08-15 17:13:06,191 - INFO - Processing address 1568/2495: Schleiermacherstr. 37, Berlin
2025-08-15 17:13:07,648 - INFO - Geocoded: Schleiermacherstr. 37, Berlin -> (52.49264, 13.3988662) confidence: 8.875486381318407e-05
2025-08-15 17:13:07,648 - INFO - Updated Elektro-Galvanisator Willy Kutzsch: (52.49264, 13.3988662)
2025-08-15 17:13:07,648 - INFO - Processing address 1569/2495: Gneisenaustr. 2, Berlin
2025-08-15 17:13:09,220 - INFO - Geocoded: Gneisenaustr. 2, Berlin -> (52.4918541, 13.3882633) confidence: 8.875486381318407e-05
2025-08-15 17:13:09,220 - INFO - Updated Elektro-Galvanisator-GmbH: (52.4918541, 13.3882633)
2025-08-15 17:13:09,220 - INFO - Processing address 1570/2495: Uhlandstr. 58/59, Berlin
2025-08-15 17:13:11,275 - INFO - Geocoded: Uhlandstr. 58/59, Berlin -> (52.5049526, 13.3256295) confidence: 0.23790322239318296
2025-08-15 17:13:11,275 - INFO - Updated Elektro-Großhandlung Georg Heidemann: (52.5049526, 13.3256295)
2025-08-15 17:13:11,275 - INFO - Processing address 1571/2495: Mühlenstr. 73, Berlin
2025-08-15 17:13:13,316 - INFO - Geocoded: Mühlenstr. 73, Berlin -> (52.5029123, 13.444326) confidence: 8.875486381318407e-05
2025-08-15 17:13:13,316 - INFO - Updated Elektromotoren-Werke Hermann Gradenwitz: (52.5029123, 13.444326)
2025-08-15 17:13:13,316 - INFO - Processing address 1572/2495: Kurfürstenstr. 99, Berlin
2025-08-15 17:13:14,954 - INFO - Geocoded: Kurfürstenstr. 99, Berlin -> (52.4471471, 13.3707731) confidence: 8.875486381318407e-05
2025-08-15 17:13:14,954 - INFO - Updated Eleonore, Grundstücksgesellschaft mbH: (52.4471471, 13.3707731)
2025-08-15 17:13:14,954 - INFO - Processing address 1573/2495: Kleiststr.  1, Berlin
2025-08-15 17:13:16,502 - INFO - Geocoded: Kleiststr.  1, Berlin -> (52.5001536, 13.352164) confidence: 8.875486381318407e-05
2025-08-15 17:13:16,502 - INFO - Updated Elfriede Loew: (52.5001536, 13.352164)
2025-08-15 17:13:16,502 - INFO - Processing address 1574/2495: Prüßstr. 30, Berlin
2025-08-15 17:13:22,440 - WARNING - Failed to geocode: Prüßstr. 30, Berlin
2025-08-15 17:13:22,440 - ERROR - Failed to geocode address: Prüßstr. 30, Berlin
2025-08-15 17:13:22,440 - INFO - Processing address 1575/2495: Weichselstr. 3, Berlin
2025-08-15 17:13:23,970 - INFO - Geocoded: Weichselstr. 3, Berlin -> (52.5134057, 13.4702654) confidence: 8.875486381318407e-05
2025-08-15 17:13:23,970 - INFO - Updated Elias Gehler: (52.5134057, 13.4702654)
2025-08-15 17:13:23,970 - INFO - Processing address 1576/2495: Borkumstr.  3, Berlin
2025-08-15 17:13:25,393 - INFO - Geocoded: Borkumstr.  3, Berlin -> (52.5651002, 13.4149088) confidence: 8.875486381318407e-05
2025-08-15 17:13:25,394 - INFO - Updated Elias Leo Bermann: (52.5651002, 13.4149088)
2025-08-15 17:13:25,394 - INFO - Processing address 1577/2495: Königstr.  70, Berlin
2025-08-15 17:13:27,693 - INFO - Geocoded: Königstr.  70, Berlin -> (52.523142, 13.4186368) confidence: 8.875486381318407e-05
2025-08-15 17:13:27,693 - INFO - Updated Elias Mandelbrod: (52.523142, 13.4186368)
2025-08-15 17:13:27,693 - INFO - Processing address 1578/2495: Elias Nossen photography and film Weidenweg  35, Berlin
2025-08-15 17:13:35,820 - WARNING - Failed to geocode: Elias Nossen photography and film Weidenweg  35, Berlin
2025-08-15 17:13:35,820 - ERROR - Failed to geocode address: Elias Nossen photography and film Weidenweg  35, Berlin
2025-08-15 17:13:35,821 - INFO - Processing address 1579/2495: 49, Berlin
2025-08-15 17:13:35,821 - WARNING - Incomplete address detected: 49, Berlin
2025-08-15 17:13:35,822 - ERROR - Failed to geocode address: 49, Berlin
2025-08-15 17:13:35,822 - INFO - Processing address 1580/2495: Raabestr. 8, Berlin
2025-08-15 17:13:37,311 - INFO - Geocoded: Raabestr. 8, Berlin -> (52.4092222, 13.4001252) confidence: 8.875486381318407e-05
2025-08-15 17:13:37,311 - INFO - Updated Elie Salzmann: (52.4092222, 13.4001252)
2025-08-15 17:13:37,311 - INFO - Processing address 1581/2495: Klopstockstr.  22, Berlin
2025-08-15 17:13:38,837 - INFO - Geocoded: Klopstockstr.  22, Berlin -> (52.4808843, 13.5905179) confidence: 8.875486381318407e-05
2025-08-15 17:13:38,837 - INFO - Updated Elisabeth Alexandra Levy: (52.4808843, 13.5905179)
2025-08-15 17:13:38,837 - INFO - Processing address 1582/2495: Elisabeth Bankin textiles and clothing Kaiserallee  28, Berlin
2025-08-15 17:13:45,715 - WARNING - Failed to geocode: Elisabeth Bankin textiles and clothing Kaiserallee  28, Berlin
2025-08-15 17:13:45,716 - ERROR - Failed to geocode address: Elisabeth Bankin textiles and clothing Kaiserallee  28, Berlin
2025-08-15 17:13:45,716 - INFO - Processing address 1583/2495: 142, Berlin
2025-08-15 17:13:45,716 - WARNING - Incomplete address detected: 142, Berlin
2025-08-15 17:13:45,716 - ERROR - Failed to geocode address: 142, Berlin
2025-08-15 17:13:45,716 - INFO - Processing address 1584/2495: Brunnenstr. 123, Berlin
2025-08-15 17:13:47,719 - INFO - Geocoded: Brunnenstr. 123, Berlin -> (52.5402994, 13.3940937) confidence: 8.875486381318407e-05
2025-08-15 17:13:47,720 - INFO - Updated Elise Koh: (52.5402994, 13.3940937)
2025-08-15 17:13:47,720 - INFO - Processing address 1585/2495: Bergmannstr. 30, Berlin
2025-08-15 17:13:49,408 - INFO - Geocoded: Bergmannstr. 30, Berlin -> (52.4887412, 13.3968219) confidence: 8.875486381318407e-05
2025-08-15 17:13:49,413 - INFO - Updated Elise Zickel Nchf.: (52.4887412, 13.3968219)
2025-08-15 17:13:49,414 - INFO - Processing address 1586/2495: Hauptstr. 36, Berlin
2025-08-15 17:13:52,715 - INFO - Geocoded: Hauptstr. 36, Berlin -> (52.4845124, 13.3523567) confidence: 8.875486381318407e-05
2025-08-15 17:13:52,716 - INFO - Updated Elite Wäscheversand Tony Jacob Nachfolger Bernhard Speyer: (52.4845124, 13.3523567)
2025-08-15 17:13:52,716 - INFO - Processing address 1587/2495: Cauerstr.  5, Berlin
2025-08-15 17:13:54,174 - INFO - Geocoded: Cauerstr.  5, Berlin -> (52.5157582, 13.3166002) confidence: 8.875486381318407e-05
2025-08-15 17:13:54,174 - INFO - Updated Elite-Wäscherei "Heißrolle""": (52.5157582, 13.3166002)
2025-08-15 17:13:54,174 - INFO - Processing address 1588/2495: Schillerstr.  57, Berlin
2025-08-15 17:13:56,044 - INFO - Geocoded: Schillerstr.  57, Berlin -> (52.5098515, 13.2992719) confidence: 8.875486381318407e-05
2025-08-15 17:13:56,044 - INFO - Updated Ella Herrlich: (52.5098515, 13.2992719)
2025-08-15 17:13:56,045 - INFO - Processing address 1589/2495: Mohrenstr. 37, Berlin
2025-08-15 17:13:58,141 - INFO - Geocoded: Mohrenstr. 37, Berlin -> (52.5121529, 13.3955179) confidence: 0.46747054160957563
2025-08-15 17:13:58,145 - INFO - Updated Ella Lehmann GmbH, vorm. Conrad & Rogozinski: (52.512462189422116, 13.395201546790704)
2025-08-15 17:13:58,146 - INFO - Updated Ernst Plachta: (52.512449027130394, 13.395133036694055)
2025-08-15 17:13:58,147 - INFO - Updated Felix Würzburg: (52.51178456290659, 13.39513456222074)
2025-08-15 17:13:58,147 - INFO - Processing address 1590/2495: Inselstr. 1, Berlin
2025-08-15 17:13:59,806 - INFO - Geocoded: Inselstr. 1, Berlin -> (52.4453549, 13.1750324) confidence: 8.875486381318407e-05
2025-08-15 17:13:59,806 - INFO - Updated Ella Miermeister: (52.4453549, 13.1750324)
2025-08-15 17:13:59,806 - INFO - Processing address 1591/2495: Ella Schwerk Ella Schwerk (04.06.1935) Eingetragen im Handelsregister/ Gründung 1935 ,  Berlin
2025-08-15 17:14:05,118 - WARNING - Failed to geocode: Ella Schwerk Ella Schwerk (04.06.1935) Eingetragen im Handelsregister/ Gründung 1935 ,  Berlin
2025-08-15 17:14:05,119 - ERROR - Failed to geocode address: Ella Schwerk Ella Schwerk (04.06.1935) Eingetragen im Handelsregister/ Gründung 1935 ,  Berlin
2025-08-15 17:14:05,119 - INFO - Processing address 1592/2495: Milch restaurants Hohenzollerndamm  96, Berlin
2025-08-15 17:14:13,006 - WARNING - Failed to geocode: Milch restaurants Hohenzollerndamm  96, Berlin
2025-08-15 17:14:13,006 - ERROR - Failed to geocode address: Milch restaurants Hohenzollerndamm  96, Berlin
2025-08-15 17:14:13,006 - INFO - Processing address 1593/2495: Cicerostr. 2/6, Berlin
2025-08-15 17:14:14,905 - INFO - Geocoded: Cicerostr. 2/6, Berlin -> (52.4896249, 13.3007954) confidence: 0.05342208819714653
2025-08-15 17:14:14,905 - INFO - Updated Ellen Richter-Film GmbH: (52.4896249, 13.3007954)
2025-08-15 17:14:14,905 - INFO - Processing address 1594/2495: Wielandstr. 17, Berlin
2025-08-15 17:14:16,599 - INFO - Geocoded: Wielandstr. 17, Berlin -> (52.481528, 13.5895367) confidence: 8.875486381318407e-05
2025-08-15 17:14:16,599 - INFO - Updated Elli Cahn: (52.481528, 13.5895367)
2025-08-15 17:14:16,599 - INFO - Processing address 1595/2495: Nordhauserstr.  20, Berlin
2025-08-15 17:14:18,144 - INFO - Geocoded: Nordhauserstr.  20, Berlin -> (52.5247759, 13.3044028) confidence: 8.875486381318407e-05
2025-08-15 17:14:18,146 - INFO - Updated Elli Kohls: (52.52460604760976, 13.304470439715079)
2025-08-15 17:14:18,147 - INFO - Updated Elly Cols: (52.52449240086344, 13.304203770075787)
2025-08-15 17:14:18,147 - INFO - Processing address 1596/2495: Friedrichstr. 143/149, Berlin
2025-08-15 17:14:21,223 - INFO - Geocoded: Friedrichstr. 143/149, Berlin -> (52.5015293, 13.3913508) confidence: 0.4683814607413573
2025-08-15 17:14:21,227 - INFO - Updated Elliot's Herrenausstattungen Berthold Elliot: (52.5015293, 13.3913508)
2025-08-15 17:14:21,227 - INFO - Processing address 1597/2495: Kommandantenstr. 20, Berlin
2025-08-15 17:14:22,712 - INFO - Geocoded: Kommandantenstr. 20, Berlin -> (52.4350611, 13.2926722) confidence: 8.875486381318407e-05
2025-08-15 17:14:22,712 - INFO - Updated Ellson & Co: (52.4350611, 13.2926722)
2025-08-15 17:14:22,712 - INFO - Processing address 1598/2495: Tauentzienstr.  14, Berlin
2025-08-15 17:14:24,198 - INFO - Geocoded: Tauentzienstr.  14, Berlin -> (52.5038347, 13.336765) confidence: 8.875486381318407e-05
2025-08-15 17:14:24,199 - INFO - Updated Elsa Jeretzky: (52.5038347, 13.336765)
2025-08-15 17:14:24,199 - INFO - Processing address 1599/2495: Knesebeckstr.  46, Berlin
2025-08-15 17:14:25,819 - INFO - Geocoded: Knesebeckstr.  46, Berlin -> (52.5026226, 13.3219476) confidence: 0.05342208819714653
2025-08-15 17:14:25,819 - INFO - Updated Elsbeth Zacharias: (52.5026226, 13.3219476)
2025-08-15 17:14:25,819 - INFO - Processing address 1600/2495: Friedrichstr.  217, Berlin
2025-08-15 17:14:27,447 - INFO - Geocoded: Friedrichstr.  217, Berlin -> (52.5054395, 13.3900111) confidence: 8.875486381318407e-05
2025-08-15 17:14:27,447 - INFO - Updated Else Behrend: (52.50513144977851, 13.389831518902445)
2025-08-15 17:14:27,447 - INFO - Updated Hans Bibo: (52.505402015071894, 13.390046801879413)
2025-08-15 17:14:27,447 - INFO - Progress: 1600/2495 addresses processed
2025-08-15 17:14:27,525 - INFO - Processing address 1601/2495: Frankfurter Allee 58, Berlin
2025-08-15 17:14:29,298 - INFO - Geocoded: Frankfurter Allee 58, Berlin -> (52.5143976, 13.4656318) confidence: 8.875486381318407e-05
2025-08-15 17:14:29,298 - INFO - Updated Else Katzenellenbogen: (52.5143976, 13.4656318)
2025-08-15 17:14:29,298 - INFO - Processing address 1602/2495: Kurfürstendamm 236, Berlin
2025-08-15 17:14:31,077 - INFO - Geocoded: Kurfürstendamm 236, Berlin -> (52.5041532, 13.3342602) confidence: 8.875486381318407e-05
2025-08-15 17:14:31,077 - INFO - Updated Else Levy: (52.5041532, 13.3342602)
2025-08-15 17:14:31,077 - INFO - Processing address 1603/2495: Sybelstr.  14, Berlin
2025-08-15 17:14:32,555 - INFO - Geocoded: Sybelstr.  14, Berlin -> (52.5021374, 13.3061908) confidence: 8.875486381318407e-05
2025-08-15 17:14:32,555 - INFO - Updated Else Lubranczyk: (52.5021374, 13.3061908)
2025-08-15 17:14:32,555 - INFO - Processing address 1604/2495: Klosterstr. 17/19, Berlin
2025-08-15 17:14:35,241 - INFO - Geocoded: Klosterstr. 17/19, Berlin -> (52.5186603, 13.4113815) confidence: 0.33382026067444703
2025-08-15 17:14:35,242 - INFO - Updated Else Weinstock: (52.51835650969361, 13.41104494016302)
2025-08-15 17:14:35,242 - INFO - Updated Gebr. Philippi: (52.51843476952132, 13.410957766990554)
2025-08-15 17:14:35,243 - INFO - Updated Gustav Flater Nfg.: (52.518578283736595, 13.411477221149058)
2025-08-15 17:14:35,243 - INFO - Processing address 1605/2495: Prenzlauer Allee 56, Berlin
2025-08-15 17:14:37,258 - INFO - Geocoded: Prenzlauer Allee 56, Berlin -> (52.5290451, 13.4174669) confidence: 0.3509924157318026
2025-08-15 17:14:37,259 - INFO - Updated Elysium Lichtspiele GmbH: (52.5290451, 13.4174669)
2025-08-15 17:14:37,259 - INFO - Processing address 1606/2495: Lietzenseeufer 2, Berlin
2025-08-15 17:14:38,698 - INFO - Geocoded: Lietzenseeufer 2, Berlin -> (52.5071938, 13.2895197) confidence: 8.875486381318407e-05
2025-08-15 17:14:38,698 - INFO - Updated Emanuel & Co: (52.5071938, 13.2895197)
2025-08-15 17:14:38,698 - INFO - Processing address 1607/2495: Unter den Linden 61, Berlin
2025-08-15 17:14:40,563 - INFO - Geocoded: Unter den Linden 61, Berlin -> (52.517382, 13.3957141) confidence: 0.5148900273965856
2025-08-15 17:14:40,563 - INFO - Updated Emanuel Friedlaender & Comp.: (52.517382, 13.3957141)
2025-08-15 17:14:40,563 - INFO - Processing address 1608/2495: Roßstr. 6, Berlin
2025-08-15 17:14:42,084 - INFO - Geocoded: Roßstr. 6, Berlin -> (52.6787329, 13.5895704) confidence: 5.5989166094407835e-05
2025-08-15 17:14:42,085 - INFO - Updated Emanuel Goldberg: (52.678647050347216, 13.589507794637246)
2025-08-15 17:14:42,085 - INFO - Updated Franken & Woreczek: (52.6789516464109, 13.589602391871978)
2025-08-15 17:14:42,085 - INFO - Processing address 1609/2495: Bretschneiderstr. 5, Berlin
2025-08-15 17:14:48,517 - WARNING - Failed to geocode: Bretschneiderstr. 5, Berlin
2025-08-15 17:14:48,521 - ERROR - Failed to geocode address: Bretschneiderstr. 5, Berlin
2025-08-15 17:14:48,522 - INFO - Processing address 1610/2495: An der Spandauer Brücke 4/5, Berlin
2025-08-15 17:14:50,592 - INFO - Geocoded: An der Spandauer Brücke 4/5, Berlin -> (52.5219176, 13.4044761) confidence: 0.05342208819714653
2025-08-15 17:14:50,594 - INFO - Updated Emanuel Japhet: (52.5219176, 13.4044761)
2025-08-15 17:14:50,594 - INFO - Processing address 1611/2495: Prenzlauer Allee 12, Berlin
2025-08-15 17:14:52,081 - INFO - Geocoded: Prenzlauer Allee 12, Berlin -> (52.5303247, 13.4192449) confidence: 8.875486381318407e-05
2025-08-15 17:14:52,081 - INFO - Updated Emanuel Kunst: (52.5303247, 13.4192449)
2025-08-15 17:14:52,081 - INFO - Processing address 1612/2495: Niebuhrstr. 63, Berlin
2025-08-15 17:14:53,544 - INFO - Geocoded: Niebuhrstr. 63, Berlin -> (52.5044005, 13.3110592) confidence: 8.875486381318407e-05
2025-08-15 17:14:53,544 - INFO - Updated Emanuel Mohnblatt: (52.5044005, 13.3110592)
2025-08-15 17:14:53,544 - INFO - Processing address 1613/2495: Schönhauser Allee 187, Berlin
2025-08-15 17:14:55,060 - INFO - Geocoded: Schönhauser Allee 187, Berlin -> (52.529259, 13.4095178) confidence: 8.875486381318407e-05
2025-08-15 17:14:55,060 - INFO - Updated Emanuel Moor: (52.529259, 13.4095178)
2025-08-15 17:14:55,060 - INFO - Processing address 1614/2495: Grenadierstr. 16, Berlin
2025-08-15 17:14:56,615 - INFO - Geocoded: Grenadierstr. 16, Berlin -> (52.5251465, 13.4094445) confidence: 8.875486381318407e-05
2025-08-15 17:14:56,615 - INFO - Updated Emanuel Reich: (52.5251465, 13.4094445)
2025-08-15 17:14:56,615 - INFO - Processing address 1615/2495: Monbijouplatz 12, Berlin
2025-08-15 17:14:58,040 - INFO - Geocoded: Monbijouplatz 12, Berlin -> (52.5227145, 13.3997927) confidence: 8.875486381318407e-05
2025-08-15 17:14:58,040 - INFO - Updated Emanuel Wolf: (52.5227145, 13.3997927)
2025-08-15 17:14:58,040 - INFO - Processing address 1616/2495: Alt Moabit 106, Berlin
2025-08-15 17:14:59,687 - INFO - Geocoded: Alt Moabit 106, Berlin -> (52.524415, 13.3488143) confidence: 8.875486381318407e-05
2025-08-15 17:14:59,687 - INFO - Updated Emanuel Zeller: (52.524415, 13.3488143)
2025-08-15 17:14:59,687 - INFO - Processing address 1617/2495: Andreasstr. 26, Berlin
2025-08-15 17:15:01,332 - INFO - Geocoded: Andreasstr. 26, Berlin -> (52.5154109, 13.4320662) confidence: 0.2362704262613719
2025-08-15 17:15:01,332 - INFO - Updated Emerich C. Kellermann: (52.5154109, 13.4320662)
2025-08-15 17:15:01,332 - INFO - Processing address 1618/2495: Reichstr. 24/26, Berlin
2025-08-15 17:15:07,888 - WARNING - Failed to geocode: Reichstr. 24/26, Berlin
2025-08-15 17:15:07,888 - ERROR - Failed to geocode address: Reichstr. 24/26, Berlin
2025-08-15 17:15:07,888 - INFO - Processing address 1619/2495: Frankfurter Allee 46, Berlin
2025-08-15 17:15:09,870 - INFO - Geocoded: Frankfurter Allee 46, Berlin -> (52.5145822, 13.4638261) confidence: 8.875486381318407e-05
2025-08-15 17:15:09,870 - INFO - Updated Emil Bremler: (52.5145822, 13.4638261)
2025-08-15 17:15:09,870 - INFO - Processing address 1620/2495: Friedrichstr. 89, Berlin
2025-08-15 17:15:11,477 - INFO - Geocoded: Friedrichstr. 89, Berlin -> (52.5177802, 13.3889049) confidence: 8.875486381318407e-05
2025-08-15 17:15:11,477 - INFO - Updated Emil Brock: (52.51748032189306, 13.389088908797433)
2025-08-15 17:15:11,477 - INFO - Updated Erich Goldstein: (52.51763201683521, 13.388606884462146)
2025-08-15 17:15:11,477 - INFO - Processing address 1621/2495: Barbarossastr. 16, Berlin
2025-08-15 17:15:12,981 - INFO - Geocoded: Barbarossastr. 16, Berlin -> (52.4923581, 13.3462134) confidence: 8.875486381318407e-05
2025-08-15 17:15:12,981 - INFO - Updated Emil Camnitzer: (52.4923581, 13.3462134)
2025-08-15 17:15:12,981 - INFO - Processing address 1622/2495: Taubenstr. 24, Berlin
2025-08-15 17:15:14,435 - INFO - Geocoded: Taubenstr. 24, Berlin -> (52.513443, 13.3954716) confidence: 8.875486381318407e-05
2025-08-15 17:15:14,435 - INFO - Updated Emil Cohen: (52.513443, 13.3954716)
2025-08-15 17:15:14,435 - INFO - Processing address 1623/2495: Gneiststr. 12, Berlin
2025-08-15 17:15:15,854 - INFO - Geocoded: Gneiststr. 12, Berlin -> (52.5442571, 13.4150607) confidence: 8.875486381318407e-05
2025-08-15 17:15:15,854 - INFO - Updated Emil Dammann & Co: (52.5442571, 13.4150607)
2025-08-15 17:15:15,854 - INFO - Processing address 1624/2495: Hallesches Ufer 27, Berlin
2025-08-15 17:15:17,523 - INFO - Geocoded: Hallesches Ufer 27, Berlin -> (52.50016, 13.3782583) confidence: 0.22742205121143227
2025-08-15 17:15:17,523 - INFO - Updated Emil Flater: (52.50016, 13.3782583)
2025-08-15 17:15:17,523 - INFO - Processing address 1625/2495: Fritschestr. 34, Berlin
2025-08-15 17:15:18,940 - INFO - Geocoded: Fritschestr. 34, Berlin -> (52.5102309, 13.29975) confidence: 8.875486381318407e-05
2025-08-15 17:15:18,940 - INFO - Updated Emil Gobitz: (52.5102309, 13.29975)
2025-08-15 17:15:18,940 - INFO - Processing address 1626/2495: Hohenzollernstr. 17, Berlin
2025-08-15 17:15:20,638 - INFO - Geocoded: Hohenzollernstr. 17, Berlin -> (52.3841032, 13.3895992) confidence: 8.875486381318407e-05
2025-08-15 17:15:20,638 - INFO - Updated Emil Grünberg: (52.3841032, 13.3895992)
2025-08-15 17:15:20,638 - INFO - Processing address 1627/2495: Kottbusser Ufer 12/15, Berlin
2025-08-15 17:15:27,532 - WARNING - Failed to geocode: Kottbusser Ufer 12/15, Berlin
2025-08-15 17:15:27,533 - ERROR - Failed to geocode address: Kottbusser Ufer 12/15, Berlin
2025-08-15 17:15:27,533 - INFO - Processing address 1628/2495: Monumentenstr. 16, Berlin
2025-08-15 17:15:28,958 - INFO - Geocoded: Monumentenstr. 16, Berlin -> (52.4876633, 13.3742972) confidence: 8.875486381318407e-05
2025-08-15 17:15:28,959 - INFO - Updated Emil Jacobsohn: (52.4876633, 13.3742972)
2025-08-15 17:15:28,959 - INFO - Processing address 1629/2495: Friedrichstr. 70, Berlin
2025-08-15 17:15:30,561 - INFO - Geocoded: Friedrichstr. 70, Berlin -> (52.5128015, 13.389682) confidence: 8.875486381318407e-05
2025-08-15 17:15:30,561 - INFO - Updated Emil Jacoby AG gegr. 1872: (52.5128015, 13.389682)
2025-08-15 17:15:30,561 - INFO - Processing address 1630/2495: Landsberger Platz 1, Berlin
2025-08-15 17:15:32,365 - INFO - Geocoded: Landsberger Platz 1, Berlin -> (52.5230673, 13.4283799) confidence: 0.30430544025715084
2025-08-15 17:15:32,365 - INFO - Updated Emil Joseph Modewaaren: (52.5230673, 13.4283799)
2025-08-15 17:15:32,365 - INFO - Processing address 1631/2495: Charlottenstr. 65, Berlin
2025-08-15 17:15:34,159 - INFO - Geocoded: Charlottenstr. 65, Berlin -> (52.4317587, 13.3330335) confidence: 8.875486381318407e-05
2025-08-15 17:15:34,160 - INFO - Updated Emil Kauf: (52.431613126897915, 13.333082185396382)
2025-08-15 17:15:34,160 - INFO - Updated Emil Siedner: (52.431451552976235, 13.333098110486128)
2025-08-15 17:15:34,160 - INFO - Updated Freund & Loewe: (52.43179687327732, 13.332441142011117)
2025-08-15 17:15:34,160 - INFO - Processing address 1632/2495: 39/40, Berlin
2025-08-15 17:15:37,293 - INFO - Geocoded: 39/40, Berlin -> (52.510885, 13.3989367) confidence: 0.840425236063765
2025-08-15 17:15:37,293 - INFO - Updated Emil Köster, Deutsche Beamten-Einkaufs-AG, Zweigniederlassung Berlin: (52.51056970994686, 13.398852331945006)
2025-08-15 17:15:37,294 - INFO - Updated Hans Fürstenwalde Hypotheken und Grundbesitz: (52.510437259937866, 13.398302464145088)
2025-08-15 17:15:37,294 - INFO - Processing address 1633/2495: Kastanienallee 25, Berlin
2025-08-15 17:15:38,877 - INFO - Geocoded: Kastanienallee 25, Berlin -> (52.5374799, 13.4081212) confidence: 8.875486381318407e-05
2025-08-15 17:15:38,877 - INFO - Updated Emil Lange: (52.5374799, 13.4081212)
2025-08-15 17:15:38,877 - INFO - Processing address 1634/2495: Görlitzer Ufer 9, Berlin
2025-08-15 17:15:40,711 - INFO - Geocoded: Görlitzer Ufer 9, Berlin -> (52.4957216, 13.4458557) confidence: 0.05342208819714653
2025-08-15 17:15:40,711 - INFO - Updated Emil Lemke Kisten- und Holzwoll-GmbH: (52.4957216, 13.4458557)
2025-08-15 17:15:40,711 - INFO - Processing address 1635/2495: Landhausstr. 31, Berlin
2025-08-15 17:15:42,264 - INFO - Geocoded: Landhausstr. 31, Berlin -> (52.4888058, 13.3290146) confidence: 8.875486381318407e-05
2025-08-15 17:15:42,264 - INFO - Updated Emil Loewenthal Metallhandlung: (52.4888058, 13.3290146)
2025-08-15 17:15:42,264 - INFO - Processing address 1636/2495: Droysenstr. 7, Berlin
2025-08-15 17:15:43,771 - INFO - Geocoded: Droysenstr. 7, Berlin -> (52.5009837, 13.3002128) confidence: 8.875486381318407e-05
2025-08-15 17:15:43,771 - INFO - Updated Emil Löwenberg: (52.5009837, 13.3002128)
2025-08-15 17:15:43,771 - INFO - Processing address 1637/2495: Grünstr. 52, Berlin
2025-08-15 17:15:45,614 - INFO - Geocoded: Grünstr. 52, Berlin -> (52.4448784, 13.5758015) confidence: 0.05342208819714653
2025-08-15 17:15:45,615 - INFO - Updated Emil Mandel: (52.4448784, 13.5758015)
2025-08-15 17:15:45,615 - INFO - Processing address 1638/2495: Prinzregentenstr. 68, Berlin
2025-08-15 17:15:47,026 - INFO - Geocoded: Prinzregentenstr. 68, Berlin -> (52.4843417, 13.3334476) confidence: 8.875486381318407e-05
2025-08-15 17:15:47,026 - INFO - Updated Emil Münz & Comp.: (52.4843417, 13.3334476)
2025-08-15 17:15:47,026 - INFO - Processing address 1639/2495: Königstr. 45, Berlin
2025-08-15 17:15:50,311 - INFO - Geocoded: Königstr. 45, Berlin -> (52.4346873, 13.2568446) confidence: 8.875486381318407e-05
2025-08-15 17:15:50,311 - INFO - Updated Emil Pick & Co: (52.4346873, 13.2568446)
2025-08-15 17:15:50,311 - INFO - Processing address 1640/2495: Zentralmarkthalle Stand 49/50, Berlin
2025-08-15 17:16:00,117 - WARNING - Failed to geocode: Zentralmarkthalle Stand 49/50, Berlin
2025-08-15 17:16:00,118 - ERROR - Failed to geocode address: Zentralmarkthalle Stand 49/50, Berlin
2025-08-15 17:16:00,118 - INFO - Processing address 1641/2495: Grünstr. 30, Berlin
2025-08-15 17:16:01,637 - INFO - Geocoded: Grünstr. 30, Berlin -> (52.5161334, 13.6897156) confidence: 5.175173571369524e-05
2025-08-15 17:16:01,637 - INFO - Updated Emil Romann: (52.5161334, 13.6897156)
2025-08-15 17:16:01,637 - INFO - Processing address 1642/2495: Lindenstr. 32/34, Berlin
2025-08-15 17:16:05,253 - INFO - Geocoded: Lindenstr. 32/34, Berlin -> (52.5025323, 13.3948252) confidence: 0.32442301420651465
2025-08-15 17:16:05,253 - INFO - Updated Emil Schein Blusen- und Kleider-Gesellschaft mbH: (52.5025323, 13.3948252)
2025-08-15 17:16:05,253 - INFO - Processing address 1643/2495: 126, Berlin
2025-08-15 17:16:05,254 - WARNING - Incomplete address detected: 126, Berlin
2025-08-15 17:16:05,254 - ERROR - Failed to geocode address: 126, Berlin
2025-08-15 17:16:05,254 - INFO - Processing address 1644/2495: Alexanderstr. 55, Berlin
2025-08-15 17:16:07,000 - INFO - Geocoded: Alexanderstr. 55, Berlin -> (52.5203301, 13.4156813) confidence: 0.05342208819714653
2025-08-15 17:16:07,001 - INFO - Updated Emil Schönmann: (52.5203301, 13.4156813)
2025-08-15 17:16:07,001 - INFO - Processing address 1645/2495: Friedrichstr. 16, Berlin
2025-08-15 17:16:08,623 - INFO - Geocoded: Friedrichstr. 16, Berlin -> (52.502363, 13.391606) confidence: 8.875486381318407e-05
2025-08-15 17:16:08,625 - INFO - Updated Emil Streisand: (52.502363, 13.391606)
2025-08-15 17:16:08,625 - INFO - Processing address 1646/2495: Königsweg 28, Berlin
2025-08-15 17:16:10,112 - INFO - Geocoded: Königsweg 28, Berlin -> (52.5920216, 13.2858165) confidence: 8.875486381318407e-05
2025-08-15 17:16:10,112 - INFO - Updated Emil Weinwurm: (52.5920216, 13.2858165)
2025-08-15 17:16:10,112 - INFO - Processing address 1647/2495: Mommsenstr.  39, Berlin
2025-08-15 17:16:11,653 - INFO - Geocoded: Mommsenstr.  39, Berlin -> (52.4423641, 13.2998591) confidence: 0.05342208819714653
2025-08-15 17:16:11,653 - INFO - Updated Emma Bernstein-Schönfeld: (52.4423641, 13.2998591)
2025-08-15 17:16:11,653 - INFO - Processing address 1648/2495: 30/31, Berlin
2025-08-15 17:16:15,352 - INFO - Geocoded: 30/31, Berlin -> (52.510885, 13.3989367) confidence: 0.840425236063765
2025-08-15 17:16:15,352 - INFO - Updated Emma Bette, Bud & Lachmann & Co Damen- und Kindermoden GmbH: (52.510885, 13.3989367)
2025-08-15 17:16:15,352 - INFO - Processing address 1649/2495: 96/97, Berlin
2025-08-15 17:16:17,607 - INFO - Geocoded: 96/97, Berlin -> (52.510885, 13.3989367) confidence: 0.840425236063765
2025-08-15 17:16:17,607 - INFO - Updated Emma Samter: (52.510885, 13.3989367)
2025-08-15 17:16:17,607 - INFO - Processing address 1650/2495: Sebastianstr.  54, Berlin
2025-08-15 17:16:19,245 - INFO - Geocoded: Sebastianstr.  54, Berlin -> (52.5062744, 13.4106063) confidence: 0.05342208819714653
2025-08-15 17:16:19,246 - INFO - Updated Emmanuel Weiss (Emmanuel Weiß): (52.5062744, 13.4106063)
2025-08-15 17:16:19,247 - INFO - Processing address 1651/2495: 150, Berlin
2025-08-15 17:16:19,247 - WARNING - Incomplete address detected: 150, Berlin
2025-08-15 17:16:19,247 - ERROR - Failed to geocode address: 150, Berlin
2025-08-15 17:16:19,247 - INFO - Processing address 1652/2495: Goethestr. 87, Berlin
2025-08-15 17:16:21,462 - INFO - Geocoded: Goethestr. 87, Berlin -> (52.5085724, 13.3243339) confidence: 8.875486381318407e-05
2025-08-15 17:16:21,463 - INFO - Updated Emmo Lewy: (52.5085724, 13.3243339)
2025-08-15 17:16:21,463 - INFO - Processing address 1653/2495: Chausseestr. 93, Berlin
2025-08-15 17:16:23,104 - INFO - Geocoded: Chausseestr. 93, Berlin -> (52.5366356, 13.3751249) confidence: 8.875486381318407e-05
2025-08-15 17:16:23,104 - INFO - Updated Empedon-Compagnie Paul Maschke: (52.5366356, 13.3751249)
2025-08-15 17:16:23,104 - INFO - Processing address 1654/2495: Hardenbergstr. 18, Berlin
2025-08-15 17:16:24,550 - INFO - Geocoded: Hardenbergstr. 18, Berlin -> (52.5074739, 13.3289462) confidence: 8.875486381318407e-05
2025-08-15 17:16:24,550 - INFO - Updated En-Te Grundstücks-Erwerbsgesellschaft mbH: (52.5074739, 13.3289462)
2025-08-15 17:16:24,550 - INFO - Processing address 1655/2495: Alexanderstr. 46/48, Berlin
2025-08-15 17:16:26,352 - INFO - Geocoded: Alexanderstr. 46/48, Berlin -> (52.5203301, 13.4156813) confidence: 0.05342208819714653
2025-08-15 17:16:26,352 - INFO - Updated Engelhardt-Brauerei AG: (52.5203301, 13.4156813)
2025-08-15 17:16:26,352 - INFO - Processing address 1656/2495: Heinz Birkbuschgarten 11, Berlin
2025-08-15 17:16:32,488 - WARNING - Failed to geocode: Heinz Birkbuschgarten 11, Berlin
2025-08-15 17:16:32,488 - ERROR - Failed to geocode address: Heinz Birkbuschgarten 11, Berlin
2025-08-15 17:16:32,488 - INFO - Processing address 1657/2495: Schellingstr. 9, Berlin
2025-08-15 17:16:34,002 - INFO - Geocoded: Schellingstr. 9, Berlin -> (52.5053983, 13.373) confidence: 0.05342208819714653
2025-08-15 17:16:34,002 - INFO - Updated Ensoplatten Importgesellschaft mbH: (52.5053983, 13.373)
2025-08-15 17:16:34,002 - INFO - Processing address 1658/2495: Koppenstr. 27, Berlin
2025-08-15 17:16:35,660 - INFO - Geocoded: Koppenstr. 27, Berlin -> (52.5161146, 13.4364338) confidence: 8.875486381318407e-05
2025-08-15 17:16:35,660 - INFO - Updated Enver Bey Zigarettenfabrik GmbH: (52.5161146, 13.4364338)
2025-08-15 17:16:35,660 - INFO - Processing address 1659/2495: Fehrbelliner Platz 1, Berlin
2025-08-15 17:16:37,143 - INFO - Geocoded: Fehrbelliner Platz 1, Berlin -> (52.4912236, 13.3150557) confidence: 8.875486381318407e-05
2025-08-15 17:16:37,143 - INFO - Updated Epa AG: (52.4912236, 13.3150557)
2025-08-15 17:16:37,143 - INFO - Processing address 1660/2495: Kronenstr. 33, Berlin
2025-08-15 17:16:38,739 - INFO - Geocoded: Kronenstr. 33, Berlin -> (52.511386, 13.3927068) confidence: 0.05342208819714653
2025-08-15 17:16:38,739 - INFO - Updated Ephraimson & Neumann: (52.511386, 13.3927068)
2025-08-15 17:16:38,739 - INFO - Processing address 1661/2495: An der Spandauer Brücke 1, Berlin
2025-08-15 17:16:40,781 - INFO - Geocoded: An der Spandauer Brücke 1, Berlin -> (52.5219176, 13.4044761) confidence: 0.05342208819714653
2025-08-15 17:16:40,781 - INFO - Updated Erber & Co: (52.5219176, 13.4044761)
2025-08-15 17:16:40,781 - INFO - Processing address 1662/2495: Dircksenstr. 29, Berlin
2025-08-15 17:16:42,418 - INFO - Geocoded: Dircksenstr. 29, Berlin -> (52.5169391, 13.416438) confidence: 0.05342208819714653
2025-08-15 17:16:42,419 - INFO - Updated Erber & Sohn: (52.5169391, 13.416438)
2025-08-15 17:16:42,419 - INFO - Processing address 1663/2495: Sybelstr.  34, Berlin
2025-08-15 17:16:43,969 - INFO - Geocoded: Sybelstr.  34, Berlin -> (52.5019394, 13.3001525) confidence: 0.05342208819714653
2025-08-15 17:16:43,969 - INFO - Updated Erhard Schlawig: (52.5019394, 13.3001525)
2025-08-15 17:16:43,969 - INFO - Processing address 1664/2495: Kaiserstr.  71, Berlin
2025-08-15 17:16:45,864 - INFO - Geocoded: Kaiserstr.  71, Berlin -> (52.5286062, 13.55364) confidence: 8.875486381318407e-05
2025-08-15 17:16:45,864 - INFO - Updated Erholungsheim Neubabelsberg: (52.5286062, 13.55364)
2025-08-15 17:16:45,864 - INFO - Processing address 1665/2495: Lohmeyerstr. 4, Berlin
2025-08-15 17:16:47,318 - INFO - Geocoded: Lohmeyerstr. 4, Berlin -> (52.5180559, 13.3010125) confidence: 8.875486381318407e-05
2025-08-15 17:16:47,318 - INFO - Updated Erich A. Cohn: (52.51786889427644, 13.301207138347314)
2025-08-15 17:16:47,318 - INFO - Updated Erich Cohn: (52.51790374051939, 13.301003250527154)
2025-08-15 17:16:47,318 - INFO - Processing address 1666/2495: Landshuterstr. 18, Berlin
2025-08-15 17:16:48,825 - INFO - Geocoded: Landshuterstr. 18, Berlin -> (52.3855722, 13.4199929) confidence: 8.875486381318407e-05
2025-08-15 17:16:48,825 - INFO - Updated Erich Adler GmbH: (52.3855722, 13.4199929)
2025-08-15 17:16:48,825 - INFO - Processing address 1667/2495: Chausseestr. 68, Berlin
2025-08-15 17:16:50,384 - INFO - Geocoded: Chausseestr. 68, Berlin -> (52.5381788, 13.3734046) confidence: 8.875486381318407e-05
2025-08-15 17:16:50,384 - INFO - Updated Erich Bonwitt: (52.5381788, 13.3734046)
2025-08-15 17:16:50,384 - INFO - Processing address 1668/2495: Luitpoldstr. 9, Berlin
2025-08-15 17:16:52,044 - INFO - Geocoded: Luitpoldstr. 9, Berlin -> (52.4955699, 13.3493105) confidence: 8.875486381318407e-05
2025-08-15 17:16:52,045 - INFO - Updated Erich Brauer: (52.4955699, 13.3493105)
2025-08-15 17:16:52,045 - INFO - Processing address 1669/2495: Chausseestr. 88, Berlin
2025-08-15 17:16:53,596 - INFO - Geocoded: Chausseestr. 88, Berlin -> (52.537332, 13.3740613) confidence: 8.875486381318407e-05
2025-08-15 17:16:53,596 - INFO - Updated Erich Friedländer: (52.537332, 13.3740613)
2025-08-15 17:16:53,596 - INFO - Processing address 1670/2495: Schillstr. 11, Berlin
2025-08-15 17:16:55,024 - INFO - Geocoded: Schillstr. 11, Berlin -> (52.5036654, 13.3500886) confidence: 8.875486381318407e-05
2025-08-15 17:16:55,024 - INFO - Updated Erich Goldschmidt Beleuchtungskörper: (52.503798114162, 13.349735392875127)
2025-08-15 17:16:55,024 - INFO - Updated Goldschmidt & Schwabe: (52.503615674519686, 13.34949814977995)
2025-08-15 17:16:55,024 - INFO - Processing address 1671/2495: Erich Gottfurcht textiles and clothing Kastanienallee  22, Berlin
2025-08-15 17:17:01,687 - WARNING - Failed to geocode: Erich Gottfurcht textiles and clothing Kastanienallee  22, Berlin
2025-08-15 17:17:01,688 - ERROR - Failed to geocode address: Erich Gottfurcht textiles and clothing Kastanienallee  22, Berlin
2025-08-15 17:17:01,689 - INFO - Processing address 1672/2495: Alexanderstr. 15, Berlin
2025-08-15 17:17:03,309 - INFO - Geocoded: Alexanderstr. 15, Berlin -> (52.5200787, 13.4172222) confidence: 8.875486381318407e-05
2025-08-15 17:17:03,309 - INFO - Updated Erich Hausmann: (52.5200787, 13.4172222)
2025-08-15 17:17:03,309 - INFO - Processing address 1673/2495: Marsiliusstr. 23, Berlin
2025-08-15 17:17:09,335 - WARNING - Failed to geocode: Marsiliusstr. 23, Berlin
2025-08-15 17:17:09,335 - ERROR - Failed to geocode address: Marsiliusstr. 23, Berlin
2025-08-15 17:17:09,335 - INFO - Processing address 1674/2495: Lessingstr.  25, Berlin
2025-08-15 17:17:11,158 - INFO - Geocoded: Lessingstr.  25, Berlin -> (52.4790761, 13.591117) confidence: 8.875486381318407e-05
2025-08-15 17:17:11,159 - INFO - Updated Erich Instrator: (52.4790761, 13.591117)
2025-08-15 17:17:11,159 - INFO - Processing address 1675/2495: Roßstr. 9/10, Berlin
2025-08-15 17:17:12,937 - INFO - Geocoded: Roßstr. 9/10, Berlin -> (52.5121551, 13.4085379) confidence: 0.05342208819714653
2025-08-15 17:17:12,937 - INFO - Updated Erich Jacks: (52.5121551, 13.4085379)
2025-08-15 17:17:12,937 - INFO - Processing address 1676/2495: 38/39, Berlin
2025-08-15 17:17:14,753 - INFO - Geocoded: 38/39, Berlin -> (52.5489342, 13.3692443) confidence: 8.875486381318407e-05
2025-08-15 17:17:14,753 - INFO - Updated Erich Jacoby: (52.5489342, 13.3692443)
2025-08-15 17:17:14,753 - INFO - Processing address 1677/2495: Königstr. 6, Berlin
2025-08-15 17:17:16,434 - INFO - Geocoded: Königstr. 6, Berlin -> (52.4206315, 13.1657454) confidence: 8.875486381318407e-05
2025-08-15 17:17:16,435 - INFO - Updated Erich Kiwi: (52.42059890193532, 13.165920643435348)
2025-08-15 17:17:16,435 - INFO - Updated Felix Gottlieb: (52.42070234640702, 13.16560017645659)
2025-08-15 17:17:16,435 - INFO - Processing address 1678/2495: Sybelstr.  29, Berlin
2025-08-15 17:17:17,931 - INFO - Geocoded: Sybelstr.  29, Berlin -> (52.5020085, 13.2986539) confidence: 8.875486381318407e-05
2025-08-15 17:17:17,931 - INFO - Updated Erich Levit: (52.5020085, 13.2986539)
2025-08-15 17:17:17,931 - INFO - Processing address 1679/2495: Berlepschstr. 16/18, Berlin
2025-08-15 17:17:19,719 - INFO - Geocoded: Berlepschstr. 16/18, Berlin -> (52.427896, 13.2509384) confidence: 0.05342208819714653
2025-08-15 17:17:19,720 - INFO - Updated Erich Liebach & Co: (52.427896, 13.2509384)
2025-08-15 17:17:19,720 - INFO - Processing address 1680/2495: Am Köllnischen Park 7, Berlin
2025-08-15 17:17:21,184 - INFO - Geocoded: Am Köllnischen Park 7, Berlin -> (52.5122478, 13.4152321) confidence: 8.875486381318407e-05
2025-08-15 17:17:21,184 - INFO - Updated Erich Loewenstein: (52.5122478, 13.4152321)
2025-08-15 17:17:21,184 - INFO - Processing address 1681/2495: Ritterstr. 92, Berlin
2025-08-15 17:17:22,969 - INFO - Geocoded: Ritterstr. 92, Berlin -> (52.5049928, 13.3982162) confidence: 0.05342208819714653
2025-08-15 17:17:22,970 - INFO - Updated Erich Rosam: (52.5049928, 13.3982162)
2025-08-15 17:17:22,970 - INFO - Processing address 1682/2495: Krausenstr. 24, Berlin
2025-08-15 17:17:24,608 - INFO - Geocoded: Krausenstr. 24, Berlin -> (52.5094155, 13.3895332) confidence: 0.05342208819714653
2025-08-15 17:17:24,608 - INFO - Updated Erich Saenger: (52.5094155, 13.3895332)
2025-08-15 17:17:24,608 - INFO - Processing address 1683/2495: Finowstr.  32, Berlin
2025-08-15 17:17:26,077 - INFO - Geocoded: Finowstr.  32, Berlin -> (52.5123623, 13.4685141) confidence: 8.875486381318407e-05
2025-08-15 17:17:26,077 - INFO - Updated Erich Samulon: (52.5123623, 13.4685141)
2025-08-15 17:17:26,077 - INFO - Processing address 1684/2495: Ritterstr. 5, Berlin
2025-08-15 17:17:27,526 - INFO - Geocoded: Ritterstr. 5, Berlin -> (52.4331832, 13.3205247) confidence: 8.875486381318407e-05
2025-08-15 17:17:27,526 - INFO - Updated Erich Schneider: (52.4331832, 13.3205247)
2025-08-15 17:17:27,526 - INFO - Processing address 1685/2495: Westendallee 57, Berlin
2025-08-15 17:17:28,961 - INFO - Geocoded: Westendallee 57, Berlin -> (52.513404, 13.2560486) confidence: 8.875486381318407e-05
2025-08-15 17:17:28,961 - INFO - Updated Erich Schön: (52.513404, 13.2560486)
2025-08-15 17:17:28,962 - INFO - Processing address 1686/2495: Lutherstr. 27, Berlin
2025-08-15 17:17:30,570 - INFO - Geocoded: Lutherstr. 27, Berlin -> (52.3959086, 13.4053778) confidence: 8.875486381318407e-05
2025-08-15 17:17:30,570 - INFO - Updated Erich Vogel Damenputz-Großhandlung: (52.3959086, 13.4053778)
2025-08-15 17:17:30,570 - INFO - Processing address 1687/2495: Hölderlinstr. 12, Berlin
2025-08-15 17:17:32,028 - INFO - Geocoded: Hölderlinstr. 12, Berlin -> (52.5104859, 13.2732446) confidence: 8.875486381318407e-05
2025-08-15 17:17:32,028 - INFO - Updated Erich Wolff: (52.5104859, 13.2732446)
2025-08-15 17:17:32,028 - INFO - Processing address 1688/2495: Scharrenstr. 10, Berlin
2025-08-15 17:17:33,475 - INFO - Geocoded: Scharrenstr. 10, Berlin -> (52.5134459, 13.4035821) confidence: 8.875486381318407e-05
2025-08-15 17:17:33,475 - INFO - Updated Erna Auerbach: (52.5134459, 13.4035821)
2025-08-15 17:17:33,475 - INFO - Processing address 1689/2495: Holzmarktstr.  11, Berlin
2025-08-15 17:17:35,065 - INFO - Geocoded: Holzmarktstr.  11, Berlin -> (52.5138759, 13.4212158) confidence: 8.875486381318407e-05
2025-08-15 17:17:35,065 - INFO - Updated Erna Cohn: (52.5138759, 13.4212158)
2025-08-15 17:17:35,065 - INFO - Processing address 1690/2495: Holtzendorffstr.  1, Berlin
2025-08-15 17:17:36,533 - INFO - Geocoded: Holtzendorffstr.  1, Berlin -> (52.5048475, 13.294393) confidence: 8.875486381318407e-05
2025-08-15 17:17:36,533 - INFO - Updated Erna Fidélmann: (52.5048475, 13.294393)
2025-08-15 17:17:36,533 - INFO - Processing address 1691/2495: Kantstr.  118, Berlin
2025-08-15 17:17:38,064 - INFO - Geocoded: Kantstr.  118, Berlin -> (52.5063625, 13.3094096) confidence: 8.875486381318407e-05
2025-08-15 17:17:38,064 - INFO - Updated Erna Gongolla: (52.5063625, 13.3094096)
2025-08-15 17:17:38,064 - INFO - Processing address 1692/2495: Geisbergstr.  34, Berlin
2025-08-15 17:17:39,498 - INFO - Geocoded: Geisbergstr.  34, Berlin -> (52.4971924, 13.3410064) confidence: 8.875486381318407e-05
2025-08-15 17:17:39,498 - INFO - Updated Erna Helborn: (52.4971924, 13.3410064)
2025-08-15 17:17:39,498 - INFO - Processing address 1693/2495: Ufnaustr.  15, Berlin
2025-08-15 17:17:40,937 - INFO - Geocoded: Ufnaustr.  15, Berlin -> (52.5296671, 13.3167737) confidence: 8.875486381318407e-05
2025-08-15 17:17:40,938 - INFO - Updated Erna Silbermann: (52.5296671, 13.3167737)
2025-08-15 17:17:40,938 - INFO - Processing address 1694/2495: Roßstr. 9/19, Berlin
2025-08-15 17:17:42,778 - INFO - Geocoded: Roßstr. 9/19, Berlin -> (52.5121551, 13.4085379) confidence: 0.05342208819714653
2025-08-15 17:17:42,778 - INFO - Updated Ernestine Jacks: (52.5121551, 13.4085379)
2025-08-15 17:17:42,778 - INFO - Processing address 1695/2495: Kleiststr. 5, Berlin
2025-08-15 17:17:44,325 - INFO - Geocoded: Kleiststr. 5, Berlin -> (52.4420602, 13.2316047) confidence: 8.875486381318407e-05
2025-08-15 17:17:44,325 - INFO - Updated Ernst Behr: (52.4420602, 13.2316047)
2025-08-15 17:17:44,325 - INFO - Processing address 1696/2495: Gleimstr. 11, Berlin
2025-08-15 17:17:45,878 - INFO - Geocoded: Gleimstr. 11, Berlin -> (52.5469077, 13.4063005) confidence: 8.875486381318407e-05
2025-08-15 17:17:45,879 - INFO - Updated Ernst Beier: (52.5469077, 13.4063005)
2025-08-15 17:17:45,879 - INFO - Processing address 1697/2495: Rubensstr. 70/71, Berlin
2025-08-15 17:17:47,757 - INFO - Geocoded: Rubensstr. 70/71, Berlin -> (52.4734396, 13.3432847) confidence: 0.23110831177064947
2025-08-15 17:17:47,758 - INFO - Updated Ernst Bergemann: (52.4734396, 13.3432847)
2025-08-15 17:17:47,758 - INFO - Processing address 1698/2495: Ernst Birawer, Leipziger Straße 4 ,  Berlin
2025-08-15 17:17:55,546 - WARNING - Failed to geocode: Ernst Birawer, Leipziger Straße 4 ,  Berlin
2025-08-15 17:17:55,547 - ERROR - Failed to geocode address: Ernst Birawer, Leipziger Straße 4 ,  Berlin
2025-08-15 17:17:55,547 - INFO - Processing address 1699/2495: Luitpoldstr. 44, Berlin
2025-08-15 17:17:57,031 - INFO - Geocoded: Luitpoldstr. 44, Berlin -> (52.4954775, 13.350084) confidence: 8.875486381318407e-05
2025-08-15 17:17:57,031 - INFO - Updated Ernst Cahn: (52.4954775, 13.350084)
2025-08-15 17:17:57,031 - INFO - Processing address 1700/2495: Kantstr. 126, Berlin
2025-08-15 17:17:58,587 - INFO - Geocoded: Kantstr. 126, Berlin -> (52.5060845, 13.3118248) confidence: 8.875486381318407e-05
2025-08-15 17:17:58,587 - INFO - Updated Ernst Caspari Autovermietung: (52.5060845, 13.3118248)
2025-08-15 17:17:58,587 - INFO - Progress: 1700/2495 addresses processed
2025-08-15 17:17:58,619 - INFO - Processing address 1701/2495: Wilhelmstr. 20, Berlin
2025-08-15 17:18:00,654 - INFO - Geocoded: Wilhelmstr. 20, Berlin -> (52.5033242, 13.3882341) confidence: 8.875486381318407e-05
2025-08-15 17:18:00,654 - INFO - Updated Ernst Cohn Getreide - Futtermittel: (52.5033242, 13.3882341)
2025-08-15 17:18:00,654 - INFO - Processing address 1702/2495: Bülowstr. 90, Berlin
2025-08-15 17:18:02,292 - INFO - Geocoded: Bülowstr. 90, Berlin -> (52.4984137, 13.3604227) confidence: 8.875486381318407e-05
2025-08-15 17:18:02,292 - INFO - Updated Ernst Egeling & Co: (52.49875224171523, 13.3610397282572)
2025-08-15 17:18:02,292 - INFO - Updated Gustav Speyer: (52.49826096866398, 13.360787763467327)
2025-08-15 17:18:02,292 - INFO - Processing address 1703/2495: Mariannenstr. 31/32, Berlin
2025-08-15 17:18:04,137 - INFO - Geocoded: Mariannenstr. 31/32, Berlin -> (52.4964147, 13.4199046) confidence: 0.05342208819714653
2025-08-15 17:18:04,137 - INFO - Updated Ernst Fischer Fahrstuhlbau: (52.4964147, 13.4199046)
2025-08-15 17:18:04,137 - INFO - Processing address 1704/2495: Bülowstr. 56, Berlin
2025-08-15 17:18:05,592 - INFO - Geocoded: Bülowstr. 56, Berlin -> (52.4950809, 13.3668417) confidence: 8.875486381318407e-05
2025-08-15 17:18:05,592 - INFO - Updated Ernst Gallewski: (52.4950809, 13.3668417)
2025-08-15 17:18:05,592 - INFO - Processing address 1705/2495: Rembrandtstr. 20, Berlin
2025-08-15 17:18:08,437 - INFO - Geocoded: Rembrandtstr. 20, Berlin -> (52.5172888, 13.6277468) confidence: 8.875486381318407e-05
2025-08-15 17:18:08,437 - INFO - Updated Ernst Goldstücker, Export Commission & Agentur: (52.5172888, 13.6277468)
2025-08-15 17:18:08,437 - INFO - Processing address 1706/2495: Boyenstr. 41/42, Berlin
2025-08-15 17:18:10,114 - INFO - Geocoded: Boyenstr. 41/42, Berlin -> (52.5371805, 13.3714205) confidence: 0.05342208819714653
2025-08-15 17:18:10,114 - INFO - Updated Ernst Gossow Nachf.: (52.5371805, 13.3714205)
2025-08-15 17:18:10,114 - INFO - Processing address 1707/2495: Levetzowstr. 9, Berlin
2025-08-15 17:18:11,606 - INFO - Geocoded: Levetzowstr. 9, Berlin -> (52.52079, 13.333485) confidence: 8.875486381318407e-05
2025-08-15 17:18:11,606 - INFO - Updated Ernst Grüneberg: (52.52079, 13.333485)
2025-08-15 17:18:11,606 - INFO - Processing address 1708/2495: Waitzstr. 13, Berlin
2025-08-15 17:18:13,013 - INFO - Geocoded: Waitzstr. 13, Berlin -> (52.5005479, 13.3053684) confidence: 8.875486381318407e-05
2025-08-15 17:18:13,013 - INFO - Updated Ernst Herrnberg: (52.5005479, 13.3053684)
2025-08-15 17:18:13,013 - INFO - Processing address 1709/2495: Scharrenstr. 17, Berlin
2025-08-15 17:18:14,402 - INFO - Geocoded: Scharrenstr. 17, Berlin -> (52.5129826, 13.403012) confidence: 8.875486381318407e-05
2025-08-15 17:18:14,402 - INFO - Updated Ernst Hertz: (52.5129826, 13.403012)
2025-08-15 17:18:14,402 - INFO - Processing address 1710/2495: Werderstr. 3/4, Berlin
2025-08-15 17:18:16,090 - INFO - Geocoded: Werderstr. 3/4, Berlin -> (52.4198028, 13.5428319) confidence: 0.05342208819714653
2025-08-15 17:18:16,090 - INFO - Updated Ernst Herzberg: (52.4198028, 13.5428319)
2025-08-15 17:18:16,090 - INFO - Processing address 1711/2495: Normannenstr. 7, Berlin
2025-08-15 17:18:17,580 - INFO - Geocoded: Normannenstr. 7, Berlin -> (52.4181614, 13.5408441) confidence: 8.875486381318407e-05
2025-08-15 17:18:17,580 - INFO - Updated Ernst Herzfeld: (52.4181614, 13.5408441)
2025-08-15 17:18:17,580 - INFO - Processing address 1712/2495: Friedbergstr. 34, Berlin
2025-08-15 17:18:19,029 - INFO - Geocoded: Friedbergstr. 34, Berlin -> (52.5039771, 13.2929198) confidence: 8.875486381318407e-05
2025-08-15 17:18:19,029 - INFO - Updated Ernst Hesse: (52.5039771, 13.2929198)
2025-08-15 17:18:19,029 - INFO - Processing address 1713/2495: Bismarckstr. 115, Berlin
2025-08-15 17:18:21,144 - INFO - Geocoded: Bismarckstr. 115, Berlin -> (52.5119162, 13.310167) confidence: 0.3076710039728337
2025-08-15 17:18:21,144 - INFO - Updated Ernst Heydemann: (52.5119162, 13.310167)
2025-08-15 17:18:21,144 - INFO - Processing address 1714/2495: Trautenaustr. 11, Berlin
2025-08-15 17:18:22,773 - INFO - Geocoded: Trautenaustr. 11, Berlin -> (52.4920736, 13.3272013) confidence: 8.875486381318407e-05
2025-08-15 17:18:22,773 - INFO - Updated Ernst Hirsch: (52.4920736, 13.3272013)
2025-08-15 17:18:22,773 - INFO - Processing address 1715/2495: Roßstr.  7, Berlin
2025-08-15 17:18:24,221 - INFO - Geocoded: Roßstr.  7, Berlin -> (52.5121551, 13.4085379) confidence: 0.05342208819714653
2025-08-15 17:18:24,221 - INFO - Updated Ernst Hoffmandt: (52.5121551, 13.4085379)
2025-08-15 17:18:24,221 - INFO - Processing address 1716/2495: Flinsberger Platz 3, Berlin
2025-08-15 17:18:25,665 - INFO - Geocoded: Flinsberger Platz 3, Berlin -> (52.4845069, 13.2911364) confidence: 8.875486381318407e-05
2025-08-15 17:18:25,665 - INFO - Updated Ernst Ißler: (52.4845069, 13.2911364)
2025-08-15 17:18:25,665 - INFO - Processing address 1717/2495: Mariannenplatz 21, Berlin
2025-08-15 17:18:27,069 - INFO - Geocoded: Mariannenplatz 21, Berlin -> (52.5038984, 13.4263973) confidence: 8.875486381318407e-05
2025-08-15 17:18:27,069 - INFO - Updated Ernst Jacob AG: (52.5038984, 13.4263973)
2025-08-15 17:18:27,069 - INFO - Processing address 1718/2495: Westarpstr. 3, Berlin
2025-08-15 17:18:28,507 - INFO - Geocoded: Westarpstr. 3, Berlin -> (52.489574, 13.3413123) confidence: 8.875486381318407e-05
2025-08-15 17:18:28,508 - INFO - Updated Ernst Jacoby: (52.489574, 13.3413123)
2025-08-15 17:18:28,508 - INFO - Processing address 1719/2495: Hohenzollerndamm 26, Berlin
2025-08-15 17:18:30,150 - INFO - Geocoded: Hohenzollerndamm 26, Berlin -> (52.4783155, 13.2831171) confidence: 0.29890295276232437
2025-08-15 17:18:30,150 - INFO - Updated Ernst Knopf: (52.4783155, 13.2831171)
2025-08-15 17:18:30,150 - INFO - Processing address 1720/2495: Dorotheenstr. 61, Berlin
2025-08-15 17:18:31,790 - INFO - Geocoded: Dorotheenstr. 61, Berlin -> (52.5195438, 13.3958725) confidence: 0.32228022566186254
2025-08-15 17:18:31,790 - INFO - Updated Ernst Lindenberg Finanzierungen: (52.5195438, 13.3958725)
2025-08-15 17:18:31,790 - INFO - Processing address 1721/2495: Kronenstr. 36, Berlin
2025-08-15 17:18:33,423 - INFO - Geocoded: Kronenstr. 36, Berlin -> (52.511386, 13.3927068) confidence: 0.05342208819714653
2025-08-15 17:18:33,424 - INFO - Updated Ernst Loepert: (52.51152848030168, 13.392301854209)
2025-08-15 17:18:33,424 - INFO - Updated Erwin Feder KG: (52.511139741207, 13.392182933851691)
2025-08-15 17:18:33,424 - INFO - Updated H. Kantorowicz & Co: (52.51161312936768, 13.393327645455914)
2025-08-15 17:18:33,424 - INFO - Processing address 1722/2495: Kalckreuthstr.  1, Berlin
2025-08-15 17:18:34,820 - INFO - Geocoded: Kalckreuthstr.  1, Berlin -> (52.5004396, 13.3478256) confidence: 8.875486381318407e-05
2025-08-15 17:18:34,821 - INFO - Updated Ernst Loewenstein: (52.5004396, 13.3478256)
2025-08-15 17:18:34,821 - INFO - Processing address 1723/2495: Dernburgstr. 47, Berlin
2025-08-15 17:18:36,293 - INFO - Geocoded: Dernburgstr. 47, Berlin -> (52.5047649, 13.2839391) confidence: 8.875486381318407e-05
2025-08-15 17:18:36,293 - INFO - Updated Ernst M. Hirschberg: (52.5047649, 13.2839391)
2025-08-15 17:18:36,293 - INFO - Processing address 1724/2495: Turmstr.  83, Berlin
2025-08-15 17:18:37,816 - INFO - Geocoded: Turmstr.  83, Berlin -> (52.5263637, 13.3376512) confidence: 8.875486381318407e-05
2025-08-15 17:18:37,817 - INFO - Updated Ernst Marcuse: (52.5263637, 13.3376512)
2025-08-15 17:18:37,817 - INFO - Processing address 1725/2495: Lützowufer 17, Berlin
2025-08-15 17:18:39,490 - INFO - Geocoded: Lützowufer 17, Berlin -> (52.5059268, 13.3597121) confidence: 0.05342208819714653
2025-08-15 17:18:39,494 - INFO - Updated Ernst Meyerhof: (52.5059268, 13.3597121)
2025-08-15 17:18:39,494 - INFO - Processing address 1726/2495: Friedrichstr. 85, Berlin
2025-08-15 17:18:41,273 - INFO - Geocoded: Friedrichstr. 85, Berlin -> (52.4546637, 13.6248841) confidence: 8.875486381318407e-05
2025-08-15 17:18:41,273 - INFO - Updated Ernst Moser & Co: (52.4546637, 13.6248841)
2025-08-15 17:18:41,273 - INFO - Processing address 1727/2495: Schlüterstr. 43, Berlin
2025-08-15 17:18:42,747 - INFO - Geocoded: Schlüterstr. 43, Berlin -> (52.4998142, 13.3169994) confidence: 8.875486381318407e-05
2025-08-15 17:18:42,747 - INFO - Updated Ernst Naumann & Sander: (52.4998142, 13.3169994)
2025-08-15 17:18:42,747 - INFO - Processing address 1728/2495: Mohrenstr. 36/37, Berlin
2025-08-15 17:18:44,595 - INFO - Geocoded: Mohrenstr. 36/37, Berlin -> (52.511298, 13.3847578) confidence: 0.32314590312055647
2025-08-15 17:18:44,596 - INFO - Updated Ernst Nußbaum Kleider: (52.511298, 13.3847578)
2025-08-15 17:18:44,596 - INFO - Processing address 1729/2495: Gollnowstr.  28, Berlin
2025-08-15 17:18:50,666 - WARNING - Failed to geocode: Gollnowstr.  28, Berlin
2025-08-15 17:18:50,667 - ERROR - Failed to geocode address: Gollnowstr.  28, Berlin
2025-08-15 17:18:50,667 - INFO - Processing address 1730/2495: Kurfürstenstr. 115, Berlin
2025-08-15 17:18:52,268 - INFO - Geocoded: Kurfürstenstr. 115, Berlin -> (52.5030934, 13.3473354) confidence: 8.875486381318407e-05
2025-08-15 17:18:52,270 - INFO - Updated Ernst Rosenberg & Co GmbH: (52.5030934, 13.3473354)
2025-08-15 17:18:52,270 - INFO - Processing address 1731/2495: Andreasstr. 40, Berlin
2025-08-15 17:18:53,903 - INFO - Geocoded: Andreasstr. 40, Berlin -> (52.5154109, 13.4320662) confidence: 0.2362704262613719
2025-08-15 17:18:53,903 - INFO - Updated Ernst Schlesinger Zigarren- und Tabak-Fabrik: (52.5154109, 13.4320662)
2025-08-15 17:18:53,903 - INFO - Processing address 1732/2495: Friedbergstr. 24, Berlin
2025-08-15 17:18:55,309 - INFO - Geocoded: Friedbergstr. 24, Berlin -> (52.504169, 13.294268) confidence: 8.875486381318407e-05
2025-08-15 17:18:55,309 - INFO - Updated Ernst Seelig: (52.504169, 13.294268)
2025-08-15 17:18:55,309 - INFO - Processing address 1733/2495: Nikolsburger Platz 1, Berlin
2025-08-15 17:18:56,698 - INFO - Geocoded: Nikolsburger Platz 1, Berlin -> (52.4928768, 13.3291486) confidence: 8.875486381318407e-05
2025-08-15 17:18:56,699 - INFO - Updated Ernst Seidelmann: (52.4928768, 13.3291486)
2025-08-15 17:18:56,699 - INFO - Processing address 1734/2495: Kanonierstr. 1, Berlin
2025-08-15 17:18:58,411 - INFO - Geocoded: Kanonierstr. 1, Berlin -> (52.5147197, 13.3861932) confidence: 0.05342208819714653
2025-08-15 17:18:58,411 - INFO - Updated Ernst Sochaczewer: (52.5147197, 13.3861932)
2025-08-15 17:18:58,411 - INFO - Processing address 1735/2495: Platz  4, Berlin
2025-08-15 17:18:59,830 - INFO - Geocoded: Platz  4, Berlin -> (52.3910866, 13.3877375) confidence: 8.875486381318407e-05
2025-08-15 17:18:59,830 - INFO - Updated Ernst Spiegel: (52.3910866, 13.3877375)
2025-08-15 17:18:59,830 - INFO - Processing address 1736/2495: Orberstr. 26, Berlin
2025-08-15 17:19:01,485 - INFO - Geocoded: Orberstr. 26, Berlin -> (52.4889826, 13.2953331) confidence: 8.875486381318407e-05
2025-08-15 17:19:01,486 - INFO - Updated Ernst Wallheimer: (52.4889826, 13.2953331)
2025-08-15 17:19:01,486 - INFO - Processing address 1737/2495: Blücherstr. 22, Berlin
2025-08-15 17:19:03,120 - INFO - Geocoded: Blücherstr. 22, Berlin -> (52.4942189, 13.3984167) confidence: 8.875486381318407e-05
2025-08-15 17:19:03,120 - INFO - Updated Erste Berliner Spezial-Kopier-Druckerei Max Brodek: (52.4942189, 13.3984167)
2025-08-15 17:19:03,120 - INFO - Processing address 1738/2495: Markgrafenstr. 77, Berlin
2025-08-15 17:19:04,681 - INFO - Geocoded: Markgrafenstr. 77, Berlin -> (52.6377635, 13.2908197) confidence: 8.875486381318407e-05
2025-08-15 17:19:04,681 - INFO - Updated Erste Ostpreußische Bettfedernfabrik Jakob Klimowski: (52.6377635, 13.2908197)
2025-08-15 17:19:04,681 - INFO - Processing address 1739/2495: Reuterstr. 34, Berlin
2025-08-15 17:19:07,160 - INFO - Geocoded: Reuterstr. 34, Berlin -> (52.4901605, 13.4292916) confidence: 8.875486381318407e-05
2025-08-15 17:19:07,161 - INFO - Updated Erste Rixdorfer Glühkörper-Fabrik Alschweig & Co: (52.4901605, 13.4292916)
2025-08-15 17:19:07,161 - INFO - Processing address 1740/2495: Barbarossastr. 38, Berlin
2025-08-15 17:19:08,873 - INFO - Geocoded: Barbarossastr. 38, Berlin -> (52.4921539, 13.3386106) confidence: 8.875486381318407e-05
2025-08-15 17:19:08,877 - INFO - Updated Erstes Wernesgrüner Pilsner, Generalvertrieb Otto Weil: (52.4921539, 13.3386106)
2025-08-15 17:19:08,878 - INFO - Processing address 1741/2495: Landsberger Allee 154, Berlin
2025-08-15 17:19:10,935 - INFO - Geocoded: Landsberger Allee 154, Berlin -> (52.5298733, 13.4667073) confidence: 8.875486381318407e-05
2025-08-15 17:19:10,937 - INFO - Updated Erwin Fränkel: (52.5298733, 13.4667073)
2025-08-15 17:19:10,938 - INFO - Processing address 1742/2495: Markgrafenstr. 20, Berlin
2025-08-15 17:19:12,369 - INFO - Geocoded: Markgrafenstr. 20, Berlin -> (52.632829, 13.3030237) confidence: 8.875486381318407e-05
2025-08-15 17:19:12,369 - INFO - Updated Erwin Grünfeld: (52.632829, 13.3030237)
2025-08-15 17:19:12,369 - INFO - Processing address 1743/2495: Kaiserdamm 86, Berlin
2025-08-15 17:19:15,470 - INFO - Geocoded: Kaiserdamm 86, Berlin -> (52.5096709, 13.2801942) confidence: 8.875486381318407e-05
2025-08-15 17:19:15,471 - INFO - Updated Erwin Heidemann: (52.5096709, 13.2801942)
2025-08-15 17:19:15,536 - INFO - Processing address 1744/2495: Kronenstr. 20, Berlin
2025-08-15 17:19:17,254 - INFO - Geocoded: Kronenstr. 20, Berlin -> (52.511386, 13.3927068) confidence: 0.05342208819714653
2025-08-15 17:19:17,255 - INFO - Updated Erwin Jacobsohn: (52.511386, 13.3927068)
2025-08-15 17:19:17,255 - INFO - Processing address 1745/2495: Edisonstr. 60, Berlin
2025-08-15 17:19:18,873 - INFO - Geocoded: Edisonstr. 60, Berlin -> (52.4631369, 13.5137546) confidence: 8.875486381318407e-05
2025-08-15 17:19:18,874 - INFO - Updated Erwin Lindenstrauß Schuhwaren: (52.4631369, 13.5137546)
2025-08-15 17:19:18,874 - INFO - Processing address 1746/2495: Königstr. 60, Berlin
2025-08-15 17:19:20,528 - INFO - Geocoded: Königstr. 60, Berlin -> (52.4193917, 13.1598269) confidence: 8.875486381318407e-05
2025-08-15 17:19:20,528 - INFO - Updated Erwin Spicker: (52.4193917, 13.1598269)
2025-08-15 17:19:20,528 - INFO - Processing address 1747/2495: Krausenstr. 29, Berlin
2025-08-15 17:19:22,168 - INFO - Geocoded: Krausenstr. 29, Berlin -> (52.5094155, 13.3895332) confidence: 0.05342208819714653
2025-08-15 17:19:22,169 - INFO - Updated Erwin Taussik: (52.50912847838759, 13.38979747849943)
2025-08-15 17:19:22,169 - INFO - Updated Ganz Modelle Inhaber Erich und Lucie Ganz: (52.50925124193323, 13.390008916898266)
2025-08-15 17:19:22,170 - INFO - Processing address 1748/2495: Babbarossastr. 49, Berlin
2025-08-15 17:19:27,503 - WARNING - Failed to geocode: Babbarossastr. 49, Berlin
2025-08-15 17:19:27,503 - ERROR - Failed to geocode address: Babbarossastr. 49, Berlin
2025-08-15 17:19:27,503 - INFO - Processing address 1749/2495: Bülowstr. 88, Berlin
2025-08-15 17:19:28,967 - INFO - Geocoded: Bülowstr. 88, Berlin -> (52.4982105, 13.3612105) confidence: 8.875486381318407e-05
2025-08-15 17:19:28,967 - INFO - Updated Erzmetall Gesellschaft für Bergbau- und Hüttenbetrieb mbH: (52.4982105, 13.3612105)
2025-08-15 17:19:28,967 - INFO - Processing address 1750/2495: Hufelandstr. 44, Berlin
2025-08-15 17:19:30,607 - INFO - Geocoded: Hufelandstr. 44, Berlin -> (52.5299338, 13.4359212) confidence: 8.875486381318407e-05
2025-08-15 17:19:30,608 - INFO - Updated Esmarch-Apotheke Walter Siegmund: (52.5299338, 13.4359212)
2025-08-15 17:19:30,608 - INFO - Processing address 1751/2495: Müllerstr.  6, Berlin
2025-08-15 17:19:34,261 - INFO - Geocoded: Müllerstr.  6, Berlin -> (52.5414032, 13.3684921) confidence: 8.875486381318407e-05
2025-08-15 17:19:34,262 - INFO - Updated Esther Nadel: (52.5414032, 13.3684921)
2025-08-15 17:19:34,262 - INFO - Processing address 1752/2495: Akazienstr. 28, Berlin
2025-08-15 17:19:36,000 - INFO - Geocoded: Akazienstr. 28, Berlin -> (52.4866209, 13.3550925) confidence: 8.875486381318407e-05
2025-08-15 17:19:36,001 - INFO - Updated Etika Maschinenbau GmbH: (52.4866209, 13.3550925)
2025-08-15 17:19:36,001 - INFO - Processing address 1753/2495: Hauptstr. 145, Berlin
2025-08-15 17:19:39,122 - INFO - Geocoded: Hauptstr. 145, Berlin -> (52.599168, 13.3783578) confidence: 8.875486381318407e-05
2025-08-15 17:19:39,148 - INFO - Updated Ettingers Schuhwarenhaus Salomon Ettinger: (52.599168, 13.3783578)
2025-08-15 17:19:39,242 - INFO - Processing address 1754/2495: Windscheidstr. 17, Berlin
2025-08-15 17:19:42,805 - INFO - Geocoded: Windscheidstr. 17, Berlin -> (52.5059186, 13.2991686) confidence: 8.875486381318407e-05
2025-08-15 17:19:42,892 - INFO - Updated Eugen Brasch: (52.5059186, 13.2991686)
2025-08-15 17:19:42,925 - INFO - Processing address 1755/2495: Junkerstr. 7, Berlin
2025-08-15 17:19:51,186 - WARNING - Failed to geocode: Junkerstr. 7, Berlin
2025-08-15 17:19:51,301 - ERROR - Failed to geocode address: Junkerstr. 7, Berlin
2025-08-15 17:19:51,302 - INFO - Processing address 1756/2495: Prinzenstr. 59, Berlin
2025-08-15 17:19:52,921 - INFO - Geocoded: Prinzenstr. 59, Berlin -> (52.5196749, 13.5499333) confidence: 8.875486381318407e-05
2025-08-15 17:19:52,921 - INFO - Updated Eugen Courant: (52.5196749, 13.5499333)
2025-08-15 17:19:52,921 - INFO - Processing address 1757/2495: Charlottenstr. 74/75, Berlin
2025-08-15 17:19:56,052 - INFO - Geocoded: Charlottenstr. 74/75, Berlin -> (52.5327445, 13.5606479) confidence: 0.05342208819714653
2025-08-15 17:19:56,053 - INFO - Updated Eugen Engel: (52.5327445, 13.5606479)
2025-08-15 17:19:56,053 - INFO - Processing address 1758/2495: Wilhelmsaue 7, Berlin
2025-08-15 17:19:57,470 - INFO - Geocoded: Wilhelmsaue 7, Berlin -> (52.4853289, 13.3281051) confidence: 8.875486381318407e-05
2025-08-15 17:19:57,471 - INFO - Updated Eugen Folkmar: (52.4853289, 13.3281051)
2025-08-15 17:19:57,471 - INFO - Processing address 1759/2495: Beuthstr. 7, Berlin
2025-08-15 17:19:58,961 - INFO - Geocoded: Beuthstr. 7, Berlin -> (52.51003, 13.4019697) confidence: 8.875486381318407e-05
2025-08-15 17:19:58,961 - INFO - Updated Eugen Freund: (52.51003, 13.4019697)
2025-08-15 17:19:58,961 - INFO - Processing address 1760/2495: Viktoriastr. 11, Berlin
2025-08-15 17:20:00,536 - INFO - Geocoded: Viktoriastr. 11, Berlin -> (52.4477512, 13.6290054) confidence: 8.875486381318407e-05
2025-08-15 17:20:00,536 - INFO - Updated Eugen Friedmann, Bankgeschäft: (52.4477512, 13.6290054)
2025-08-15 17:20:00,536 - INFO - Processing address 1761/2495: Kantstr. 38, Berlin
2025-08-15 17:20:02,065 - INFO - Geocoded: Kantstr. 38, Berlin -> (52.5064522, 13.3146123) confidence: 8.875486381318407e-05
2025-08-15 17:20:02,066 - INFO - Updated Eugen Groß: (52.5064522, 13.3146123)
2025-08-15 17:20:02,066 - INFO - Processing address 1762/2495: Landhausstr. 47, Berlin
2025-08-15 17:20:03,741 - INFO - Geocoded: Landhausstr. 47, Berlin -> (52.4919155, 13.328659) confidence: 0.05342208819714653
2025-08-15 17:20:03,741 - INFO - Updated Eugen Hamburger: (52.4919155, 13.328659)
2025-08-15 17:20:03,741 - INFO - Processing address 1763/2495: Lessingstr. 36, Berlin
2025-08-15 17:20:05,286 - INFO - Geocoded: Lessingstr. 36, Berlin -> (52.4825873, 13.5942941) confidence: 8.875486381318407e-05
2025-08-15 17:20:05,286 - INFO - Updated Eugen Heilmann: (52.4825873, 13.5942941)
2025-08-15 17:20:05,286 - INFO - Processing address 1764/2495: Mohrenstr. 40, Berlin
2025-08-15 17:20:06,729 - INFO - Geocoded: Mohrenstr. 40, Berlin -> (52.5125595, 13.3955639) confidence: 8.875486381318407e-05
2025-08-15 17:20:06,729 - INFO - Updated Eugen Herzberg: (52.51279648249225, 13.39608335178819)
2025-08-15 17:20:06,729 - INFO - Updated Gustav Zacharias: (52.51282213595591, 13.396025459206818)
2025-08-15 17:20:06,729 - INFO - Processing address 1765/2495: Brunostr.  49, Berlin
2025-08-15 17:20:12,607 - WARNING - Failed to geocode: Brunostr.  49, Berlin
2025-08-15 17:20:12,608 - ERROR - Failed to geocode address: Brunostr.  49, Berlin
2025-08-15 17:20:12,608 - INFO - Processing address 1766/2495: Goebenstr.  1, Berlin
2025-08-15 17:20:14,145 - INFO - Geocoded: Goebenstr.  1, Berlin -> (52.494021, 13.3617153) confidence: 8.875486381318407e-05
2025-08-15 17:20:14,145 - INFO - Updated Eugen Prokesz: (52.494021, 13.3617153)
2025-08-15 17:20:14,145 - INFO - Processing address 1767/2495: Eugen Rothschild construction Sachsendamm  75, Berlin
2025-08-15 17:20:22,498 - WARNING - Failed to geocode: Eugen Rothschild construction Sachsendamm  75, Berlin
2025-08-15 17:20:22,500 - ERROR - Failed to geocode address: Eugen Rothschild construction Sachsendamm  75, Berlin
2025-08-15 17:20:22,500 - INFO - Processing address 1768/2495: Hohenzollerndamm 194/95, Berlin
2025-08-15 17:20:24,352 - INFO - Geocoded: Hohenzollerndamm 194/95, Berlin -> (52.4783155, 13.2831171) confidence: 0.29890295276232437
2025-08-15 17:20:24,352 - INFO - Updated Eugen Schereck Versicherungsgeschäft: (52.4783155, 13.2831171)
2025-08-15 17:20:24,352 - INFO - Processing address 1769/2495: Grunewaldstr. 58, Berlin
2025-08-15 17:20:25,852 - INFO - Geocoded: Grunewaldstr. 58, Berlin -> (52.4884947, 13.3415022) confidence: 8.875486381318407e-05
2025-08-15 17:20:25,852 - INFO - Updated Eugen Schüler: (52.4884947, 13.3415022)
2025-08-15 17:20:25,852 - INFO - Processing address 1770/2495: Stübbenstr. 2, Berlin
2025-08-15 17:20:27,292 - INFO - Geocoded: Stübbenstr. 2, Berlin -> (52.4888595, 13.3381133) confidence: 8.875486381318407e-05
2025-08-15 17:20:27,293 - INFO - Updated Eugen Szanti: (52.4888595, 13.3381133)
2025-08-15 17:20:27,293 - INFO - Processing address 1771/2495: Blücherstr. 27, Berlin
2025-08-15 17:20:28,837 - INFO - Geocoded: Blücherstr. 27, Berlin -> (52.4921645, 13.4023803) confidence: 8.875486381318407e-05
2025-08-15 17:20:28,838 - INFO - Updated Eugen Wolff jun.: (52.4921645, 13.4023803)
2025-08-15 17:20:28,838 - INFO - Processing address 1772/2495: Königstr. 75, Berlin
2025-08-15 17:20:30,746 - INFO - Geocoded: Königstr. 75, Berlin -> (52.5182552, 13.4068157) confidence: 0.34137582715177667
2025-08-15 17:20:30,747 - INFO - Updated Euklides Kleineisen-Handelsgesellschaft mbH: (52.5182552, 13.4068157)
2025-08-15 17:20:30,747 - INFO - Processing address 1773/2495: Grolmannstr. 1/2, Berlin
2025-08-15 17:20:38,147 - WARNING - Failed to geocode: Grolmannstr. 1/2, Berlin
2025-08-15 17:20:38,148 - ERROR - Failed to geocode address: Grolmannstr. 1/2, Berlin
2025-08-15 17:20:38,148 - INFO - Processing address 1774/2495: Friedrichstr.  18, Berlin
2025-08-15 17:20:39,804 - INFO - Geocoded: Friedrichstr.  18, Berlin -> (52.5027383, 13.3913268) confidence: 8.875486381318407e-05
2025-08-15 17:20:39,804 - INFO - Updated Eva Hildebrandt: (52.5027383, 13.3913268)
2025-08-15 17:20:39,805 - INFO - Processing address 1775/2495: Gubitzstr.  47, Berlin
2025-08-15 17:20:42,657 - INFO - Geocoded: Gubitzstr.  47, Berlin -> (52.5444229, 13.4325264) confidence: 8.875486381318407e-05
2025-08-15 17:20:42,657 - INFO - Updated Eva Jacks: (52.5444229, 13.4325264)
2025-08-15 17:20:42,657 - INFO - Processing address 1776/2495: Meierottstr.  6, Berlin
2025-08-15 17:20:48,166 - WARNING - Failed to geocode: Meierottstr.  6, Berlin
2025-08-15 17:20:48,167 - ERROR - Failed to geocode address: Meierottstr.  6, Berlin
2025-08-15 17:20:48,167 - INFO - Processing address 1777/2495: Grünstr. 17/18, Berlin
2025-08-15 17:20:49,822 - INFO - Geocoded: Grünstr. 17/18, Berlin -> (52.5103581, 13.4060682) confidence: 8.875486381318407e-05
2025-08-15 17:20:49,822 - INFO - Updated Everdry Trikot-Cahn GmbH: (52.5103581, 13.4060682)
2025-08-15 17:20:49,822 - INFO - Processing address 1778/2495: Düppelstr. 39, Berlin
2025-08-15 17:20:51,461 - INFO - Geocoded: Düppelstr. 39, Berlin -> (52.4572296, 13.3233137) confidence: 8.875486381318407e-05
2025-08-15 17:20:51,461 - INFO - Updated Ewald Buck: (52.4572296, 13.3233137)
2025-08-15 17:20:51,461 - INFO - Processing address 1779/2495: Charlottenstr. 79, Berlin
2025-08-15 17:20:52,911 - INFO - Geocoded: Charlottenstr. 79, Berlin -> (52.5080839, 13.3919623) confidence: 8.875486381318407e-05
2025-08-15 17:20:52,911 - INFO - Updated Ewald Exiner: (52.5080839, 13.3919623)
2025-08-15 17:20:52,911 - INFO - Processing address 1780/2495: Mühlenstr. 42, Berlin
2025-08-15 17:20:54,795 - INFO - Geocoded: Mühlenstr. 42, Berlin -> (52.4313858, 13.2747617) confidence: 8.875486381318407e-05
2025-08-15 17:20:54,795 - INFO - Updated Ewald Handwein: (52.4313858, 13.2747617)
2025-08-15 17:20:54,795 - INFO - Processing address 1781/2495: Knesebeckstr. 54/55, Berlin
2025-08-15 17:20:56,551 - INFO - Geocoded: Knesebeckstr. 54/55, Berlin -> (52.5026226, 13.3219476) confidence: 0.05342208819714653
2025-08-15 17:20:56,551 - INFO - Updated Ewer Buchhandlung GmbH: (52.5026226, 13.3219476)
2025-08-15 17:20:56,551 - INFO - Processing address 1782/2495: Hermannstr. 49, Berlin
2025-08-15 17:20:58,523 - INFO - Geocoded: Hermannstr. 49, Berlin -> (52.478196, 13.4256521) confidence: 8.875486381318407e-05
2025-08-15 17:20:58,524 - INFO - Updated Excelsior Lichtspielhaus GmbH: (52.478196, 13.4256521)
2025-08-15 17:20:58,524 - INFO - Processing address 1783/2495: Tauentzienstr. 12, Berlin
2025-08-15 17:21:00,598 - INFO - Geocoded: Tauentzienstr. 12, Berlin -> (52.5043712, 13.3374894) confidence: 0.3129171471429899
2025-08-15 17:21:00,599 - INFO - Updated Export Bau- und Handelsgesellschaft mbH: (52.5043712, 13.3374894)
2025-08-15 17:21:00,599 - INFO - Processing address 1784/2495: 41/42, Berlin
2025-08-15 17:21:02,381 - INFO - Geocoded: 41/42, Berlin -> (52.5596024, 13.4287808) confidence: 8.875486381318407e-05
2025-08-15 17:21:02,381 - INFO - Updated Export Gasglühlicht GmbH: (52.5596024, 13.4287808)
2025-08-15 17:21:02,381 - INFO - Processing address 1785/2495: Gesellschaftsstr. 19, Berlin
2025-08-15 17:21:08,263 - WARNING - Failed to geocode: Gesellschaftsstr. 19, Berlin
2025-08-15 17:21:08,264 - ERROR - Failed to geocode address: Gesellschaftsstr. 19, Berlin
2025-08-15 17:21:08,264 - INFO - Processing address 1786/2495: Barbarossastr. 4, Berlin
2025-08-15 17:21:09,695 - INFO - Geocoded: Barbarossastr. 4, Berlin -> (52.4921974, 13.3528869) confidence: 8.875486381318407e-05
2025-08-15 17:21:09,696 - INFO - Updated F. & E. Durra GmbH: (52.4921974, 13.3528869)
2025-08-15 17:21:09,696 - INFO - Processing address 1787/2495: Rankestr. 21, Berlin
2025-08-15 17:21:11,164 - INFO - Geocoded: Rankestr. 21, Berlin -> (52.5009367, 13.3324659) confidence: 8.875486381318407e-05
2025-08-15 17:21:11,164 - INFO - Updated F. & O. Export Lumber Co GmbH: (52.50091989428939, 13.332640612183614)
2025-08-15 17:21:11,164 - INFO - Updated Friedlaender & Oliven: (52.50068400385739, 13.33269098671695)
2025-08-15 17:21:11,164 - INFO - Processing address 1788/2495: Lindenallee 9, Berlin
2025-08-15 17:21:12,756 - INFO - Geocoded: Lindenallee 9, Berlin -> (52.4551094, 13.62169) confidence: 8.875486381318407e-05
2025-08-15 17:21:12,756 - INFO - Updated F. C. Reincke & Co GmbH: (52.4551094, 13.62169)
2025-08-15 17:21:12,756 - INFO - Processing address 1789/2495: 156, Berlin
2025-08-15 17:21:12,756 - WARNING - Incomplete address detected: 156, Berlin
2025-08-15 17:21:12,756 - ERROR - Failed to geocode address: 156, Berlin
2025-08-15 17:21:12,756 - INFO - Processing address 1790/2495: Güntzelstr.  62, Berlin
2025-08-15 17:21:14,234 - INFO - Geocoded: Güntzelstr.  62, Berlin -> (52.4905308, 13.3336267) confidence: 8.875486381318407e-05
2025-08-15 17:21:14,234 - INFO - Updated F. Israel (Helios-Wäscherei): (52.4905308, 13.3336267)
2025-08-15 17:21:14,234 - INFO - Processing address 1791/2495: Ritterstr. 125, Berlin
2025-08-15 17:21:15,696 - INFO - Geocoded: Ritterstr. 125, Berlin -> (52.5003923, 13.4133087) confidence: 8.875486381318407e-05
2025-08-15 17:21:15,696 - INFO - Updated F. Kayser & Co: (52.5003923, 13.4133087)
2025-08-15 17:21:15,696 - INFO - Processing address 1792/2495: Alt Moabit 86, Berlin
2025-08-15 17:21:17,238 - INFO - Geocoded: Alt Moabit 86, Berlin -> (52.525313, 13.3414836) confidence: 8.875486381318407e-05
2025-08-15 17:21:17,238 - INFO - Updated F. Klag & Co: (52.525313, 13.3414836)
2025-08-15 17:21:17,238 - INFO - Processing address 1793/2495: Kronenstr.  18, Berlin
2025-08-15 17:21:18,770 - INFO - Geocoded: Kronenstr.  18, Berlin -> (52.5111639, 13.3910745) confidence: 8.875486381318407e-05
2025-08-15 17:21:18,770 - INFO - Updated F. Löbenstein: (52.5111639, 13.3910745)
2025-08-15 17:21:18,770 - INFO - Processing address 1794/2495: Gräfestr.  8, Berlin
2025-08-15 17:21:24,714 - WARNING - Failed to geocode: Gräfestr.  8, Berlin
2025-08-15 17:21:24,788 - ERROR - Failed to geocode address: Gräfestr.  8, Berlin
2025-08-15 17:21:24,788 - INFO - Processing address 1795/2495: Rankestr. 25, Berlin
2025-08-15 17:21:26,321 - INFO - Geocoded: Rankestr. 25, Berlin -> (52.5017732, 13.3333225) confidence: 8.875486381318407e-05
2025-08-15 17:21:26,321 - INFO - Updated F. O. Schultz: (52.5017732, 13.3333225)
2025-08-15 17:21:26,321 - INFO - Processing address 1796/2495: Niederwallstr. 10, Berlin
2025-08-15 17:21:27,704 - INFO - Geocoded: Niederwallstr. 10, Berlin -> (52.5124666, 13.3987778) confidence: 8.875486381318407e-05
2025-08-15 17:21:27,704 - INFO - Updated F. Paul Schulze: (52.5124666, 13.3987778)
2025-08-15 17:21:27,704 - INFO - Processing address 1797/2495: Badenschestr. 5, Berlin
2025-08-15 17:21:29,195 - INFO - Geocoded: Badenschestr. 5, Berlin -> (52.4858792, 13.3399915) confidence: 8.875486381318407e-05
2025-08-15 17:21:29,195 - INFO - Updated F. Posener & Co: (52.4858792, 13.3399915)
2025-08-15 17:21:29,195 - INFO - Processing address 1798/2495: Burgstr. 17, Berlin
2025-08-15 17:21:31,136 - INFO - Geocoded: Burgstr. 17, Berlin -> (52.5222556, 13.4003567) confidence: 0.2535713079130456
2025-08-15 17:21:31,136 - INFO - Updated F. Rawitscher: (52.5222556, 13.4003567)
2025-08-15 17:21:31,136 - INFO - Processing address 1799/2495: 80/82, Berlin
2025-08-15 17:21:33,470 - INFO - Geocoded: 80/82, Berlin -> (52.510885, 13.3989367) confidence: 0.840425236063765
2025-08-15 17:21:33,470 - INFO - Updated F. Reichelt AG vormals Contor chemischer Präparate: (52.510885, 13.3989367)
2025-08-15 17:21:33,470 - INFO - Processing address 1800/2495: Schönhauser Allee 31, Berlin
2025-08-15 17:21:35,101 - INFO - Geocoded: Schönhauser Allee 31, Berlin -> (52.5372257, 13.412695) confidence: 8.875486381318407e-05
2025-08-15 17:21:35,101 - INFO - Updated F. Ruschin & Co: (52.5372257, 13.412695)
2025-08-15 17:21:35,101 - INFO - Progress: 1800/2495 addresses processed
2025-08-15 17:21:35,156 - INFO - Processing address 1801/2495: Roscherstr. 6, Berlin
2025-08-15 17:21:36,608 - INFO - Geocoded: Roscherstr. 6, Berlin -> (52.5005124, 13.3016192) confidence: 8.875486381318407e-05
2025-08-15 17:21:36,608 - INFO - Updated F. S. Scheier KG: (52.5005124, 13.3016192)
2025-08-15 17:21:36,608 - INFO - Processing address 1802/2495: Jakobstr.  101, Berlin
2025-08-15 17:21:38,117 - INFO - Geocoded: Jakobstr.  101, Berlin -> (52.5081459, 13.4048018) confidence: 8.875486381318407e-05
2025-08-15 17:21:38,117 - INFO - Updated F. Salomon: (52.5081459, 13.4048018)
2025-08-15 17:21:38,117 - INFO - Processing address 1803/2495: Friedrichstr. 227, Berlin
2025-08-15 17:21:40,194 - INFO - Geocoded: Friedrichstr. 227, Berlin -> (52.5015293, 13.3913508) confidence: 0.4683814607413573
2025-08-15 17:21:40,195 - INFO - Updated F. Seckel & Co: (52.5015293, 13.3913508)
2025-08-15 17:21:40,195 - INFO - Processing address 1804/2495: Uhlandstr. 8, Berlin
2025-08-15 17:21:41,867 - INFO - Geocoded: Uhlandstr. 8, Berlin -> (52.5064161, 13.3256569) confidence: 8.875486381318407e-05
2025-08-15 17:21:41,867 - INFO - Updated F. Story & Co: (52.5064161, 13.3256569)
2025-08-15 17:21:41,867 - INFO - Processing address 1805/2495: Beuthstr. 2/3, Berlin
2025-08-15 17:21:44,709 - INFO - Geocoded: Beuthstr. 2/3, Berlin -> (52.5872248, 13.4096678) confidence: 0.05342208819714653
2025-08-15 17:21:44,709 - INFO - Updated F. Tausk: (52.5872248, 13.4096678)
2025-08-15 17:21:44,709 - INFO - Processing address 1806/2495: 20/22, Berlin
2025-08-15 17:21:49,204 - INFO - Geocoded: 20/22, Berlin -> (52.510885, 13.3989367) confidence: 0.840425236063765
2025-08-15 17:21:49,204 - INFO - Updated F. V. Grünfeld: (52.510885, 13.3989367)
2025-08-15 17:21:49,204 - INFO - Processing address 1807/2495: Schloßstr. 28, Berlin
2025-08-15 17:21:51,297 - INFO - Geocoded: Schloßstr. 28, Berlin -> (52.4590543, 13.3224867) confidence: 8.875486381318407e-05
2025-08-15 17:21:51,297 - INFO - Updated F. W. Bechtold & Nöthling: (52.4590543, 13.3224867)
2025-08-15 17:21:51,297 - INFO - Processing address 1808/2495: Brandenburgstr. 27, Berlin
2025-08-15 17:21:57,252 - WARNING - Failed to geocode: Brandenburgstr. 27, Berlin
2025-08-15 17:21:57,253 - ERROR - Failed to geocode address: Brandenburgstr. 27, Berlin
2025-08-15 17:21:57,253 - INFO - Processing address 1809/2495: Alvenslebenstr. 7, Berlin
2025-08-15 17:21:58,706 - INFO - Geocoded: Alvenslebenstr. 7, Berlin -> (52.4954708, 13.3634537) confidence: 8.875486381318407e-05
2025-08-15 17:21:58,706 - INFO - Updated Fa. Hausverwaltungen und Hypotheken GmbH: (52.4954708, 13.3634537)
2025-08-15 17:21:58,706 - INFO - Processing address 1810/2495: Luckenwalderstraße 7, Berlin
2025-08-15 17:22:00,256 - INFO - Geocoded: Luckenwalderstraße 7, Berlin -> (52.5437747, 13.5897062) confidence: 8.875486381318407e-05
2025-08-15 17:22:00,256 - INFO - Updated Fa. Luckenwalderstraße 7 Grundstücksges. mbH: (52.5437747, 13.5897062)
2025-08-15 17:22:00,256 - INFO - Processing address 1811/2495: GmbH real estate Am Park 11, Berlin
2025-08-15 17:22:08,968 - WARNING - Failed to geocode: GmbH real estate Am Park 11, Berlin
2025-08-15 17:22:08,969 - ERROR - Failed to geocode address: GmbH real estate Am Park 11, Berlin
2025-08-15 17:22:08,969 - INFO - Processing address 1812/2495: Transvaalstr. 16, Berlin
2025-08-15 17:22:10,514 - INFO - Geocoded: Transvaalstr. 16, Berlin -> (52.5516727, 13.3408299) confidence: 8.875486381318407e-05
2025-08-15 17:22:10,514 - INFO - Updated Fa. Transvaalstr. 16 GmbH: (52.5516727, 13.3408299)
2025-08-15 17:22:10,514 - INFO - Processing address 1813/2495: Zionskirchstr. 11, Berlin
2025-08-15 17:22:12,153 - INFO - Geocoded: Zionskirchstr. 11, Berlin -> (52.5355418, 13.4018068) confidence: 8.875486381318407e-05
2025-08-15 17:22:12,153 - INFO - Updated Fa. Zionskirchstr. 11 Grundstücksges. mbH: (52.5355418, 13.4018068)
2025-08-15 17:22:12,153 - INFO - Processing address 1814/2495: Hrich textiles and clothing Unter den Linden 71, Berlin
2025-08-15 17:22:18,888 - WARNING - Failed to geocode: Hrich textiles and clothing Unter den Linden 71, Berlin
2025-08-15 17:22:18,888 - ERROR - Failed to geocode address: Hrich textiles and clothing Unter den Linden 71, Berlin
2025-08-15 17:22:18,888 - INFO - Processing address 1815/2495: Müllerstr. 30, Berlin
2025-08-15 17:22:20,604 - INFO - Geocoded: Müllerstr. 30, Berlin -> (52.4163436, 13.3059459) confidence: 8.875486381318407e-05
2025-08-15 17:22:20,605 - INFO - Updated Fabrik elektrischer Maschinen und Apparate Dr. Max Levy: (52.4163436, 13.3059459)
2025-08-15 17:22:20,605 - INFO - Processing address 1816/2495: Waldstr.  1, Berlin
2025-08-15 17:22:22,990 - INFO - Geocoded: Waldstr.  1, Berlin -> (52.527436, 13.3306353) confidence: 8.875486381318407e-05
2025-08-15 17:22:22,990 - INFO - Updated Falik Simon: (52.527436, 13.3306353)
2025-08-15 17:22:22,990 - INFO - Processing address 1817/2495: Beusselstr.  38, Berlin
2025-08-15 17:22:24,646 - INFO - Geocoded: Beusselstr.  38, Berlin -> (52.5317442, 13.3292075) confidence: 8.875486381318407e-05
2025-08-15 17:22:24,646 - INFO - Updated Falkenstein: (52.5317442, 13.3292075)
2025-08-15 17:22:24,646 - INFO - Processing address 1818/2495: Thomasiusstr. 2, Berlin
2025-08-15 17:22:26,285 - INFO - Geocoded: Thomasiusstr. 2, Berlin -> (52.5238247, 13.3505366) confidence: 8.875486381318407e-05
2025-08-15 17:22:26,286 - INFO - Updated Falkenstein & Jacoby: (52.5238247, 13.3505366)
2025-08-15 17:22:26,286 - INFO - Processing address 1819/2495: Beusselstr. 38, Berlin
2025-08-15 17:22:27,740 - INFO - Geocoded: Beusselstr. 38, Berlin -> (52.5317442, 13.3292075) confidence: 8.875486381318407e-05
2025-08-15 17:22:27,740 - INFO - Updated Falkenstein, Elsbeth: (52.5317442, 13.3292075)
2025-08-15 17:22:27,741 - INFO - Processing address 1820/2495: Jonasstr. 1, Berlin
2025-08-15 17:22:29,254 - INFO - Geocoded: Jonasstr. 1, Berlin -> (52.4724292, 13.4407551) confidence: 8.875486381318407e-05
2025-08-15 17:22:29,254 - INFO - Updated Fanny Schwarz Damenhüte GmbH: (52.4724292, 13.4407551)
2025-08-15 17:22:29,254 - INFO - Processing address 1821/2495: Kronenstr. 28, Berlin
2025-08-15 17:22:30,773 - INFO - Geocoded: Kronenstr. 28, Berlin -> (52.511386, 13.3927068) confidence: 0.05342208819714653
2025-08-15 17:22:30,774 - INFO - Updated Fantasie Jersey Confection Jacques J. Rosenthal: (52.51111622352244, 13.392648109244737)
2025-08-15 17:22:30,774 - INFO - Updated Gebrüder Cerf GmbH: (52.51173411389812, 13.39328650617112)
2025-08-15 17:22:30,774 - INFO - Processing address 1822/2495: Chausseestr. 73, Berlin
2025-08-15 17:22:32,405 - INFO - Geocoded: Chausseestr. 73, Berlin -> (52.539034, 13.3724044) confidence: 8.875486381318407e-05
2025-08-15 17:22:32,405 - INFO - Updated Fabrikate Erster Gardinen-Webereien Sally Israelski: (52.539034, 13.3724044)
2025-08-15 17:22:32,406 - INFO - Processing address 1823/2495: Schönhauser Allee 129, Berlin
2025-08-15 17:22:33,903 - INFO - Geocoded: Schönhauser Allee 129, Berlin -> (52.545906, 13.4121924) confidence: 8.875486381318407e-05
2025-08-15 17:22:33,903 - INFO - Updated Fahrradhaus Nordring Ing. Markus Rosenkranz: (52.545906, 13.4121924)
2025-08-15 17:22:33,904 - INFO - Processing address 1824/2495: Motzstr.  92, Berlin
2025-08-15 17:22:35,410 - INFO - Geocoded: Motzstr.  92, Berlin -> (52.493699, 13.3344646) confidence: 8.875486381318407e-05
2025-08-15 17:22:35,410 - INFO - Updated Fahrschule Theel: (52.493699, 13.3344646)
2025-08-15 17:22:35,410 - INFO - Processing address 1825/2495: Schiffbauerdamm 28, Berlin
2025-08-15 17:22:36,983 - INFO - Geocoded: Schiffbauerdamm 28, Berlin -> (52.5199875, 13.3825181) confidence: 0.28875241632417264
2025-08-15 17:22:36,983 - INFO - Updated Fahrzeugdienst Fritz Wertheim: (52.5199875, 13.3825181)
2025-08-15 17:22:36,983 - INFO - Processing address 1826/2495: 104, Berlin
2025-08-15 17:22:36,983 - WARNING - Incomplete address detected: 104, Berlin
2025-08-15 17:22:36,983 - ERROR - Failed to geocode address: 104, Berlin
2025-08-15 17:22:36,983 - INFO - Processing address 1827/2495: Alexandrinenstr. 97, Berlin
2025-08-15 17:22:38,426 - INFO - Geocoded: Alexandrinenstr. 97, Berlin -> (52.5046856, 13.4029515) confidence: 8.875486381318407e-05
2025-08-15 17:22:38,427 - INFO - Updated Farmey GmbH Großhandelshaus pharmazeutischer und kosmetischer Spezialitäten und Parfümerie: (52.5046856, 13.4029515)
2025-08-15 17:22:38,427 - INFO - Processing address 1828/2495: Nollendorfstr. 28, Berlin
2025-08-15 17:22:39,861 - INFO - Geocoded: Nollendorfstr. 28, Berlin -> (52.4976864, 13.3520524) confidence: 8.875486381318407e-05
2025-08-15 17:22:39,861 - INFO - Updated Federverlag Dr. Max Hirschfeld: (52.4976864, 13.3520524)
2025-08-15 17:22:39,861 - INFO - Processing address 1829/2495: Lützowstr. 60, Berlin
2025-08-15 17:22:41,391 - INFO - Geocoded: Lützowstr. 60, Berlin -> (52.5049591, 13.3549862) confidence: 8.875486381318407e-05
2025-08-15 17:22:41,392 - INFO - Updated Fedor Feit: (52.5049591, 13.3549862)
2025-08-15 17:22:41,392 - INFO - Processing address 1830/2495: Bleibtreustr. 4, Berlin
2025-08-15 17:22:42,862 - INFO - Geocoded: Bleibtreustr. 4, Berlin -> (52.5066266, 13.3200231) confidence: 8.875486381318407e-05
2025-08-15 17:22:42,863 - INFO - Updated Fedor Schweitzer & Co: (52.5066266, 13.3200231)
2025-08-15 17:22:42,863 - INFO - Processing address 1831/2495: Winterfeldtstr.  39, Berlin
2025-08-15 17:22:44,352 - INFO - Geocoded: Winterfeldtstr.  39, Berlin -> (52.4969206, 13.3549269) confidence: 8.875486381318407e-05
2025-08-15 17:22:44,352 - INFO - Updated Fehrecke: (52.4969206, 13.3549269)
2025-08-15 17:22:44,352 - INFO - Processing address 1832/2495: Kommandantenstr. 5, Berlin
2025-08-15 17:22:47,085 - INFO - Geocoded: Kommandantenstr. 5, Berlin -> (52.4394548, 13.2929775) confidence: 8.875486381318407e-05
2025-08-15 17:22:47,085 - INFO - Updated Feibusch & Co: (52.439705377424495, 13.2930418862271)
2025-08-15 17:22:47,085 - INFO - Updated Feibusch & Co Damenhüte: (52.43923572774647, 13.29355250972236)
2025-08-15 17:22:47,085 - INFO - Processing address 1833/2495: Chausseestr. 5, Berlin
2025-08-15 17:22:48,616 - INFO - Geocoded: Chausseestr. 5, Berlin -> (52.528249, 13.387729) confidence: 8.875486381318407e-05
2025-08-15 17:22:48,616 - INFO - Updated Feig & Wolff: (52.528249, 13.387729)
2025-08-15 17:22:48,616 - INFO - Processing address 1834/2495: Kastanienallee 36, Berlin
2025-08-15 17:22:50,201 - INFO - Geocoded: Kastanienallee 36, Berlin -> (52.5916351, 13.3850055) confidence: 8.875486381318407e-05
2025-08-15 17:22:50,201 - INFO - Updated Feige Goldschneider: (52.5916351, 13.3850055)
2025-08-15 17:22:50,201 - INFO - Processing address 1835/2495: Lessingstr.  38, Berlin
2025-08-15 17:22:51,935 - INFO - Geocoded: Lessingstr.  38, Berlin -> (52.4061992, 13.3998356) confidence: 8.875486381318407e-05
2025-08-15 17:22:51,935 - INFO - Updated Feinbäckerei M. Klingbeil: (52.4061992, 13.3998356)
2025-08-15 17:22:51,935 - INFO - Processing address 1836/2495: und Genussmittel Siegmundshof  22, Berlin
2025-08-15 17:22:58,999 - WARNING - Failed to geocode: und Genussmittel Siegmundshof  22, Berlin
2025-08-15 17:22:59,000 - ERROR - Failed to geocode address: und Genussmittel Siegmundshof  22, Berlin
2025-08-15 17:22:59,000 - INFO - Processing address 1837/2495: Uhlandstr.  145, Berlin
2025-08-15 17:23:00,629 - INFO - Geocoded: Uhlandstr.  145, Berlin -> (52.4959388, 13.3243045) confidence: 8.875486381318407e-05
2025-08-15 17:23:00,629 - INFO - Updated Feinkost Uhland: (52.4959388, 13.3243045)
2025-08-15 17:23:00,629 - INFO - Processing address 1838/2495: und Genussmittel Kurfürstendamm  197, Berlin
2025-08-15 17:23:09,583 - WARNING - Failed to geocode: und Genussmittel Kurfürstendamm  197, Berlin
2025-08-15 17:23:09,584 - ERROR - Failed to geocode address: und Genussmittel Kurfürstendamm  197, Berlin
2025-08-15 17:23:09,584 - INFO - Processing address 1839/2495: Danckelmannstr. 20, Berlin
2025-08-15 17:23:11,109 - INFO - Geocoded: Danckelmannstr. 20, Berlin -> (52.5137116, 13.2907962) confidence: 8.875486381318407e-05
2025-08-15 17:23:11,109 - INFO - Updated Feiwel Metzger: (52.5137116, 13.2907962)
2025-08-15 17:23:11,109 - INFO - Processing address 1840/2495: Kronenstr. 48, Berlin
2025-08-15 17:23:12,558 - INFO - Geocoded: Kronenstr. 48, Berlin -> (52.5115527, 13.3931313) confidence: 8.875486381318407e-05
2025-08-15 17:23:12,558 - INFO - Updated Feld & Goldschmidt: (52.5115527, 13.3931313)
2025-08-15 17:23:12,558 - INFO - Processing address 1841/2495: Kronenstr. 45, Berlin
2025-08-15 17:23:14,168 - INFO - Geocoded: Kronenstr. 45, Berlin -> (52.511386, 13.3927068) confidence: 0.05342208819714653
2025-08-15 17:23:14,168 - INFO - Updated Feldheim & Goldstein: (52.51101706044486, 13.393053247767428)
2025-08-15 17:23:14,168 - INFO - Updated Fischer & Unger: (52.511044203193215, 13.392669816185151)
2025-08-15 17:23:14,168 - INFO - Processing address 1842/2495: ( Trade ) Eingetragen im Handelsregister/ Gründung 1901 Erloschen 1933 Kaiserallee 45a,  Berlin
2025-08-15 17:23:19,461 - WARNING - Failed to geocode: ( Trade ) Eingetragen im Handelsregister/ Gründung 1901 Erloschen 1933 Kaiserallee 45a,  Berlin
2025-08-15 17:23:19,462 - ERROR - Failed to geocode address: ( Trade ) Eingetragen im Handelsregister/ Gründung 1901 Erloschen 1933 Kaiserallee 45a,  Berlin
2025-08-15 17:23:19,462 - INFO - Processing address 1843/2495: Ritterstr. 30, Berlin
2025-08-15 17:23:21,002 - INFO - Geocoded: Ritterstr. 30, Berlin -> (52.5049928, 13.3982162) confidence: 0.05342208819714653
2025-08-15 17:23:21,002 - INFO - Updated Felix Bütow: (52.5049928, 13.3982162)
2025-08-15 17:23:21,002 - INFO - Processing address 1844/2495: Klopstockstr. 51, Berlin
2025-08-15 17:23:22,607 - INFO - Geocoded: Klopstockstr. 51, Berlin -> (52.4830543, 13.59326) confidence: 0.05342208819714653
2025-08-15 17:23:22,607 - INFO - Updated Felix Calmon: (52.4830543, 13.59326)
2025-08-15 17:23:22,607 - INFO - Processing address 1845/2495: Klosterstr. 60/61, Berlin
2025-08-15 17:23:24,643 - INFO - Geocoded: Klosterstr. 60/61, Berlin -> (52.5186603, 13.4113815) confidence: 0.33382026067444703
2025-08-15 17:23:24,643 - INFO - Updated Felix Engel: (52.5186603, 13.4113815)
2025-08-15 17:23:24,643 - INFO - Processing address 1846/2495: Hallesches Ufer 58, Berlin
2025-08-15 17:23:26,158 - INFO - Geocoded: Hallesches Ufer 58, Berlin -> (52.4999818, 13.3827549) confidence: 8.875486381318407e-05
2025-08-15 17:23:26,159 - INFO - Updated Felix Flater: (52.4999818, 13.3827549)
2025-08-15 17:23:26,159 - INFO - Processing address 1847/2495: Jakobstr. 75, Berlin
2025-08-15 17:23:27,728 - INFO - Geocoded: Jakobstr. 75, Berlin -> (52.5106314, 13.4091858) confidence: 8.875486381318407e-05
2025-08-15 17:23:27,728 - INFO - Updated Felix Fleischer: (52.5106314, 13.4091858)
2025-08-15 17:23:27,728 - INFO - Processing address 1848/2495: Hauptstr. 150, Berlin
2025-08-15 17:23:30,695 - INFO - Geocoded: Hauptstr. 150, Berlin -> (52.6020627, 13.3792909) confidence: 8.875486381318407e-05
2025-08-15 17:23:30,695 - INFO - Updated Felix Freund: (52.6020627, 13.3792909)
2025-08-15 17:23:30,695 - INFO - Processing address 1849/2495: Barbarossastr. 25, Berlin
2025-08-15 17:23:32,156 - INFO - Geocoded: Barbarossastr. 25, Berlin -> (52.4924989, 13.3414459) confidence: 8.875486381318407e-05
2025-08-15 17:23:32,156 - INFO - Updated Felix Goldschmidt: (52.4924989, 13.3414459)
2025-08-15 17:23:32,156 - INFO - Processing address 1850/2495: Burgstr. 9, Berlin
2025-08-15 17:23:34,030 - INFO - Geocoded: Burgstr. 9, Berlin -> (52.5222556, 13.4003567) confidence: 0.2535713079130456
2025-08-15 17:23:34,030 - INFO - Updated Felix Hammerstein: (52.5222556, 13.4003567)
2025-08-15 17:23:34,030 - INFO - Processing address 1851/2495: Uferstr. 6, Berlin
2025-08-15 17:23:35,713 - INFO - Geocoded: Uferstr. 6, Berlin -> (52.5528031, 13.3752568) confidence: 8.875486381318407e-05
2025-08-15 17:23:35,713 - INFO - Updated Felix Hoppe Apparate- und Maschinenbau: (52.5528031, 13.3752568)
2025-08-15 17:23:35,713 - INFO - Processing address 1852/2495: Bischofstr. 23, Berlin
2025-08-15 17:23:42,064 - WARNING - Failed to geocode: Bischofstr. 23, Berlin
2025-08-15 17:23:42,064 - ERROR - Failed to geocode address: Bischofstr. 23, Berlin
2025-08-15 17:23:42,064 - INFO - Processing address 1853/2495: Kurfürstenstr.  151, Berlin
2025-08-15 17:23:43,695 - INFO - Geocoded: Kurfürstenstr.  151, Berlin -> (52.4996911, 13.3622893) confidence: 8.875486381318407e-05
2025-08-15 17:23:43,696 - INFO - Updated Felix Isaack: (52.4996911, 13.3622893)
2025-08-15 17:23:43,696 - INFO - Processing address 1854/2495: Kurfürstenstraße  151, Berlin
2025-08-15 17:23:45,174 - INFO - Geocoded: Kurfürstenstraße  151, Berlin -> (52.4996911, 13.3622893) confidence: 8.875486381318407e-05
2025-08-15 17:23:45,175 - INFO - Updated Felix Isaak, Weinkeller: (52.4996911, 13.3622893)
2025-08-15 17:23:45,175 - INFO - Processing address 1855/2495: Johannisstr. 5/6, Berlin
2025-08-15 17:23:46,695 - INFO - Geocoded: Johannisstr. 5/6, Berlin -> (52.5242621, 13.3917344) confidence: 8.875486381318407e-05
2025-08-15 17:23:46,696 - INFO - Updated Felix J. Horwitz: (52.5242621, 13.3917344)
2025-08-15 17:23:46,696 - INFO - Processing address 1856/2495: Kantstr.  128, Berlin
2025-08-15 17:23:48,223 - INFO - Geocoded: Kantstr.  128, Berlin -> (52.5058403, 13.3123874) confidence: 8.875486381318407e-05
2025-08-15 17:23:48,224 - INFO - Updated Felix Joachimssohn: (52.5058403, 13.3123874)
2025-08-15 17:23:48,224 - INFO - Processing address 1857/2495: Markusstr. 12, Berlin
2025-08-15 17:23:49,683 - INFO - Geocoded: Markusstr. 12, Berlin -> (52.599733, 13.4369376) confidence: 8.875486381318407e-05
2025-08-15 17:23:49,683 - INFO - Updated Felix Lande: (52.599733, 13.4369376)
2025-08-15 17:23:49,683 - INFO - Processing address 1858/2495: Chausseestr.  94, Berlin
2025-08-15 17:23:51,281 - INFO - Geocoded: Chausseestr.  94, Berlin -> (52.5365367, 13.3752964) confidence: 8.875486381318407e-05
2025-08-15 17:23:51,281 - INFO - Updated Felix Levin: (52.5365367, 13.3752964)
2025-08-15 17:23:51,281 - INFO - Processing address 1859/2495: Kronenstr. 18, Berlin
2025-08-15 17:23:52,728 - INFO - Geocoded: Kronenstr. 18, Berlin -> (52.5111639, 13.3910745) confidence: 8.875486381318407e-05
2025-08-15 17:23:52,728 - INFO - Updated Felix Lewin Damenmäntel: (52.5111639, 13.3910745)
2025-08-15 17:23:52,728 - INFO - Processing address 1860/2495: 110/111, Berlin
2025-08-15 17:23:56,065 - INFO - Geocoded: 110/111, Berlin -> (52.510885, 13.3989367) confidence: 0.840425236063765
2025-08-15 17:23:56,065 - INFO - Updated Felix Philippson: (52.510885, 13.3989367)
2025-08-15 17:23:56,065 - INFO - Processing address 1861/2495: Motzstr. 49, Berlin
2025-08-15 17:23:57,634 - INFO - Geocoded: Motzstr. 49, Berlin -> (52.4962594, 13.3440143) confidence: 8.875486381318407e-05
2025-08-15 17:23:57,634 - INFO - Updated Felix Rosenthal: (52.4962594, 13.3440143)
2025-08-15 17:23:57,634 - INFO - Processing address 1862/2495: Ritterstr. 36, Berlin
2025-08-15 17:23:59,106 - INFO - Geocoded: Ritterstr. 36, Berlin -> (52.5033462, 13.4046371) confidence: 8.875486381318407e-05
2025-08-15 17:23:59,109 - INFO - Updated Felix Schachnow: (52.5033462, 13.4046371)
2025-08-15 17:23:59,109 - INFO - Processing address 1863/2495: Keithstr. 18, Berlin
2025-08-15 17:24:00,612 - INFO - Geocoded: Keithstr. 18, Berlin -> (52.5035105, 13.3462064) confidence: 8.875486381318407e-05
2025-08-15 17:24:00,612 - INFO - Updated Felix Schleier: (52.5035105, 13.3462064)
2025-08-15 17:24:00,612 - INFO - Processing address 1864/2495: Suarezstr. 50/51, Berlin
2025-08-15 17:24:03,460 - INFO - Geocoded: Suarezstr. 50/51, Berlin -> (52.5078344, 13.295939) confidence: 8.875486381318407e-05
2025-08-15 17:24:03,460 - INFO - Updated Felix Schreiber: (52.5078344, 13.295939)
2025-08-15 17:24:03,460 - INFO - Processing address 1865/2495: Kaiserallee 27, Berlin
2025-08-15 17:24:04,875 - INFO - Geocoded: Kaiserallee 27, Berlin -> (52.4184496, 13.3688909) confidence: 8.875486381318407e-05
2025-08-15 17:24:04,875 - INFO - Updated Felix Silber: (52.4184496, 13.3688909)
2025-08-15 17:24:04,875 - INFO - Processing address 1866/2495: Brunnenstr. 106, Berlin
2025-08-15 17:24:06,774 - INFO - Geocoded: Brunnenstr. 106, Berlin -> (52.5477949, 13.388916) confidence: 8.875486381318407e-05
2025-08-15 17:24:06,774 - INFO - Updated Felix Simon: (52.5477949, 13.388916)
2025-08-15 17:24:06,774 - INFO - Processing address 1867/2495: Trautenaustr.  12, Berlin
2025-08-15 17:24:08,467 - INFO - Geocoded: Trautenaustr.  12, Berlin -> (52.4917392, 13.3267475) confidence: 8.875486381318407e-05
2025-08-15 17:24:08,467 - INFO - Updated Felix Sygmontowicz: (52.4917392, 13.3267475)
2025-08-15 17:24:08,467 - INFO - Processing address 1868/2495: Büsingstr. 6, Berlin
2025-08-15 17:24:09,917 - INFO - Geocoded: Büsingstr. 6, Berlin -> (52.4665423, 13.3266454) confidence: 8.875486381318407e-05
2025-08-15 17:24:09,917 - INFO - Updated Felix Wasservogel: (52.4665423, 13.3266454)
2025-08-15 17:24:09,918 - INFO - Processing address 1869/2495: Siegmundshof 15, Berlin
2025-08-15 17:24:16,344 - WARNING - Failed to geocode: Siegmundshof 15, Berlin
2025-08-15 17:24:16,345 - ERROR - Failed to geocode address: Siegmundshof 15, Berlin
2025-08-15 17:24:16,345 - INFO - Processing address 1870/2495: Schloßstr. 16, Berlin
2025-08-15 17:24:18,313 - INFO - Geocoded: Schloßstr. 16, Berlin -> (52.4616837, 13.3246493) confidence: 8.875486381318407e-05
2025-08-15 17:24:18,313 - INFO - Updated Femina Damenmoden GmbH: (52.4616837, 13.3246493)
2025-08-15 17:24:18,313 - INFO - Processing address 1871/2495: Admiralstr. 15, Berlin
2025-08-15 17:24:19,779 - INFO - Geocoded: Admiralstr. 15, Berlin -> (52.4963723, 13.4155612) confidence: 8.875486381318407e-05
2025-08-15 17:24:19,779 - INFO - Updated Fendler & Gersten: (52.4963723, 13.4155612)
2025-08-15 17:24:19,779 - INFO - Processing address 1872/2495: Molkenmarkt 7/8, Berlin
2025-08-15 17:24:21,589 - INFO - Geocoded: Molkenmarkt 7/8, Berlin -> (52.5167421, 13.4095495) confidence: 0.32357442298512873
2025-08-15 17:24:21,589 - INFO - Updated Fenster & Stenger: (52.5167421, 13.4095495)
2025-08-15 17:24:21,589 - INFO - Processing address 1873/2495: Wielandstr. 41, Berlin
2025-08-15 17:24:23,156 - INFO - Geocoded: Wielandstr. 41, Berlin -> (52.4844544, 13.5923457) confidence: 8.875486381318407e-05
2025-08-15 17:24:23,156 - INFO - Updated Ferd. Bick: (52.4844544, 13.5923457)
2025-08-15 17:24:23,156 - INFO - Processing address 1874/2495: Klosterstr. 34/35, Berlin
2025-08-15 17:24:24,804 - INFO - Geocoded: Klosterstr. 34/35, Berlin -> (52.5321292, 13.1985553) confidence: 8.875486381318407e-05
2025-08-15 17:24:24,804 - INFO - Updated Ferd. W. Müller GmbH: (52.5321292, 13.1985553)
2025-08-15 17:24:24,804 - INFO - Processing address 1875/2495: Friedrichstr. 64/65, Berlin
2025-08-15 17:24:27,138 - INFO - Geocoded: Friedrichstr. 64/65, Berlin -> (52.5015293, 13.3913508) confidence: 0.4683814607413573
2025-08-15 17:24:27,138 - INFO - Updated Ferdinand Grünebaum: (52.5015293, 13.3913508)
2025-08-15 17:24:27,138 - INFO - Processing address 1876/2495: Behrenstr. 14/16, Berlin
2025-08-15 17:24:28,826 - INFO - Geocoded: Behrenstr. 14/16, Berlin -> (52.5148529, 13.380006) confidence: 0.3330873891249597
2025-08-15 17:24:28,826 - INFO - Updated Ferdinand Meyer: (52.5148529, 13.380006)
2025-08-15 17:24:28,826 - INFO - Processing address 1877/2495: Kolonnenstr.  5, Berlin
2025-08-15 17:24:30,313 - INFO - Geocoded: Kolonnenstr.  5, Berlin -> (52.4863303, 13.3593976) confidence: 0.1341073487755671
2025-08-15 17:24:30,313 - INFO - Updated Ferdy Seligmann: (52.4863303, 13.3593976)
2025-08-15 17:24:30,313 - INFO - Processing address 1878/2495: Niederwallstr. 31, Berlin
2025-08-15 17:24:31,741 - INFO - Geocoded: Niederwallstr. 31, Berlin -> (52.5125211, 13.3991486) confidence: 8.875486381318407e-05
2025-08-15 17:24:31,741 - INFO - Updated Ferienheim Zernsee GmbH: (52.5125211, 13.3991486)
2025-08-15 17:24:31,741 - INFO - Processing address 1879/2495: Friedrichstr. 10, Berlin
2025-08-15 17:24:33,440 - INFO - Geocoded: Friedrichstr. 10, Berlin -> (52.501211, 13.3916005) confidence: 8.875486381318407e-05
2025-08-15 17:24:33,463 - INFO - Updated Fernbach & Heidenfeld: (52.501211, 13.3916005)
2025-08-15 17:24:33,463 - INFO - Processing address 1880/2495: Grünbergerstr. 68, Berlin
2025-08-15 17:24:35,001 - INFO - Geocoded: Grünbergerstr. 68, Berlin -> (52.5113773, 13.4582089) confidence: 8.875486381318407e-05
2025-08-15 17:24:35,002 - INFO - Updated Fernbach, Gustav: (52.5113773, 13.4582089)
2025-08-15 17:24:35,002 - INFO - Processing address 1881/2495: Mariendorfer Weg 65, Berlin
2025-08-15 17:24:36,745 - INFO - Geocoded: Mariendorfer Weg 65, Berlin -> (52.4639568, 13.4273463) confidence: 0.05342208819714653
2025-08-15 17:24:36,745 - INFO - Updated Feuchtwanger & Obermann: (52.4639568, 13.4273463)
2025-08-15 17:24:36,746 - INFO - Processing address 1882/2495: Gertraudtenstr. 18/19, Berlin
2025-08-15 17:24:43,131 - WARNING - Failed to geocode: Gertraudtenstr. 18/19, Berlin
2025-08-15 17:24:43,131 - ERROR - Failed to geocode address: Gertraudtenstr. 18/19, Berlin
2025-08-15 17:24:43,132 - INFO - Processing address 1883/2495: Grunewaldstr. 6, Berlin
2025-08-15 17:24:44,661 - INFO - Geocoded: Grunewaldstr. 6, Berlin -> (52.457904, 13.318385) confidence: 8.875486381318407e-05
2025-08-15 17:24:44,661 - INFO - Updated Fichtenberg Apotheke Wilhelm Ph. Wachsmann: (52.457904, 13.318385)
2025-08-15 17:24:44,661 - INFO - Processing address 1884/2495: Kronenstr. 21, Berlin
2025-08-15 17:24:46,225 - INFO - Geocoded: Kronenstr. 21, Berlin -> (52.511386, 13.3927068) confidence: 0.05342208819714653
2025-08-15 17:24:46,225 - INFO - Updated Finkelstein & Byk: (52.511386, 13.3927068)
2025-08-15 17:24:46,225 - INFO - Processing address 1885/2495: Niebuhrstr. 72, Berlin
2025-08-15 17:24:47,859 - INFO - Geocoded: Niebuhrstr. 72, Berlin -> (52.5042496, 13.3151202) confidence: 8.875486381318407e-05
2025-08-15 17:24:47,884 - INFO - Updated Fischer & Chrambach & Co: (52.5042496, 13.3151202)
2025-08-15 17:24:47,884 - INFO - Processing address 1886/2495: Niederwallstr. 2, Berlin
2025-08-15 17:24:49,393 - INFO - Geocoded: Niederwallstr. 2, Berlin -> (52.5122783, 13.3995124) confidence: 0.05342208819714653
2025-08-15 17:24:49,393 - INFO - Updated Fischer Hochschild GmbH: (52.5122783, 13.3995124)
2025-08-15 17:24:49,393 - INFO - Processing address 1887/2495: Calvinstr. 5, Berlin
2025-08-15 17:24:50,865 - INFO - Geocoded: Calvinstr. 5, Berlin -> (52.6125801, 13.2983887) confidence: 8.875486381318407e-05
2025-08-15 17:24:50,865 - INFO - Updated Fischer, Erich: (52.6125801, 13.2983887)
2025-08-15 17:24:50,865 - INFO - Processing address 1888/2495: 48/49, Berlin
2025-08-15 17:24:53,445 - INFO - Geocoded: 48/49, Berlin -> (52.510885, 13.3989367) confidence: 0.840425236063765
2025-08-15 17:24:53,445 - INFO - Updated Fischer-Druck GmbH: (52.510885, 13.3989367)
2025-08-15 17:24:53,445 - INFO - Processing address 1889/2495: Bellevuestr. 15, Berlin
2025-08-15 17:24:54,981 - INFO - Geocoded: Bellevuestr. 15, Berlin -> (52.5106844, 13.373205) confidence: 0.05342208819714653
2025-08-15 17:24:54,981 - INFO - Updated Flatow & Gerson-Prager: (52.5106844, 13.373205)
2025-08-15 17:24:54,981 - INFO - Processing address 1890/2495: Tiergartenstr. 4, Berlin
2025-08-15 17:24:56,611 - INFO - Geocoded: Tiergartenstr. 4, Berlin -> (52.5105212, 13.3692822) confidence: 0.3240001143151359
2025-08-15 17:24:56,611 - INFO - Updated Flatow & Priemer: (52.5105212, 13.3692822)
2025-08-15 17:24:56,611 - INFO - Processing address 1891/2495: Goltzstr. 21, Berlin
2025-08-15 17:24:58,196 - INFO - Geocoded: Goltzstr. 21, Berlin -> (52.4940479, 13.3540184) confidence: 8.875486381318407e-05
2025-08-15 17:24:58,196 - INFO - Updated Flatow, Hermann: (52.4940479, 13.3540184)
2025-08-15 17:24:58,196 - INFO - Processing address 1892/2495: Uhlandstr.  60, Berlin
2025-08-15 17:24:59,922 - INFO - Geocoded: Uhlandstr.  60, Berlin -> (52.5868832, 13.3985855) confidence: 8.875486381318407e-05
2025-08-15 17:24:59,922 - INFO - Updated Fleckfort-Institut: (52.5868832, 13.3985855)
2025-08-15 17:24:59,922 - INFO - Processing address 1893/2495: Leibnizstr.  19, Berlin
2025-08-15 17:25:01,527 - INFO - Geocoded: Leibnizstr.  19, Berlin -> (52.5102182, 13.3147441) confidence: 8.875486381318407e-05
2025-08-15 17:25:01,528 - INFO - Updated Flemming & Schade: (52.5102182, 13.3147441)
2025-08-15 17:25:01,528 - INFO - Processing address 1894/2495: Scharrenstr. 6, Berlin
2025-08-15 17:25:03,981 - INFO - Geocoded: Scharrenstr. 6, Berlin -> (52.513193, 13.403316) confidence: 0.05342208819714653
2025-08-15 17:25:03,981 - INFO - Updated Flora Apotheke Paul Fürst: (52.513193, 13.403316)
2025-08-15 17:25:03,981 - INFO - Processing address 1895/2495: Wollankstr. 11, Berlin
2025-08-15 17:25:05,463 - INFO - Geocoded: Wollankstr. 11, Berlin -> (52.5668727, 13.3966612) confidence: 8.875486381318407e-05
2025-08-15 17:25:05,463 - INFO - Updated Flora-Apotheke Dr. phil Moritz Goeldner: (52.5668727, 13.3966612)
2025-08-15 17:25:05,463 - INFO - Processing address 1896/2495: Kurfürstendamm 30, Berlin
2025-08-15 17:25:06,946 - INFO - Geocoded: Kurfürstendamm 30, Berlin -> (52.5029425, 13.3260911) confidence: 8.875486381318407e-05
2025-08-15 17:25:06,946 - INFO - Updated Foerder & Stein: (52.5029425, 13.3260911)
2025-08-15 17:25:06,946 - INFO - Processing address 1897/2495: Siemensstr. 12, Berlin
2025-08-15 17:25:08,643 - INFO - Geocoded: Siemensstr. 12, Berlin -> (52.5326795, 13.3330334) confidence: 8.875486381318407e-05
2025-08-15 17:25:08,643 - INFO - Updated Fondant-Masse-Spezialfabrik Fritz Blumenreich: (52.5326795, 13.3330334)
2025-08-15 17:25:08,643 - INFO - Processing address 1898/2495: ( Handicraft ) Eingetragen im Handelsregister/ Gründung 1927 Am Fehrbelliner Platz ,  Berlin
2025-08-15 17:25:15,815 - WARNING - Failed to geocode: ( Handicraft ) Eingetragen im Handelsregister/ Gründung 1927 Am Fehrbelliner Platz ,  Berlin
2025-08-15 17:25:15,816 - ERROR - Failed to geocode address: ( Handicraft ) Eingetragen im Handelsregister/ Gründung 1927 Am Fehrbelliner Platz ,  Berlin
2025-08-15 17:25:15,816 - INFO - Processing address 1899/2495: Innstr. 24, Berlin
2025-08-15 17:25:17,501 - INFO - Geocoded: Innstr. 24, Berlin -> (52.4792851, 13.4415105) confidence: 8.875486381318407e-05
2025-08-15 17:25:17,501 - INFO - Updated Forstinger Holzverwertungs-GmbH: (52.4792851, 13.4415105)
2025-08-15 17:25:17,501 - INFO - Processing address 1900/2495: Dragonerstr. 6, Berlin
2025-08-15 17:25:18,961 - INFO - Geocoded: Dragonerstr. 6, Berlin -> (52.5250227, 13.4083389) confidence: 8.875486381318407e-05
2025-08-15 17:25:18,961 - INFO - Updated Fortuna Apotheke Bernhard Goldmann Fabrik pharmazeutischer Präparate: (52.5250227, 13.4083389)
2025-08-15 17:25:18,961 - INFO - Progress: 1900/2495 addresses processed
2025-08-15 17:25:19,022 - INFO - Processing address 1901/2495: Chausseestr. 32, Berlin
2025-08-15 17:25:20,758 - INFO - Geocoded: Chausseestr. 32, Berlin -> (52.5327593, 13.3809162) confidence: 8.875486381318407e-05
2025-08-15 17:25:20,758 - INFO - Updated Fortuna-Apotheke Max Lippold: (52.5327593, 13.3809162)
2025-08-15 17:25:20,758 - INFO - Processing address 1902/2495: Trautenaustr.  9, Berlin
2025-08-15 17:25:22,417 - INFO - Geocoded: Trautenaustr.  9, Berlin -> (52.4924616, 13.3276284) confidence: 8.875486381318407e-05
2025-08-15 17:25:22,418 - INFO - Updated Fortuna-Drogerie, Georg Laufer: (52.4924616, 13.3276284)
2025-08-15 17:25:22,418 - INFO - Processing address 1903/2495: Urbanstr. 72/76, Berlin
2025-08-15 17:25:24,152 - INFO - Geocoded: Urbanstr. 72/76, Berlin -> (52.4896037, 13.4205386) confidence: 0.23287532647815115
2025-08-15 17:25:24,152 - INFO - Updated Forum Lichtspieltheater-Betriebs-GmbH: (52.4896037, 13.4205386)
2025-08-15 17:25:24,152 - INFO - Processing address 1904/2495: Binder GmbH Kurfürstendamm  205, Berlin
2025-08-15 17:25:30,907 - WARNING - Failed to geocode: Binder GmbH Kurfürstendamm  205, Berlin
2025-08-15 17:25:30,908 - ERROR - Failed to geocode address: Binder GmbH Kurfürstendamm  205, Berlin
2025-08-15 17:25:30,908 - INFO - Processing address 1905/2495: 84, Berlin
2025-08-15 17:25:30,909 - WARNING - Incomplete address detected: 84, Berlin
2025-08-15 17:25:30,909 - ERROR - Failed to geocode address: 84, Berlin
2025-08-15 17:25:30,909 - INFO - Processing address 1906/2495: Kanonierstr. 2, Berlin
2025-08-15 17:25:32,329 - INFO - Geocoded: Kanonierstr. 2, Berlin -> (52.5112821, 13.3869516) confidence: 8.875486381318407e-05
2025-08-15 17:25:32,329 - INFO - Updated Fraenkel & Simon: (52.5112821, 13.3869516)
2025-08-15 17:25:32,329 - INFO - Processing address 1907/2495: Seydelstr. 27, Berlin
2025-08-15 17:25:33,853 - INFO - Geocoded: Seydelstr. 27, Berlin -> (52.5110093, 13.4021158) confidence: 0.05342208819714653
2025-08-15 17:25:33,853 - INFO - Updated Fraenkel & Stroh: (52.5110093, 13.4021158)
2025-08-15 17:25:33,853 - INFO - Processing address 1908/2495: Bülowstr. 100, Berlin
2025-08-15 17:25:35,520 - INFO - Geocoded: Bülowstr. 100, Berlin -> (52.4971229, 13.3659951) confidence: 0.3119015040685218
2025-08-15 17:25:35,520 - INFO - Updated Fraenkel, Gertrud: (52.497041055851234, 13.366178852172933)
2025-08-15 17:25:35,520 - INFO - Updated Gerson, Hilde: (52.49755865331174, 13.366114287981233)
2025-08-15 17:25:35,520 - INFO - Processing address 1909/2495: Alexandrinenstr. 50, Berlin
2025-08-15 17:25:37,119 - INFO - Geocoded: Alexandrinenstr. 50, Berlin -> (52.5066473, 13.4090003) confidence: 0.05342208819714653
2025-08-15 17:25:37,120 - INFO - Updated Fraenkl & Co: (52.5066473, 13.4090003)
2025-08-15 17:25:37,120 - INFO - Processing address 1910/2495: Ritterstr. 18, Berlin
2025-08-15 17:25:38,976 - INFO - Geocoded: Ritterstr. 18, Berlin -> (52.432041, 13.3223811) confidence: 8.875486381318407e-05
2025-08-15 17:25:38,988 - INFO - Updated Frahan Grundstücksgesellschaft mbH: (52.432041, 13.3223811)
2025-08-15 17:25:38,988 - INFO - Processing address 1911/2495: Kurstr. 31, Berlin
2025-08-15 17:25:42,818 - INFO - Geocoded: Kurstr. 31, Berlin -> (52.5471732, 13.2077354) confidence: 0.05342208819714653
2025-08-15 17:25:42,897 - INFO - Updated Frank & Co Fell- & Rauchwaren-GmbH: (52.54703794576136, 13.207364128269631)
2025-08-15 17:25:42,897 - INFO - Updated Gebrüder Moses: (52.546802791452166, 13.20802213210102)
2025-08-15 17:25:42,897 - INFO - Processing address 1912/2495: Bülowstr. 99, Berlin
2025-08-15 17:25:46,102 - INFO - Geocoded: Bülowstr. 99, Berlin -> (52.4971229, 13.3659951) confidence: 0.3119015040685218
2025-08-15 17:25:46,102 - INFO - Updated Frank & Co Metallhandlung: (52.49677588639841, 13.36551466432831)
2025-08-15 17:25:46,102 - INFO - Updated Gebr. Zerenze: (52.4974700120663, 13.366513827910964)
2025-08-15 17:25:46,102 - INFO - Processing address 1913/2495: Hollmanstr. 18, Berlin
2025-08-15 17:25:54,162 - WARNING - Failed to geocode: Hollmanstr. 18, Berlin
2025-08-15 17:25:54,162 - ERROR - Failed to geocode address: Hollmanstr. 18, Berlin
2025-08-15 17:25:54,162 - INFO - Processing address 1914/2495: Schloßplatz 1, Berlin
2025-08-15 17:25:55,733 - INFO - Geocoded: Schloßplatz 1, Berlin -> (52.5152614, 13.4019087) confidence: 0.36152939998699934
2025-08-15 17:25:55,733 - INFO - Updated Frankenstein u. Sohn: (52.5152614, 13.4019087)
2025-08-15 17:25:55,733 - INFO - Processing address 1915/2495: Frankfurter Allee 64, Berlin
2025-08-15 17:25:57,578 - INFO - Geocoded: Frankfurter Allee 64, Berlin -> (52.5143026, 13.4665705) confidence: 8.875486381318407e-05
2025-08-15 17:25:57,578 - INFO - Updated Frankfurter Apotheke Adolf Herrfarth: (52.5143026, 13.4665705)
2025-08-15 17:25:57,578 - INFO - Processing address 1916/2495: Bismarckstr. 67, Berlin
2025-08-15 17:25:59,978 - INFO - Geocoded: Bismarckstr. 67, Berlin -> (52.5113558, 13.297656) confidence: 8.875486381318407e-05
2025-08-15 17:25:59,981 - INFO - Updated Franz Bernhard: (52.5113558, 13.297656)
2025-08-15 17:26:00,255 - INFO - Processing address 1917/2495: Kantstr. 19, Berlin
2025-08-15 17:26:02,890 - INFO - Geocoded: Kantstr. 19, Berlin -> (52.4567895, 13.3338484) confidence: 8.875486381318407e-05
2025-08-15 17:26:02,926 - INFO - Updated Franz Calvary: (52.457122302738625, 13.333516804604576)
2025-08-15 17:26:02,926 - INFO - Updated Georg Ehrenhaus: (52.45687351141299, 13.33433017572396)
2025-08-15 17:26:02,926 - INFO - Processing address 1918/2495: Berlin , Berlin
2025-08-15 17:26:05,774 - INFO - Geocoded: Berlin , Berlin -> (52.5103817, 13.4349112) confidence: 0.47732022403642466
2025-08-15 17:26:05,775 - INFO - Updated Franz Hirsch, Berlin: (52.5103817, 13.4349112)
2025-08-15 17:26:05,775 - INFO - Processing address 1919/2495: Poststr. 6, Berlin
2025-08-15 17:26:08,261 - INFO - Geocoded: Poststr. 6, Berlin -> (52.5162686, 13.4070105) confidence: 0.21935002950294058
2025-08-15 17:26:08,261 - INFO - Updated Franz Hoffstaedt: (52.5162686, 13.4070105)
2025-08-15 17:26:08,261 - INFO - Processing address 1920/2495: Friedrichstr. 56/58, Berlin
2025-08-15 17:26:10,461 - INFO - Geocoded: Friedrichstr. 56/58, Berlin -> (52.5015293, 13.3913508) confidence: 0.4683814607413573
2025-08-15 17:26:10,462 - INFO - Updated Franz Landsberger: (52.5015293, 13.3913508)
2025-08-15 17:26:10,462 - INFO - Processing address 1921/2495: Markgrafenstr. 52, Berlin
2025-08-15 17:26:12,435 - INFO - Geocoded: Markgrafenstr. 52, Berlin -> (52.63673, 13.2962365) confidence: 8.875486381318407e-05
2025-08-15 17:26:12,447 - INFO - Updated Franz Lehmann: (52.63673, 13.2962365)
2025-08-15 17:26:12,475 - INFO - Processing address 1922/2495: Unter der Linden 34, Berlin
2025-08-15 17:26:21,221 - WARNING - Failed to geocode: Unter der Linden 34, Berlin
2025-08-15 17:26:21,230 - ERROR - Failed to geocode address: Unter der Linden 34, Berlin
2025-08-15 17:26:21,232 - INFO - Processing address 1923/2495: Lützowstr. 9, Berlin
2025-08-15 17:26:22,936 - INFO - Geocoded: Lützowstr. 9, Berlin -> (52.5026725, 13.3674546) confidence: 0.05342208819714653
2025-08-15 17:26:22,937 - INFO - Updated Franz Loewenstein: (52.5026725, 13.3674546)
2025-08-15 17:26:22,937 - INFO - Processing address 1924/2495: Knesebeckstr. 43/44, Berlin
2025-08-15 17:26:24,773 - INFO - Geocoded: Knesebeckstr. 43/44, Berlin -> (52.5026226, 13.3219476) confidence: 0.05342208819714653
2025-08-15 17:26:24,773 - INFO - Updated Franz M. Prager: (52.5026226, 13.3219476)
2025-08-15 17:26:24,773 - INFO - Processing address 1925/2495: Kanalstr. 162, Berlin
2025-08-15 17:26:26,799 - INFO - Geocoded: Kanalstr. 162, Berlin -> (52.4236543, 13.724239) confidence: 0.05342208819714653
2025-08-15 17:26:26,799 - INFO - Updated Franz Mettner GmbH: (52.4236543, 13.724239)
2025-08-15 17:26:26,799 - INFO - Processing address 1926/2495: Wielandstr. 18, Berlin
2025-08-15 17:26:28,329 - INFO - Geocoded: Wielandstr. 18, Berlin -> (52.4812256, 13.589737) confidence: 8.875486381318407e-05
2025-08-15 17:26:28,329 - INFO - Updated Franz Münsterberger: (52.4812256, 13.589737)
2025-08-15 17:26:28,329 - INFO - Processing address 1927/2495: Knobelsdorffstr.  11, Berlin
2025-08-15 17:26:29,804 - INFO - Geocoded: Knobelsdorffstr.  11, Berlin -> (52.5128264, 13.2953088) confidence: 8.875486381318407e-05
2025-08-15 17:26:29,804 - INFO - Updated Franz Ochotzki: (52.5128264, 13.2953088)
2025-08-15 17:26:29,804 - INFO - Processing address 1928/2495: Klopstockstr.  24, Berlin
2025-08-15 17:26:31,257 - INFO - Geocoded: Klopstockstr.  24, Berlin -> (52.4425014, 13.2293501) confidence: 8.875486381318407e-05
2025-08-15 17:26:31,258 - INFO - Updated Franz Pawlik: (52.4425014, 13.2293501)
2025-08-15 17:26:31,258 - INFO - Processing address 1929/2495: Alexanderstr. 33, Berlin
2025-08-15 17:26:32,855 - INFO - Geocoded: Alexanderstr. 33, Berlin -> (52.5179515, 13.4188552) confidence: 8.875486381318407e-05
2025-08-15 17:26:32,855 - INFO - Updated Franz Rosenthal: (52.5179515, 13.4188552)
2025-08-15 17:26:32,855 - INFO - Processing address 1930/2495: Kaiserallee 191, Berlin
2025-08-15 17:26:34,611 - INFO - Geocoded: Kaiserallee 191, Berlin -> (52.4193875, 13.3665673) confidence: 0.05342208819714653
2025-08-15 17:26:34,612 - INFO - Updated Franz Rubinstein: (52.4193875, 13.3665673)
2025-08-15 17:26:34,612 - INFO - Processing address 1931/2495: Nettelbeckstr. 22, Berlin
2025-08-15 17:26:41,969 - WARNING - Failed to geocode: Nettelbeckstr. 22, Berlin
2025-08-15 17:26:41,972 - ERROR - Failed to geocode address: Nettelbeckstr. 22, Berlin
2025-08-15 17:26:41,972 - INFO - Processing address 1932/2495: Leonhardstr. 25, Berlin
2025-08-15 17:26:43,473 - INFO - Geocoded: Leonhardstr. 25, Berlin -> (52.5506668, 13.571417) confidence: 8.875486381318407e-05
2025-08-15 17:26:43,473 - INFO - Updated Franziska Leyser: (52.5506668, 13.571417)
2025-08-15 17:26:43,473 - INFO - Processing address 1933/2495: Bayerischer Platz 10, Berlin
2025-08-15 17:26:44,975 - INFO - Geocoded: Bayerischer Platz 10, Berlin -> (52.4883214, 13.3410247) confidence: 8.875486381318407e-05
2025-08-15 17:26:44,975 - INFO - Updated Franziska Rager: (52.4883214, 13.3410247)
2025-08-15 17:26:44,975 - INFO - Processing address 1934/2495: Kantstr. 158, Berlin
2025-08-15 17:26:46,990 - INFO - Geocoded: Kantstr. 158, Berlin -> (52.5061591, 13.3149127) confidence: 0.31490167302578603
2025-08-15 17:26:47,001 - INFO - Updated Frau Elise Bock GmbH: (52.5061591, 13.3149127)
2025-08-15 17:26:47,011 - INFO - Processing address 1935/2495: Stresemannstr. 92/102, Berlin
2025-08-15 17:26:48,880 - INFO - Geocoded: Stresemannstr. 92/102, Berlin -> (52.5078248, 13.378177) confidence: 0.3031433907580771
2025-08-15 17:26:48,881 - INFO - Updated Freiheit Annoucen-Expedition GmbH: (52.5078248, 13.378177)
2025-08-15 17:26:48,881 - INFO - Processing address 1936/2495: Turmstr. 66, Berlin
2025-08-15 17:26:50,456 - INFO - Geocoded: Turmstr. 66, Berlin -> (52.5269974, 13.330792) confidence: 8.875486381318407e-05
2025-08-15 17:26:50,456 - INFO - Updated Freitag & Co: (52.5269974, 13.330792)
2025-08-15 17:26:50,456 - INFO - Processing address 1937/2495: Kaiserdamm 98, Berlin
2025-08-15 17:26:51,898 - INFO - Geocoded: Kaiserdamm 98, Berlin -> (52.5100348, 13.2867046) confidence: 8.875486381318407e-05
2025-08-15 17:26:51,898 - INFO - Updated Fridolin Grundstücks-GmbH: (52.5100348, 13.2867046)
2025-08-15 17:26:51,898 - INFO - Processing address 1938/2495: Sybelstr.  7, Berlin
2025-08-15 17:26:53,343 - INFO - Geocoded: Sybelstr.  7, Berlin -> (52.5023016, 13.3103083) confidence: 8.875486381318407e-05
2025-08-15 17:26:53,343 - INFO - Updated Frieda Locher-Adam: (52.5023016, 13.3103083)
2025-08-15 17:26:53,343 - INFO - Processing address 1939/2495: 241, Berlin
2025-08-15 17:26:53,343 - WARNING - Incomplete address detected: 241, Berlin
2025-08-15 17:26:53,343 - ERROR - Failed to geocode address: 241, Berlin
2025-08-15 17:26:53,343 - INFO - Processing address 1940/2495: Sybelstr.  6, Berlin
2025-08-15 17:26:54,973 - INFO - Geocoded: Sybelstr.  6, Berlin -> (52.5021762, 13.3107484) confidence: 8.875486381318407e-05
2025-08-15 17:26:54,973 - INFO - Updated Frieda Oppenheimer: (52.5021762, 13.3107484)
2025-08-15 17:26:54,973 - INFO - Processing address 1941/2495: Bismarckstr. 79, Berlin
2025-08-15 17:26:56,663 - INFO - Geocoded: Bismarckstr. 79, Berlin -> (52.5111718, 13.3042349) confidence: 8.875486381318407e-05
2025-08-15 17:26:56,663 - INFO - Updated Frieda Rattner Tabakwaren-Großhandel: (52.5111718, 13.3042349)
2025-08-15 17:26:56,664 - INFO - Processing address 1942/2495: Brunnenstr. 50, Berlin
2025-08-15 17:26:58,595 - INFO - Geocoded: Brunnenstr. 50, Berlin -> (52.5379574, 13.3963483) confidence: 0.31635099249802295
2025-08-15 17:26:58,595 - INFO - Updated Frieda Schewelow Tabakwaren: (52.5379574, 13.3963483)
2025-08-15 17:26:58,595 - INFO - Processing address 1943/2495: Kottbusser Damm 32, Berlin
2025-08-15 17:27:00,182 - INFO - Geocoded: Kottbusser Damm 32, Berlin -> (52.4890368, 13.42424) confidence: 8.875486381318407e-05
2025-08-15 17:27:00,182 - INFO - Updated Frieda Warschauer: (52.4890368, 13.42424)
2025-08-15 17:27:00,182 - INFO - Processing address 1944/2495: 98, Berlin
2025-08-15 17:27:00,182 - WARNING - Incomplete address detected: 98, Berlin
2025-08-15 17:27:00,182 - ERROR - Failed to geocode address: 98, Berlin
2025-08-15 17:27:00,182 - INFO - Processing address 1945/2495: Bellevuestr. 21/22, Berlin
2025-08-15 17:27:01,841 - INFO - Geocoded: Bellevuestr. 21/22, Berlin -> (52.5106844, 13.373205) confidence: 0.05342208819714653
2025-08-15 17:27:01,841 - INFO - Updated Friediger-Kaffee GmbH: (52.5106844, 13.373205)
2025-08-15 17:27:01,841 - INFO - Processing address 1946/2495: Kommandantenstr. 20/21, Berlin
2025-08-15 17:27:03,502 - INFO - Geocoded: Kommandantenstr. 20/21, Berlin -> (52.4377236, 13.2931855) confidence: 0.05342208819714653
2025-08-15 17:27:03,502 - INFO - Updated Friedlaender & van der Wyk: (52.4377236, 13.2931855)
2025-08-15 17:27:03,502 - INFO - Processing address 1947/2495: Albrechtstr. 14, Berlin
2025-08-15 17:27:05,136 - INFO - Geocoded: Albrechtstr. 14, Berlin -> (52.5214634, 13.3852304) confidence: 8.875486381318407e-05
2025-08-15 17:27:05,136 - INFO - Updated Friedländer & Blumenreich: (52.5214634, 13.3852304)
2025-08-15 17:27:05,136 - INFO - Processing address 1948/2495: Kurfürstendamm 42, Berlin
2025-08-15 17:27:06,572 - INFO - Geocoded: Kurfürstendamm 42, Berlin -> (52.5021408, 13.3209674) confidence: 8.875486381318407e-05
2025-08-15 17:27:06,572 - INFO - Updated Friedländer & Hamm: (52.50227120407336, 13.321312372332098)
2025-08-15 17:27:06,572 - INFO - Updated Friedrich Marx Bankkommissionsgeschäft: (52.50200637354869, 13.320987099007741)
2025-08-15 17:27:06,572 - INFO - Updated Fritz Fink: (52.50180403910137, 13.321111809427162)
2025-08-15 17:27:06,573 - INFO - Processing address 1949/2495: Kurfürstendamm 50, Berlin
2025-08-15 17:27:08,015 - INFO - Geocoded: Kurfürstendamm 50, Berlin -> (52.5015328, 13.3174167) confidence: 8.875486381318407e-05
2025-08-15 17:27:08,015 - INFO - Updated Friedrich C. Reiser & Co AG: (52.5015328, 13.3174167)
2025-08-15 17:27:08,015 - INFO - Processing address 1950/2495: Huttenstr.  5, Berlin
2025-08-15 17:27:10,778 - INFO - Geocoded: Huttenstr.  5, Berlin -> (52.5277132, 13.3271757) confidence: 8.875486381318407e-05
2025-08-15 17:27:10,778 - INFO - Updated Friedrich Jacob: (52.5277132, 13.3271757)
2025-08-15 17:27:10,778 - INFO - Processing address 1951/2495: Friedrichstr. 133, Berlin
2025-08-15 17:27:12,391 - INFO - Geocoded: Friedrichstr. 133, Berlin -> (52.5235663, 13.3874946) confidence: 8.875486381318407e-05
2025-08-15 17:27:12,391 - INFO - Updated Friedrich Knoller: (52.5235663, 13.3874946)
2025-08-15 17:27:12,391 - INFO - Processing address 1952/2495: Krausenstr. 68, Berlin
2025-08-15 17:27:13,798 - INFO - Geocoded: Krausenstr. 68, Berlin -> (52.5097225, 13.3909381) confidence: 8.875486381318407e-05
2025-08-15 17:27:13,798 - INFO - Updated Friedrich L. Kappel: (52.5097225, 13.3909381)
2025-08-15 17:27:13,798 - INFO - Processing address 1953/2495: Friedbergstr.  37, Berlin
2025-08-15 17:27:15,250 - INFO - Geocoded: Friedbergstr.  37, Berlin -> (52.5036161, 13.2928041) confidence: 8.875486381318407e-05
2025-08-15 17:27:15,251 - INFO - Updated Friedrich Rotholz, Ing.: (52.5036161, 13.2928041)
2025-08-15 17:27:15,251 - INFO - Processing address 1954/2495: Wexstr. 37, Berlin
2025-08-15 17:27:16,871 - INFO - Geocoded: Wexstr. 37, Berlin -> (52.4784077, 13.3313495) confidence: 8.875486381318407e-05
2025-08-15 17:27:16,871 - INFO - Updated Friedrich Schlicht: (52.4784077, 13.3313495)
2025-08-15 17:27:16,871 - INFO - Processing address 1955/2495: Mohrenstr. 31, Berlin
2025-08-15 17:27:18,365 - INFO - Geocoded: Mohrenstr. 31, Berlin -> (52.511298, 13.3847578) confidence: 0.32314590312055647
2025-08-15 17:27:18,365 - INFO - Updated Friedrich Spitz GmbH: (52.511298, 13.3847578)
2025-08-15 17:27:18,365 - INFO - Processing address 1956/2495: Urbanstr. 116, Berlin
2025-08-15 17:27:19,881 - INFO - Geocoded: Urbanstr. 116, Berlin -> (52.4909823, 13.4184168) confidence: 8.875486381318407e-05
2025-08-15 17:27:19,881 - INFO - Updated Friedrich Steinrück: (52.4909823, 13.4184168)
2025-08-15 17:27:19,881 - INFO - Processing address 1957/2495: Oberwallstr. 19, Berlin
2025-08-15 17:27:21,336 - INFO - Geocoded: Oberwallstr. 19, Berlin -> (52.5139905, 13.3971532) confidence: 8.875486381318407e-05
2025-08-15 17:27:21,336 - INFO - Updated Friedrich Süßmann: (52.5139905, 13.3971532)
2025-08-15 17:27:21,336 - INFO - Processing address 1958/2495: Neanderstr. 4, Berlin
2025-08-15 17:27:22,792 - INFO - Geocoded: Neanderstr. 4, Berlin -> (52.4046316, 13.391744) confidence: 0.05342208819714653
2025-08-15 17:27:22,792 - INFO - Updated Friedrich Wilhelm Maas & Co GmbH: (52.4046316, 13.391744)
2025-08-15 17:27:22,792 - INFO - Processing address 1959/2495: Neuköllnische Alllee 60/74, Berlin
2025-08-15 17:27:29,497 - WARNING - Failed to geocode: Neuköllnische Alllee 60/74, Berlin
2025-08-15 17:27:29,497 - ERROR - Failed to geocode address: Neuköllnische Alllee 60/74, Berlin
2025-08-15 17:27:29,497 - INFO - Processing address 1960/2495: Suarezstr. 55, Berlin
2025-08-15 17:27:30,895 - INFO - Geocoded: Suarezstr. 55, Berlin -> (52.5088518, 13.2965202) confidence: 8.875486381318407e-05
2025-08-15 17:27:30,895 - INFO - Updated Friedrich Zwiebel, Ingenieur für Electro- Tonfilm- & Störschutzapparatebau: (52.5088518, 13.2965202)
2025-08-15 17:27:30,895 - INFO - Processing address 1961/2495: Drogerie chemicals and pharmaceuticals Nürnberger Platz  1, Berlin
2025-08-15 17:27:37,830 - WARNING - Failed to geocode: Drogerie chemicals and pharmaceuticals Nürnberger Platz  1, Berlin
2025-08-15 17:27:37,831 - ERROR - Failed to geocode address: Drogerie chemicals and pharmaceuticals Nürnberger Platz  1, Berlin
2025-08-15 17:27:37,831 - INFO - Processing address 1962/2495: Koblanckstr. 1, Berlin
2025-08-15 17:27:39,433 - INFO - Geocoded: Koblanckstr. 1, Berlin -> (52.4265354, 13.160457) confidence: 0.05342208819714653
2025-08-15 17:27:39,433 - INFO - Updated Frimeta Dörfler Partiewarenhandel: (52.4265354, 13.160457)
2025-08-15 17:27:39,433 - INFO - Processing address 1963/2495: Kastanienallee 87, Berlin
2025-08-15 17:27:40,913 - INFO - Geocoded: Kastanienallee 87, Berlin -> (52.5377595, 13.4092195) confidence: 8.875486381318407e-05
2025-08-15 17:27:40,913 - INFO - Updated Frischmann Möbelhandlung GmbH: (52.5377595, 13.4092195)
2025-08-15 17:27:40,913 - INFO - Processing address 1964/2495: Wielandstr.  31, Berlin
2025-08-15 17:27:42,470 - INFO - Geocoded: Wielandstr.  31, Berlin -> (52.4827251, 13.5903174) confidence: 8.875486381318407e-05
2025-08-15 17:27:42,471 - INFO - Updated Friseur Fischel: (52.4827251, 13.5903174)
2025-08-15 17:27:42,471 - INFO - Processing address 1965/2495: Friseur Tuna Schönhauser Allee  166, Berlin
2025-08-15 17:27:52,773 - WARNING - Failed to geocode: Friseur Tuna Schönhauser Allee  166, Berlin
2025-08-15 17:27:52,795 - ERROR - Failed to geocode address: Friseur Tuna Schönhauser Allee  166, Berlin
2025-08-15 17:27:52,800 - INFO - Processing address 1966/2495: Binzstr. 66, Berlin
2025-08-15 17:27:54,287 - INFO - Geocoded: Binzstr. 66, Berlin -> (52.5632196, 13.4140136) confidence: 8.875486381318407e-05
2025-08-15 17:27:54,287 - INFO - Updated Fritz Arnfeld: (52.5632196, 13.4140136)
2025-08-15 17:27:54,287 - INFO - Processing address 1967/2495: Wallstr. 17/18, Berlin
2025-08-15 17:27:56,222 - INFO - Geocoded: Wallstr. 17/18, Berlin -> (52.5112193, 13.4058639) confidence: 0.05342208819714653
2025-08-15 17:27:56,222 - INFO - Updated Fritz Bloch & Co: (52.5112193, 13.4058639)
2025-08-15 17:27:56,222 - INFO - Processing address 1968/2495: Levetzowstr. 17, Berlin
2025-08-15 17:27:57,808 - INFO - Geocoded: Levetzowstr. 17, Berlin -> (52.5198809, 13.3375616) confidence: 0.05342208819714653
2025-08-15 17:27:57,808 - INFO - Updated Fritz Choyke: (52.5198809, 13.3375616)
2025-08-15 17:27:57,808 - INFO - Processing address 1969/2495: Uhlandstr. 83, Berlin
2025-08-15 17:27:59,404 - INFO - Geocoded: Uhlandstr. 83, Berlin -> (52.5959575, 13.3677819) confidence: 8.875486381318407e-05
2025-08-15 17:27:59,404 - INFO - Updated Fritz Elkan: (52.5959575, 13.3677819)
2025-08-15 17:27:59,404 - INFO - Processing address 1970/2495: Fritschestr. 44, Berlin
2025-08-15 17:28:00,938 - INFO - Geocoded: Fritschestr. 44, Berlin -> (52.5068851, 13.3006066) confidence: 0.05342208819714653
2025-08-15 17:28:00,938 - INFO - Updated Fritz Frank: (52.5068851, 13.3006066)
2025-08-15 17:28:00,938 - INFO - Processing address 1971/2495: Frankenallee 13, Berlin
2025-08-15 17:28:02,414 - INFO - Geocoded: Frankenallee 13, Berlin -> (52.5085841, 13.2682301) confidence: 8.875486381318407e-05
2025-08-15 17:28:02,415 - INFO - Updated Fritz Greiner: (52.5085841, 13.2682301)
2025-08-15 17:28:02,415 - INFO - Processing address 1972/2495: Hektorstr. 12, Berlin
2025-08-15 17:28:03,862 - INFO - Geocoded: Hektorstr. 12, Berlin -> (52.5005964, 13.2977289) confidence: 8.875486381318407e-05
2025-08-15 17:28:03,862 - INFO - Updated Fritz Gutmann: (52.5005964, 13.2977289)
2025-08-15 17:28:03,862 - INFO - Processing address 1973/2495: Tempelhofer Ufer 3, Berlin
2025-08-15 17:28:05,636 - INFO - Geocoded: Tempelhofer Ufer 3, Berlin -> (52.4986628, 13.3826191) confidence: 0.05342208819714653
2025-08-15 17:28:05,637 - INFO - Updated Fritz H. Weinberg: (52.4986628, 13.3826191)
2025-08-15 17:28:05,637 - INFO - Processing address 1974/2495: Graefestr. 90, Berlin
2025-08-15 17:28:07,157 - INFO - Geocoded: Graefestr. 90, Berlin -> (52.4950603, 13.4195644) confidence: 8.875486381318407e-05
2025-08-15 17:28:07,157 - INFO - Updated Fritz Hamburger: (52.4950603, 13.4195644)
2025-08-15 17:28:07,157 - INFO - Processing address 1975/2495: Lützowstr. 102/104, Berlin
2025-08-15 17:28:08,919 - INFO - Geocoded: Lützowstr. 102/104, Berlin -> (52.5026725, 13.3674546) confidence: 0.05342208819714653
2025-08-15 17:28:08,919 - INFO - Updated Fritz Heller: (52.5026725, 13.3674546)
2025-08-15 17:28:08,919 - INFO - Processing address 1976/2495: Yorckstr. 19, Berlin
2025-08-15 17:28:10,430 - INFO - Geocoded: Yorckstr. 19, Berlin -> (52.4931968, 13.3809331) confidence: 8.875486381318407e-05
2025-08-15 17:28:10,430 - INFO - Updated Fritz Kalisch GmbH: (52.4931968, 13.3809331)
2025-08-15 17:28:10,430 - INFO - Processing address 1977/2495: Hohenstaufenstr. 36, Berlin
2025-08-15 17:28:11,902 - INFO - Geocoded: Hohenstaufenstr. 36, Berlin -> (52.4944692, 13.339845) confidence: 8.875486381318407e-05
2025-08-15 17:28:11,902 - INFO - Updated Fritz Kauffmann: (52.49417796625727, 13.340467535508752)
2025-08-15 17:28:11,902 - INFO - Updated Großhandlung für Elektro-Material Ludwig Orenstein: (52.49457165863808, 13.339539065300631)
2025-08-15 17:28:11,902 - INFO - Processing address 1978/2495: Grünstr. 21, Berlin
2025-08-15 17:28:13,397 - INFO - Geocoded: Grünstr. 21, Berlin -> (52.4449836, 13.5757026) confidence: 8.875486381318407e-05
2025-08-15 17:28:13,397 - INFO - Updated Fritz Koch: (52.4449836, 13.5757026)
2025-08-15 17:28:13,397 - INFO - Processing address 1979/2495: Hobrechtstr. 66, Berlin
2025-08-15 17:28:14,928 - INFO - Geocoded: Hobrechtstr. 66, Berlin -> (52.4893023, 13.4260534) confidence: 8.875486381318407e-05
2025-08-15 17:28:14,928 - INFO - Updated Fritz Kripke GmbH: (52.4893023, 13.4260534)
2025-08-15 17:28:14,929 - INFO - Processing address 1980/2495: Jablonskistr.  5, Berlin
2025-08-15 17:28:16,387 - INFO - Geocoded: Jablonskistr.  5, Berlin -> (52.5357693, 13.4298688) confidence: 8.875486381318407e-05
2025-08-15 17:28:16,387 - INFO - Updated Fritz Kronheim (Gebr. Sommerfeld): (52.5357693, 13.4298688)
2025-08-15 17:28:16,387 - INFO - Processing address 1981/2495: Tempelhofer Ufer 5, Berlin
2025-08-15 17:28:17,820 - INFO - Geocoded: Tempelhofer Ufer 5, Berlin -> (52.4978115, 13.3876163) confidence: 8.875486381318407e-05
2025-08-15 17:28:17,823 - INFO - Updated Fritz Lesser: (52.4978115, 13.3876163)
2025-08-15 17:28:17,824 - INFO - Processing address 1982/2495: Jakobstr. 156/157, Berlin
2025-08-15 17:28:19,833 - INFO - Geocoded: Jakobstr. 156/157, Berlin -> (52.5260336, 13.4125015) confidence: 0.05342208819714653
2025-08-15 17:28:19,833 - INFO - Updated Fritz Lindenbaum: (52.5260336, 13.4125015)
2025-08-15 17:28:19,833 - INFO - Processing address 1983/2495: Niebuhrstr. 67, Berlin
2025-08-15 17:28:21,240 - INFO - Geocoded: Niebuhrstr. 67, Berlin -> (52.5043657, 13.3122537) confidence: 8.875486381318407e-05
2025-08-15 17:28:21,240 - INFO - Updated Fritz M. Nassauer: (52.5043657, 13.3122537)
2025-08-15 17:28:21,240 - INFO - Processing address 1984/2495: Hohenstaufenstr. 56, Berlin
2025-08-15 17:28:22,987 - INFO - Geocoded: Hohenstaufenstr. 56, Berlin -> (52.4947354, 13.3508544) confidence: 0.05342208819714653
2025-08-15 17:28:22,987 - INFO - Updated Fritz Marcus: (52.4947354, 13.3508544)
2025-08-15 17:28:22,987 - INFO - Processing address 1985/2495: Haberlandstr. 10, Berlin
2025-08-15 17:28:24,405 - INFO - Geocoded: Haberlandstr. 10, Berlin -> (52.491218, 13.3379875) confidence: 8.875486381318407e-05
2025-08-15 17:28:24,405 - INFO - Updated Fritz Marx: (52.491218, 13.3379875)
2025-08-15 17:28:24,405 - INFO - Processing address 1986/2495: Knesebeckstr. 5, Berlin
2025-08-15 17:28:25,932 - INFO - Geocoded: Knesebeckstr. 5, Berlin -> (52.4282656, 13.2658511) confidence: 8.875486381318407e-05
2025-08-15 17:28:25,933 - INFO - Updated Fritz Matern Kohlenhandels-GmbH: (52.4282656, 13.2658511)
2025-08-15 17:28:25,933 - INFO - Processing address 1987/2495: Meranerstr. 9, Berlin
2025-08-15 17:28:27,352 - INFO - Geocoded: Meranerstr. 9, Berlin -> (52.4870591, 13.3394641) confidence: 8.875486381318407e-05
2025-08-15 17:28:27,352 - INFO - Updated Fritz Michaelis: (52.4870591, 13.3394641)
2025-08-15 17:28:27,352 - INFO - Processing address 1988/2495: Schloßstr.  104, Berlin
2025-08-15 17:28:29,433 - INFO - Geocoded: Schloßstr.  104, Berlin -> (52.4601342, 13.3241151) confidence: 8.875486381318407e-05
2025-08-15 17:28:29,436 - INFO - Updated Fritz P. Bormann: (52.4601342, 13.3241151)
2025-08-15 17:28:29,436 - INFO - Processing address 1989/2495: Bredowstr.  49, Berlin
2025-08-15 17:28:30,941 - INFO - Geocoded: Bredowstr.  49, Berlin -> (52.5323638, 13.3400551) confidence: 0.05342208819714653
2025-08-15 17:28:30,941 - INFO - Updated Fritz Papendorf: (52.5323638, 13.3400551)
2025-08-15 17:28:30,941 - INFO - Processing address 1990/2495: Kommandantenstr. 83, Berlin
2025-08-15 17:28:32,380 - INFO - Geocoded: Kommandantenstr. 83, Berlin -> (52.4334455, 13.2931848) confidence: 8.875486381318407e-05
2025-08-15 17:28:32,380 - INFO - Updated Fritz Preuß: (52.4334455, 13.2931848)
2025-08-15 17:28:32,381 - INFO - Processing address 1991/2495: Behrenstr. 27, Berlin
2025-08-15 17:28:33,798 - INFO - Geocoded: Behrenstr. 27, Berlin -> (52.515573, 13.3894821) confidence: 8.875486381318407e-05
2025-08-15 17:28:33,798 - INFO - Updated Fritz Rosenberg: (52.515573, 13.3894821)
2025-08-15 17:28:33,798 - INFO - Processing address 1992/2495: Lothringenstr. 26, Berlin
2025-08-15 17:28:39,705 - WARNING - Failed to geocode: Lothringenstr. 26, Berlin
2025-08-15 17:28:39,705 - ERROR - Failed to geocode address: Lothringenstr. 26, Berlin
2025-08-15 17:28:39,705 - INFO - Processing address 1993/2495: Elisabethufer 34/35, Berlin
2025-08-15 17:28:46,239 - WARNING - Failed to geocode: Elisabethufer 34/35, Berlin
2025-08-15 17:28:46,248 - ERROR - Failed to geocode address: Elisabethufer 34/35, Berlin
2025-08-15 17:28:46,252 - INFO - Processing address 1994/2495: Viktoriastr. 2, Berlin
2025-08-15 17:28:47,876 - INFO - Geocoded: Viktoriastr. 2, Berlin -> (52.4474139, 13.6277877) confidence: 8.875486381318407e-05
2025-08-15 17:28:47,877 - INFO - Updated Fritz Rothmann: (52.4474139, 13.6277877)
2025-08-15 17:28:47,877 - INFO - Processing address 1995/2495: Gervinusstr. 19, Berlin
2025-08-15 17:28:49,382 - INFO - Geocoded: Gervinusstr. 19, Berlin -> (52.5027456, 13.2993117) confidence: 8.875486381318407e-05
2025-08-15 17:28:49,382 - INFO - Updated Fritz Schwerin: (52.5027456, 13.2993117)
2025-08-15 17:28:49,382 - INFO - Processing address 1996/2495: Mohrenstr. 13/14, Berlin
2025-08-15 17:28:51,124 - INFO - Geocoded: Mohrenstr. 13/14, Berlin -> (52.511298, 13.3847578) confidence: 0.32314590312055647
2025-08-15 17:28:51,125 - INFO - Updated Fritz Singer: (52.511298, 13.3847578)
2025-08-15 17:28:51,125 - INFO - Processing address 1997/2495: Münzstr. 17, Berlin
2025-08-15 17:28:52,788 - INFO - Geocoded: Münzstr. 17, Berlin -> (52.5240224, 13.4093759) confidence: 0.05342208819714653
2025-08-15 17:28:52,788 - INFO - Updated Fritz Stoehr: (52.5240224, 13.4093759)
2025-08-15 17:28:52,788 - INFO - Processing address 1998/2495: Goszlowskistr. 19, Berlin
2025-08-15 17:28:58,029 - WARNING - Failed to geocode: Goszlowskistr. 19, Berlin
2025-08-15 17:28:58,029 - ERROR - Failed to geocode address: Goszlowskistr. 19, Berlin
2025-08-15 17:28:58,029 - INFO - Processing address 1999/2495: Brunnenstr. 168, Berlin
2025-08-15 17:28:59,855 - INFO - Geocoded: Brunnenstr. 168, Berlin -> (52.533689, 13.3981257) confidence: 8.875486381318407e-05
2025-08-15 17:28:59,855 - INFO - Updated Frojem Wohlmann Futterstoffe und Schneiderartikel: (52.533689, 13.3981257)
2025-08-15 17:28:59,855 - INFO - Processing address 2000/2495: Brünnhildestr. 3, Berlin
2025-08-15 17:29:01,223 - INFO - Geocoded: Brünnhildestr. 3, Berlin -> (52.4763663, 13.3304542) confidence: 8.875486381318407e-05
2025-08-15 17:29:01,223 - INFO - Updated Fromm, Dora: (52.4763663, 13.3304542)
2025-08-15 17:29:01,223 - INFO - Progress: 2000/2495 addresses processed
2025-08-15 17:29:01,255 - INFO - Processing address 2001/2495: Birkenstr. 44, Berlin
2025-08-15 17:29:03,563 - INFO - Geocoded: Birkenstr. 44, Berlin -> (52.4887324, 13.5833157) confidence: 8.875486381318407e-05
2025-08-15 17:29:03,563 - INFO - Updated Frommann, Ernst: (52.4887324, 13.5833157)
2025-08-15 17:29:03,563 - INFO - Processing address 2002/2495: Bastianstr.  8, Berlin
2025-08-15 17:29:05,046 - INFO - Geocoded: Bastianstr.  8, Berlin -> (52.5509031, 13.3802917) confidence: 8.875486381318407e-05
2025-08-15 17:29:05,046 - INFO - Updated Fränkels Hausdienst: (52.5509031, 13.3802917)
2025-08-15 17:29:05,046 - INFO - Processing address 2003/2495: Badstr. 57, Berlin
2025-08-15 17:29:06,805 - INFO - Geocoded: Badstr. 57, Berlin -> (52.5515456, 13.3826998) confidence: 8.875486381318407e-05
2025-08-15 17:29:06,805 - INFO - Updated Fröhlich & Kohnke: (52.5515456, 13.3826998)
2025-08-15 17:29:06,805 - INFO - Processing address 2004/2495: Bischofstr. 22, Berlin
2025-08-15 17:29:14,208 - WARNING - Failed to geocode: Bischofstr. 22, Berlin
2025-08-15 17:29:14,209 - ERROR - Failed to geocode address: Bischofstr. 22, Berlin
2025-08-15 17:29:14,209 - INFO - Processing address 2005/2495: Schönhauser Allee 72, Berlin
2025-08-15 17:29:15,942 - INFO - Geocoded: Schönhauser Allee 72, Berlin -> (52.548478, 13.41392) confidence: 8.875486381318407e-05
2025-08-15 17:29:15,942 - INFO - Updated Fuchs-Schuhe Fritz Fuchs: (52.548478, 13.41392)
2025-08-15 17:29:15,942 - INFO - Processing address 2006/2495: Friedrichstr. 13, Berlin
2025-08-15 17:29:17,630 - INFO - Geocoded: Friedrichstr. 13, Berlin -> (52.5017328, 13.3921615) confidence: 8.875486381318407e-05
2025-08-15 17:29:17,630 - INFO - Updated Fundus GmbH: (52.5017328, 13.3921615)
2025-08-15 17:29:17,630 - INFO - Processing address 2007/2495: Neanderstr. 38, Berlin
2025-08-15 17:29:19,073 - INFO - Geocoded: Neanderstr. 38, Berlin -> (52.3996689, 13.392038) confidence: 8.875486381318407e-05
2025-08-15 17:29:19,073 - INFO - Updated Fuß & Sydower: (52.3996689, 13.392038)
2025-08-15 17:29:19,073 - INFO - Processing address 2008/2495: Ritterstr. 48, Berlin
2025-08-15 17:29:20,551 - INFO - Geocoded: Ritterstr. 48, Berlin -> (52.5045394, 13.4020051) confidence: 8.875486381318407e-05
2025-08-15 17:29:20,551 - INFO - Updated Fürst & Hoeft: (52.504937426227315, 13.402402154528609)
2025-08-15 17:29:20,551 - INFO - Updated Glas- und Steingut-Vertriebsgesellschaft mbH: (52.50457078893777, 13.40254748623906)
2025-08-15 17:29:20,551 - INFO - Processing address 2009/2495: Brennerstr. 18, Berlin
2025-08-15 17:29:22,054 - INFO - Geocoded: Brennerstr. 18, Berlin -> (52.5587394, 13.4035043) confidence: 8.875486381318407e-05
2025-08-15 17:29:22,055 - INFO - Updated Fürst, William: (52.5587394, 13.4035043)
2025-08-15 17:29:22,055 - INFO - Processing address 2010/2495: Alter Fürstenbrunner Weg 25/32, Berlin
2025-08-15 17:29:29,330 - WARNING - Failed to geocode: Alter Fürstenbrunner Weg 25/32, Berlin
2025-08-15 17:29:29,333 - ERROR - Failed to geocode address: Alter Fürstenbrunner Weg 25/32, Berlin
2025-08-15 17:29:29,336 - INFO - Processing address 2011/2495: Hoher Steinweg 13, Berlin
2025-08-15 17:29:31,346 - INFO - Geocoded: Hoher Steinweg 13, Berlin -> (52.5398747, 13.2062069) confidence: 0.05342208819714653
2025-08-15 17:29:31,346 - INFO - Updated G. Bendix: (52.5398747, 13.2062069)
2025-08-15 17:29:31,346 - INFO - Processing address 2012/2495: Schlüterstr.  59, Berlin
2025-08-15 17:29:32,980 - INFO - Geocoded: Schlüterstr.  59, Berlin -> (52.5049395, 13.3181864) confidence: 8.875486381318407e-05
2025-08-15 17:29:32,980 - INFO - Updated G. Bodanszky: (52.5049395, 13.3181864)
2025-08-15 17:29:32,980 - INFO - Processing address 2013/2495: Maaßenstr. 37, Berlin
2025-08-15 17:29:34,546 - INFO - Geocoded: Maaßenstr. 37, Berlin -> (52.4985173, 13.3542185) confidence: 0.05342208819714653
2025-08-15 17:29:34,547 - INFO - Updated G. Bredt & Co GmbH: (52.4985173, 13.3542185)
2025-08-15 17:29:34,547 - INFO - Processing address 2014/2495: Alexanderstr. 71, Berlin
2025-08-15 17:29:36,144 - INFO - Geocoded: Alexanderstr. 71, Berlin -> (52.5203301, 13.4156813) confidence: 0.05342208819714653
2025-08-15 17:29:36,144 - INFO - Updated G. E. Handmann Nachflg. Hugo Hopp: (52.5203301, 13.4156813)
2025-08-15 17:29:36,144 - INFO - Processing address 2015/2495: Am Treptower Park 28/30, Berlin
2025-08-15 17:29:37,664 - INFO - Geocoded: Am Treptower Park 28/30, Berlin -> (52.4873778, 13.4625933) confidence: 8.875486381318407e-05
2025-08-15 17:29:37,665 - INFO - Updated G. Feibisch AG: (52.4873778, 13.4625933)
2025-08-15 17:29:37,665 - INFO - Processing address 2016/2495: Tempelhofer Ufer 31, Berlin
2025-08-15 17:29:39,173 - INFO - Geocoded: Tempelhofer Ufer 31, Berlin -> (52.499532, 13.3773472) confidence: 8.875486381318407e-05
2025-08-15 17:29:39,173 - INFO - Updated G. Hencke Nachf.: (52.499532, 13.3773472)
2025-08-15 17:29:39,173 - INFO - Processing address 2017/2495: Ritterstr. 111, Berlin
2025-08-15 17:29:40,754 - INFO - Geocoded: Ritterstr. 111, Berlin -> (52.5012954, 13.4102329) confidence: 8.875486381318407e-05
2025-08-15 17:29:40,754 - INFO - Updated G. Krantz & Co: (52.5012954, 13.4102329)
2025-08-15 17:29:40,754 - INFO - Processing address 2018/2495: Unter den Linden 42, Berlin
2025-08-15 17:29:42,313 - INFO - Geocoded: Unter den Linden 42, Berlin -> (52.517102, 13.3859461) confidence: 0.20759174723523172
2025-08-15 17:29:42,313 - INFO - Updated G. Loewenberg & Co: (52.517102, 13.3859461)
2025-08-15 17:29:42,313 - INFO - Processing address 2019/2495: Ritterstr. 63, Berlin
2025-08-15 17:29:43,789 - INFO - Geocoded: Ritterstr. 63, Berlin -> (52.5049697, 13.3979294) confidence: 8.875486381318407e-05
2025-08-15 17:29:43,789 - INFO - Updated G. Meyer & Co: (52.5049697, 13.3979294)
2025-08-15 17:29:43,790 - INFO - Processing address 2020/2495: Hoffmanndamm 31, Berlin
2025-08-15 17:29:49,100 - WARNING - Failed to geocode: Hoffmanndamm 31, Berlin
2025-08-15 17:29:49,101 - ERROR - Failed to geocode address: Hoffmanndamm 31, Berlin
2025-08-15 17:29:49,101 - INFO - Processing address 2021/2495: Paulsbornerstr. 90, Berlin
2025-08-15 17:29:50,680 - INFO - Geocoded: Paulsbornerstr. 90, Berlin -> (52.4976054, 13.3058361) confidence: 8.875486381318407e-05
2025-08-15 17:29:50,680 - INFO - Updated G. Weil & Co: (52.4976054, 13.3058361)
2025-08-15 17:29:50,680 - INFO - Processing address 2022/2495: Arnold Bayrischer Platz 4, Berlin
2025-08-15 17:29:58,566 - WARNING - Failed to geocode: Arnold Bayrischer Platz 4, Berlin
2025-08-15 17:29:58,567 - ERROR - Failed to geocode address: Arnold Bayrischer Platz 4, Berlin
2025-08-15 17:29:58,567 - INFO - Processing address 2023/2495: Lützowufer 13, Berlin
2025-08-15 17:30:00,006 - INFO - Geocoded: Lützowufer 13, Berlin -> (52.506273, 13.3568882) confidence: 8.875486381318407e-05
2025-08-15 17:30:00,006 - INFO - Updated Galerie Alfred Flechtheim GmbH: (52.506273, 13.3568882)
2025-08-15 17:30:00,006 - INFO - Processing address 2024/2495: Bellevuestr. 10, Berlin
2025-08-15 17:30:01,470 - INFO - Geocoded: Bellevuestr. 10, Berlin -> (52.4547878, 13.5929834) confidence: 8.875486381318407e-05
2025-08-15 17:30:01,470 - INFO - Updated Galerie Heinrich Thannhauser: (52.4547878, 13.5929834)
2025-08-15 17:30:01,470 - INFO - Processing address 2025/2495: Kommandantenstr. 87, Berlin
2025-08-15 17:30:03,058 - INFO - Geocoded: Kommandantenstr. 87, Berlin -> (52.4348861, 13.2933093) confidence: 8.875486381318407e-05
2025-08-15 17:30:03,058 - INFO - Updated Gallinger & Nenke: (52.4348861, 13.2933093)
2025-08-15 17:30:03,058 - INFO - Processing address 2026/2495: Hauptstr. 10, Berlin
2025-08-15 17:30:06,997 - INFO - Geocoded: Hauptstr. 10, Berlin -> (52.4889179, 13.3585805) confidence: 8.875486381318407e-05
2025-08-15 17:30:06,997 - INFO - Updated Gambrinus Kurt Sahlmann & Co: (52.4889179, 13.3585805)
2025-08-15 17:30:06,998 - INFO - Processing address 2027/2495: Unter den Linden 60, Berlin
2025-08-15 17:30:08,418 - INFO - Geocoded: Unter den Linden 60, Berlin -> (52.5171781, 13.391631) confidence: 8.875486381318407e-05
2025-08-15 17:30:08,418 - INFO - Updated Garbaty Zigarrenfabrik GmbH: (52.5171781, 13.391631)
2025-08-15 17:30:08,418 - INFO - Processing address 2028/2495: 123/125, Berlin
2025-08-15 17:30:11,339 - INFO - Geocoded: 123/125, Berlin -> (52.510885, 13.3989367) confidence: 0.840425236063765
2025-08-15 17:30:11,339 - INFO - Updated Garbáty Cigarettenfabrik GmbH: (52.51120754744024, 13.398684104483518)
2025-08-15 17:30:11,339 - INFO - Updated Garbáty Cigarettenfabrik KG: (52.51058469771205, 13.399485087152916)
2025-08-15 17:30:11,339 - INFO - Processing address 2029/2495: Klosterstr. 88/90, Berlin
2025-08-15 17:30:13,335 - INFO - Geocoded: Klosterstr. 88/90, Berlin -> (52.5186603, 13.4113815) confidence: 0.33382026067444703
2025-08-15 17:30:13,335 - INFO - Updated Gardinenfabrik Georg Berliner: (52.5186603, 13.4113815)
2025-08-15 17:30:13,335 - INFO - Processing address 2030/2495: Bergstr. 25/26, Berlin
2025-08-15 17:30:16,921 - INFO - Geocoded: Bergstr. 25/26, Berlin -> (52.5212416, 13.518608) confidence: 0.04008875486381322
2025-08-15 17:30:16,921 - INFO - Updated Gardinenhaus Neukölln Leopold Levy: (52.5212416, 13.518608)
2025-08-15 17:30:16,921 - INFO - Processing address 2031/2495: Brunnenstr.  14, Berlin
2025-08-15 17:30:18,990 - INFO - Geocoded: Brunnenstr.  14, Berlin -> (52.5379574, 13.3963483) confidence: 0.31635099249802295
2025-08-15 17:30:18,990 - INFO - Updated Gardinenhaus Schönhorn: (52.5379574, 13.3963483)
2025-08-15 17:30:18,990 - INFO - Processing address 2032/2495: Moosstr.  47, Berlin
2025-08-15 17:30:20,503 - INFO - Geocoded: Moosstr.  47, Berlin -> (52.4506514, 13.5317294) confidence: 8.875486381318407e-05
2025-08-15 17:30:20,504 - INFO - Updated Garson: (52.4506514, 13.5317294)
2025-08-15 17:30:20,504 - INFO - Processing address 2033/2495: Gollnowstr. 2, Berlin
2025-08-15 17:30:26,699 - WARNING - Failed to geocode: Gollnowstr. 2, Berlin
2025-08-15 17:30:26,699 - ERROR - Failed to geocode address: Gollnowstr. 2, Berlin
2025-08-15 17:30:26,700 - INFO - Processing address 2034/2495: Charlottenstr. 13, Berlin
2025-08-15 17:30:28,445 - INFO - Geocoded: Charlottenstr. 13, Berlin -> (52.5070072, 13.3925904) confidence: 8.875486381318407e-05
2025-08-15 17:30:28,445 - INFO - Updated Gebhardt & Co: (52.5070072, 13.3925904)
2025-08-15 17:30:28,445 - INFO - Processing address 2035/2495: Heiligegeiststr. 17/18, Berlin
2025-08-15 17:30:35,335 - WARNING - Failed to geocode: Heiligegeiststr. 17/18, Berlin
2025-08-15 17:30:35,336 - ERROR - Failed to geocode address: Heiligegeiststr. 17/18, Berlin
2025-08-15 17:30:35,336 - INFO - Processing address 2036/2495: Behrenstr. 63, Berlin
2025-08-15 17:30:36,785 - INFO - Geocoded: Behrenstr. 63, Berlin -> (52.5156062, 13.3849755) confidence: 8.875486381318407e-05
2025-08-15 17:30:36,785 - INFO - Updated Gebr. Arnhold: (52.5156062, 13.3849755)
2025-08-15 17:30:36,785 - INFO - Processing address 2037/2495: Mohrenstr. 61, Berlin
2025-08-15 17:30:39,100 - INFO - Geocoded: Mohrenstr. 61, Berlin -> (52.5120954, 13.3872147) confidence: 8.875486381318407e-05
2025-08-15 17:30:39,100 - INFO - Updated Gebr. Barasch: (52.5120954, 13.3872147)
2025-08-15 17:30:39,100 - INFO - Processing address 2038/2495: Schönhauser Allee 84, Berlin
2025-08-15 17:30:40,617 - INFO - Geocoded: Schönhauser Allee 84, Berlin -> (52.5510692, 13.414429) confidence: 8.875486381318407e-05
2025-08-15 17:30:40,617 - INFO - Updated Gebr. Becker Inh. Max Franke: (52.5510692, 13.414429)
2025-08-15 17:30:40,617 - INFO - Processing address 2039/2495: Hausvogteiplatz 1, Berlin
2025-08-15 17:30:42,079 - INFO - Geocoded: Hausvogteiplatz 1, Berlin -> (52.5133456, 13.3965809) confidence: 8.875486381318407e-05
2025-08-15 17:30:42,079 - INFO - Updated Gebr. Berglas Mechanische Kammgarnwebereien AG: (52.5130542533067, 13.397050126288649)
2025-08-15 17:30:42,079 - INFO - Updated Gebrüder Berglas Mechanische Kammgarnweberei: (52.513465260437776, 13.396591537773814)
2025-08-15 17:30:42,079 - INFO - Processing address 2040/2495: Präsidentenstr. 3, Berlin
2025-08-15 17:30:43,508 - INFO - Geocoded: Präsidentenstr. 3, Berlin -> (52.5228088, 13.4003145) confidence: 8.875486381318407e-05
2025-08-15 17:30:43,508 - INFO - Updated Gebr. Blumann & Grünberg: (52.5228088, 13.4003145)
2025-08-15 17:30:43,508 - INFO - Processing address 2041/2495: Barnimstr. 24, Berlin
2025-08-15 17:30:45,027 - INFO - Geocoded: Barnimstr. 24, Berlin -> (52.5263681, 13.4220066) confidence: 0.05342208819714653
2025-08-15 17:30:45,027 - INFO - Updated Gebr. Broh: (52.5263681, 13.4220066)
2025-08-15 17:30:45,027 - INFO - Processing address 2042/2495: Pistoriusstraße 10, Berlin
2025-08-15 17:30:46,559 - INFO - Geocoded: Pistoriusstraße 10, Berlin -> (52.5511102, 13.4559155) confidence: 8.875486381318407e-05
2025-08-15 17:30:46,559 - INFO - Updated Gebr. Böhm GmbH: (52.5511102, 13.4559155)
2025-08-15 17:30:46,559 - INFO - Processing address 2043/2495: Heiligegeiststr. 12, Berlin
2025-08-15 17:30:59,229 - ERROR - Request failed for Heiligegeiststr. 12, Berlin: HTTPSConnectionPool(host='nominatim.openstreetmap.org', port=443): Read timed out. (read timeout=10)
2025-08-15 17:31:12,699 - WARNING - Failed to geocode: Heiligegeiststr. 12, Berlin
2025-08-15 17:31:12,700 - ERROR - Failed to geocode address: Heiligegeiststr. 12, Berlin
2025-08-15 17:31:12,700 - INFO - Processing address 2044/2495: Bischofstr. 9, Berlin
2025-08-15 17:31:19,002 - WARNING - Failed to geocode: Bischofstr. 9, Berlin
2025-08-15 17:31:19,004 - ERROR - Failed to geocode address: Bischofstr. 9, Berlin
2025-08-15 17:31:19,004 - INFO - Processing address 2045/2495: Yorkstr. 14, Berlin
2025-08-15 17:31:24,978 - WARNING - Failed to geocode: Yorkstr. 14, Berlin
2025-08-15 17:31:24,978 - ERROR - Failed to geocode address: Yorkstr. 14, Berlin
2025-08-15 17:31:24,978 - INFO - Processing address 2046/2495: Pasedagplatz 3/4, Berlin
2025-08-15 17:31:26,623 - INFO - Geocoded: Pasedagplatz 3/4, Berlin -> (52.5598856, 13.4605265) confidence: 0.06675542153047989
2025-08-15 17:31:26,624 - INFO - Updated Gebr. Elkeles: (52.5598856, 13.4605265)
2025-08-15 17:31:26,624 - INFO - Processing address 2047/2495: Prinzessinnenstr. 19, Berlin
2025-08-15 17:31:28,098 - INFO - Geocoded: Prinzessinnenstr. 19, Berlin -> (52.5024423, 13.4120367) confidence: 8.875486381318407e-05
2025-08-15 17:31:28,098 - INFO - Updated Gebr. Emmerich: (52.5024423, 13.4120367)
2025-08-15 17:31:28,098 - INFO - Processing address 2048/2495: Frankfurter Allee 284, Berlin
2025-08-15 17:31:29,814 - INFO - Geocoded: Frankfurter Allee 284, Berlin -> (52.5105509, 13.5039291) confidence: 8.875486381318407e-05
2025-08-15 17:31:29,814 - INFO - Updated Gebr. Freudenheim: (52.5105509, 13.5039291)
2025-08-15 17:31:29,814 - INFO - Processing address 2049/2495: Heidenfeldstr. 20, Berlin
2025-08-15 17:31:31,246 - INFO - Geocoded: Heidenfeldstr. 20, Berlin -> (52.5257121, 13.449485) confidence: 8.875486381318407e-05
2025-08-15 17:31:31,247 - INFO - Updated Gebr. Friedmann Elektromotoren: (52.5257121, 13.449485)
2025-08-15 17:31:31,247 - INFO - Processing address 2050/2495: Meinekestr. 4, Berlin
2025-08-15 17:31:32,674 - INFO - Geocoded: Meinekestr. 4, Berlin -> (52.5020658, 13.328875) confidence: 8.875486381318407e-05
2025-08-15 17:31:32,674 - INFO - Updated Gebr. Fuchs Herrenkleiderfabrik: (52.5020658, 13.328875)
2025-08-15 17:31:32,674 - INFO - Processing address 2051/2495: Prinzenallee 57/58, Berlin
2025-08-15 17:31:34,438 - INFO - Geocoded: Prinzenallee 57/58, Berlin -> (52.5588981, 13.386358) confidence: 0.20221430031627477
2025-08-15 17:31:34,438 - INFO - Updated Gebr. Gattel: (52.5588981, 13.386358)
2025-08-15 17:31:34,438 - INFO - Processing address 2052/2495: Königstr. 41, Berlin
2025-08-15 17:31:36,260 - INFO - Geocoded: Königstr. 41, Berlin -> (52.4178713, 13.1468168) confidence: 8.875486381318407e-05
2025-08-15 17:31:36,260 - INFO - Updated Gebr. Giesemann: (52.4178713, 13.1468168)
2025-08-15 17:31:36,260 - INFO - Processing address 2053/2495: Gerichtsstr.  12, Berlin
2025-08-15 17:31:42,715 - WARNING - Failed to geocode: Gerichtsstr.  12, Berlin
2025-08-15 17:31:42,715 - ERROR - Failed to geocode address: Gerichtsstr.  12, Berlin
2025-08-15 17:31:42,715 - INFO - Processing address 2054/2495: Königstr. 57, Berlin
2025-08-15 17:31:44,499 - INFO - Geocoded: Königstr. 57, Berlin -> (52.4187139, 13.1575001) confidence: 8.875486381318407e-05
2025-08-15 17:31:44,499 - INFO - Updated Gebr. Grumach AG: (52.4187139, 13.1575001)
2025-08-15 17:31:44,499 - INFO - Processing address 2055/2495: Schmidstr. 7, Berlin
2025-08-15 17:31:45,929 - INFO - Geocoded: Schmidstr. 7, Berlin -> (52.507799, 13.4173758) confidence: 8.875486381318407e-05
2025-08-15 17:31:45,929 - INFO - Updated Gebr. Hiller: (52.507799, 13.4173758)
2025-08-15 17:31:45,930 - INFO - Processing address 2056/2495: Kronenstr. 3, Berlin
2025-08-15 17:31:47,464 - INFO - Geocoded: Kronenstr. 3, Berlin -> (52.5109178, 13.3875522) confidence: 8.875486381318407e-05
2025-08-15 17:31:47,464 - INFO - Updated Gebr. Horn: (52.5109178, 13.3875522)
2025-08-15 17:31:47,464 - INFO - Processing address 2057/2495: Wartburgstr. 41, Berlin
2025-08-15 17:31:48,954 - INFO - Geocoded: Wartburgstr. 41, Berlin -> (52.4868239, 13.3463259) confidence: 8.875486381318407e-05
2025-08-15 17:31:48,954 - INFO - Updated Gebr. J. & M. Friedlaender: (52.4868239, 13.3463259)
2025-08-15 17:31:48,954 - INFO - Processing address 2058/2495: Motzstr. 32, Berlin
2025-08-15 17:31:50,495 - INFO - Geocoded: Motzstr. 32, Berlin -> (52.4975935, 13.3470664) confidence: 8.875486381318407e-05
2025-08-15 17:31:50,495 - INFO - Updated Gebr. Jaroslawsky, Dental-Depot: (52.4975935, 13.3470664)
2025-08-15 17:31:50,495 - INFO - Processing address 2059/2495: Klosterstr. 91, Berlin
2025-08-15 17:31:52,221 - INFO - Geocoded: Klosterstr. 91, Berlin -> (52.5186603, 13.4113815) confidence: 0.33382026067444703
2025-08-15 17:31:52,221 - INFO - Updated Gebr. Joachimsthal GmbH: (52.5186603, 13.4113815)
2025-08-15 17:31:52,221 - INFO - Processing address 2060/2495: Friedrichstr. 65, Berlin
2025-08-15 17:31:53,811 - INFO - Geocoded: Friedrichstr. 65, Berlin -> (52.4555533, 13.625658) confidence: 8.875486381318407e-05
2025-08-15 17:31:53,811 - INFO - Updated Gebr. Jüttner: (52.4555533, 13.625658)
2025-08-15 17:31:53,811 - INFO - Processing address 2061/2495: Kommandantenstr. 14, Berlin
2025-08-15 17:31:55,241 - INFO - Geocoded: Kommandantenstr. 14, Berlin -> (52.4374977, 13.2927939) confidence: 8.875486381318407e-05
2025-08-15 17:31:55,242 - INFO - Updated Gebr. Kahane: (52.4374977, 13.2927939)
2025-08-15 17:31:55,242 - INFO - Processing address 2062/2495: Bülowstr. 6, Berlin
2025-08-15 17:31:56,765 - INFO - Geocoded: Bülowstr. 6, Berlin -> (52.4987853, 13.3561157) confidence: 8.875486381318407e-05
2025-08-15 17:31:56,765 - INFO - Updated Gebr. Kaßner und Robert Seelisch: (52.4983412887394, 13.356671138461413)
2025-08-15 17:31:56,765 - INFO - Updated Gebrüder Kassner: (52.49844555690776, 13.3565503984332)
2025-08-15 17:31:56,765 - INFO - Processing address 2063/2495: Wilhelmstr. 21, Berlin
2025-08-15 17:31:58,918 - INFO - Geocoded: Wilhelmstr. 21, Berlin -> (52.5035303, 13.3881665) confidence: 8.875486381318407e-05
2025-08-15 17:31:58,918 - INFO - Updated Gebr. Kleinmann: (52.5035303, 13.3881665)
2025-08-15 17:31:58,918 - INFO - Processing address 2064/2495: Hollmannstr. 32, Berlin
2025-08-15 17:32:00,452 - INFO - Geocoded: Hollmannstr. 32, Berlin -> (52.5018096, 13.39627) confidence: 0.04008875486381322
2025-08-15 17:32:00,453 - INFO - Updated Gebr. Levysohn: (52.5018096, 13.39627)
2025-08-15 17:32:00,453 - INFO - Processing address 2065/2495: Glasowstr. 68, Berlin
2025-08-15 17:32:06,898 - WARNING - Failed to geocode: Glasowstr. 68, Berlin
2025-08-15 17:32:06,899 - ERROR - Failed to geocode address: Glasowstr. 68, Berlin
2025-08-15 17:32:06,899 - INFO - Processing address 2066/2495: Kurstr. 18/19, Berlin
2025-08-15 17:32:09,760 - INFO - Geocoded: Kurstr. 18/19, Berlin -> (52.5471732, 13.2077354) confidence: 0.05342208819714653
2025-08-15 17:32:09,761 - INFO - Updated Gebr. Manes: (52.5471732, 13.2077354)
2025-08-15 17:32:09,761 - INFO - Processing address 2067/2495: Schönhauser Allee 110, Berlin
2025-08-15 17:32:11,245 - INFO - Geocoded: Schönhauser Allee 110, Berlin -> (52.5512756, 13.4136659) confidence: 8.875486381318407e-05
2025-08-15 17:32:11,245 - INFO - Updated Gebr. Morris: (52.5512756, 13.4136659)
2025-08-15 17:32:11,245 - INFO - Processing address 2068/2495: Unter den Lindenn 5/6, Berlin
2025-08-15 17:32:16,589 - WARNING - Failed to geocode: Unter den Lindenn 5/6, Berlin
2025-08-15 17:32:16,589 - ERROR - Failed to geocode address: Unter den Lindenn 5/6, Berlin
2025-08-15 17:32:16,589 - INFO - Processing address 2069/2495: Bergstr. 28, Berlin
2025-08-15 17:32:18,563 - INFO - Geocoded: Bergstr. 28, Berlin -> (52.4250282, 13.1564744) confidence: 8.875486381318407e-05
2025-08-15 17:32:18,563 - INFO - Updated Gebr. Nußbaum Tabakwaren- Groß- und Einzelhandel: (52.4250282, 13.1564744)
2025-08-15 17:32:18,563 - INFO - Processing address 2070/2495: Friedrichstr. 11, Berlin
2025-08-15 17:32:20,893 - INFO - Geocoded: Friedrichstr. 11, Berlin -> (52.5013857, 13.3915763) confidence: 8.875486381318407e-05
2025-08-15 17:32:20,925 - INFO - Updated Gebr. Preschel Herrenkleider-Fabrik: (52.5013857, 13.3915763)
2025-08-15 17:32:20,925 - INFO - Processing address 2071/2495: 81/85, Berlin
2025-08-15 17:32:24,157 - INFO - Geocoded: 81/85, Berlin -> (52.510885, 13.3989367) confidence: 0.840425236063765
2025-08-15 17:32:24,158 - INFO - Updated Gebr. Pulvermacher: (52.510885, 13.3989367)
2025-08-15 17:32:24,159 - INFO - Processing address 2072/2495: Wittenbergplatz 4, Berlin
2025-08-15 17:32:25,846 - INFO - Geocoded: Wittenbergplatz 4, Berlin -> (52.5026043, 13.3436334) confidence: 8.875486381318407e-05
2025-08-15 17:32:25,848 - INFO - Updated Gebr. Raphaelsohn GmbH: (52.5026043, 13.3436334)
2025-08-15 17:32:25,848 - INFO - Processing address 2073/2495: Niebuhrstr. 77, Berlin
2025-08-15 17:32:28,831 - INFO - Geocoded: Niebuhrstr. 77, Berlin -> (52.5040449, 13.3184421) confidence: 8.875486381318407e-05
2025-08-15 17:32:28,832 - INFO - Updated Gebr. Rawack: (52.5040449, 13.3184421)
2025-08-15 17:32:28,832 - INFO - Processing address 2074/2495: Alexanderstr. 30, Berlin
2025-08-15 17:32:30,513 - INFO - Geocoded: Alexanderstr. 30, Berlin -> (52.5203301, 13.4156813) confidence: 0.05342208819714653
2025-08-15 17:32:30,514 - INFO - Updated Gebr. Riebenfeld: (52.5203301, 13.4156813)
2025-08-15 17:32:30,514 - INFO - Processing address 2075/2495: Klopstockstr. 52, Berlin
2025-08-15 17:32:32,212 - INFO - Geocoded: Klopstockstr. 52, Berlin -> (52.4830543, 13.59326) confidence: 0.05342208819714653
2025-08-15 17:32:32,214 - INFO - Updated Gebr. Rosenberg, Holzgroßhandlung: (52.4830543, 13.59326)
2025-08-15 17:32:32,215 - INFO - Processing address 2076/2495: Winterfeldstr. 27, Berlin
2025-08-15 17:32:38,666 - WARNING - Failed to geocode: Winterfeldstr. 27, Berlin
2025-08-15 17:32:38,669 - ERROR - Failed to geocode address: Winterfeldstr. 27, Berlin
2025-08-15 17:32:38,669 - INFO - Processing address 2077/2495: Bischofstr. 11, Berlin
2025-08-15 17:32:44,996 - WARNING - Failed to geocode: Bischofstr. 11, Berlin
2025-08-15 17:32:44,997 - ERROR - Failed to geocode address: Bischofstr. 11, Berlin
2025-08-15 17:32:45,000 - INFO - Processing address 2078/2495: Alexandrinenstr. 95/96, Berlin
2025-08-15 17:32:46,833 - INFO - Geocoded: Alexandrinenstr. 95/96, Berlin -> (52.5066473, 13.4090003) confidence: 0.05342208819714653
2025-08-15 17:32:46,835 - INFO - Updated Gebr. Rozenbaum Lederwarenfabrikation: (52.5066473, 13.4090003)
2025-08-15 17:32:46,835 - INFO - Processing address 2079/2495: Wilhelmstr. 40, Berlin
2025-08-15 17:32:48,678 - INFO - Geocoded: Wilhelmstr. 40, Berlin -> (52.5066514, 13.3862408) confidence: 8.875486381318407e-05
2025-08-15 17:32:48,690 - INFO - Updated Gebr. Ruß: (52.5066514, 13.3862408)
2025-08-15 17:32:48,690 - INFO - Processing address 2080/2495: Prenzlauer Allee 100, Berlin
2025-08-15 17:32:50,778 - INFO - Geocoded: Prenzlauer Allee 100, Berlin -> (52.5290451, 13.4174669) confidence: 0.3509924157318026
2025-08-15 17:32:50,778 - INFO - Updated Gebr. Schefftel Seifenfabrik: (52.5290451, 13.4174669)
2025-08-15 17:32:50,778 - INFO - Processing address 2081/2495: Blücherstr. 31, Berlin
2025-08-15 17:32:52,360 - INFO - Geocoded: Blücherstr. 31, Berlin -> (52.4917249, 13.402998) confidence: 8.875486381318407e-05
2025-08-15 17:32:52,360 - INFO - Updated Gebr. Schiffmann GmbH: (52.49192166473692, 13.403215544884803)
2025-08-15 17:32:52,360 - INFO - Updated Gebrüder Herzheim GmbH: (52.49176268299223, 13.402893091731011)
2025-08-15 17:32:52,360 - INFO - Processing address 2082/2495: Krausenstr. 37, Berlin
2025-08-15 17:32:53,840 - INFO - Geocoded: Krausenstr. 37, Berlin -> (52.5097941, 13.3979699) confidence: 8.875486381318407e-05
2025-08-15 17:32:53,840 - INFO - Updated Gebr. Schlochauer: (52.5097941, 13.3979699)
2025-08-15 17:32:53,841 - INFO - Processing address 2083/2495: Kleiststr. 25, Berlin
2025-08-15 17:32:55,428 - INFO - Geocoded: Kleiststr. 25, Berlin -> (52.444318, 13.2340984) confidence: 8.875486381318407e-05
2025-08-15 17:32:55,428 - INFO - Updated Gebr. Schmidt Feine Pelzwaren: (52.444318, 13.2340984)
2025-08-15 17:32:55,428 - INFO - Processing address 2084/2495: Münzstr. 22, Berlin
2025-08-15 17:32:56,954 - INFO - Geocoded: Münzstr. 22, Berlin -> (52.5249515, 13.4069253) confidence: 8.875486381318407e-05
2025-08-15 17:32:56,955 - INFO - Updated Gebr. Segal: (52.5249515, 13.4069253)
2025-08-15 17:32:56,955 - INFO - Processing address 2085/2495: Beuthstr. 15, Berlin
2025-08-15 17:32:58,405 - INFO - Geocoded: Beuthstr. 15, Berlin -> (52.5866364, 13.4083289) confidence: 8.875486381318407e-05
2025-08-15 17:32:58,405 - INFO - Updated Gebr. Sollinger: (52.58624206668174, 13.408701187962594)
2025-08-15 17:32:58,405 - INFO - Updated H. Schnitzer & Co: (52.586793329452675, 13.40774320300502)
2025-08-15 17:32:58,405 - INFO - Processing address 2086/2495: Mendelssohnstr. 13, Berlin
2025-08-15 17:33:00,108 - INFO - Geocoded: Mendelssohnstr. 13, Berlin -> (52.5265314, 13.4208344) confidence: 0.05342208819714653
2025-08-15 17:33:00,110 - INFO - Updated Gebr. Sommerfeld: (52.5265314, 13.4208344)
2025-08-15 17:33:00,112 - INFO - Processing address 2087/2495: Spittelmarkt 3, Berlin
2025-08-15 17:33:01,615 - INFO - Geocoded: Spittelmarkt 3, Berlin -> (52.5114089, 13.4018916) confidence: 0.33632164909184187
2025-08-15 17:33:01,615 - INFO - Updated Gebr. Stein: (52.5114089, 13.4018916)
2025-08-15 17:33:01,615 - INFO - Processing address 2088/2495: Klosterstr. 64, Berlin
2025-08-15 17:33:03,309 - INFO - Geocoded: Klosterstr. 64, Berlin -> (52.5163725, 13.412691) confidence: 8.875486381318407e-05
2025-08-15 17:33:03,309 - INFO - Updated Gebr. Tietz: (52.5163725, 13.412691)
2025-08-15 17:33:03,310 - INFO - Processing address 2089/2495: Waitzstr. 7, Berlin
2025-08-15 17:33:04,724 - INFO - Geocoded: Waitzstr. 7, Berlin -> (52.5017606, 13.3055033) confidence: 8.875486381318407e-05
2025-08-15 17:33:04,724 - INFO - Updated Gebr. Windmüller: (52.5017606, 13.3055033)
2025-08-15 17:33:04,725 - INFO - Processing address 2090/2495: Huttenstr. 27, Berlin
2025-08-15 17:33:06,307 - INFO - Geocoded: Huttenstr. 27, Berlin -> (52.6419284, 13.2952386) confidence: 8.875486381318407e-05
2025-08-15 17:33:06,307 - INFO - Updated Gebr. Witt: (52.6419284, 13.2952386)
2025-08-15 17:33:06,308 - INFO - Processing address 2091/2495: Münzstr. 20, Berlin
2025-08-15 17:33:07,915 - INFO - Geocoded: Münzstr. 20, Berlin -> (52.5250463, 13.4066514) confidence: 8.875486381318407e-05
2025-08-15 17:33:07,923 - INFO - Updated Gebr. Wreschner: (52.5250463, 13.4066514)
2025-08-15 17:33:07,923 - INFO - Processing address 2092/2495: Ritterstr. 78, Berlin
2025-08-15 17:33:10,921 - INFO - Geocoded: Ritterstr. 78, Berlin -> (52.5033215, 13.4022836) confidence: 8.875486381318407e-05
2025-08-15 17:33:10,921 - INFO - Updated Gebr. Wulff: (52.5033215, 13.4022836)
2025-08-15 17:33:10,921 - INFO - Processing address 2093/2495: Zimmerstr. 79/80, Berlin
2025-08-15 17:33:12,627 - INFO - Geocoded: Zimmerstr. 79/80, Berlin -> (52.5080312, 13.3912325) confidence: 8.875486381318407e-05
2025-08-15 17:33:12,628 - INFO - Updated Gebrüder Alfandary GmbH: (52.5080312, 13.3912325)
2025-08-15 17:33:12,629 - INFO - Processing address 2094/2495: Zimmerstr. 14/15, Berlin
2025-08-15 17:33:14,091 - INFO - Geocoded: Zimmerstr. 14/15, Berlin -> (52.507451, 13.38865) confidence: 0.11555415588532474
2025-08-15 17:33:14,091 - INFO - Updated Gebrüder Altschul & Sinzheimer: (52.507451, 13.38865)
2025-08-15 17:33:14,092 - INFO - Processing address 2095/2495: Jägerstr. 24, Berlin
2025-08-15 17:33:15,790 - INFO - Geocoded: Jägerstr. 24, Berlin -> (52.513989, 13.394752) confidence: 8.875486381318407e-05
2025-08-15 17:33:15,790 - INFO - Updated Gebrüder Arons: (52.513989, 13.394752)
2025-08-15 17:33:15,790 - INFO - Processing address 2096/2495: Wallstr. 23/24, Berlin
2025-08-15 17:33:17,704 - INFO - Geocoded: Wallstr. 23/24, Berlin -> (52.5112193, 13.4058639) confidence: 0.05342208819714653
2025-08-15 17:33:17,705 - INFO - Updated Gebrüder Ascher: (52.5112193, 13.4058639)
2025-08-15 17:33:17,705 - INFO - Processing address 2097/2495: Königstr. 11, Berlin
2025-08-15 17:33:19,324 - INFO - Geocoded: Königstr. 11, Berlin -> (52.433425, 13.250592) confidence: 8.875486381318407e-05
2025-08-15 17:33:19,325 - INFO - Updated Gebrüder Aschheim: (52.433425, 13.250592)
2025-08-15 17:33:19,326 - INFO - Processing address 2098/2495: Charlottenstr. 44/45, Berlin
2025-08-15 17:33:21,638 - INFO - Geocoded: Charlottenstr. 44/45, Berlin -> (52.5327445, 13.5606479) confidence: 0.05342208819714653
2025-08-15 17:33:21,638 - INFO - Updated Gebrüder Berdach: (52.5327445, 13.5606479)
2025-08-15 17:33:21,638 - INFO - Processing address 2099/2495: 96/98, Berlin
2025-08-15 17:33:24,381 - INFO - Geocoded: 96/98, Berlin -> (52.510885, 13.3989367) confidence: 0.840425236063765
2025-08-15 17:33:24,382 - INFO - Updated Gebrüder Bratt GmbH: (52.510885, 13.3989367)
2025-08-15 17:33:24,382 - INFO - Processing address 2100/2495: Nachodstr. 27, Berlin
2025-08-15 17:33:25,925 - INFO - Geocoded: Nachodstr. 27, Berlin -> (52.4949547, 13.3359763) confidence: 0.05342208819714653
2025-08-15 17:33:25,925 - INFO - Updated Gebrüder Brock Bankgeschäft: (52.4949547, 13.3359763)
2025-08-15 17:33:25,926 - INFO - Progress: 2100/2495 addresses processed
2025-08-15 17:33:26,141 - INFO - Processing address 2101/2495: Markgrafenstr. 54, Berlin
2025-08-15 17:33:27,762 - INFO - Geocoded: Markgrafenstr. 54, Berlin -> (52.6368102, 13.2959593) confidence: 8.875486381318407e-05
2025-08-15 17:33:27,763 - INFO - Updated Gebrüder Edelstein: (52.6368102, 13.2959593)
2025-08-15 17:33:27,763 - INFO - Processing address 2102/2495: Kirchstr. 57, Berlin
2025-08-15 17:33:30,196 - INFO - Geocoded: Kirchstr. 57, Berlin -> (52.4157441, 13.3696835) confidence: 8.875486381318407e-05
2025-08-15 17:33:30,197 - INFO - Updated Gebrüder Ginsberg: (52.4157441, 13.3696835)
2025-08-15 17:33:30,197 - INFO - Processing address 2103/2495: Hagenstr. 56, Berlin
2025-08-15 17:33:31,782 - INFO - Geocoded: Hagenstr. 56, Berlin -> (52.4777121, 13.2800669) confidence: 8.875486381318407e-05
2025-08-15 17:33:31,785 - INFO - Updated Gebrüder Ginsburg: (52.4777121, 13.2800669)
2025-08-15 17:33:31,785 - INFO - Processing address 2104/2495: Oranienstr. 81/82, Berlin
2025-08-15 17:33:33,541 - INFO - Geocoded: Oranienstr. 81/82, Berlin -> (52.5034788, 13.4112938) confidence: 0.05342208819714653
2025-08-15 17:33:33,542 - INFO - Updated Gebrüder Hammerschlag: (52.5034788, 13.4112938)
2025-08-15 17:33:33,543 - INFO - Processing address 2105/2495: Schönhauser Allee 164, Berlin
2025-08-15 17:33:34,999 - INFO - Geocoded: Schönhauser Allee 164, Berlin -> (52.5352784, 13.4120578) confidence: 8.875486381318407e-05
2025-08-15 17:33:34,999 - INFO - Updated Gebrüder Helft: (52.5352784, 13.4120578)
2025-08-15 17:33:35,000 - INFO - Processing address 2106/2495: Reichstagsufer 1, Berlin
2025-08-15 17:33:40,609 - WARNING - Failed to geocode: Reichstagsufer 1, Berlin
2025-08-15 17:33:40,612 - ERROR - Failed to geocode address: Reichstagsufer 1, Berlin
2025-08-15 17:33:40,612 - INFO - Processing address 2107/2495: Klosterstr. 9/10, Berlin
2025-08-15 17:33:42,910 - INFO - Geocoded: Klosterstr. 9/10, Berlin -> (52.5186603, 13.4113815) confidence: 0.33382026067444703
2025-08-15 17:33:42,910 - INFO - Updated Gebrüder Hoffmann: (52.5186603, 13.4113815)
2025-08-15 17:33:42,910 - INFO - Processing address 2108/2495: Niederwallstr. 21, Berlin
2025-08-15 17:33:44,516 - INFO - Geocoded: Niederwallstr. 21, Berlin -> (52.5122783, 13.3995124) confidence: 0.05342208819714653
2025-08-15 17:33:44,524 - INFO - Updated Gebrüder Hollaender: (52.5122783, 13.3995124)
2025-08-15 17:33:44,524 - INFO - Processing address 2109/2495: Leibnizstr. 56, Berlin
2025-08-15 17:33:46,747 - INFO - Geocoded: Leibnizstr. 56, Berlin -> (52.5019476, 13.3129924) confidence: 8.875486381318407e-05
2025-08-15 17:33:47,180 - INFO - Updated Gebrüder Josefowitz GmbH: (52.5019476, 13.3129924)
2025-08-15 17:33:47,701 - INFO - Processing address 2110/2495: Ackerstr. 32, Berlin
2025-08-15 17:33:49,848 - INFO - Geocoded: Ackerstr. 32, Berlin -> (52.5332101, 13.3944583) confidence: 8.875486381318407e-05
2025-08-15 17:33:49,863 - INFO - Updated Gebrüder Kristeller: (52.5332101, 13.3944583)
2025-08-15 17:33:49,863 - INFO - Processing address 2111/2495: 34/36, Berlin
2025-08-15 17:33:53,028 - INFO - Geocoded: 34/36, Berlin -> (52.510885, 13.3989367) confidence: 0.840425236063765
2025-08-15 17:33:53,029 - INFO - Updated Gebrüder Kroner: (52.510885, 13.3989367)
2025-08-15 17:33:53,029 - INFO - Processing address 2112/2495: Jägerstr. 32, Berlin
2025-08-15 17:33:54,696 - INFO - Geocoded: Jägerstr. 32, Berlin -> (52.5141669, 13.3963586) confidence: 8.875486381318407e-05
2025-08-15 17:33:54,696 - INFO - Updated Gebrüder Lamm: (52.5141669, 13.3963586)
2025-08-15 17:33:54,696 - INFO - Processing address 2113/2495: Wielandstr. 46, Berlin
2025-08-15 17:33:56,249 - INFO - Geocoded: Wielandstr. 46, Berlin -> (52.5067034, 13.3160797) confidence: 8.875486381318407e-05
2025-08-15 17:33:56,249 - INFO - Updated Gebrüder Luft, Viehhandelsgesellschaft: (52.5067034, 13.3160797)
2025-08-15 17:33:56,249 - INFO - Processing address 2114/2495: Charlottenstr. 29/30, Berlin
2025-08-15 17:33:58,275 - INFO - Geocoded: Charlottenstr. 29/30, Berlin -> (52.5327445, 13.5606479) confidence: 0.05342208819714653
2025-08-15 17:33:58,275 - INFO - Updated Gebrüder Manheimer: (52.53242545600959, 13.561107817310681)
2025-08-15 17:33:58,276 - INFO - Updated Grünthal, Sorensohn & Co: (52.53234175511394, 13.560892589269239)
2025-08-15 17:33:58,276 - INFO - Processing address 2115/2495: Großbeerenstr. 24, Berlin
2025-08-15 17:34:00,088 - INFO - Geocoded: Großbeerenstr. 24, Berlin -> (52.4948003, 13.3836067) confidence: 8.875486381318407e-05
2025-08-15 17:34:00,088 - INFO - Updated Gebrüder Marx: (52.4948003, 13.3836067)
2025-08-15 17:34:00,088 - INFO - Processing address 2116/2495: Charlottenstr. 31, Berlin
2025-08-15 17:34:01,777 - INFO - Geocoded: Charlottenstr. 31, Berlin -> (52.5329163, 13.5600776) confidence: 8.875486381318407e-05
2025-08-15 17:34:01,777 - INFO - Updated Gebrüder May: (52.5329163, 13.5600776)
2025-08-15 17:34:01,777 - INFO - Processing address 2117/2495: Jägerstr. 47/48, Berlin
2025-08-15 17:34:03,787 - INFO - Geocoded: Jägerstr. 47/48, Berlin -> (52.5141757, 13.3950701) confidence: 0.2963484801355436
2025-08-15 17:34:03,787 - INFO - Updated Gebrüder Mosse: (52.5141757, 13.3950701)
2025-08-15 17:34:03,787 - INFO - Processing address 2118/2495: Müllerstr. 146, Berlin
2025-08-15 17:34:05,734 - INFO - Geocoded: Müllerstr. 146, Berlin -> (52.5478278, 13.3560995) confidence: 8.875486381318407e-05
2025-08-15 17:34:05,734 - INFO - Updated Gebrüder Noah: (52.5478278, 13.3560995)
2025-08-15 17:34:05,734 - INFO - Processing address 2119/2495: Mohrenstr. 42, Berlin
2025-08-15 17:34:07,201 - INFO - Geocoded: Mohrenstr. 42, Berlin -> (52.5125252, 13.3942446) confidence: 0.35182458214669665
2025-08-15 17:34:07,202 - INFO - Updated Gebrüder Oppler: (52.5125252, 13.3942446)
2025-08-15 17:34:07,202 - INFO - Processing address 2120/2495: Kottbusser Ufer 39/40, Berlin
2025-08-15 17:34:14,205 - WARNING - Failed to geocode: Kottbusser Ufer 39/40, Berlin
2025-08-15 17:34:14,208 - ERROR - Failed to geocode address: Kottbusser Ufer 39/40, Berlin
2025-08-15 17:34:14,212 - INFO - Processing address 2121/2495: 17/19, Berlin
2025-08-15 17:34:16,087 - INFO - Geocoded: 17/19, Berlin -> (52.4660089, 13.307788) confidence: 8.875486381318407e-05
2025-08-15 17:34:16,087 - INFO - Updated Gebrüder Pincus: (52.4660089, 13.307788)
2025-08-15 17:34:16,087 - INFO - Processing address 2122/2495: Fehrbellinerstr. 45, Berlin
2025-08-15 17:34:17,576 - INFO - Geocoded: Fehrbellinerstr. 45, Berlin -> (52.5346701, 13.3999596) confidence: 8.875486381318407e-05
2025-08-15 17:34:17,576 - INFO - Updated Gebrüder Pinczower: (52.5346701, 13.3999596)
2025-08-15 17:34:17,576 - INFO - Processing address 2123/2495: Klosterstr. 87, Berlin
2025-08-15 17:34:19,391 - INFO - Geocoded: Klosterstr. 87, Berlin -> (52.5186603, 13.4113815) confidence: 0.33382026067444703
2025-08-15 17:34:19,391 - INFO - Updated Gebrüder Putzrath: (52.5186603, 13.4113815)
2025-08-15 17:34:19,391 - INFO - Processing address 2124/2495: Wittelsbacherkorso 16, Berlin
2025-08-15 17:34:24,676 - WARNING - Failed to geocode: Wittelsbacherkorso 16, Berlin
2025-08-15 17:34:24,676 - ERROR - Failed to geocode address: Wittelsbacherkorso 16, Berlin
2025-08-15 17:34:24,676 - INFO - Processing address 2125/2495: Alexanderstr. 2, Berlin
2025-08-15 17:34:26,220 - INFO - Geocoded: Alexanderstr. 2, Berlin -> (52.5260305, 13.4123084) confidence: 8.875486381318407e-05
2025-08-15 17:34:26,221 - INFO - Updated Gebrüder Raphael: (52.5260305, 13.4123084)
2025-08-15 17:34:26,221 - INFO - Processing address 2126/2495: Krausenstr. 63, Berlin
2025-08-15 17:34:27,719 - INFO - Geocoded: Krausenstr. 63, Berlin -> (52.5094155, 13.3895332) confidence: 0.05342208819714653
2025-08-15 17:34:27,719 - INFO - Updated Gebrüder Reifenberg: (52.5094155, 13.3895332)
2025-08-15 17:34:27,719 - INFO - Processing address 2127/2495: Grenadierstr. 44, Berlin
2025-08-15 17:34:29,428 - INFO - Geocoded: Grenadierstr. 44, Berlin -> (52.5267346, 13.410123) confidence: 8.875486381318407e-05
2025-08-15 17:34:29,428 - INFO - Updated Gebrüder Rubenzik Fischgroßhandlung: (52.5267346, 13.410123)
2025-08-15 17:34:29,428 - INFO - Processing address 2128/2495: Holzmarktstr. 3, Berlin
2025-08-15 17:34:30,974 - INFO - Geocoded: Holzmarktstr. 3, Berlin -> (52.5149075, 13.4191306) confidence: 8.875486381318407e-05
2025-08-15 17:34:30,974 - INFO - Updated Gebrüder Samosch: (52.5149075, 13.4191306)
2025-08-15 17:34:30,974 - INFO - Processing address 2129/2495: Holzmarktstr. 15/18, Berlin
2025-08-15 17:34:32,498 - INFO - Geocoded: Holzmarktstr. 15/18, Berlin -> (52.5130237, 13.4227766) confidence: 8.875486381318407e-05
2025-08-15 17:34:32,499 - INFO - Updated Gebrüder Schickler: (52.5130237, 13.4227766)
2025-08-15 17:34:32,499 - INFO - Processing address 2130/2495: Brunnenstr. 3, Berlin
2025-08-15 17:34:34,381 - INFO - Geocoded: Brunnenstr. 3, Berlin -> (52.530369, 13.4009713) confidence: 8.875486381318407e-05
2025-08-15 17:34:34,382 - INFO - Updated Gebrüder Schimmel & Co: (52.530369, 13.4009713)
2025-08-15 17:34:34,382 - INFO - Processing address 2131/2495: Königstr. 63/64, Berlin
2025-08-15 17:34:36,592 - INFO - Geocoded: Königstr. 63/64, Berlin -> (52.5182552, 13.4068157) confidence: 0.34137582715177667
2025-08-15 17:34:36,593 - INFO - Updated Gebrüder Schönfeld: (52.5182552, 13.4068157)
2025-08-15 17:34:36,595 - INFO - Processing address 2132/2495: Ritterstr. 23, Berlin
2025-08-15 17:34:38,061 - INFO - Geocoded: Ritterstr. 23, Berlin -> (52.5021774, 13.4083145) confidence: 8.875486381318407e-05
2025-08-15 17:34:38,062 - INFO - Updated Gebrüder Senft: (52.5021774, 13.4083145)
2025-08-15 17:34:38,063 - INFO - Processing address 2133/2495: Klosterstr. 80/85, Berlin
2025-08-15 17:34:40,112 - INFO - Geocoded: Klosterstr. 80/85, Berlin -> (52.5186603, 13.4113815) confidence: 0.33382026067444703
2025-08-15 17:34:40,112 - INFO - Updated Gebrüder Simon Textil-AG: (52.5186603, 13.4113815)
2025-08-15 17:34:40,112 - INFO - Processing address 2134/2495: Hinter der katholischen Kirche 1, Berlin
2025-08-15 17:34:41,523 - INFO - Geocoded: Hinter der katholischen Kirche 1, Berlin -> (52.5159642, 13.3956075) confidence: 8.875486381318407e-05
2025-08-15 17:34:41,523 - INFO - Updated Gebrüder Veit & Co: (52.5159642, 13.3956075)
2025-08-15 17:34:41,523 - INFO - Processing address 2135/2495: Schützenstr. 53, Berlin
2025-08-15 17:34:43,357 - INFO - Geocoded: Schützenstr. 53, Berlin -> (52.4549067, 13.3249361) confidence: 8.875486381318407e-05
2025-08-15 17:34:43,358 - INFO - Updated Gebrüder Wagner: (52.4549067, 13.3249361)
2025-08-15 17:34:43,358 - INFO - Processing address 2136/2495: Brunnenstr. 188/189, Berlin
2025-08-15 17:34:46,129 - INFO - Geocoded: Brunnenstr. 188/189, Berlin -> (52.5379574, 13.3963483) confidence: 0.31635099249802295
2025-08-15 17:34:46,173 - INFO - Updated Gebrüder Weinberger i. Liqu.: (52.5379574, 13.3963483)
2025-08-15 17:34:46,174 - INFO - Processing address 2137/2495: Gebrüder Weißkopf household goods Schönhauser Allee  110, Berlin
2025-08-15 17:34:52,951 - WARNING - Failed to geocode: Gebrüder Weißkopf household goods Schönhauser Allee  110, Berlin
2025-08-15 17:34:52,951 - ERROR - Failed to geocode address: Gebrüder Weißkopf household goods Schönhauser Allee  110, Berlin
2025-08-15 17:34:52,951 - INFO - Processing address 2138/2495: Am Friedrichshain 16/23, Berlin
2025-08-15 17:34:55,434 - INFO - Geocoded: Am Friedrichshain 16/23, Berlin -> (52.5280298, 13.4244279) confidence: 0.05342208819714653
2025-08-15 17:34:55,434 - INFO - Updated Gebrüder Wolfermann: (52.5280298, 13.4244279)
2025-08-15 17:34:55,434 - INFO - Processing address 2139/2495: Niederwallstr. 4, Berlin
2025-08-15 17:34:56,863 - INFO - Geocoded: Niederwallstr. 4, Berlin -> (52.5128133, 13.39791) confidence: 8.875486381318407e-05
2025-08-15 17:34:56,863 - INFO - Updated Gebrüder Zehden: (52.5128133, 13.39791)
2025-08-15 17:34:56,863 - INFO - Processing address 2140/2495: Dircksenstr. 51, Berlin
2025-08-15 17:34:58,507 - INFO - Geocoded: Dircksenstr. 51, Berlin -> (52.5232949, 13.4039034) confidence: 8.875486381318407e-05
2025-08-15 17:34:58,507 - INFO - Updated Geflügel-Import, GmbH: (52.5232949, 13.4039034)
2025-08-15 17:34:58,507 - INFO - Processing address 2141/2495: Taubenstr. 13, Berlin
2025-08-15 17:35:00,131 - INFO - Geocoded: Taubenstr. 13, Berlin -> (52.4494151, 13.4679752) confidence: 0.05342208819714653
2025-08-15 17:35:00,132 - INFO - Updated Gehrin-Lüster GmbH: (52.4494151, 13.4679752)
2025-08-15 17:35:00,132 - INFO - Processing address 2142/2495: Saarbrückerstr. 36, Berlin
2025-08-15 17:35:01,623 - INFO - Geocoded: Saarbrückerstr. 36, Berlin -> (52.5290303, 13.4157464) confidence: 8.875486381318407e-05
2025-08-15 17:35:01,624 - INFO - Updated Geka Geschäfts- und Kontorhaus AG: (52.5290303, 13.4157464)
2025-08-15 17:35:01,624 - INFO - Processing address 2143/2495: Münzstr. 23, Berlin
2025-08-15 17:35:03,087 - INFO - Geocoded: Münzstr. 23, Berlin -> (52.5248149, 13.4065734) confidence: 8.875486381318407e-05
2025-08-15 17:35:03,087 - INFO - Updated Geka Schaufensterdekorationsatelier GmbH: (52.5248149, 13.4065734)
2025-08-15 17:35:03,087 - INFO - Processing address 2144/2495: Planufer 53, Berlin
2025-08-15 17:35:04,664 - INFO - Geocoded: Planufer 53, Berlin -> (52.4957516, 13.4195696) confidence: 0.05342208819714653
2025-08-15 17:35:04,664 - INFO - Updated Gelatine-Kapsel-Fabrik Apotheker Gotthilf GmbH: (52.4957516, 13.4195696)
2025-08-15 17:35:04,664 - INFO - Processing address 2145/2495: Fichtestr. 3, Berlin
2025-08-15 17:35:06,396 - INFO - Geocoded: Fichtestr. 3, Berlin -> (52.4908583, 13.4127616) confidence: 8.875486381318407e-05
2025-08-15 17:35:06,396 - INFO - Updated Gelefa Gewinde-Lehren GmbH: (52.4908583, 13.4127616)
2025-08-15 17:35:06,396 - INFO - Processing address 2146/2495: Alsenstr. 6, Berlin
2025-08-15 17:35:07,827 - INFO - Geocoded: Alsenstr. 6, Berlin -> (52.4135492, 13.1458449) confidence: 8.875486381318407e-05
2025-08-15 17:35:07,827 - INFO - Updated Gellert, Oskar: (52.4135492, 13.1458449)
2025-08-15 17:35:07,827 - INFO - Processing address 2147/2495: Allee 31, Berlin
2025-08-15 17:35:11,611 - INFO - Geocoded: Allee 31, Berlin -> (52.5262167, 13.5286595) confidence: 8.875486381318407e-05
2025-08-15 17:35:11,611 - INFO - Updated Gemino Gesellschaft für Mineralöle mbH: (52.5262167, 13.5286595)
2025-08-15 17:35:11,611 - INFO - Processing address 2148/2495: Kurfürstendamm 175, Berlin
2025-08-15 17:35:13,108 - INFO - Geocoded: Kurfürstendamm 175, Berlin -> (52.500016, 13.3100384) confidence: 8.875486381318407e-05
2025-08-15 17:35:13,108 - INFO - Updated Georg A. Samter Kunstauktionshaus: (52.500016, 13.3100384)
2025-08-15 17:35:13,108 - INFO - Processing address 2149/2495: Zimmerstr. 24, Berlin
2025-08-15 17:35:14,652 - INFO - Geocoded: Zimmerstr. 24, Berlin -> (52.5081653, 13.3982488) confidence: 0.07085170629346904
2025-08-15 17:35:14,654 - INFO - Updated Georg Anton: (52.5081653, 13.3982488)
2025-08-15 17:35:14,657 - INFO - Processing address 2150/2495: Unter den Linden 27, Berlin
2025-08-15 17:35:16,735 - INFO - Geocoded: Unter den Linden 27, Berlin -> (52.517382, 13.3957141) confidence: 0.5148900273965856
2025-08-15 17:35:16,735 - INFO - Updated Georg Blumenfeld & Co: (52.517667091483, 13.395077398823027)
2025-08-15 17:35:16,735 - INFO - Updated Glücksohn & Co Bankgeschäft: (52.51771083845665, 13.395955557298656)
2025-08-15 17:35:16,735 - INFO - Processing address 2151/2495: Chausseestr. 38, Berlin
2025-08-15 17:35:18,399 - INFO - Geocoded: Chausseestr. 38, Berlin -> (52.41506, 13.1454181) confidence: 8.875486381318407e-05
2025-08-15 17:35:18,399 - INFO - Updated Georg Bratzke: (52.41506, 13.1454181)
2025-08-15 17:35:18,399 - INFO - Processing address 2152/2495: Bismarckstr.  7, Berlin
2025-08-15 17:35:21,434 - INFO - Geocoded: Bismarckstr.  7, Berlin -> (52.4178626, 13.1720247) confidence: 8.875486381318407e-05
2025-08-15 17:35:21,434 - INFO - Updated Georg Buschendorf: (52.4178626, 13.1720247)
2025-08-15 17:35:21,434 - INFO - Processing address 2153/2495: Geisbergstr.  21, Berlin
2025-08-15 17:35:23,028 - INFO - Geocoded: Geisbergstr.  21, Berlin -> (52.497056, 13.3440623) confidence: 0.05342208819714653
2025-08-15 17:35:23,028 - INFO - Updated Georg Bütow: (52.497056, 13.3440623)
2025-08-15 17:35:23,028 - INFO - Processing address 2154/2495: Adlerstr. 7, Berlin
2025-08-15 17:35:24,647 - INFO - Geocoded: Adlerstr. 7, Berlin -> (52.3987979, 13.5770007) confidence: 8.875486381318407e-05
2025-08-15 17:35:24,647 - INFO - Updated Georg Cohn: (52.3987979, 13.5770007)
2025-08-15 17:35:24,647 - INFO - Processing address 2155/2495: Niederwallstr. 13/14, Berlin
2025-08-15 17:35:26,511 - INFO - Geocoded: Niederwallstr. 13/14, Berlin -> (52.5122783, 13.3995124) confidence: 0.05342208819714653
2025-08-15 17:35:26,511 - INFO - Updated Georg Cohn GmbH: (52.5122783, 13.3995124)
2025-08-15 17:35:26,511 - INFO - Processing address 2156/2495: Wilhelmstr. 139, Berlin
2025-08-15 17:35:28,834 - INFO - Geocoded: Wilhelmstr. 139, Berlin -> (52.5008831, 13.3886814) confidence: 0.4376161342920629
2025-08-15 17:35:28,834 - INFO - Updated Georg Czapski: (52.5008831, 13.3886814)
2025-08-15 17:35:28,834 - INFO - Processing address 2157/2495: Grolmannstr.  12, Berlin
2025-08-15 17:35:35,370 - WARNING - Failed to geocode: Grolmannstr.  12, Berlin
2025-08-15 17:35:35,370 - ERROR - Failed to geocode address: Grolmannstr.  12, Berlin
2025-08-15 17:35:35,370 - INFO - Processing address 2158/2495: 42/43, Berlin
2025-08-15 17:35:37,249 - INFO - Geocoded: 42/43, Berlin -> (52.5373384, 13.247264) confidence: 8.875486381318407e-05
2025-08-15 17:35:37,249 - INFO - Updated Georg Erich Jakszt: (52.5373384, 13.247264)
2025-08-15 17:35:37,249 - INFO - Processing address 2159/2495: Mohrenstr. 9, Berlin
2025-08-15 17:35:38,852 - INFO - Geocoded: Mohrenstr. 9, Berlin -> (52.5118611, 13.3877275) confidence: 8.875486381318407e-05
2025-08-15 17:35:38,852 - INFO - Updated Georg Fromberg & Co: (52.5118611, 13.3877275)
2025-08-15 17:35:38,852 - INFO - Processing address 2160/2495: Giesebrechtstr. 18, Berlin
2025-08-15 17:35:40,317 - INFO - Geocoded: Giesebrechtstr. 18, Berlin -> (52.5025335, 13.309448) confidence: 8.875486381318407e-05
2025-08-15 17:35:40,317 - INFO - Updated Georg Gassenheimer: (52.5025335, 13.309448)
2025-08-15 17:35:40,317 - INFO - Processing address 2161/2495: Ludwigkirchstr. 12, Berlin
2025-08-15 17:35:41,737 - INFO - Geocoded: Ludwigkirchstr. 12, Berlin -> (52.4979114, 13.3256802) confidence: 8.875486381318407e-05
2025-08-15 17:35:41,737 - INFO - Updated Georg Gießel: (52.49763513613204, 13.325794156576919)
2025-08-15 17:35:41,737 - INFO - Updated Gustav A. Zaché: (52.49762734371252, 13.325832232858225)
2025-08-15 17:35:41,737 - INFO - Processing address 2162/2495: Weichselstr.  65, Berlin
2025-08-15 17:35:43,250 - INFO - Geocoded: Weichselstr.  65, Berlin -> (52.484132, 13.432523) confidence: 8.875486381318407e-05
2025-08-15 17:35:43,250 - INFO - Updated Georg Gindin: (52.484132, 13.432523)
2025-08-15 17:35:43,250 - INFO - Processing address 2163/2495: Goethestr. 60, Berlin
2025-08-15 17:35:45,442 - INFO - Geocoded: Goethestr. 60, Berlin -> (52.5087359, 13.3128589) confidence: 8.875486381318407e-05
2025-08-15 17:35:45,442 - INFO - Updated Georg Glaser: (52.5087359, 13.3128589)
2025-08-15 17:35:45,442 - INFO - Processing address 2164/2495: Mommsenstr. 52, Berlin
2025-08-15 17:35:47,543 - INFO - Geocoded: Mommsenstr. 52, Berlin -> (52.5030536, 13.3111141) confidence: 8.875486381318407e-05
2025-08-15 17:35:47,544 - INFO - Updated Georg Hamel: (52.5030536, 13.3111141)
2025-08-15 17:35:47,544 - INFO - Processing address 2165/2495: Hasenheide 19, Berlin
2025-08-15 17:35:49,014 - INFO - Geocoded: Hasenheide 19, Berlin -> (52.4877753, 13.4197425) confidence: 8.875486381318407e-05
2025-08-15 17:35:49,014 - INFO - Updated Georg Held: (52.4877753, 13.4197425)
2025-08-15 17:35:49,014 - INFO - Processing address 2166/2495: 62/65, Berlin
2025-08-15 17:35:51,600 - INFO - Geocoded: 62/65, Berlin -> (52.510885, 13.3989367) confidence: 0.840425236063765
2025-08-15 17:35:51,600 - INFO - Updated Georg Herrmann Eisen- und Maschinenhandlung: (52.510885, 13.3989367)
2025-08-15 17:35:51,600 - INFO - Processing address 2167/2495: ( Trade ) Eingetragen im Handelsregister/ Gründung 1901 Erloschen 1931 Kurfürstendamm 125a,  Berlin
2025-08-15 17:35:57,063 - WARNING - Failed to geocode: ( Trade ) Eingetragen im Handelsregister/ Gründung 1901 Erloschen 1931 Kurfürstendamm 125a,  Berlin
2025-08-15 17:35:57,064 - ERROR - Failed to geocode address: ( Trade ) Eingetragen im Handelsregister/ Gründung 1901 Erloschen 1931 Kurfürstendamm 125a,  Berlin
2025-08-15 17:35:57,064 - INFO - Processing address 2168/2495: Friedrichstr. 223, Berlin
2025-08-15 17:36:00,545 - INFO - Geocoded: Friedrichstr. 223, Berlin -> (52.5015293, 13.3913508) confidence: 0.4683814607413573
2025-08-15 17:36:00,546 - INFO - Updated Georg Israel & Co: (52.5015293, 13.3913508)
2025-08-15 17:36:00,546 - INFO - Processing address 2169/2495: Kurfürstendamm 212, Berlin
2025-08-15 17:36:02,220 - INFO - Geocoded: Kurfürstendamm 212, Berlin -> (52.5018416, 13.3253324) confidence: 8.875486381318407e-05
2025-08-15 17:36:02,221 - INFO - Updated Georg Israel Metalle: (52.5018416, 13.3253324)
2025-08-15 17:36:02,222 - INFO - Processing address 2170/2495: Gerviniusstr. 8, Berlin
2025-08-15 17:36:07,874 - WARNING - Failed to geocode: Gerviniusstr. 8, Berlin
2025-08-15 17:36:07,883 - ERROR - Failed to geocode address: Gerviniusstr. 8, Berlin
2025-08-15 17:36:07,884 - INFO - Processing address 2171/2495: Bleibtreustr. 18, Berlin
2025-08-15 17:36:09,369 - INFO - Geocoded: Bleibtreustr. 18, Berlin -> (52.5026326, 13.3193914) confidence: 8.875486381318407e-05
2025-08-15 17:36:09,369 - INFO - Updated Georg Jacobi: (52.5026326, 13.3193914)
2025-08-15 17:36:09,369 - INFO - Processing address 2172/2495: Alexandrinenstr. 105/106, Berlin
2025-08-15 17:36:11,143 - INFO - Geocoded: Alexandrinenstr. 105/106, Berlin -> (52.5066473, 13.4090003) confidence: 0.05342208819714653
2025-08-15 17:36:11,143 - INFO - Updated Georg Jacobsohn & Co: (52.506241902701994, 13.40958591184492)
2025-08-15 17:36:11,143 - INFO - Updated Georg Loewenstein: (52.506809144816636, 13.40916420013776)
2025-08-15 17:36:11,144 - INFO - Updated Gretzschel & Co: (52.5070465229096, 13.409268022107476)
2025-08-15 17:36:11,144 - INFO - Updated Guttstadt & Simon: (52.506994516176235, 13.409465651727595)
2025-08-15 17:36:11,144 - INFO - Updated Hans Gost & Co: (52.506423292320754, 13.408904746685607)
2025-08-15 17:36:11,144 - INFO - Updated Hans Gost & Co GmbH: (52.50703343303549, 13.408976033774557)
2025-08-15 17:36:11,144 - INFO - Processing address 2173/2495: Motzstr. 18, Berlin
2025-08-15 17:36:12,636 - INFO - Geocoded: Motzstr. 18, Berlin -> (52.4984929, 13.3498855) confidence: 8.875486381318407e-05
2025-08-15 17:36:12,636 - INFO - Updated Georg Jonas: (52.4984929, 13.3498855)
2025-08-15 17:36:12,637 - INFO - Processing address 2174/2495: Helmholtzstr.  39, Berlin
2025-08-15 17:36:14,120 - INFO - Geocoded: Helmholtzstr.  39, Berlin -> (52.5212046, 13.3220936) confidence: 8.875486381318407e-05
2025-08-15 17:36:14,120 - INFO - Updated Georg Kaphan: (52.5212046, 13.3220936)
2025-08-15 17:36:14,120 - INFO - Processing address 2175/2495: Pariser Platz 1, Berlin
2025-08-15 17:36:15,659 - INFO - Geocoded: Pariser Platz 1, Berlin -> (52.5162699, 13.3777034) confidence: 0.5539069356066116
2025-08-15 17:36:15,659 - INFO - Updated Georg Kurzinsky & Co: (52.5162699, 13.3777034)
2025-08-15 17:36:15,659 - INFO - Processing address 2176/2495: Prinzenstr. 67, Berlin
2025-08-15 17:36:17,287 - INFO - Geocoded: Prinzenstr. 67, Berlin -> (52.4261733, 13.3211645) confidence: 0.05342208819714653
2025-08-15 17:36:17,287 - INFO - Updated Georg Leffkowitz: (52.4261733, 13.3211645)
2025-08-15 17:36:17,287 - INFO - Processing address 2177/2495: Urbanstr. 71, Berlin
2025-08-15 17:36:18,805 - INFO - Geocoded: Urbanstr. 71, Berlin -> (52.4884005, 13.4232226) confidence: 8.875486381318407e-05
2025-08-15 17:36:18,805 - INFO - Updated Georg Lemke & Co: (52.4884005, 13.4232226)
2025-08-15 17:36:18,805 - INFO - Processing address 2178/2495: Lindenstr. 57, Berlin
2025-08-15 17:36:22,681 - INFO - Geocoded: Lindenstr. 57, Berlin -> (52.4851847, 13.5694925) confidence: 8.875486381318407e-05
2025-08-15 17:36:22,681 - INFO - Updated Georg Levy: (52.4851847, 13.5694925)
2025-08-15 17:36:22,681 - INFO - Processing address 2179/2495: Alexanderstr. 52, Berlin
2025-08-15 17:36:24,730 - INFO - Geocoded: Alexanderstr. 52, Berlin -> (52.5203301, 13.4156813) confidence: 0.05342208819714653
2025-08-15 17:36:24,730 - INFO - Updated Georg Levy & Sohn: (52.5203301, 13.4156813)
2025-08-15 17:36:24,730 - INFO - Processing address 2180/2495: 86/87, Berlin
2025-08-15 17:36:27,392 - INFO - Geocoded: 86/87, Berlin -> (52.510885, 13.3989367) confidence: 0.840425236063765
2025-08-15 17:36:27,392 - INFO - Updated Georg Lewinson: (52.510885, 13.3989367)
2025-08-15 17:36:27,392 - INFO - Processing address 2181/2495: Podbielskiallee 20, Berlin
2025-08-15 17:36:29,030 - INFO - Geocoded: Podbielskiallee 20, Berlin -> (52.4681535, 13.2928297) confidence: 8.875486381318407e-05
2025-08-15 17:36:29,030 - INFO - Updated Georg Loewe Spitzen: (52.4681535, 13.2928297)
2025-08-15 17:36:29,030 - INFO - Processing address 2182/2495: Clausewitzstr. 8, Berlin
2025-08-15 17:36:30,487 - INFO - Geocoded: Clausewitzstr. 8, Berlin -> (52.5013642, 13.3097227) confidence: 8.875486381318407e-05
2025-08-15 17:36:30,487 - INFO - Updated Georg Mamroth: (52.5013642, 13.3097227)
2025-08-15 17:36:30,487 - INFO - Processing address 2183/2495: Michaelkirchstr. 26, Berlin
2025-08-15 17:36:32,029 - INFO - Geocoded: Michaelkirchstr. 26, Berlin -> (52.5090553, 13.4198765) confidence: 8.875486381318407e-05
2025-08-15 17:36:32,029 - INFO - Updated Georg Meseritz: (52.5090553, 13.4198765)
2025-08-15 17:36:32,029 - INFO - Processing address 2184/2495: Kleiststr. 12, Berlin
2025-08-15 17:36:33,686 - INFO - Geocoded: Kleiststr. 12, Berlin -> (52.5190066, 13.7047067) confidence: 5.175173571369524e-05
2025-08-15 17:36:33,686 - INFO - Updated Georg Michaelis: (52.5190066, 13.7047067)
2025-08-15 17:36:33,686 - INFO - Processing address 2185/2495: Bayerischer Platz 12, Berlin
2025-08-15 17:36:35,170 - INFO - Geocoded: Bayerischer Platz 12, Berlin -> (52.4891814, 13.3406406) confidence: 8.875486381318407e-05
2025-08-15 17:36:35,170 - INFO - Updated Georg Neumann Bank- u. Commissionsgeschäft: (52.4891814, 13.3406406)
2025-08-15 17:36:35,170 - INFO - Processing address 2186/2495: Blumenstr. 45, Berlin
2025-08-15 17:36:36,916 - INFO - Geocoded: Blumenstr. 45, Berlin -> (52.5166606, 13.4305479) confidence: 8.875486381318407e-05
2025-08-15 17:36:36,916 - INFO - Updated Georg Paechter GmbH: (52.5166606, 13.4305479)
2025-08-15 17:36:36,916 - INFO - Processing address 2187/2495: Mohrenstr. 47, Berlin
2025-08-15 17:36:38,760 - INFO - Geocoded: Mohrenstr. 47, Berlin -> (52.511298, 13.3847578) confidence: 0.32314590312055647
2025-08-15 17:36:38,760 - INFO - Updated Georg Perl: (52.511298, 13.3847578)
2025-08-15 17:36:38,760 - INFO - Processing address 2188/2495: Kommandantenstr. 12/13, Berlin
2025-08-15 17:36:41,709 - INFO - Geocoded: Kommandantenstr. 12/13, Berlin -> (52.4377236, 13.2931855) confidence: 0.05342208819714653
2025-08-15 17:36:41,709 - INFO - Updated Georg Philippsborn: (52.4377236, 13.2931855)
2025-08-15 17:36:41,709 - INFO - Processing address 2189/2495: 7/9, Berlin
2025-08-15 17:36:47,286 - INFO - Geocoded: 7/9, Berlin -> (52.510885, 13.3989367) confidence: 0.840425236063765
2025-08-15 17:36:47,286 - INFO - Updated Georg Pintus: (52.510885, 13.3989367)
2025-08-15 17:36:47,286 - INFO - Processing address 2190/2495: Brückenstr.  1, Berlin
2025-08-15 17:36:49,099 - INFO - Geocoded: Brückenstr.  1, Berlin -> (52.5111859, 13.4167333) confidence: 8.875486381318407e-05
2025-08-15 17:36:49,100 - INFO - Updated Georg Platzmann, in Firma R. Platzmann: (52.5111859, 13.4167333)
2025-08-15 17:36:49,100 - INFO - Processing address 2191/2495: Wallstr. 56, Berlin
2025-08-15 17:36:50,905 - INFO - Geocoded: Wallstr. 56, Berlin -> (52.5112193, 13.4058639) confidence: 0.05342208819714653
2025-08-15 17:36:50,905 - INFO - Updated Georg Proskauer: (52.5112193, 13.4058639)
2025-08-15 17:36:50,905 - INFO - Processing address 2192/2495: Bahnhofstr. 7/49, Berlin
2025-08-15 17:36:56,268 - INFO - Geocoded: Bahnhofstr. 7/49, Berlin -> (52.5685262, 13.3901605) confidence: 0.05342208819714653
2025-08-15 17:36:56,268 - INFO - Updated Georg Rachmiel: (52.5685262, 13.3901605)
2025-08-15 17:36:56,268 - INFO - Processing address 2193/2495: Kurfürstendamm 152, Berlin
2025-08-15 17:36:57,773 - INFO - Geocoded: Kurfürstendamm 152, Berlin -> (52.4987, 13.3014126) confidence: 8.875486381318407e-05
2025-08-15 17:36:57,774 - INFO - Updated Georg Reissner: (52.4987, 13.3014126)
2025-08-15 17:36:57,774 - INFO - Processing address 2194/2495: Wallstr. 88, Berlin
2025-08-15 17:36:59,223 - INFO - Geocoded: Wallstr. 88, Berlin -> (52.5116438, 13.4072323) confidence: 8.875486381318407e-05
2025-08-15 17:36:59,223 - INFO - Updated Georg Rosenberg: (52.511429462284184, 13.407472130129282)
2025-08-15 17:36:59,223 - INFO - Updated Glaser & Weiß: (52.51143739869229, 13.40675791289079)
2025-08-15 17:36:59,223 - INFO - Processing address 2195/2495: Yorckstr. 81, Berlin
2025-08-15 17:37:00,919 - INFO - Geocoded: Yorckstr. 81, Berlin -> (52.4932463, 13.3842036) confidence: 8.875486381318407e-05
2025-08-15 17:37:00,919 - INFO - Updated Georg Rosenberger: (52.4932463, 13.3842036)
2025-08-15 17:37:00,919 - INFO - Processing address 2196/2495: Frankfurter Allee 316, Berlin
2025-08-15 17:37:03,889 - INFO - Geocoded: Frankfurter Allee 316, Berlin -> (52.5118626, 13.4934105) confidence: 0.35478715739707195
2025-08-15 17:37:03,889 - INFO - Updated Georg Salinger GmbH: (52.51209800325637, 13.493337042852772)
2025-08-15 17:37:03,889 - INFO - Updated Gläser & Co: (52.511924522837575, 13.493716500709784)
2025-08-15 17:37:03,889 - INFO - Processing address 2197/2495: Stallschreiberstr. 27, Berlin
2025-08-15 17:37:05,300 - INFO - Geocoded: Stallschreiberstr. 27, Berlin -> (52.5081402, 13.4067698) confidence: 8.875486381318407e-05
2025-08-15 17:37:05,300 - INFO - Updated Georg Salomonsen: (52.5081402, 13.4067698)
2025-08-15 17:37:05,300 - INFO - Processing address 2198/2495: Krausenstr. 9/10, Berlin
2025-08-15 17:37:06,874 - INFO - Geocoded: Krausenstr. 9/10, Berlin -> (52.5093938, 13.3910984) confidence: 8.875486381318407e-05
2025-08-15 17:37:06,874 - INFO - Updated Georg Schaefer: (52.5093938, 13.3910984)
2025-08-15 17:37:06,874 - INFO - Processing address 2199/2495: Präsidentenstr. 9, Berlin
2025-08-15 17:37:08,360 - INFO - Geocoded: Präsidentenstr. 9, Berlin -> (52.52333, 13.4015005) confidence: 8.875486381318407e-05
2025-08-15 17:37:08,360 - INFO - Updated Georg Schnitzler: (52.52333, 13.4015005)
2025-08-15 17:37:08,360 - INFO - Processing address 2200/2495: Uhlandstr. 58, Berlin
2025-08-15 17:37:10,196 - INFO - Geocoded: Uhlandstr. 58, Berlin -> (52.5867875, 13.3977349) confidence: 8.875486381318407e-05
2025-08-15 17:37:10,197 - INFO - Updated Georg Sehmsdorf: (52.5867875, 13.3977349)
2025-08-15 17:37:10,197 - INFO - Progress: 2200/2495 addresses processed
2025-08-15 17:37:10,238 - INFO - Processing address 2201/2495: Holsteiner Ufer 20, Berlin
2025-08-15 17:37:12,162 - INFO - Geocoded: Holsteiner Ufer 20, Berlin -> (52.52213, 13.3458547) confidence: 8.875486381318407e-05
2025-08-15 17:37:12,162 - INFO - Updated Georg Selbiger: (52.52213, 13.3458547)
2025-08-15 17:37:12,163 - INFO - Processing address 2202/2495: Kantstr. 65, Berlin
2025-08-15 17:37:13,840 - INFO - Geocoded: Kantstr. 65, Berlin -> (52.5071866, 13.3037161) confidence: 8.875486381318407e-05
2025-08-15 17:37:13,840 - INFO - Updated Georg Silberstein Schneiderartikel-Spezialgeschäft: (52.5071866, 13.3037161)
2025-08-15 17:37:13,840 - INFO - Processing address 2203/2495: Alexandrinenstr. 100, Berlin
2025-08-15 17:37:15,273 - INFO - Geocoded: Alexandrinenstr. 100, Berlin -> (52.5048659, 13.4014975) confidence: 8.875486381318407e-05
2025-08-15 17:37:15,273 - INFO - Updated Georg Simon: (52.5048659, 13.4014975)
2025-08-15 17:37:15,273 - INFO - Processing address 2204/2495: Nürnbergerstr. 53/55, Berlin
2025-08-15 17:37:17,182 - INFO - Geocoded: Nürnbergerstr. 53/55, Berlin -> (52.4996998, 13.3356496) confidence: 0.2767003203257644
2025-08-15 17:37:17,182 - INFO - Updated Georg Stein: (52.4996998, 13.3356496)
2025-08-15 17:37:17,182 - INFO - Processing address 2205/2495: Dorotheenstr. 65, Berlin
2025-08-15 17:37:18,756 - INFO - Geocoded: Dorotheenstr. 65, Berlin -> (52.5183978, 13.3872808) confidence: 8.875486381318407e-05
2025-08-15 17:37:18,756 - INFO - Updated Georg Stilke: (52.5183978, 13.3872808)
2025-08-15 17:37:18,756 - INFO - Processing address 2206/2495: Uhlandstr. 76, Berlin
2025-08-15 17:37:20,440 - INFO - Geocoded: Uhlandstr. 76, Berlin -> (52.4097739, 13.3985117) confidence: 8.875486381318407e-05
2025-08-15 17:37:20,441 - INFO - Updated Georg Süßkind: (52.4097739, 13.3985117)
2025-08-15 17:37:20,441 - INFO - Processing address 2207/2495: Grunewaldstr. 9, Berlin
2025-08-15 17:37:22,038 - INFO - Geocoded: Grunewaldstr. 9, Berlin -> (52.4902636, 13.3559301) confidence: 8.875486381318407e-05
2025-08-15 17:37:22,038 - INFO - Updated Georg Tepper & Co Radio-Fabrikation und Export: (52.4902636, 13.3559301)
2025-08-15 17:37:22,038 - INFO - Processing address 2208/2495: Ritterstr.  84, Berlin
2025-08-15 17:37:23,840 - INFO - Geocoded: Ritterstr.  84, Berlin -> (52.5049928, 13.3982162) confidence: 0.05342208819714653
2025-08-15 17:37:23,840 - INFO - Updated Georg Tichauer: (52.5049928, 13.3982162)
2025-08-15 17:37:23,840 - INFO - Processing address 2209/2495: Albrechtstr. 130, Berlin
2025-08-15 17:37:25,556 - INFO - Geocoded: Albrechtstr. 130, Berlin -> (52.5227682, 13.384109) confidence: 0.22146471083322677
2025-08-15 17:37:25,556 - INFO - Updated Georg Wangenheim: (52.5227682, 13.384109)
2025-08-15 17:37:25,556 - INFO - Processing address 2210/2495: Heidestr. 15/16, Berlin
2025-08-15 17:37:27,817 - INFO - Geocoded: Heidestr. 15/16, Berlin -> (52.5317432, 13.367167) confidence: 0.05342208819714653
2025-08-15 17:37:27,817 - INFO - Updated Georg Weihse: (52.5317432, 13.367167)
2025-08-15 17:37:27,817 - INFO - Processing address 2211/2495: Blumenstr. 31, Berlin
2025-08-15 17:37:29,652 - INFO - Geocoded: Blumenstr. 31, Berlin -> (52.517482, 13.4300612) confidence: 0.19934751714046123
2025-08-15 17:37:29,652 - INFO - Updated Georg Wiener: (52.517482, 13.4300612)
2025-08-15 17:37:29,652 - INFO - Processing address 2212/2495: Köllnisches Ufer 29/31, Berlin
2025-08-15 17:37:38,465 - WARNING - Failed to geocode: Köllnisches Ufer 29/31, Berlin
2025-08-15 17:37:38,468 - ERROR - Failed to geocode address: Köllnisches Ufer 29/31, Berlin
2025-08-15 17:37:38,469 - INFO - Processing address 2213/2495: Luitpoldstr. 13, Berlin
2025-08-15 17:37:40,301 - INFO - Geocoded: Luitpoldstr. 13, Berlin -> (52.4951543, 13.3470604) confidence: 0.05342208819714653
2025-08-15 17:37:40,301 - INFO - Updated Georg Wischnitz Bergwerks- und Hüttenprodukte: (52.4951543, 13.3470604)
2025-08-15 17:37:40,301 - INFO - Processing address 2214/2495: Uhlandstr.  149, Berlin
2025-08-15 17:37:41,940 - INFO - Geocoded: Uhlandstr.  149, Berlin -> (52.4967224, 13.3244459) confidence: 8.875486381318407e-05
2025-08-15 17:37:41,940 - INFO - Updated Georg Wolken: (52.4967224, 13.3244459)
2025-08-15 17:37:41,940 - INFO - Processing address 2215/2495: Wilhelmstr.  50, Berlin
2025-08-15 17:37:43,988 - INFO - Geocoded: Wilhelmstr.  50, Berlin -> (52.5125435, 13.3836571) confidence: 8.875486381318407e-05
2025-08-15 17:37:43,988 - INFO - Updated Georg Zacharias & Co und Hermann Anders: (52.5125435, 13.3836571)
2025-08-15 17:37:43,988 - INFO - Processing address 2216/2495: Alexandrinenstr. 104, Berlin
2025-08-15 17:37:45,625 - INFO - Geocoded: Alexandrinenstr. 104, Berlin -> (52.5066473, 13.4090003) confidence: 0.05342208819714653
2025-08-15 17:37:45,626 - INFO - Updated George Gottschalkson GmbH: (52.5066473, 13.4090003)
2025-08-15 17:37:45,626 - INFO - Processing address 2217/2495: Gerechter, Recha, Sara, geb. Blum Elberfelder Str. 32, I., b/Phiebig,,  Berlin
2025-08-15 17:37:51,031 - WARNING - Failed to geocode: Gerechter, Recha, Sara, geb. Blum Elberfelder Str. 32, I., b/Phiebig,,  Berlin
2025-08-15 17:37:51,031 - ERROR - Failed to geocode address: Gerechter, Recha, Sara, geb. Blum Elberfelder Str. 32, I., b/Phiebig,,  Berlin
2025-08-15 17:37:51,031 - INFO - Processing address 2218/2495: Lothringenstr.  2, Berlin
2025-08-15 17:37:57,304 - WARNING - Failed to geocode: Lothringenstr.  2, Berlin
2025-08-15 17:37:57,305 - ERROR - Failed to geocode address: Lothringenstr.  2, Berlin
2025-08-15 17:37:57,305 - INFO - Processing address 2219/2495: Hoher Steinweg 2, Berlin
2025-08-15 17:37:58,807 - INFO - Geocoded: Hoher Steinweg 2, Berlin -> (52.5398171, 13.2062489) confidence: 8.875486381318407e-05
2025-08-15 17:37:58,807 - INFO - Updated Gerhard Gerson: (52.53961094340017, 13.20576160785429)
2025-08-15 17:37:58,807 - INFO - Updated Gustav Jacobowitz: (52.53938483171478, 13.205839767730742)
2025-08-15 17:37:58,807 - INFO - Processing address 2220/2495: Hasselwerderstr. 9, Berlin
2025-08-15 17:38:00,252 - INFO - Geocoded: Hasselwerderstr. 9, Berlin -> (52.4557315, 13.5164738) confidence: 8.875486381318407e-05
2025-08-15 17:38:00,252 - INFO - Updated Gerhard Neumann: (52.4557315, 13.5164738)
2025-08-15 17:38:00,252 - INFO - Processing address 2221/2495: Landwehrstr.  1, Berlin
2025-08-15 17:38:06,310 - WARNING - Failed to geocode: Landwehrstr.  1, Berlin
2025-08-15 17:38:06,310 - ERROR - Failed to geocode address: Landwehrstr.  1, Berlin
2025-08-15 17:38:06,310 - INFO - Processing address 2222/2495: Markgrafenstr. 59, Berlin
2025-08-15 17:38:07,949 - INFO - Geocoded: Markgrafenstr. 59, Berlin -> (52.6371613, 13.2942008) confidence: 8.875486381318407e-05
2025-08-15 17:38:07,949 - INFO - Updated Gerhard Winter: (52.6371613, 13.2942008)
2025-08-15 17:38:07,949 - INFO - Processing address 2223/2495: Kurfürstendamm 229, Berlin
2025-08-15 17:38:09,591 - INFO - Geocoded: Kurfürstendamm 229, Berlin -> (52.5036757, 13.3322146) confidence: 8.875486381318407e-05
2025-08-15 17:38:09,591 - INFO - Updated Gerichter & Co: (52.5036757, 13.3322146)
2025-08-15 17:38:09,591 - INFO - Processing address 2224/2495: Frankfurter Allee 313/314, Berlin
2025-08-15 17:38:11,905 - INFO - Geocoded: Frankfurter Allee 313/314, Berlin -> (52.5118626, 13.4934105) confidence: 0.35478715739707195
2025-08-15 17:38:11,905 - INFO - Updated Germania-Palast-Lichtspiele GmbH: (52.5118626, 13.4934105)
2025-08-15 17:38:11,905 - INFO - Processing address 2225/2495: Schlüterstr. 39, Berlin
2025-08-15 17:38:13,687 - INFO - Geocoded: Schlüterstr. 39, Berlin -> (52.5017576, 13.3166379) confidence: 8.875486381318407e-05
2025-08-15 17:38:13,687 - INFO - Updated Germaniamühle Sommerguth & Aschner KG: (52.5017576, 13.3166379)
2025-08-15 17:38:13,687 - INFO - Processing address 2226/2495: Luisenstr. 11, Berlin
2025-08-15 17:38:15,330 - INFO - Geocoded: Luisenstr. 11, Berlin -> (52.5255084, 13.3788175) confidence: 8.875486381318407e-05
2025-08-15 17:38:15,331 - INFO - Updated Gerson Deutsch: (52.5255084, 13.3788175)
2025-08-15 17:38:15,331 - INFO - Processing address 2227/2495: Krausenstr. 19/20, Berlin
2025-08-15 17:38:17,165 - INFO - Geocoded: Krausenstr. 19/20, Berlin -> (52.5094155, 13.3895332) confidence: 0.05342208819714653
2025-08-15 17:38:17,165 - INFO - Updated Gerson Krotowski: (52.5094155, 13.3895332)
2025-08-15 17:38:17,165 - INFO - Processing address 2228/2495: Rheinstr. 12, Berlin
2025-08-15 17:38:19,008 - INFO - Geocoded: Rheinstr. 12, Berlin -> (52.4699479, 13.3333175) confidence: 8.875486381318407e-05
2025-08-15 17:38:19,008 - INFO - Updated Gertrud Adler: (52.4699479, 13.3333175)
2025-08-15 17:38:19,008 - INFO - Processing address 2229/2495: Kronenstr. 16, Berlin
2025-08-15 17:38:20,511 - INFO - Geocoded: Kronenstr. 16, Berlin -> (52.5111719, 13.3905125) confidence: 8.875486381318407e-05
2025-08-15 17:38:20,511 - INFO - Updated Gertrud Isenburg: (52.5111719, 13.3905125)
2025-08-15 17:38:20,511 - INFO - Processing address 2230/2495: Brunnenstr. 186, Berlin
2025-08-15 17:38:22,287 - INFO - Geocoded: Brunnenstr. 186, Berlin -> (52.5311714, 13.3998125) confidence: 8.875486381318407e-05
2025-08-15 17:38:22,287 - INFO - Updated Gertrud Meiseles geb. Grund: (52.5311714, 13.3998125)
2025-08-15 17:38:22,287 - INFO - Processing address 2231/2495: 83, Berlin
2025-08-15 17:38:22,287 - WARNING - Incomplete address detected: 83, Berlin
2025-08-15 17:38:22,287 - ERROR - Failed to geocode address: 83, Berlin
2025-08-15 17:38:22,287 - INFO - Processing address 2232/2495: Wielandstr.  6, Berlin
2025-08-15 17:38:24,128 - INFO - Geocoded: Wielandstr.  6, Berlin -> (52.4835835, 13.5919815) confidence: 8.875486381318407e-05
2025-08-15 17:38:24,128 - INFO - Updated Gertrud Saloschin: (52.4835835, 13.5919815)
2025-08-15 17:38:24,128 - INFO - Processing address 2233/2495: Gertrud Stillmann textiles and clothing Frankfurter Allee  302, Berlin
2025-08-15 17:38:29,586 - WARNING - Failed to geocode: Gertrud Stillmann textiles and clothing Frankfurter Allee  302, Berlin
2025-08-15 17:38:29,587 - ERROR - Failed to geocode address: Gertrud Stillmann textiles and clothing Frankfurter Allee  302, Berlin
2025-08-15 17:38:29,587 - INFO - Processing address 2234/2495: C  2, Berlin
2025-08-15 17:38:33,670 - INFO - Geocoded: C  2, Berlin -> (52.510885, 13.3989367) confidence: 0.840425236063765
2025-08-15 17:38:33,670 - INFO - Updated Ges. für Karpfenhandel mbH: (52.510885, 13.3989367)
2025-08-15 17:38:33,670 - INFO - Processing address 2235/2495: Bibo textiles and clothing Frankfurter Allee  26, Berlin
2025-08-15 17:38:41,450 - WARNING - Failed to geocode: Bibo textiles and clothing Frankfurter Allee  26, Berlin
2025-08-15 17:38:41,451 - ERROR - Failed to geocode address: Bibo textiles and clothing Frankfurter Allee  26, Berlin
2025-08-15 17:38:41,451 - INFO - Processing address 2236/2495: Eosanderstr.  31, Berlin
2025-08-15 17:38:42,904 - INFO - Geocoded: Eosanderstr.  31, Berlin -> (52.5196316, 13.303984) confidence: 8.875486381318407e-05
2025-08-15 17:38:42,904 - INFO - Updated Geschw. Holzheim: (52.5196316, 13.303984)
2025-08-15 17:38:42,904 - INFO - Processing address 2237/2495: Friedbergstr.  9, Berlin
2025-08-15 17:38:44,354 - INFO - Geocoded: Friedbergstr.  9, Berlin -> (52.5043811, 13.2970289) confidence: 8.875486381318407e-05
2025-08-15 17:38:44,354 - INFO - Updated Geschw. Lippmansohn: (52.5043811, 13.2970289)
2025-08-15 17:38:44,354 - INFO - Processing address 2238/2495: Lindenstr. 52/53, Berlin
2025-08-15 17:38:47,448 - INFO - Geocoded: Lindenstr. 52/53, Berlin -> (52.5025323, 13.3948252) confidence: 0.32442301420651465
2025-08-15 17:38:47,449 - INFO - Updated Geschw. Sauer: (52.5025323, 13.3948252)
2025-08-15 17:38:47,449 - INFO - Processing address 2239/2495: Prinzenstr. 81, Berlin
2025-08-15 17:38:49,006 - INFO - Geocoded: Prinzenstr. 81, Berlin -> (52.5045568, 13.4106954) confidence: 8.875486381318407e-05
2025-08-15 17:38:49,006 - INFO - Updated Geschwister Gutmann GmbH, Zweigniederlassung Berlin: (52.5045568, 13.4106954)
2025-08-15 17:38:49,006 - INFO - Processing address 2240/2495: Leibnizstr.  85, Berlin
2025-08-15 17:38:50,591 - INFO - Geocoded: Leibnizstr.  85, Berlin -> (52.5095528, 13.3141198) confidence: 8.875486381318407e-05
2025-08-15 17:38:50,591 - INFO - Updated Geschwister Neumann: (52.5095528, 13.3141198)
2025-08-15 17:38:50,591 - INFO - Processing address 2241/2495: und Genussmittel Prager Platz  5, Berlin
2025-08-15 17:38:57,970 - WARNING - Failed to geocode: und Genussmittel Prager Platz  5, Berlin
2025-08-15 17:38:57,972 - ERROR - Failed to geocode address: und Genussmittel Prager Platz  5, Berlin
2025-08-15 17:38:57,972 - INFO - Processing address 2242/2495: Jägerstr. 49/50, Berlin
2025-08-15 17:38:59,760 - INFO - Geocoded: Jägerstr. 49/50, Berlin -> (52.5143496, 13.395482) confidence: 8.875486381318407e-05
2025-08-15 17:38:59,761 - INFO - Updated Geschäftshaus Alexanderplatz GmbH: (52.5143496, 13.395482)
2025-08-15 17:38:59,761 - INFO - Processing address 2243/2495: Kurfürstenstr. 131, Berlin
2025-08-15 17:39:01,757 - INFO - Geocoded: Kurfürstenstr. 131, Berlin -> (52.501939, 13.3537432) confidence: 8.875486381318407e-05
2025-08-15 17:39:01,757 - INFO - Updated Gesellschaft für Betreuung von Vermögensrechten   Borussia-Brauerei AG: (52.501939, 13.3537432)
2025-08-15 17:39:01,757 - INFO - Processing address 2244/2495: Wielandstr. 25/26, Berlin
2025-08-15 17:39:03,555 - INFO - Geocoded: Wielandstr. 25/26, Berlin -> (52.4835807, 13.5915974) confidence: 0.05342208819714653
2025-08-15 17:39:03,555 - INFO - Updated Gesellschaft für Chemikalien und Fabrikbedarf mbH: (52.4835807, 13.5915974)
2025-08-15 17:39:03,555 - INFO - Processing address 2245/2495: Hardenbergstr. 3, Berlin
2025-08-15 17:39:05,258 - INFO - Geocoded: Hardenbergstr. 3, Berlin -> (52.5060421, 13.3325356) confidence: 0.3410509297273993
2025-08-15 17:39:05,259 - INFO - Updated Gesellschaft für Elektrometallurgie Dr. Paul Grünfeld: (52.5060421, 13.3325356)
2025-08-15 17:39:05,259 - INFO - Processing address 2246/2495: Eichhornstr. 4, Berlin
2025-08-15 17:39:06,841 - INFO - Geocoded: Eichhornstr. 4, Berlin -> (52.4888061, 13.5803401) confidence: 8.875486381318407e-05
2025-08-15 17:39:06,841 - INFO - Updated Gesellschaft für Feldbahnindustrie Smoschewer (oder Smoschever) & Co.: (52.4888061, 13.5803401)
2025-08-15 17:39:06,841 - INFO - Processing address 2247/2495: 160/162, Berlin
2025-08-15 17:39:10,208 - INFO - Geocoded: 160/162, Berlin -> (52.510885, 13.3989367) confidence: 0.840425236063765
2025-08-15 17:39:10,208 - INFO - Updated Gesellschaft für Hausratsverwaltung und -verwertung für Mitglieder der jüdischen Gemeinden Deutschlands GmbH: (52.510885, 13.3989367)
2025-08-15 17:39:10,208 - INFO - Processing address 2248/2495: Dorotheenstr. 34, Berlin
2025-08-15 17:39:11,768 - INFO - Geocoded: Dorotheenstr. 34, Berlin -> (52.518893, 13.3891965) confidence: 8.875486381318407e-05
2025-08-15 17:39:11,768 - INFO - Updated Gesellschaft für Immobiliarbeteiligungen mbH: (52.518893, 13.3891965)
2025-08-15 17:39:11,768 - INFO - Processing address 2249/2495: Keithstr. 19/20, Berlin
2025-08-15 17:39:13,601 - INFO - Geocoded: Keithstr. 19/20, Berlin -> (52.3796102, 13.4079123) confidence: 0.05342208819714653
2025-08-15 17:39:13,601 - INFO - Updated Gesellschaft für Kreditprüfung, GmbH: (52.3796102, 13.4079123)
2025-08-15 17:39:13,601 - INFO - Processing address 2250/2495: Kurfürstendamm 147, Berlin
2025-08-15 17:39:15,126 - INFO - Geocoded: Kurfürstendamm 147, Berlin -> (52.498311, 13.2997413) confidence: 8.875486381318407e-05
2025-08-15 17:39:15,126 - INFO - Updated Gesellschaft für Metalle, Erze und Hüttenerzeugnisse mbH: (52.498311, 13.2997413)
2025-08-15 17:39:15,127 - INFO - Processing address 2251/2495: Stöckerzeile 22, Berlin
2025-08-15 17:39:20,418 - WARNING - Failed to geocode: Stöckerzeile 22, Berlin
2025-08-15 17:39:20,419 - ERROR - Failed to geocode address: Stöckerzeile 22, Berlin
2025-08-15 17:39:20,420 - INFO - Processing address 2252/2495: Trendelenburgstr. 1, Berlin
2025-08-15 17:39:21,824 - INFO - Geocoded: Trendelenburgstr. 1, Berlin -> (52.5062131, 13.2911295) confidence: 8.875486381318407e-05
2025-08-15 17:39:21,824 - INFO - Updated Gesellschaft für Textilveredelung Getevau mbH: (52.5062131, 13.2911295)
2025-08-15 17:39:21,824 - INFO - Processing address 2253/2495: 162, Berlin
2025-08-15 17:39:21,824 - WARNING - Incomplete address detected: 162, Berlin
2025-08-15 17:39:21,824 - ERROR - Failed to geocode address: 162, Berlin
2025-08-15 17:39:21,824 - INFO - Processing address 2254/2495: 79/80, Berlin
2025-08-15 17:39:24,214 - INFO - Geocoded: 79/80, Berlin -> (52.510885, 13.3989367) confidence: 0.840425236063765
2025-08-15 17:39:24,214 - INFO - Updated Gesellschaft für elektrische Isolierungen GmbH: (52.510885, 13.3989367)
2025-08-15 17:39:24,214 - INFO - Processing address 2255/2495: Tiergartenstr. 31, Berlin
2025-08-15 17:39:25,678 - INFO - Geocoded: Tiergartenstr. 31, Berlin -> (52.47449, 13.5637843) confidence: 8.875486381318407e-05
2025-08-15 17:39:25,678 - INFO - Updated Gestetner AG: (52.47449, 13.5637843)
2025-08-15 17:39:25,678 - INFO - Processing address 2256/2495: Brandenburgstr. 43, Berlin
2025-08-15 17:39:31,711 - WARNING - Failed to geocode: Brandenburgstr. 43, Berlin
2025-08-15 17:39:31,712 - ERROR - Failed to geocode address: Brandenburgstr. 43, Berlin
2025-08-15 17:39:31,712 - INFO - Processing address 2257/2495: Markgrafenstr. 46, Berlin
2025-08-15 17:39:33,288 - INFO - Geocoded: Markgrafenstr. 46, Berlin -> (52.635908, 13.2972067) confidence: 8.875486381318407e-05
2025-08-15 17:39:33,288 - INFO - Updated Getreide-Industrie & Commission AG: (52.635908, 13.2972067)
2025-08-15 17:39:33,288 - INFO - Processing address 2258/2495: Kurfürstendamm 39, Berlin
2025-08-15 17:39:34,989 - INFO - Geocoded: Kurfürstendamm 39, Berlin -> (52.5020607, 13.3229174) confidence: 0.4914112718388304
2025-08-15 17:39:34,989 - INFO - Updated Gewa Gebrüder Wachtel: (52.50205011837223, 13.32354594462585)
2025-08-15 17:39:34,989 - INFO - Updated Gewa Gebrüder Wachtel GmbH: (52.501904713543716, 13.32277217029858)
2025-08-15 17:39:34,990 - INFO - Processing address 2259/2495: Wallstr. 67, Berlin
2025-08-15 17:39:36,442 - INFO - Geocoded: Wallstr. 67, Berlin -> (52.5127054, 13.4109517) confidence: 8.875486381318407e-05
2025-08-15 17:39:36,442 - INFO - Updated Glade & Freyer: (52.5127054, 13.4109517)
2025-08-15 17:39:36,442 - INFO - Processing address 2260/2495: Luisenufer 44, Berlin
2025-08-15 17:39:41,762 - WARNING - Failed to geocode: Luisenufer 44, Berlin
2025-08-15 17:39:41,763 - ERROR - Failed to geocode address: Luisenufer 44, Berlin
2025-08-15 17:39:41,763 - INFO - Processing address 2261/2495: Barbarossastr. 35, Berlin
2025-08-15 17:39:43,386 - INFO - Geocoded: Barbarossastr. 35, Berlin -> (52.4923229, 13.3405005) confidence: 0.05342208819714653
2025-08-15 17:39:43,386 - INFO - Updated Glaser, Else: (52.4923229, 13.3405005)
2025-08-15 17:39:43,386 - INFO - Processing address 2262/2495: Markgrafenstr. 24, Berlin
2025-08-15 17:39:44,941 - INFO - Geocoded: Markgrafenstr. 24, Berlin -> (52.6330364, 13.3024034) confidence: 8.875486381318407e-05
2025-08-15 17:39:44,941 - INFO - Updated Glaserfeld & Wolfsohn: (52.6330364, 13.3024034)
2025-08-15 17:39:44,941 - INFO - Processing address 2263/2495: Calvinstr. 31, Berlin
2025-08-15 17:39:46,460 - INFO - Geocoded: Calvinstr. 31, Berlin -> (52.5233371, 13.352247) confidence: 8.875486381318407e-05
2025-08-15 17:39:46,461 - INFO - Updated Glass, Adolf: (52.5233371, 13.352247)
2025-08-15 17:39:46,461 - INFO - Processing address 2264/2495: Mohrenstr. 42/43, Berlin
2025-08-15 17:39:48,302 - INFO - Geocoded: Mohrenstr. 42/43, Berlin -> (52.511298, 13.3847578) confidence: 0.32314590312055647
2025-08-15 17:39:48,302 - INFO - Updated Glaß & Graetz: (52.511298, 13.3847578)
2025-08-15 17:39:48,303 - INFO - Processing address 2265/2495: Kommandantenstr. 32, Berlin
2025-08-15 17:39:49,757 - INFO - Geocoded: Kommandantenstr. 32, Berlin -> (52.5058135, 13.4056357) confidence: 8.875486381318407e-05
2025-08-15 17:39:49,757 - INFO - Updated Globus Schreib- und Rechenmaschinen-Vertrieb Maurus Löwy: (52.5058135, 13.4056357)
2025-08-15 17:39:49,757 - INFO - Processing address 2266/2495: Hohenzollerndamm 22, Berlin
2025-08-15 17:39:51,393 - INFO - Geocoded: Hohenzollerndamm 22, Berlin -> (52.4929881, 13.321247) confidence: 8.875486381318407e-05
2025-08-15 17:39:51,393 - INFO - Updated Globus-Kamm-Company: (52.4929881, 13.321247)
2025-08-15 17:39:51,394 - INFO - Processing address 2267/2495: Ackerstr. 39, Berlin
2025-08-15 17:39:52,959 - INFO - Geocoded: Ackerstr. 39, Berlin -> (52.5351024, 13.3912433) confidence: 8.875486381318407e-05
2025-08-15 17:39:52,959 - INFO - Updated Glückmann & Jochnowicz Rohprodukten: (52.5351024, 13.3912433)
2025-08-15 17:39:52,959 - INFO - Processing address 2268/2495: Dorotheenstr. 25, Berlin
2025-08-15 17:39:54,634 - INFO - Geocoded: Dorotheenstr. 25, Berlin -> (52.5195438, 13.3958725) confidence: 0.32228022566186254
2025-08-15 17:39:54,635 - INFO - Updated Glühlampen-Vertrieb Union Josef Panofsky: (52.5195438, 13.3958725)
2025-08-15 17:39:54,635 - INFO - Processing address 2269/2495: Schweitzerstr. 27, Berlin
2025-08-15 17:39:56,494 - INFO - Geocoded: Schweitzerstr. 27, Berlin -> (52.4418084, 13.2576582) confidence: 8.875486381318407e-05
2025-08-15 17:39:56,494 - INFO - Updated GmbH zur Beschaffung von Büroräumen: (52.4418084, 13.2576582)
2025-08-15 17:39:56,494 - INFO - Processing address 2270/2495: ( Trade ) Eingetragen im Handelsregister/ Gründung 1921 Erloschen 1938 Köpenicker Str. 9a,  Berlin
2025-08-15 17:40:01,802 - WARNING - Failed to geocode: ( Trade ) Eingetragen im Handelsregister/ Gründung 1921 Erloschen 1938 Köpenicker Str. 9a,  Berlin
2025-08-15 17:40:01,802 - ERROR - Failed to geocode address: ( Trade ) Eingetragen im Handelsregister/ Gründung 1921 Erloschen 1938 Köpenicker Str. 9a,  Berlin
2025-08-15 17:40:01,802 - INFO - Processing address 2271/2495: Allee  4, Berlin
2025-08-15 17:40:03,662 - INFO - Geocoded: Allee  4, Berlin -> (52.5090054, 13.5038275) confidence: 8.875486381318407e-05
2025-08-15 17:40:03,662 - INFO - Updated Gg. Rüdinger: (52.5090054, 13.5038275)
2025-08-15 17:40:03,662 - INFO - Processing address 2272/2495: Giem textiles and clothing Heiliggeistgasse  6, Berlin
2025-08-15 17:40:10,875 - WARNING - Failed to geocode: Giem textiles and clothing Heiliggeistgasse  6, Berlin
2025-08-15 17:40:10,876 - ERROR - Failed to geocode address: Giem textiles and clothing Heiliggeistgasse  6, Berlin
2025-08-15 17:40:10,876 - INFO - Processing address 2273/2495: Friedrichstr.  203, Berlin
2025-08-15 17:40:13,288 - INFO - Geocoded: Friedrichstr.  203, Berlin -> (52.5015293, 13.3913508) confidence: 0.4683814607413573
2025-08-15 17:40:13,289 - INFO - Updated Gier: (52.5015293, 13.3913508)
2025-08-15 17:40:13,289 - INFO - Processing address 2274/2495: Hauptstr. 25, Berlin
2025-08-15 17:40:18,540 - INFO - Geocoded: Hauptstr. 25, Berlin -> (52.4858318, 13.3551427) confidence: 8.875486381318407e-05
2025-08-15 17:40:18,540 - INFO - Updated Giesenow & Co: (52.4858318, 13.3551427)
2025-08-15 17:40:18,540 - INFO - Processing address 2275/2495: Martin Blumenweg 16, Berlin
2025-08-15 17:40:25,370 - WARNING - Failed to geocode: Martin Blumenweg 16, Berlin
2025-08-15 17:40:25,370 - ERROR - Failed to geocode address: Martin Blumenweg 16, Berlin
2025-08-15 17:40:25,370 - INFO - Processing address 2276/2495: Geisbergstr.  25, Berlin
2025-08-15 17:40:26,835 - INFO - Geocoded: Geisbergstr.  25, Berlin -> (52.4976102, 13.3366479) confidence: 8.875486381318407e-05
2025-08-15 17:40:26,835 - INFO - Updated Gilmanoff: (52.4976102, 13.3366479)
2025-08-15 17:40:26,835 - INFO - Processing address 2277/2495: Wiclefstr.  41, Berlin
2025-08-15 17:40:28,444 - INFO - Geocoded: Wiclefstr.  41, Berlin -> (52.5308578, 13.3306297) confidence: 8.875486381318407e-05
2025-08-15 17:40:28,444 - INFO - Updated Ginsberg Leon: (52.5308578, 13.3306297)
2025-08-15 17:40:28,444 - INFO - Processing address 2278/2495: An der Spandauer Brücke 15, Berlin
2025-08-15 17:40:30,492 - INFO - Geocoded: An der Spandauer Brücke 15, Berlin -> (52.5219176, 13.4044761) confidence: 0.05342208819714653
2025-08-15 17:40:30,492 - INFO - Updated Gotthilf Rosenbaum: (52.5219176, 13.4044761)
2025-08-15 17:40:30,493 - INFO - Processing address 2279/2495: Cranachstr. 17/18, Berlin
2025-08-15 17:40:31,990 - INFO - Geocoded: Cranachstr. 17/18, Berlin -> (52.4660116, 13.3421151) confidence: 8.875486381318407e-05
2025-08-15 17:40:31,990 - INFO - Updated Gotthold Rosen: (52.4660116, 13.3421151)
2025-08-15 17:40:31,990 - INFO - Processing address 2280/2495: Hohenstaufenstr. 46, Berlin
2025-08-15 17:40:33,570 - INFO - Geocoded: Hohenstaufenstr. 46, Berlin -> (52.4941365, 13.3415247) confidence: 8.875486381318407e-05
2025-08-15 17:40:33,570 - INFO - Updated Gottlieb Blumenthal: (52.4941365, 13.3415247)
2025-08-15 17:40:33,570 - INFO - Processing address 2281/2495: Dahlmannstr.  22, Berlin
2025-08-15 17:40:35,074 - INFO - Geocoded: Dahlmannstr.  22, Berlin -> (52.5007644, 13.3041793) confidence: 8.875486381318407e-05
2025-08-15 17:40:35,074 - INFO - Updated Gottlieb Sladkus: (52.5007644, 13.3041793)
2025-08-15 17:40:35,074 - INFO - Processing address 2282/2495: Hauptstr. 161, Berlin
2025-08-15 17:40:40,091 - INFO - Geocoded: Hauptstr. 161, Berlin -> (52.6012295, 13.3796406) confidence: 8.875486381318407e-05
2025-08-15 17:40:40,092 - INFO - Updated Gottlieb Weiß: (52.6012295, 13.3796406)
2025-08-15 17:40:40,092 - INFO - Processing address 2283/2495: Jakobstr. 23/24, Berlin
2025-08-15 17:40:42,068 - INFO - Geocoded: Jakobstr. 23/24, Berlin -> (52.5260336, 13.4125015) confidence: 0.05342208819714653
2025-08-15 17:40:42,068 - INFO - Updated Gottschalk & Laske: (52.5260336, 13.4125015)
2025-08-15 17:40:42,068 - INFO - Processing address 2284/2495: Geisbergstr. 29, Berlin
2025-08-15 17:40:43,633 - INFO - Geocoded: Geisbergstr. 29, Berlin -> (52.4975697, 13.3386027) confidence: 8.875486381318407e-05
2025-08-15 17:40:43,633 - INFO - Updated Grace Beauty Grace Stein: (52.4975697, 13.3386027)
2025-08-15 17:40:43,634 - INFO - Processing address 2285/2495: Stralauer Platz 20, Berlin
2025-08-15 17:40:45,320 - INFO - Geocoded: Stralauer Platz 20, Berlin -> (52.5098935, 13.4317793) confidence: 0.22351224795927851
2025-08-15 17:40:45,354 - INFO - Updated Gradt's Apotheke und Drogenhandlung, Chemisches Institut: (52.5098935, 13.4317793)
2025-08-15 17:40:45,366 - INFO - Processing address 2286/2495: Markgrafenstr.  79, Berlin
2025-08-15 17:40:46,863 - INFO - Geocoded: Markgrafenstr.  79, Berlin -> (52.6376903, 13.2888114) confidence: 8.875486381318407e-05
2025-08-15 17:40:46,863 - INFO - Updated Goldbad: (52.6376903, 13.2888114)
2025-08-15 17:40:46,863 - INFO - Processing address 2287/2495: An der Spandauer Brücke 13, Berlin
2025-08-15 17:40:48,662 - INFO - Geocoded: An der Spandauer Brücke 13, Berlin -> (52.5219176, 13.4044761) confidence: 0.05342208819714653
2025-08-15 17:40:48,663 - INFO - Updated Goldberg & Co: (52.5219176, 13.4044761)
2025-08-15 17:40:48,663 - INFO - Processing address 2288/2495: Kochstr.  45, Berlin
2025-08-15 17:40:50,575 - INFO - Geocoded: Kochstr.  45, Berlin -> (52.4469797, 13.3807305) confidence: 0.05342208819714653
2025-08-15 17:40:50,575 - INFO - Updated Golde Vogler: (52.4469797, 13.3807305)
2025-08-15 17:40:50,575 - INFO - Processing address 2289/2495: Königstr. 42, Berlin
2025-08-15 17:40:52,299 - INFO - Geocoded: Königstr. 42, Berlin -> (52.4338582, 13.2539292) confidence: 8.875486381318407e-05
2025-08-15 17:40:52,299 - INFO - Updated Goldschmidt & Schwersenzer: (52.4338582, 13.2539292)
2025-08-15 17:40:52,299 - INFO - Processing address 2290/2495: Güntzelstr.  45, Berlin
2025-08-15 17:40:53,838 - INFO - Geocoded: Güntzelstr.  45, Berlin -> (52.4911125, 13.3254974) confidence: 8.875486381318407e-05
2025-08-15 17:40:53,838 - INFO - Updated Goldschmiede Grützmacher: (52.4911125, 13.3254974)
2025-08-15 17:40:53,838 - INFO - Processing address 2291/2495: 97/98, Berlin
2025-08-15 17:40:56,970 - INFO - Geocoded: 97/98, Berlin -> (52.510885, 13.3989367) confidence: 0.840425236063765
2025-08-15 17:40:56,970 - INFO - Updated Goldwaaren Industrie Belmonte & Co.: (52.510885, 13.3989367)
2025-08-15 17:40:56,970 - INFO - Processing address 2292/2495: Brunnenstr. 15, Berlin
2025-08-15 17:40:58,620 - INFO - Geocoded: Brunnenstr. 15, Berlin -> (52.5323013, 13.3993166) confidence: 8.875486381318407e-05
2025-08-15 17:40:58,620 - INFO - Updated Gornita Seifen-Vertrieb Edith Gornitzky: (52.5323013, 13.3993166)
2025-08-15 17:40:58,620 - INFO - Processing address 2293/2495: Jakobstr. 83, Berlin
2025-08-15 17:41:00,116 - INFO - Geocoded: Jakobstr. 83, Berlin -> (52.5098189, 13.4073729) confidence: 8.875486381318407e-05
2025-08-15 17:41:00,116 - INFO - Updated Gorselanczyk & Co GmbH: (52.5098189, 13.4073729)
2025-08-15 17:41:00,116 - INFO - Processing address 2294/2495: Wrangelstr. 52, Berlin
2025-08-15 17:41:01,779 - INFO - Geocoded: Wrangelstr. 52, Berlin -> (52.4986235, 13.4415686) confidence: 8.875486381318407e-05
2025-08-15 17:41:01,779 - INFO - Updated Gottfried Wolffs Schuhwarenhaus Inh. Julius Goldschmidt: (52.4986235, 13.4415686)
2025-08-15 17:41:01,779 - INFO - Processing address 2295/2495: 69, Berlin
2025-08-15 17:41:01,779 - WARNING - Incomplete address detected: 69, Berlin
2025-08-15 17:41:01,779 - ERROR - Failed to geocode address: 69, Berlin
2025-08-15 17:41:01,779 - INFO - Processing address 2296/2495: Klopstockstr. 21, Berlin
2025-08-15 17:41:03,346 - INFO - Geocoded: Klopstockstr. 21, Berlin -> (52.4431112, 13.2309767) confidence: 8.875486381318407e-05
2025-08-15 17:41:03,346 - INFO - Updated Graf von der Pahlen-Eckau GmbH: (52.4431112, 13.2309767)
2025-08-15 17:41:03,346 - INFO - Processing address 2297/2495: Markgrafenstraße 76, Berlin
2025-08-15 17:41:04,900 - INFO - Geocoded: Markgrafenstraße 76, Berlin -> (52.6381271, 13.2909865) confidence: 8.875486381318407e-05
2025-08-15 17:41:04,900 - INFO - Updated Grammophon Spezialhaus GmbH: (52.6381271, 13.2909865)
2025-08-15 17:41:04,900 - INFO - Processing address 2298/2495: Geisbergstr. 33, Berlin
2025-08-15 17:41:06,548 - INFO - Geocoded: Geisbergstr. 33, Berlin -> (52.497056, 13.3440623) confidence: 0.05342208819714653
2025-08-15 17:41:06,548 - INFO - Updated Graphische Gesellschaft Richard Labisch GmbH: (52.497056, 13.3440623)
2025-08-15 17:41:06,548 - INFO - Processing address 2299/2495: Rungestr. 19, Berlin
2025-08-15 17:41:08,118 - INFO - Geocoded: Rungestr. 19, Berlin -> (52.5123669, 13.4200815) confidence: 8.875486381318407e-05
2025-08-15 17:41:08,118 - INFO - Updated Graphische Kunstanstalt Arnold Weylandt GmbH: (52.5123669, 13.4200815)
2025-08-15 17:41:08,118 - INFO - Processing address 2300/2495: Graphische Kunstanstalt Ernst Zieger advertising Am Johannistisch  9, Berlin
2025-08-15 17:41:15,316 - WARNING - Failed to geocode: Graphische Kunstanstalt Ernst Zieger advertising Am Johannistisch  9, Berlin
2025-08-15 17:41:15,317 - ERROR - Failed to geocode address: Graphische Kunstanstalt Ernst Zieger advertising Am Johannistisch  9, Berlin
2025-08-15 17:41:15,317 - INFO - Progress: 2300/2495 addresses processed
2025-08-15 17:41:15,365 - INFO - Processing address 2301/2495: Emserstr. 3, Berlin
2025-08-15 17:41:17,084 - INFO - Geocoded: Emserstr. 3, Berlin -> (52.4929007, 13.3195743) confidence: 8.875486381318407e-05
2025-08-15 17:41:17,084 - INFO - Updated Graphischer Metallhandel Ernst Friedlaender: (52.4929007, 13.3195743)
2025-08-15 17:41:17,084 - INFO - Processing address 2302/2495: Mohrenstr. 35/37, Berlin
2025-08-15 17:41:18,816 - INFO - Geocoded: Mohrenstr. 35/37, Berlin -> (52.511298, 13.3847578) confidence: 0.32314590312055647
2025-08-15 17:41:18,816 - INFO - Updated Graumann & Stern: (52.511715140788056, 13.384362468025214)
2025-08-15 17:41:18,816 - INFO - Updated Graumann & Stern KGaA: (52.51164399674954, 13.384138401678817)
2025-08-15 17:41:18,817 - INFO - Processing address 2303/2495: Rankestr. 28, Berlin
2025-08-15 17:41:20,377 - INFO - Geocoded: Rankestr. 28, Berlin -> (52.5009587, 13.3321225) confidence: 0.25099128377945606
2025-08-15 17:41:20,378 - INFO - Updated Grodka & Co: (52.5009587, 13.3321225)
2025-08-15 17:41:20,378 - INFO - Processing address 2304/2495: Lindenstr. 38, Berlin
2025-08-15 17:41:22,637 - INFO - Geocoded: Lindenstr. 38, Berlin -> (52.4508468, 13.5718089) confidence: 8.875486381318407e-05
2025-08-15 17:41:22,637 - INFO - Updated Grohag Großhandelsgesellschaft mbH: (52.4508468, 13.5718089)
2025-08-15 17:41:22,638 - INFO - Processing address 2305/2495: Heiligegeiststr. 21, Berlin
2025-08-15 17:41:28,578 - WARNING - Failed to geocode: Heiligegeiststr. 21, Berlin
2025-08-15 17:41:28,580 - ERROR - Failed to geocode address: Heiligegeiststr. 21, Berlin
2025-08-15 17:41:28,580 - INFO - Processing address 2306/2495: Kochstr.  27, Berlin
2025-08-15 17:41:30,259 - INFO - Geocoded: Kochstr.  27, Berlin -> (52.5066326, 13.3908405) confidence: 8.875486381318407e-05
2025-08-15 17:41:30,260 - INFO - Updated Groß: (52.5066326, 13.3908405)
2025-08-15 17:41:30,260 - INFO - Processing address 2307/2495: Prenzlauer Allee 18, Berlin
2025-08-15 17:41:31,964 - INFO - Geocoded: Prenzlauer Allee 18, Berlin -> (52.53112, 13.4198272) confidence: 8.875486381318407e-05
2025-08-15 17:41:31,964 - INFO - Updated Groß & Grischmann: (52.53112, 13.4198272)
2025-08-15 17:41:31,964 - INFO - Processing address 2308/2495: Frankfurter Allee 253, Berlin
2025-08-15 17:41:33,843 - INFO - Geocoded: Frankfurter Allee 253, Berlin -> (52.5120786, 13.4984377) confidence: 8.875486381318407e-05
2025-08-15 17:41:33,843 - INFO - Updated Groß-Berliner Wäsche-Fabrikation Georg Mamlok: (52.5120786, 13.4984377)
2025-08-15 17:41:33,843 - INFO - Processing address 2309/2495: Wallstr. 85, Berlin
2025-08-15 17:41:35,320 - INFO - Geocoded: Wallstr. 85, Berlin -> (52.5118877, 13.4079956) confidence: 8.875486381318407e-05
2025-08-15 17:41:35,320 - INFO - Updated Groß-Berliner Wäsche-Vertrieb Hettmann & Feder: (52.5118877, 13.4079956)
2025-08-15 17:41:35,320 - INFO - Processing address 2310/2495: Bischofstr.  26, Berlin
2025-08-15 17:41:41,518 - WARNING - Failed to geocode: Bischofstr.  26, Berlin
2025-08-15 17:41:41,519 - ERROR - Failed to geocode address: Bischofstr.  26, Berlin
2025-08-15 17:41:41,519 - INFO - Processing address 2311/2495: Wallstr. 16, Berlin
2025-08-15 17:41:42,968 - INFO - Geocoded: Wallstr. 16, Berlin -> (52.5111756, 13.4064476) confidence: 8.875486381318407e-05
2025-08-15 17:41:42,969 - INFO - Updated Greizer Kammgarnweberei Gebrüder Berglas GmbH: (52.510728572288336, 13.40685891958925)
2025-08-15 17:41:42,969 - INFO - Updated Hanewacker & Co GmbH: (52.511252301241534, 13.406126898490507)
2025-08-15 17:41:42,969 - INFO - Processing address 2312/2495: Kurfürstendamm 83, Berlin
2025-08-15 17:41:45,925 - INFO - Geocoded: Kurfürstendamm 83, Berlin -> (52.5035641, 13.3305371) confidence: 0.4914112718388304
2025-08-15 17:41:45,927 - INFO - Updated Grete Romatzki GmbH: (52.5035641, 13.3305371)
2025-08-15 17:41:45,943 - INFO - Processing address 2313/2495: Lützowstr. 28, Berlin
2025-08-15 17:41:47,687 - INFO - Geocoded: Lützowstr. 28, Berlin -> (52.3806974, 13.4102405) confidence: 8.875486381318407e-05
2025-08-15 17:41:47,688 - INFO - Updated Grieben-Verlag Albert Goldschmidt: (52.3803387920808, 13.410740802549501)
2025-08-15 17:41:47,688 - INFO - Updated Grieben-Verlag GmbH: (52.38032714832692, 13.410105710840797)
2025-08-15 17:41:47,688 - INFO - Processing address 2314/2495: Wassertorstr. 23, Berlin
2025-08-15 17:41:49,284 - INFO - Geocoded: Wassertorstr. 23, Berlin -> (52.4996834, 13.4090638) confidence: 0.05342208819714653
2025-08-15 17:41:49,284 - INFO - Updated Grip-Fix Comp. GmbH: (52.4996834, 13.4090638)
2025-08-15 17:41:49,284 - INFO - Processing address 2315/2495: Kurfürstendamm 44, Berlin
2025-08-15 17:41:50,838 - INFO - Geocoded: Kurfürstendamm 44, Berlin -> (52.5019928, 13.3203316) confidence: 8.875486381318407e-05
2025-08-15 17:41:50,838 - INFO - Updated Grith Schuhsalon Moritz Kimmel: (52.5019928, 13.3203316)
2025-08-15 17:41:50,838 - INFO - Processing address 2316/2495: Exerzierstr. 21, Berlin
2025-08-15 17:41:52,343 - INFO - Geocoded: Exerzierstr. 21, Berlin -> (52.5539204, 13.3733167) confidence: 8.875486381318407e-05
2025-08-15 17:41:52,343 - INFO - Updated Grobema Groß-Berliner-Maschinenfabrik Ovschy Rewitsch: (52.5539204, 13.3733167)
2025-08-15 17:41:52,344 - INFO - Processing address 2317/2495: Lutherstr. 19, Berlin
2025-08-15 17:41:54,087 - INFO - Geocoded: Lutherstr. 19, Berlin -> (52.4933664, 13.6112113) confidence: 8.875486381318407e-05
2025-08-15 17:41:54,088 - INFO - Updated Großbeerener Kunstmühle Arthur Mendel & Co: (52.4933664, 13.6112113)
2025-08-15 17:41:54,088 - INFO - Processing address 2318/2495: Hardenbergstr. 12, Berlin
2025-08-15 17:41:55,626 - INFO - Geocoded: Hardenbergstr. 12, Berlin -> (52.5083806, 13.3268951) confidence: 0.32850614987876553
2025-08-15 17:41:55,626 - INFO - Updated Großhandels-AG für Getreide und Mühlenfabrikate: (52.5083806, 13.3268951)
2025-08-15 17:41:55,626 - INFO - Processing address 2319/2495: Großwäscherei Küster textiles and clothing Holsteiner Ufer  5, Berlin
2025-08-15 17:42:03,138 - WARNING - Failed to geocode: Großwäscherei Küster textiles and clothing Holsteiner Ufer  5, Berlin
2025-08-15 17:42:03,139 - ERROR - Failed to geocode address: Großwäscherei Küster textiles and clothing Holsteiner Ufer  5, Berlin
2025-08-15 17:42:03,139 - INFO - Processing address 2320/2495: Großwäscherei Schuller textiles and clothing Wilhelmsaue  108, Berlin
2025-08-15 17:42:09,857 - WARNING - Failed to geocode: Großwäscherei Schuller textiles and clothing Wilhelmsaue  108, Berlin
2025-08-15 17:42:09,859 - ERROR - Failed to geocode address: Großwäscherei Schuller textiles and clothing Wilhelmsaue  108, Berlin
2025-08-15 17:42:09,859 - INFO - Processing address 2321/2495: Tauentzienstr. 8, Berlin
2025-08-15 17:42:11,322 - INFO - Geocoded: Tauentzienstr. 8, Berlin -> (52.5036452, 13.3387131) confidence: 8.875486381318407e-05
2025-08-15 17:42:11,322 - INFO - Updated Grundkreditschutz GmbH: (52.5036452, 13.3387131)
2025-08-15 17:42:11,322 - INFO - Processing address 2322/2495: 116, Berlin
2025-08-15 17:42:11,322 - WARNING - Incomplete address detected: 116, Berlin
2025-08-15 17:42:11,322 - ERROR - Failed to geocode address: 116, Berlin
2025-08-15 17:42:11,323 - INFO - Processing address 2323/2495: Blumeshof 12, Berlin
2025-08-15 17:42:12,885 - INFO - Geocoded: Blumeshof 12, Berlin -> (52.6350113, 13.2672978) confidence: 5.1199359121034826e-05
2025-08-15 17:42:12,885 - INFO - Updated Grundstücks-AG Beusselturm: (52.6350113, 13.2672978)
2025-08-15 17:42:12,885 - INFO - Processing address 2324/2495: Goßlerstraße 25, Berlin
2025-08-15 17:42:14,311 - INFO - Geocoded: Goßlerstraße 25, Berlin -> (52.448177, 13.2891307) confidence: 8.875486381318407e-05
2025-08-15 17:42:14,312 - INFO - Updated Grundstücksgesellschaft Goßlerstraße 25 mbH: (52.448177, 13.2891307)
2025-08-15 17:42:14,312 - INFO - Processing address 2325/2495: Sybelstr. 14, Berlin
2025-08-15 17:42:15,836 - INFO - Geocoded: Sybelstr. 14, Berlin -> (52.5021374, 13.3061908) confidence: 8.875486381318407e-05
2025-08-15 17:42:15,837 - INFO - Updated Grundstücksgesellschaft Lotte GmbH: (52.50248425908802, 13.306139209644899)
2025-08-15 17:42:15,837 - INFO - Updated Hans Kaufmann: (52.50250277342563, 13.305646163562407)
2025-08-15 17:42:15,837 - INFO - Processing address 2326/2495: Bennigsenstr. 20/22, Berlin
2025-08-15 17:42:17,697 - INFO - Geocoded: Bennigsenstr. 20/22, Berlin -> (52.4764152, 13.3392905) confidence: 0.05342208819714653
2025-08-15 17:42:17,697 - INFO - Updated Grundstücksgesellschaft Windhoff mbH: (52.4764152, 13.3392905)
2025-08-15 17:42:17,697 - INFO - Processing address 2327/2495: Berlinerstr. 56/57
2025-08-15 17:42:22,062 - INFO - Geocoded: Berlinerstr. 56/57 -> (52.5701729, 13.4107097) confidence: 0.24830372814560323
2025-08-15 17:42:22,063 - INFO - Updated Grundstücksverwaltungsgesellschaft Berlinerstr. 56/57 zu Neukölln mbH: (52.5701729, 13.4107097)
2025-08-15 17:42:22,063 - INFO - Processing address 2328/2495: Prinzenstr. 46, Berlin
2025-08-15 17:42:23,571 - INFO - Geocoded: Prinzenstr. 46, Berlin -> (52.5185065, 13.5501783) confidence: 8.875486381318407e-05
2025-08-15 17:42:23,571 - INFO - Updated Grundstücksverwaltungsgesellschaft Ost-West GmbH: (52.5185065, 13.5501783)
2025-08-15 17:42:23,571 - INFO - Processing address 2329/2495: Kochstr. 44/45, Berlin
2025-08-15 17:42:25,726 - INFO - Geocoded: Kochstr. 44/45, Berlin -> (52.4469797, 13.3807305) confidence: 0.05342208819714653
2025-08-15 17:42:25,726 - INFO - Updated Grün & Zöllner: (52.4469797, 13.3807305)
2025-08-15 17:42:25,726 - INFO - Processing address 2330/2495: Binzstr. 60, Berlin
2025-08-15 17:42:27,195 - INFO - Geocoded: Binzstr. 60, Berlin -> (52.563414, 13.4164408) confidence: 8.875486381318407e-05
2025-08-15 17:42:27,195 - INFO - Updated Grünberg, Frieda geb. Hauke: (52.563414, 13.4164408)
2025-08-15 17:42:27,197 - INFO - Processing address 2331/2495: Florastr.  5, Berlin
2025-08-15 17:42:28,781 - INFO - Geocoded: Florastr.  5, Berlin -> (52.5156848, 13.6179231) confidence: 8.875486381318407e-05
2025-08-15 17:42:28,781 - INFO - Updated Gründlich: (52.5156848, 13.6179231)
2025-08-15 17:42:28,781 - INFO - Processing address 2332/2495: Krausenstr. 76/77, Berlin
2025-08-15 17:42:30,716 - INFO - Geocoded: Krausenstr. 76/77, Berlin -> (52.5094155, 13.3895332) confidence: 0.05342208819714653
2025-08-15 17:42:30,716 - INFO - Updated Grünfeld'sche Grundstücksverwaltungsgesellschaft mbH (G.G.G.): (52.5094155, 13.3895332)
2025-08-15 17:42:30,716 - INFO - Processing address 2333/2495: Oranienstr. 6, Berlin
2025-08-15 17:42:32,276 - INFO - Geocoded: Oranienstr. 6, Berlin -> (52.4998891, 13.4250593) confidence: 8.875486381318407e-05
2025-08-15 17:42:32,276 - INFO - Updated Gu-Bi-Sch Gut-Billig-Schnell Bügel-Anstalten Abraham Rachmann: (52.4998891, 13.4250593)
2025-08-15 17:42:32,276 - INFO - Processing address 2334/2495: ( Trade ) Eingetragen im Handelsregister/ Gründung 1912 Erloschen 1937 Alt Moabit 83b,  Berlin
2025-08-15 17:42:37,725 - WARNING - Failed to geocode: ( Trade ) Eingetragen im Handelsregister/ Gründung 1912 Erloschen 1937 Alt Moabit 83b,  Berlin
2025-08-15 17:42:37,726 - ERROR - Failed to geocode address: ( Trade ) Eingetragen im Handelsregister/ Gründung 1912 Erloschen 1937 Alt Moabit 83b,  Berlin
2025-08-15 17:42:37,726 - INFO - Processing address 2335/2495: Prinzenallee 58, Berlin
2025-08-15 17:42:39,195 - INFO - Geocoded: Prinzenallee 58, Berlin -> (52.5583368, 13.3846017) confidence: 8.875486381318407e-05
2025-08-15 17:42:39,195 - INFO - Updated Gummi- u. Asbest-Gesellschaft Engl & Co: (52.5583368, 13.3846017)
2025-08-15 17:42:39,195 - INFO - Processing address 2336/2495: Wassertorstr. 46/47, Berlin
2025-08-15 17:42:41,076 - INFO - Geocoded: Wassertorstr. 46/47, Berlin -> (52.4996834, 13.4090638) confidence: 0.05342208819714653
2025-08-15 17:42:41,076 - INFO - Updated Gumpert-Back-Import GmbH: (52.4996834, 13.4090638)
2025-08-15 17:42:41,076 - INFO - Processing address 2337/2495: Viktoriastr. 15, Berlin
2025-08-15 17:42:42,688 - INFO - Geocoded: Viktoriastr. 15, Berlin -> (52.4477631, 13.6295108) confidence: 8.875486381318407e-05
2025-08-15 17:42:42,688 - INFO - Updated Gurau-Friedrichs GmbH: (52.4477631, 13.6295108)
2025-08-15 17:42:42,688 - INFO - Processing address 2338/2495: Am Kupfergraben 5, Berlin
2025-08-15 17:42:44,098 - INFO - Geocoded: Am Kupfergraben 5, Berlin -> (52.5209336, 13.3956302) confidence: 0.5161960187479497
2025-08-15 17:42:44,098 - INFO - Updated Gust. Salinger: (52.5209336, 13.3956302)
2025-08-15 17:42:44,098 - INFO - Processing address 2339/2495: Koloniestr. 1, Berlin
2025-08-15 17:42:45,803 - INFO - Geocoded: Koloniestr. 1, Berlin -> (52.4174601, 13.3270529) confidence: 8.875486381318407e-05
2025-08-15 17:42:45,803 - INFO - Updated Gustav Adolf Apotheke und Drogenhandlung, Fabrik chem.pharm.kosmet. Präparate und Versandgeschäft; Generaldepot der Dr. Barsikow'schen Hefe-Präparate Curt Treitel: (52.4174601, 13.3270529)
2025-08-15 17:42:45,803 - INFO - Processing address 2340/2495: Fürstenstr. 3, Berlin
2025-08-15 17:42:47,263 - INFO - Geocoded: Fürstenstr. 3, Berlin -> (52.4385383, 13.2416592) confidence: 8.875486381318407e-05
2025-08-15 17:42:47,264 - INFO - Updated Gustav Amigo: (52.4385383, 13.2416592)
2025-08-15 17:42:47,264 - INFO - Processing address 2341/2495: Friedrichstr. 128, Berlin
2025-08-15 17:42:48,870 - INFO - Geocoded: Friedrichstr. 128, Berlin -> (52.5253242, 13.3870844) confidence: 8.875486381318407e-05
2025-08-15 17:42:48,870 - INFO - Updated Gustav Becker: (52.5253242, 13.3870844)
2025-08-15 17:42:48,870 - INFO - Processing address 2342/2495: Charlottenstr. 77, Berlin
2025-08-15 17:42:50,660 - INFO - Geocoded: Charlottenstr. 77, Berlin -> (52.5083995, 13.3919444) confidence: 8.875486381318407e-05
2025-08-15 17:42:50,660 - INFO - Updated Gustav Blumenfeld: (52.5083995, 13.3919444)
2025-08-15 17:42:50,660 - INFO - Processing address 2343/2495: Niederwallstr. 35/36, Berlin
2025-08-15 17:42:52,437 - INFO - Geocoded: Niederwallstr. 35/36, Berlin -> (52.5122783, 13.3995124) confidence: 0.05342208819714653
2025-08-15 17:42:52,437 - INFO - Updated Gustav Ehrenberg: (52.5122783, 13.3995124)
2025-08-15 17:42:52,437 - INFO - Processing address 2344/2495: Friedrichstr. 9, Berlin
2025-08-15 17:42:54,244 - INFO - Geocoded: Friedrichstr. 9, Berlin -> (52.5011156, 13.3922116) confidence: 8.875486381318407e-05
2025-08-15 17:42:54,254 - INFO - Updated Gustav Eisenstädt: (52.5011156, 13.3922116)
2025-08-15 17:42:54,254 - INFO - Processing address 2345/2495: Georgenstr. 11, Berlin
2025-08-15 17:42:56,092 - INFO - Geocoded: Georgenstr. 11, Berlin -> (52.5197665, 13.3895545) confidence: 8.875486381318407e-05
2025-08-15 17:42:56,093 - INFO - Updated Gustav Freund: (52.5197665, 13.3895545)
2025-08-15 17:42:56,093 - INFO - Processing address 2346/2495: Hohenstaufenstr.  55, Berlin
2025-08-15 17:42:57,603 - INFO - Geocoded: Hohenstaufenstr.  55, Berlin -> (52.4941952, 13.3463816) confidence: 8.875486381318407e-05
2025-08-15 17:42:57,604 - INFO - Updated Gustav Georg Sommerfeld: (52.4941952, 13.3463816)
2025-08-15 17:42:57,604 - INFO - Processing address 2347/2495: Grünstr. 25/26, Berlin
2025-08-15 17:42:59,822 - INFO - Geocoded: Grünstr. 25/26, Berlin -> (52.4448784, 13.5758015) confidence: 0.05342208819714653
2025-08-15 17:42:59,971 - INFO - Updated Gustav Grützmacher & Co: (52.4448784, 13.5758015)
2025-08-15 17:42:59,972 - INFO - Processing address 2348/2495: Müllerstr. 1, Berlin
2025-08-15 17:43:02,041 - INFO - Geocoded: Müllerstr. 1, Berlin -> (52.5394072, 13.3718154) confidence: 8.875486381318407e-05
2025-08-15 17:43:02,042 - INFO - Updated Gustav Haase: (52.5394072, 13.3718154)
2025-08-15 17:43:02,043 - INFO - Processing address 2349/2495: Königstr. 86, Berlin
2025-08-15 17:43:03,898 - INFO - Geocoded: Königstr. 86, Berlin -> (52.5266256, 13.4223511) confidence: 8.875486381318407e-05
2025-08-15 17:43:03,898 - INFO - Updated Gustav Haase Nchfg.: (52.5266256, 13.4223511)
2025-08-15 17:43:03,898 - INFO - Processing address 2350/2495: Schützenstr. 29/30, Berlin
2025-08-15 17:43:06,693 - INFO - Geocoded: Schützenstr. 29/30, Berlin -> (52.5509869, 13.2116088) confidence: 0.05342208819714653
2025-08-15 17:43:06,693 - INFO - Updated Gustav Hamel & Co: (52.5509869, 13.2116088)
2025-08-15 17:43:06,693 - INFO - Processing address 2351/2495: Roßstr. 26/28, Berlin
2025-08-15 17:43:08,484 - INFO - Geocoded: Roßstr. 26/28, Berlin -> (52.5121551, 13.4085379) confidence: 0.05342208819714653
2025-08-15 17:43:08,484 - INFO - Updated Gustav Heilborn: (52.5121551, 13.4085379)
2025-08-15 17:43:08,485 - INFO - Processing address 2352/2495: Brunnenstr 152, Berlin
2025-08-15 17:43:10,254 - INFO - Geocoded: Brunnenstr 152, Berlin -> (52.5360131, 13.397326) confidence: 8.875486381318407e-05
2025-08-15 17:43:10,256 - INFO - Updated Gustav Herzig, GmbH: (52.5360131, 13.397326)
2025-08-15 17:43:10,256 - INFO - Processing address 2353/2495: Jüdenstr. 42/43, Berlin
2025-08-15 17:43:11,998 - INFO - Geocoded: Jüdenstr. 42/43, Berlin -> (52.5165352, 13.4105919) confidence: 0.272124500803288
2025-08-15 17:43:11,998 - INFO - Updated Gustav Kristeller: (52.5165352, 13.4105919)
2025-08-15 17:43:11,998 - INFO - Processing address 2354/2495: Winsstr.  58, Berlin
2025-08-15 17:43:13,454 - INFO - Geocoded: Winsstr.  58, Berlin -> (52.533743, 13.4250083) confidence: 8.875486381318407e-05
2025-08-15 17:43:13,454 - INFO - Updated Gustav Kronheim: (52.533743, 13.4250083)
2025-08-15 17:43:13,454 - INFO - Processing address 2355/2495: ( Trade ) Eingetragen im Handelsregister/ Gründung 1907 Flottenstr. ,  Berlin
2025-08-15 17:43:20,329 - WARNING - Failed to geocode: ( Trade ) Eingetragen im Handelsregister/ Gründung 1907 Flottenstr. ,  Berlin
2025-08-15 17:43:20,331 - ERROR - Failed to geocode address: ( Trade ) Eingetragen im Handelsregister/ Gründung 1907 Flottenstr. ,  Berlin
2025-08-15 17:43:20,331 - INFO - Processing address 2356/2495: Weinmeisterstr.  10, Berlin
2025-08-15 17:43:21,909 - INFO - Geocoded: Weinmeisterstr.  10, Berlin -> (52.525261, 13.4057722) confidence: 8.875486381318407e-05
2025-08-15 17:43:21,909 - INFO - Updated Gustav Lazarus: (52.525261, 13.4057722)
2025-08-15 17:43:21,909 - INFO - Processing address 2357/2495: Kirchbachstr.  7, Berlin
2025-08-15 17:43:23,484 - INFO - Geocoded: Kirchbachstr.  7, Berlin -> (52.3834903, 13.4073924) confidence: 8.875486381318407e-05
2025-08-15 17:43:23,486 - INFO - Updated Gustav Lemmel: (52.3834903, 13.4073924)
2025-08-15 17:43:23,487 - INFO - Processing address 2358/2495: Großbeerenstr.  56, Berlin
2025-08-15 17:43:25,089 - INFO - Geocoded: Großbeerenstr.  56, Berlin -> (52.4921884, 13.3832818) confidence: 8.875486381318407e-05
2025-08-15 17:43:25,089 - INFO - Updated Gustav Leske: (52.4921884, 13.3832818)
2025-08-15 17:43:25,089 - INFO - Processing address 2359/2495: ( Trade ) Eingetragen im Handelsregister/ Gründung 1918 Erloschen 1937 Magerviehhof ,  Berlin
2025-08-15 17:43:31,364 - WARNING - Failed to geocode: ( Trade ) Eingetragen im Handelsregister/ Gründung 1918 Erloschen 1937 Magerviehhof ,  Berlin
2025-08-15 17:43:31,705 - ERROR - Failed to geocode address: ( Trade ) Eingetragen im Handelsregister/ Gründung 1918 Erloschen 1937 Magerviehhof ,  Berlin
2025-08-15 17:43:31,705 - INFO - Processing address 2360/2495: Elisabethstr. 23, Berlin
2025-08-15 17:43:33,661 - INFO - Geocoded: Elisabethstr. 23, Berlin -> (52.4332168, 13.3373047) confidence: 8.875486381318407e-05
2025-08-15 17:43:33,662 - INFO - Updated Gustav Levy: (52.4332168, 13.3373047)
2025-08-15 17:43:33,662 - INFO - Processing address 2361/2495: Rosenstr. 9/13, Berlin
2025-08-15 17:43:36,466 - INFO - Geocoded: Rosenstr. 9/13, Berlin -> (52.4457374, 13.5771972) confidence: 0.05342208819714653
2025-08-15 17:43:36,467 - INFO - Updated Gustav Hirsch: (52.4457374, 13.5771972)
2025-08-15 17:43:36,467 - INFO - Processing address 2362/2495: Germaniastr. 141/142, Berlin
2025-08-15 17:43:38,195 - INFO - Geocoded: Germaniastr. 141/142, Berlin -> (52.4626174, 13.4027492) confidence: 0.05342208819714653
2025-08-15 17:43:38,196 - INFO - Updated Gustav Huhn: (52.4626174, 13.4027492)
2025-08-15 17:43:38,196 - INFO - Processing address 2363/2495: Pfalzburgerstr. 51, Berlin
2025-08-15 17:43:40,137 - INFO - Geocoded: Pfalzburgerstr. 51, Berlin -> (52.4907667, 13.3215165) confidence: 8.875486381318407e-05
2025-08-15 17:43:40,139 - INFO - Updated Gustav I. Berger: (52.4907667, 13.3215165)
2025-08-15 17:43:40,141 - INFO - Processing address 2364/2495: Schönhauser Allee 105, Berlin
2025-08-15 17:43:41,917 - INFO - Geocoded: Schönhauser Allee 105, Berlin -> (52.5525595, 13.4138932) confidence: 8.875486381318407e-05
2025-08-15 17:43:41,922 - INFO - Updated Gustav Jacobi: (52.5525595, 13.4138932)
2025-08-15 17:43:41,938 - INFO - Processing address 2365/2495: 155, Berlin
2025-08-15 17:43:41,949 - WARNING - Incomplete address detected: 155, Berlin
2025-08-15 17:43:41,949 - ERROR - Failed to geocode address: 155, Berlin
2025-08-15 17:43:41,950 - INFO - Processing address 2366/2495: Pflügerstr. 13, Berlin
2025-08-15 17:43:43,438 - INFO - Geocoded: Pflügerstr. 13, Berlin -> (52.491151, 13.4297399) confidence: 8.875486381318407e-05
2025-08-15 17:43:43,438 - INFO - Updated Gustav Kamnitzer: (52.491151, 13.4297399)
2025-08-15 17:43:43,438 - INFO - Processing address 2367/2495: Fritschestr.  52, Berlin
2025-08-15 17:43:45,075 - INFO - Geocoded: Fritschestr.  52, Berlin -> (52.5068851, 13.3006066) confidence: 0.05342208819714653
2025-08-15 17:43:45,086 - INFO - Updated Gustav Klempin: (52.5068851, 13.3006066)
2025-08-15 17:43:45,086 - INFO - Processing address 2368/2495: Lessingstr.  13, Berlin
2025-08-15 17:43:46,988 - INFO - Geocoded: Lessingstr.  13, Berlin -> (52.4582714, 13.3355847) confidence: 8.875486381318407e-05
2025-08-15 17:43:47,100 - INFO - Updated Gustav Liebler (Liebier): (52.4582714, 13.3355847)
2025-08-15 17:43:47,100 - INFO - Processing address 2369/2495: Pestalozzistr.  14, Berlin
2025-08-15 17:43:49,031 - INFO - Geocoded: Pestalozzistr.  14, Berlin -> (52.5081932, 13.3155298) confidence: 0.23110831177064947
2025-08-15 17:43:49,031 - INFO - Updated Gustav Lieblich: (52.5081932, 13.3155298)
2025-08-15 17:43:49,031 - INFO - Processing address 2370/2495: Spittelmarkt 2, Berlin
2025-08-15 17:43:50,742 - INFO - Geocoded: Spittelmarkt 2, Berlin -> (52.5114089, 13.4018916) confidence: 0.33632164909184187
2025-08-15 17:43:50,742 - INFO - Updated Gustav Loebel: (52.5114089, 13.4018916)
2025-08-15 17:43:50,742 - INFO - Processing address 2371/2495: Barbarossastr.  9, Berlin
2025-08-15 17:43:52,574 - INFO - Geocoded: Barbarossastr.  9, Berlin -> (52.4921587, 13.3506421) confidence: 8.875486381318407e-05
2025-08-15 17:43:52,574 - INFO - Updated Gustav Loseynski: (52.4921587, 13.3506421)
2025-08-15 17:43:52,574 - INFO - Processing address 2372/2495: Prinzenstr. 46/47, Berlin
2025-08-15 17:43:54,312 - INFO - Geocoded: Prinzenstr. 46/47, Berlin -> (52.4261733, 13.3211645) confidence: 0.05342208819714653
2025-08-15 17:43:54,312 - INFO - Updated Gustav Lustig: (52.4261733, 13.3211645)
2025-08-15 17:43:54,313 - INFO - Processing address 2373/2495: Schmidtstr. 19/21, Berlin
2025-08-15 17:43:56,535 - INFO - Geocoded: Schmidtstr. 19/21, Berlin -> (52.5168422, 13.5947647) confidence: 0.05342208819714653
2025-08-15 17:43:56,536 - INFO - Updated Gustav Lyon: (52.5168422, 13.5947647)
2025-08-15 17:43:56,536 - INFO - Processing address 2374/2495: Gustav Löwenberg textiles and clothing Alt Moabit  114, Berlin
2025-08-15 17:44:04,720 - WARNING - Failed to geocode: Gustav Löwenberg textiles and clothing Alt Moabit  114, Berlin
2025-08-15 17:44:04,741 - ERROR - Failed to geocode address: Gustav Löwenberg textiles and clothing Alt Moabit  114, Berlin
2025-08-15 17:44:04,749 - INFO - Processing address 2375/2495: Markgrafenstr. 83, Berlin
2025-08-15 17:44:06,403 - INFO - Geocoded: Markgrafenstr. 83, Berlin -> (52.6375837, 13.2880752) confidence: 8.875486381318407e-05
2025-08-15 17:44:06,403 - INFO - Updated Gustav Mandel: (52.6375837, 13.2880752)
2025-08-15 17:44:06,403 - INFO - Processing address 2376/2495: Roßstr. 29/30, Berlin
2025-08-15 17:44:08,102 - INFO - Geocoded: Roßstr. 29/30, Berlin -> (52.5121551, 13.4085379) confidence: 0.05342208819714653
2025-08-15 17:44:08,102 - INFO - Updated Gustav Nathan & Co: (52.5121551, 13.4085379)
2025-08-15 17:44:08,102 - INFO - Processing address 2377/2495: Chausseestr. 18, Berlin
2025-08-15 17:44:09,936 - INFO - Geocoded: Chausseestr. 18, Berlin -> (52.4170707, 13.1469175) confidence: 8.875486381318407e-05
2025-08-15 17:44:09,937 - INFO - Updated Gustav Nossek: (52.4170707, 13.1469175)
2025-08-15 17:44:09,937 - INFO - Processing address 2378/2495: Augustastr. 8, Berlin
2025-08-15 17:44:11,535 - INFO - Geocoded: Augustastr. 8, Berlin -> (52.4431764, 13.3114779) confidence: 8.875486381318407e-05
2025-08-15 17:44:11,535 - INFO - Updated Gustav Nölter AG: (52.4431764, 13.3114779)
2025-08-15 17:44:11,535 - INFO - Processing address 2379/2495: Kaiserstr. 25, Berlin
2025-08-15 17:44:13,712 - INFO - Geocoded: Kaiserstr. 25, Berlin -> (52.5586721, 13.196133) confidence: 8.875486381318407e-05
2025-08-15 17:44:13,713 - INFO - Updated Gustav Pflaumer GmbH: (52.5586721, 13.196133)
2025-08-15 17:44:13,713 - INFO - Processing address 2380/2495: Schöneberger Ufer 43, Berlin
2025-08-15 17:44:15,368 - INFO - Geocoded: Schöneberger Ufer 43, Berlin -> (52.5054916, 13.3698445) confidence: 0.05342208819714653
2025-08-15 17:44:15,368 - INFO - Updated Gustav Prytek: (52.5054916, 13.3698445)
2025-08-15 17:44:15,369 - INFO - Processing address 2381/2495: Ringstr. 47, Berlin
2025-08-15 17:44:18,418 - INFO - Geocoded: Ringstr. 47, Berlin -> (52.4346459, 13.2874924) confidence: 8.875486381318407e-05
2025-08-15 17:44:18,418 - INFO - Updated Gustav Salomon: (52.4346459, 13.2874924)
2025-08-15 17:44:18,418 - INFO - Processing address 2382/2495: Artilleriestr.  36, Berlin
2025-08-15 17:44:33,979 - WARNING - Failed to geocode: Artilleriestr.  36, Berlin
2025-08-15 17:44:34,068 - ERROR - Failed to geocode address: Artilleriestr.  36, Berlin
2025-08-15 17:44:34,068 - INFO - Processing address 2383/2495: Marienstr. 12, Berlin
2025-08-15 17:44:37,552 - INFO - Geocoded: Marienstr. 12, Berlin -> (52.5217428, 13.3830603) confidence: 8.875486381318407e-05
2025-08-15 17:44:37,552 - INFO - Updated Gustav Urbach & Dr. Sittig: (52.5217428, 13.3830603)
2025-08-15 17:44:37,552 - INFO - Processing address 2384/2495: Holzmarktstr. 48, Berlin
2025-08-15 17:44:39,583 - INFO - Geocoded: Holzmarktstr. 48, Berlin -> (52.5124197, 13.4259348) confidence: 0.2560520753862706
2025-08-15 17:44:39,598 - INFO - Updated Gustav Walz & Co.: (52.5124197, 13.4259348)
2025-08-15 17:44:39,603 - INFO - Processing address 2385/2495: Cotheniusstr. 1, Berlin
2025-08-15 17:44:41,249 - INFO - Geocoded: Cotheniusstr. 1, Berlin -> (52.5278653, 13.4471378) confidence: 8.875486381318407e-05
2025-08-15 17:44:41,257 - INFO - Updated Guthmann & Co GmbH: (52.5278653, 13.4471378)
2025-08-15 17:44:41,257 - INFO - Processing address 2386/2495: Barbarossastr. 52, Berlin
2025-08-15 17:44:43,714 - INFO - Geocoded: Barbarossastr. 52, Berlin -> (52.4919067, 13.3471853) confidence: 8.875486381318407e-05
2025-08-15 17:44:43,714 - INFO - Updated Gutkind & Co, GmbH: (52.4919067, 13.3471853)
2025-08-15 17:44:43,790 - INFO - Processing address 2387/2495: Burgstr. 10, Berlin
2025-08-15 17:44:46,868 - INFO - Geocoded: Burgstr. 10, Berlin -> (52.5222556, 13.4003567) confidence: 0.2535713079130456
2025-08-15 17:44:46,922 - INFO - Updated Gutmann & Heinsfurter: (52.5222556, 13.4003567)
2025-08-15 17:44:46,943 - INFO - Processing address 2388/2495: Königstr. 83, Berlin
2025-08-15 17:44:49,697 - INFO - Geocoded: Königstr. 83, Berlin -> (52.5182552, 13.4068157) confidence: 0.34137582715177667
2025-08-15 17:44:49,697 - INFO - Updated Gutmann & Meyer Nchf. Inh. Siegfried Hirschberg: (52.5182552, 13.4068157)
2025-08-15 17:44:49,697 - INFO - Processing address 2389/2495: Neanderstr. 12, Berlin
2025-08-15 17:44:51,987 - INFO - Geocoded: Neanderstr. 12, Berlin -> (52.4037446, 13.3914456) confidence: 8.875486381318407e-05
2025-08-15 17:44:51,987 - INFO - Updated Gutmann & Möller: (52.4037446, 13.3914456)
2025-08-15 17:44:51,987 - INFO - Processing address 2390/2495: Brennerstr. 28, Berlin
2025-08-15 17:44:53,570 - INFO - Geocoded: Brennerstr. 28, Berlin -> (52.5587079, 13.4044214) confidence: 8.875486381318407e-05
2025-08-15 17:44:53,571 - INFO - Updated Gutmann, Martin: (52.5587079, 13.4044214)
2025-08-15 17:44:53,571 - INFO - Processing address 2391/2495: Bleibtreustr. 19, Berlin
2025-08-15 17:44:55,163 - INFO - Geocoded: Bleibtreustr. 19, Berlin -> (52.502444, 13.3193775) confidence: 8.875486381318407e-05
2025-08-15 17:44:55,163 - INFO - Updated Guttenberg & Strauß Komm. Ges.: (52.502444, 13.3193775)
2025-08-15 17:44:55,163 - INFO - Processing address 2392/2495: Fasanenstr.  40, Berlin
2025-08-15 17:44:56,752 - INFO - Geocoded: Fasanenstr.  40, Berlin -> (52.4985234, 13.3266362) confidence: 8.875486381318407e-05
2025-08-15 17:44:56,753 - INFO - Updated Géza Papp: (52.4985234, 13.3266362)
2025-08-15 17:44:56,771 - INFO - Processing address 2393/2495: 145, Berlin
2025-08-15 17:44:56,771 - WARNING - Incomplete address detected: 145, Berlin
2025-08-15 17:44:56,772 - ERROR - Failed to geocode address: 145, Berlin
2025-08-15 17:44:56,789 - INFO - Processing address 2394/2495: Bülowstr.  66, Berlin
2025-08-15 17:44:58,581 - INFO - Geocoded: Bülowstr.  66, Berlin -> (52.4961979, 13.3678325) confidence: 8.875486381318407e-05
2025-08-15 17:44:58,581 - INFO - Updated Günther Salomon-Salter: (52.4961979, 13.3678325)
2025-08-15 17:44:58,581 - INFO - Processing address 2395/2495: Alt Moabit 139, Berlin
2025-08-15 17:45:00,800 - INFO - Geocoded: Alt Moabit 139, Berlin -> (52.5228123, 13.3646111) confidence: 0.2936886391571847
2025-08-15 17:45:00,800 - INFO - Updated Güter-Sammelverkehr-GmbH: (52.5228123, 13.3646111)
2025-08-15 17:45:00,800 - INFO - Processing address 2396/2495: Goethepark 16, Berlin
2025-08-15 17:45:02,332 - INFO - Geocoded: Goethepark 16, Berlin -> (52.509044, 13.3029742) confidence: 8.875486381318407e-05
2025-08-15 17:45:02,344 - INFO - Updated H. & A. Rotholz: (52.509044, 13.3029742)
2025-08-15 17:45:02,344 - INFO - Processing address 2397/2495: Ackerstr. 5/7, Berlin
2025-08-15 17:45:04,432 - INFO - Geocoded: Ackerstr. 5/7, Berlin -> (52.5395343, 13.3820571) confidence: 0.29699664641894313
2025-08-15 17:45:04,493 - INFO - Updated H. & L. Cendrowicz: (52.5395343, 13.3820571)
2025-08-15 17:45:04,493 - INFO - Processing address 2398/2495: Oranienstr. 144, Berlin
2025-08-15 17:45:06,203 - INFO - Geocoded: Oranienstr. 144, Berlin -> (52.5034788, 13.4112938) confidence: 0.05342208819714653
2025-08-15 17:45:06,204 - INFO - Updated H. & M. Lewent: (52.5034788, 13.4112938)
2025-08-15 17:45:06,204 - INFO - Processing address 2399/2495: Linienstr.  217, Berlin
2025-08-15 17:45:07,964 - INFO - Geocoded: Linienstr.  217, Berlin -> (52.5284126, 13.4072267) confidence: 8.875486381318407e-05
2025-08-15 17:45:07,964 - INFO - Updated H. Bindiger: (52.5284126, 13.4072267)
2025-08-15 17:45:07,964 - INFO - Processing address 2400/2495: Linienstr.  45, Berlin
2025-08-15 17:45:09,428 - INFO - Geocoded: Linienstr.  45, Berlin -> (52.5284698, 13.4082548) confidence: 8.875486381318407e-05
2025-08-15 17:45:09,428 - INFO - Updated H. Blachmann: (52.5284698, 13.4082548)
2025-08-15 17:45:09,428 - INFO - Progress: 2400/2495 addresses processed
2025-08-15 17:45:09,464 - INFO - Processing address 2401/2495: Friedrichstr. 203, Berlin
2025-08-15 17:45:11,777 - INFO - Geocoded: Friedrichstr. 203, Berlin -> (52.5015293, 13.3913508) confidence: 0.4683814607413573
2025-08-15 17:45:11,778 - INFO - Updated H. Bloch & Co: (52.5015293, 13.3913508)
2025-08-15 17:45:11,778 - INFO - Processing address 2402/2495: Fürstenstr. 18, Berlin
2025-08-15 17:45:13,250 - INFO - Geocoded: Fürstenstr. 18, Berlin -> (52.4359648, 13.2406806) confidence: 8.875486381318407e-05
2025-08-15 17:45:13,250 - INFO - Updated H. Donath & Co: (52.4359648, 13.2406806)
2025-08-15 17:45:13,250 - INFO - Processing address 2403/2495: Heiligegeiststr. 39, Berlin
2025-08-15 17:45:20,146 - WARNING - Failed to geocode: Heiligegeiststr. 39, Berlin
2025-08-15 17:45:20,147 - ERROR - Failed to geocode address: Heiligegeiststr. 39, Berlin
2025-08-15 17:45:20,147 - INFO - Processing address 2404/2495: Oranienstr. 62, Berlin
2025-08-15 17:45:21,645 - INFO - Geocoded: Oranienstr. 62, Berlin -> (52.5034788, 13.4112938) confidence: 0.05342208819714653
2025-08-15 17:45:21,645 - INFO - Updated H. Falk & Co: (52.5034788, 13.4112938)
2025-08-15 17:45:21,645 - INFO - Processing address 2405/2495: Admiralstr. 8, Berlin
2025-08-15 17:45:23,223 - INFO - Geocoded: Admiralstr. 8, Berlin -> (52.495275, 13.4152078) confidence: 0.05342208819714653
2025-08-15 17:45:23,223 - INFO - Updated H. Feigenbaum & Co: (52.495275, 13.4152078)
2025-08-15 17:45:23,223 - INFO - Processing address 2406/2495: Wilhelmstr. 6, Berlin
2025-08-15 17:45:25,429 - INFO - Geocoded: Wilhelmstr. 6, Berlin -> (52.5004199, 13.3909651) confidence: 8.875486381318407e-05
2025-08-15 17:45:25,430 - INFO - Updated H. Frost & Söhne: (52.5004199, 13.3909651)
2025-08-15 17:45:25,430 - INFO - Processing address 2407/2495: Kurfürstendamm 20/21, Berlin
2025-08-15 17:45:27,551 - INFO - Geocoded: Kurfürstendamm 20/21, Berlin -> (52.5035641, 13.3305371) confidence: 0.4914112718388304
2025-08-15 17:45:27,551 - INFO - Updated H. Geduldig & Sohn: (52.5035641, 13.3305371)
2025-08-15 17:45:27,552 - INFO - Processing address 2408/2495: Bahnstr. 22, Berlin
2025-08-15 17:45:29,481 - INFO - Geocoded: Bahnstr. 22, Berlin -> (52.4221953, 13.3751119) confidence: 0.05342208819714653
2025-08-15 17:45:29,481 - INFO - Updated H. Hahner Nflgr.: (52.4221953, 13.3751119)
2025-08-15 17:45:29,481 - INFO - Processing address 2409/2495: Königstr. 17, Berlin
2025-08-15 17:45:31,059 - INFO - Geocoded: Königstr. 17, Berlin -> (52.4197465, 13.1581597) confidence: 8.875486381318407e-05
2025-08-15 17:45:31,059 - INFO - Updated H. Kurniker: (52.4197465, 13.1581597)
2025-08-15 17:45:31,059 - INFO - Processing address 2410/2495: Schmidstr. 25/26, Berlin
2025-08-15 17:45:32,656 - INFO - Geocoded: Schmidstr. 25/26, Berlin -> (52.5086029, 13.4175295) confidence: 0.05342208819714653
2025-08-15 17:45:32,657 - INFO - Updated H. Leiser Nachf.: (52.5086029, 13.4175295)
2025-08-15 17:45:32,657 - INFO - Processing address 2411/2495: Lottumstr. 5, Berlin
2025-08-15 17:45:34,109 - INFO - Geocoded: Lottumstr. 5, Berlin -> (52.5304119, 13.4087495) confidence: 8.875486381318407e-05
2025-08-15 17:45:34,113 - INFO - Updated H. Littmann: (52.5304119, 13.4087495)
2025-08-15 17:45:34,114 - INFO - Processing address 2412/2495: Memhardstr. 8, Berlin
2025-08-15 17:45:35,945 - INFO - Geocoded: Memhardstr. 8, Berlin -> (52.5241948, 13.4106984) confidence: 8.875486381318407e-05
2025-08-15 17:45:35,946 - INFO - Updated H. Marzynski: (52.5241948, 13.4106984)
2025-08-15 17:45:35,946 - INFO - Processing address 2413/2495: Orberstr. 38, Berlin
2025-08-15 17:45:37,374 - INFO - Geocoded: Orberstr. 38, Berlin -> (52.4862484, 13.2949312) confidence: 8.875486381318407e-05
2025-08-15 17:45:37,375 - INFO - Updated H. Meyer & Co Speditionsgeschäft: (52.4862484, 13.2949312)
2025-08-15 17:45:37,375 - INFO - Processing address 2414/2495: 7/8, Berlin
2025-08-15 17:45:41,892 - INFO - Geocoded: 7/8, Berlin -> (52.510885, 13.3989367) confidence: 0.840425236063765
2025-08-15 17:45:41,892 - INFO - Updated H. Herzberg: (52.510885, 13.3989367)
2025-08-15 17:45:41,893 - INFO - Processing address 2415/2495: Kommandantenstr. 51, Berlin
2025-08-15 17:45:43,371 - INFO - Geocoded: Kommandantenstr. 51, Berlin -> (52.4377236, 13.2931855) confidence: 0.05342208819714653
2025-08-15 17:45:43,371 - INFO - Updated H. Heß Nachf.: (52.4377236, 13.2931855)
2025-08-15 17:45:43,371 - INFO - Processing address 2416/2495: 54/55, Berlin
2025-08-15 17:45:47,878 - INFO - Geocoded: 54/55, Berlin -> (52.510885, 13.3989367) confidence: 0.840425236063765
2025-08-15 17:45:47,897 - INFO - Updated H. Joseph & Co: (52.510885, 13.3989367)
2025-08-15 17:45:47,904 - INFO - Processing address 2417/2495: Roscherstr. 4, Berlin
2025-08-15 17:45:49,574 - INFO - Geocoded: Roscherstr. 4, Berlin -> (52.5009637, 13.3018654) confidence: 8.875486381318407e-05
2025-08-15 17:45:49,574 - INFO - Updated H. Keilus & Co: (52.5009637, 13.3018654)
2025-08-15 17:45:49,574 - INFO - Processing address 2418/2495: Lutherstr. 45, Berlin
2025-08-15 17:45:52,708 - INFO - Geocoded: Lutherstr. 45, Berlin -> (52.492982, 13.3454361) confidence: 8.875486381318407e-05
2025-08-15 17:45:52,787 - INFO - Updated H. Kersken jr. GmbH: (52.492982, 13.3454361)
2025-08-15 17:45:52,787 - INFO - Processing address 2419/2495: Jakobstr. 26, Berlin
2025-08-15 17:45:54,518 - INFO - Geocoded: Jakobstr. 26, Berlin -> (52.5100698, 13.4129031) confidence: 8.875486381318407e-05
2025-08-15 17:45:54,518 - INFO - Updated H. Klopstock & Co: (52.5100698, 13.4129031)
2025-08-15 17:45:54,518 - INFO - Processing address 2420/2495: Müllerstr. 131, Berlin
2025-08-15 17:45:56,566 - INFO - Geocoded: Müllerstr. 131, Berlin -> (52.5517788, 13.3491126) confidence: 8.875486381318407e-05
2025-08-15 17:45:56,566 - INFO - Updated H. Nachmann: (52.5517788, 13.3491126)
2025-08-15 17:45:56,567 - INFO - Processing address 2421/2495: Besselstr. 10, Berlin
2025-08-15 17:45:58,148 - INFO - Geocoded: Besselstr. 10, Berlin -> (52.5043663, 13.3928447) confidence: 0.05342208819714653
2025-08-15 17:45:58,149 - INFO - Updated H. Nußbaum: (52.5043663, 13.3928447)
2025-08-15 17:45:58,149 - INFO - Processing address 2422/2495: Spandauer Berg 31, Berlin
2025-08-15 17:46:00,335 - INFO - Geocoded: Spandauer Berg 31, Berlin -> (52.5239946, 13.2565591) confidence: 0.10675542153047987
2025-08-15 17:46:00,335 - INFO - Updated H. Pein: (52.5239946, 13.2565591)
2025-08-15 17:46:00,335 - INFO - Processing address 2423/2495: Gipsstr.  12, Berlin
2025-08-15 17:46:01,857 - INFO - Geocoded: Gipsstr.  12, Berlin -> (52.5265951, 13.4014116) confidence: 8.875486381318407e-05
2025-08-15 17:46:01,857 - INFO - Updated H. Preetzmann: (52.5265951, 13.4014116)
2025-08-15 17:46:01,857 - INFO - Processing address 2424/2495: Jüdenstr. 52, Berlin
2025-08-15 17:46:03,375 - INFO - Geocoded: Jüdenstr. 52, Berlin -> (52.5165352, 13.4105919) confidence: 0.272124500803288
2025-08-15 17:46:03,375 - INFO - Updated H. Rosenbaum: (52.5165352, 13.4105919)
2025-08-15 17:46:03,375 - INFO - Processing address 2425/2495: Hardenbergstr. 24, Berlin
2025-08-15 17:46:04,955 - INFO - Geocoded: Hardenbergstr. 24, Berlin -> (52.5065665, 13.3306054) confidence: 0.30014322180081293
2025-08-15 17:46:04,955 - INFO - Updated H. S. Cramer: (52.5065665, 13.3306054)
2025-08-15 17:46:04,955 - INFO - Processing address 2426/2495: Lottumstr. 4, Berlin
2025-08-15 17:46:06,452 - INFO - Geocoded: Lottumstr. 4, Berlin -> (52.5303637, 13.4089097) confidence: 8.875486381318407e-05
2025-08-15 17:46:06,452 - INFO - Updated H. Schöndorf & Co: (52.5303637, 13.4089097)
2025-08-15 17:46:06,452 - INFO - Processing address 2427/2495: Kantstr.  42, Berlin
2025-08-15 17:46:08,204 - INFO - Geocoded: Kantstr.  42, Berlin -> (52.5065153, 13.3127902) confidence: 8.875486381318407e-05
2025-08-15 17:46:08,204 - INFO - Updated H. Sonntag ( weibl.): (52.5065153, 13.3127902)
2025-08-15 17:46:08,204 - INFO - Processing address 2428/2495: Meyerbeerstr. 2/4, Berlin
2025-08-15 17:46:09,966 - INFO - Geocoded: Meyerbeerstr. 2/4, Berlin -> (52.5477848, 13.4581862) confidence: 0.05342208819714653
2025-08-15 17:46:09,966 - INFO - Updated H. Sternberg jr.: (52.5477848, 13.4581862)
2025-08-15 17:46:09,966 - INFO - Processing address 2429/2495: Friedrichstr. 91/92, Berlin
2025-08-15 17:46:12,306 - INFO - Geocoded: Friedrichstr. 91/92, Berlin -> (52.5015293, 13.3913508) confidence: 0.4683814607413573
2025-08-15 17:46:12,306 - INFO - Updated H. Unger: (52.5015293, 13.3913508)
2025-08-15 17:46:12,306 - INFO - Processing address 2430/2495: Behrenstr. 23, Berlin
2025-08-15 17:46:13,838 - INFO - Geocoded: Behrenstr. 23, Berlin -> (52.5154341, 13.3881019) confidence: 8.875486381318407e-05
2025-08-15 17:46:13,839 - INFO - Updated H. Wallet: (52.5154341, 13.3881019)
2025-08-15 17:46:13,839 - INFO - Processing address 2431/2495: Knesebeckstr.  29, Berlin
2025-08-15 17:46:15,584 - INFO - Geocoded: Knesebeckstr.  29, Berlin -> (52.5039397, 13.3218142) confidence: 8.875486381318407e-05
2025-08-15 17:46:15,585 - INFO - Updated H. Wernery: (52.5039397, 13.3218142)
2025-08-15 17:46:15,585 - INFO - Processing address 2432/2495: Ritterstr. 31, Berlin
2025-08-15 17:46:17,351 - INFO - Geocoded: Ritterstr. 31, Berlin -> (52.5049928, 13.3982162) confidence: 0.05342208819714653
2025-08-15 17:46:17,351 - INFO - Updated H. Wilhelm Abel junior GmbH: (52.5049928, 13.3982162)
2025-08-15 17:46:17,351 - INFO - Processing address 2433/2495: 3/4, Berlin
2025-08-15 17:46:19,003 - INFO - Geocoded: 3/4, Berlin -> (52.4421405, 13.3276275) confidence: 8.875486381318407e-05
2025-08-15 17:46:19,003 - INFO - Updated H. Wittkowsky: (52.4421405, 13.3276275)
2025-08-15 17:46:19,003 - INFO - Processing address 2434/2495: Ritterstr. 59, Berlin
2025-08-15 17:46:20,658 - INFO - Geocoded: Ritterstr. 59, Berlin -> (52.5054144, 13.3983646) confidence: 8.875486381318407e-05
2025-08-15 17:46:20,658 - INFO - Updated H. Wolff & Co: (52.5054144, 13.3983646)
2025-08-15 17:46:20,658 - INFO - Processing address 2435/2495: Friedrichstr. 76, Berlin
2025-08-15 17:46:22,275 - INFO - Geocoded: Friedrichstr. 76, Berlin -> (52.5143514, 13.3904526) confidence: 8.875486381318407e-05
2025-08-15 17:46:22,275 - INFO - Updated H. u. P. Kunst- und Ausstattungsgesellschaft mbH: (52.5143514, 13.3904526)
2025-08-15 17:46:22,275 - INFO - Processing address 2436/2495: Pistoriusstr. 66/69, Berlin
2025-08-15 17:46:23,995 - INFO - Geocoded: Pistoriusstr. 66/69, Berlin -> (52.5571765, 13.4331638) confidence: 0.19634734818319707
2025-08-15 17:46:23,995 - INFO - Updated Haarspinnerei- und Zurichterei GmbH: (52.5571765, 13.4331638)
2025-08-15 17:46:23,995 - INFO - Processing address 2437/2495: Hasenheide 22, Berlin
2025-08-15 17:46:25,636 - INFO - Geocoded: Hasenheide 22, Berlin -> (52.4881991, 13.4137245) confidence: 0.27844345352870076
2025-08-15 17:46:25,636 - INFO - Updated Haase & Meyer: (52.4881991, 13.4137245)
2025-08-15 17:46:25,636 - INFO - Processing address 2438/2495: Dorotheenstr. 8, Berlin
2025-08-15 17:46:27,277 - INFO - Geocoded: Dorotheenstr. 8, Berlin -> (52.4404723, 13.5851026) confidence: 8.875486381318407e-05
2025-08-15 17:46:27,277 - INFO - Updated Hackescher Hof Grundstücks-GmbH: (52.4404723, 13.5851026)
2025-08-15 17:46:27,277 - INFO - Processing address 2439/2495: ( Trade ) Eingetragen im Handelsregister/ Gründung 1938 Besitzübernahme 1938 Keine Angabe ,  Berlin
2025-08-15 17:46:32,943 - WARNING - Failed to geocode: ( Trade ) Eingetragen im Handelsregister/ Gründung 1938 Besitzübernahme 1938 Keine Angabe ,  Berlin
2025-08-15 17:46:32,944 - ERROR - Failed to geocode address: ( Trade ) Eingetragen im Handelsregister/ Gründung 1938 Besitzübernahme 1938 Keine Angabe ,  Berlin
2025-08-15 17:46:32,944 - INFO - Processing address 2440/2495: Annenstr. 3, Berlin
2025-08-15 17:46:34,454 - INFO - Geocoded: Annenstr. 3, Berlin -> (52.508115, 13.4161327) confidence: 8.875486381318407e-05
2025-08-15 17:46:34,454 - INFO - Updated Hahn'sches Kleiderwerk GmbH: (52.508115, 13.4161327)
2025-08-15 17:46:34,454 - INFO - Processing address 2441/2495: Winterfeldtstr. 20, Berlin
2025-08-15 17:46:35,875 - INFO - Geocoded: Winterfeldtstr. 20, Berlin -> (52.4966341, 13.3580739) confidence: 8.875486381318407e-05
2025-08-15 17:46:35,875 - INFO - Updated Haim C.Vitalis: (52.4966341, 13.3580739)
2025-08-15 17:46:35,875 - INFO - Processing address 2442/2495: Bischofstr. 2, Berlin
2025-08-15 17:46:37,334 - INFO - Geocoded: Bischofstr. 2, Berlin -> (52.520033, 13.4068965) confidence: 8.875486381318407e-05
2025-08-15 17:46:37,334 - INFO - Updated Halpert & Comp.: (52.520033, 13.4068965)
2025-08-15 17:46:37,334 - INFO - Processing address 2443/2495: Geisbergstr. 27, Berlin
2025-08-15 17:46:38,815 - INFO - Geocoded: Geisbergstr. 27, Berlin -> (52.497056, 13.3440623) confidence: 0.05342208819714653
2025-08-15 17:46:38,815 - INFO - Updated Hamarro Grunderwerbs-AG: (52.497056, 13.3440623)
2025-08-15 17:46:38,815 - INFO - Processing address 2444/2495: Motzstr. 26, Berlin
2025-08-15 17:46:40,341 - INFO - Geocoded: Motzstr. 26, Berlin -> (52.4969568, 13.3454465) confidence: 0.34545697456998203
2025-08-15 17:46:40,341 - INFO - Updated Hambre Hamburg-Bremer Zigarrenvertrieb GmbH: (52.4969568, 13.3454465)
2025-08-15 17:46:40,342 - INFO - Processing address 2445/2495: Königstr. 61, Berlin
2025-08-15 17:46:42,223 - INFO - Geocoded: Königstr. 61, Berlin -> (52.419443, 13.1610067) confidence: 8.875486381318407e-05
2025-08-15 17:46:42,223 - INFO - Updated Hamburger & Co GmbH: (52.419443, 13.1610067)
2025-08-15 17:46:42,223 - INFO - Processing address 2446/2495: Schillerstr. 118, Berlin
2025-08-15 17:46:45,924 - INFO - Geocoded: Schillerstr. 118, Berlin -> (52.4018945, 13.4011087) confidence: 8.875486381318407e-05
2025-08-15 17:46:45,935 - INFO - Updated Hammonia-Reiniger-Werk GmbH: (52.4018945, 13.4011087)
2025-08-15 17:46:45,938 - INFO - Processing address 2447/2495: Kronenstr. 66/67, Berlin
2025-08-15 17:46:47,941 - INFO - Geocoded: Kronenstr. 66/67, Berlin -> (52.511386, 13.3927068) confidence: 0.05342208819714653
2025-08-15 17:46:47,941 - INFO - Updated Hand in Hand Grunderwerbs- und Verwertungs GmbH: (52.51175614978325, 13.39324858426034)
2025-08-15 17:46:47,941 - INFO - Updated Hand in Hand Grundstückserwerbs- und Verwertungsgesellschaft mbH: (52.5113021754002, 13.392989740320582)
2025-08-15 17:46:47,941 - INFO - Processing address 2448/2495: 215, Berlin
2025-08-15 17:46:47,941 - WARNING - Incomplete address detected: 215, Berlin
2025-08-15 17:46:47,941 - ERROR - Failed to geocode address: 215, Berlin
2025-08-15 17:46:47,941 - INFO - Processing address 2449/2495: Pasteurstr.  25, Berlin
2025-08-15 17:46:49,530 - INFO - Geocoded: Pasteurstr.  25, Berlin -> (52.5343458, 13.4316224) confidence: 0.05342208819714653
2025-08-15 17:46:49,530 - INFO - Updated Handbügelei Pasteur: (52.5343458, 13.4316224)
2025-08-15 17:46:49,530 - INFO - Processing address 2450/2495: ( Trade ) Eingetragen im Handelsregister/ Gründung 1933 Alexandrinenstr. ,  Berlin
2025-08-15 17:46:56,224 - WARNING - Failed to geocode: ( Trade ) Eingetragen im Handelsregister/ Gründung 1933 Alexandrinenstr. ,  Berlin
2025-08-15 17:46:56,225 - ERROR - Failed to geocode address: ( Trade ) Eingetragen im Handelsregister/ Gründung 1933 Alexandrinenstr. ,  Berlin
2025-08-15 17:46:56,225 - INFO - Processing address 2451/2495: Behmstr. 11, Berlin
2025-08-15 17:46:57,722 - INFO - Geocoded: Behmstr. 11, Berlin -> (52.5503209, 13.3882636) confidence: 8.875486381318407e-05
2025-08-15 17:46:57,722 - INFO - Updated Handelsaktiengesellschaft Atlantic: (52.5503209, 13.3882636)
2025-08-15 17:46:57,722 - INFO - Processing address 2452/2495: Dircksenstr. 31, Berlin
2025-08-15 17:46:59,234 - INFO - Geocoded: Dircksenstr. 31, Berlin -> (52.5169391, 13.416438) confidence: 0.05342208819714653
2025-08-15 17:46:59,234 - INFO - Updated Handelsstätte Alexanderplatz GmbH: (52.5169391, 13.416438)
2025-08-15 17:46:59,234 - INFO - Processing address 2453/2495: Saldernstr. 2, Berlin
2025-08-15 17:47:00,703 - INFO - Geocoded: Saldernstr. 2, Berlin -> (52.5110272, 13.2865226) confidence: 8.875486381318407e-05
2025-08-15 17:47:00,703 - INFO - Updated Handelsvertretung, Tabakwaren, Isidor Lubliner: (52.5110272, 13.2865226)
2025-08-15 17:47:00,703 - INFO - Processing address 2454/2495: Markgrafenstr. 88, Berlin
2025-08-15 17:47:02,186 - INFO - Geocoded: Markgrafenstr. 88, Berlin -> (52.6378019, 13.2868342) confidence: 8.875486381318407e-05
2025-08-15 17:47:02,186 - INFO - Updated Handstickereiwerke AG: (52.6378019, 13.2868342)
2025-08-15 17:47:02,186 - INFO - Processing address 2455/2495: Frankfurter Allee 320, Berlin
2025-08-15 17:47:04,640 - INFO - Geocoded: Frankfurter Allee 320, Berlin -> (52.5118626, 13.4934105) confidence: 0.35478715739707195
2025-08-15 17:47:04,640 - INFO - Updated Handwein Außenreklame Max Handwein: (52.5118626, 13.4934105)
2025-08-15 17:47:04,640 - INFO - Processing address 2456/2495: Handwäscherei Klein textiles and clothing Prenzlauer Berg  11, Berlin
2025-08-15 17:47:10,047 - WARNING - Failed to geocode: Handwäscherei Klein textiles and clothing Prenzlauer Berg  11, Berlin
2025-08-15 17:47:10,047 - ERROR - Failed to geocode address: Handwäscherei Klein textiles and clothing Prenzlauer Berg  11, Berlin
2025-08-15 17:47:10,047 - INFO - Processing address 2457/2495: Turmstr.  67, Berlin
2025-08-15 17:47:11,698 - INFO - Geocoded: Turmstr.  67, Berlin -> (52.5269385, 13.3313238) confidence: 8.875486381318407e-05
2025-08-15 17:47:11,714 - INFO - Updated Hanke & Braunspon (Inh. M. Kindar): (52.5269385, 13.3313238)
2025-08-15 17:47:11,714 - INFO - Processing address 2458/2495: Güntzelstr.  13, Berlin
2025-08-15 17:47:13,351 - INFO - Geocoded: Güntzelstr.  13, Berlin -> (52.491026, 13.3277062) confidence: 0.05342208819714653
2025-08-15 17:47:13,352 - INFO - Updated Hanna Bernhardt: (52.491026, 13.3277062)
2025-08-15 17:47:13,352 - INFO - Processing address 2459/2495: Zähringerstr.  25, Berlin
2025-08-15 17:47:14,949 - INFO - Geocoded: Zähringerstr.  25, Berlin -> (52.4961218, 13.3098841) confidence: 8.875486381318407e-05
2025-08-15 17:47:14,949 - INFO - Updated Hanna Büchler: (52.4961218, 13.3098841)
2025-08-15 17:47:14,949 - INFO - Processing address 2460/2495: Waitzstr.  17, Berlin
2025-08-15 17:47:16,339 - INFO - Geocoded: Waitzstr.  17, Berlin -> (52.5007181, 13.3058394) confidence: 8.875486381318407e-05
2025-08-15 17:47:16,340 - INFO - Updated Hanna Löwenstein: (52.5007181, 13.3058394)
2025-08-15 17:47:16,340 - INFO - Processing address 2461/2495: Wielandstr. 23, Berlin
2025-08-15 17:47:18,008 - INFO - Geocoded: Wielandstr. 23, Berlin -> (52.4814102, 13.5888489) confidence: 8.875486381318407e-05
2025-08-15 17:47:18,008 - INFO - Updated Hans Behrendt & Co: (52.4814102, 13.5888489)
2025-08-15 17:47:18,008 - INFO - Processing address 2462/2495: Kaiserallee 202, Berlin
2025-08-15 17:47:19,687 - INFO - Geocoded: Kaiserallee 202, Berlin -> (52.4193875, 13.3665673) confidence: 0.05342208819714653
2025-08-15 17:47:19,687 - INFO - Updated Hans Bernhard: (52.4193875, 13.3665673)
2025-08-15 17:47:19,687 - INFO - Processing address 2463/2495: Adalbertstr. 4, Berlin
2025-08-15 17:47:21,187 - INFO - Geocoded: Adalbertstr. 4, Berlin -> (52.4997281, 13.4193049) confidence: 8.875486381318407e-05
2025-08-15 17:47:21,187 - INFO - Updated Hans Cohn: (52.4997281, 13.4193049)
2025-08-15 17:47:21,187 - INFO - Processing address 2464/2495: Clausewitzstr. 6, Berlin
2025-08-15 17:47:22,616 - INFO - Geocoded: Clausewitzstr. 6, Berlin -> (52.5009667, 13.3095127) confidence: 8.875486381318407e-05
2025-08-15 17:47:22,616 - INFO - Updated Hans Cohn Fondsmakler: (52.5009667, 13.3095127)
2025-08-15 17:47:22,616 - INFO - Processing address 2465/2495: Kurfürstendamm 180, Berlin
2025-08-15 17:47:24,097 - INFO - Geocoded: Kurfürstendamm 180, Berlin -> (52.5000868, 13.3121426) confidence: 8.875486381318407e-05
2025-08-15 17:47:24,097 - INFO - Updated Hans Cohnheim: (52.5000868, 13.3121426)
2025-08-15 17:47:24,097 - INFO - Processing address 2466/2495: Hans Danielsohn Kottbusser Damm  6, Berlin
2025-08-15 17:47:29,437 - WARNING - Failed to geocode: Hans Danielsohn Kottbusser Damm  6, Berlin
2025-08-15 17:47:29,438 - ERROR - Failed to geocode address: Hans Danielsohn Kottbusser Damm  6, Berlin
2025-08-15 17:47:29,438 - INFO - Processing address 2467/2495: Motzstr.  20, Berlin
2025-08-15 17:47:31,096 - INFO - Geocoded: Motzstr.  20, Berlin -> (52.4983295, 13.3493772) confidence: 8.875486381318407e-05
2025-08-15 17:47:31,096 - INFO - Updated Hans Eugen Spiegler: (52.4983295, 13.3493772)
2025-08-15 17:47:31,096 - INFO - Processing address 2468/2495: Friedrichstr. 101/102, Berlin
2025-08-15 17:47:32,682 - INFO - Geocoded: Friedrichstr. 101/102, Berlin -> (52.5207913, 13.38835) confidence: 8.875486381318407e-05
2025-08-15 17:47:32,682 - INFO - Updated Hans Friedmann & Co: (52.5207913, 13.38835)
2025-08-15 17:47:32,682 - INFO - Processing address 2469/2495: Kleiststr.  28, Berlin
2025-08-15 17:47:34,227 - INFO - Geocoded: Kleiststr.  28, Berlin -> (52.4447322, 13.2336297) confidence: 8.875486381318407e-05
2025-08-15 17:47:34,227 - INFO - Updated Hans Goldfreund: (52.4447322, 13.2336297)
2025-08-15 17:47:34,227 - INFO - Processing address 2470/2495: Grunewaldstr. 56, Berlin
2025-08-15 17:47:36,075 - INFO - Geocoded: Grunewaldstr. 56, Berlin -> (52.4882846, 13.3388298) confidence: 8.875486381318407e-05
2025-08-15 17:47:36,075 - INFO - Updated Hans Graetzer: (52.4882846, 13.3388298)
2025-08-15 17:47:36,075 - INFO - Processing address 2471/2495: Schlüterstr. 38, Berlin
2025-08-15 17:47:37,709 - INFO - Geocoded: Schlüterstr. 38, Berlin -> (52.5019542, 13.3166033) confidence: 8.875486381318407e-05
2025-08-15 17:47:37,709 - INFO - Updated Hans Gumpel & Co: (52.5019542, 13.3166033)
2025-08-15 17:47:37,709 - INFO - Processing address 2472/2495: Goethestr. 5, Berlin
2025-08-15 17:47:39,757 - INFO - Geocoded: Goethestr. 5, Berlin -> (52.5878036, 13.3665768) confidence: 8.875486381318407e-05
2025-08-15 17:47:39,757 - INFO - Updated Hans Gundermann: (52.5878036, 13.3665768)
2025-08-15 17:47:39,757 - INFO - Processing address 2473/2495: Meierottostr. 5, Berlin
2025-08-15 17:47:41,251 - INFO - Geocoded: Meierottostr. 5, Berlin -> (52.4972351, 13.328646) confidence: 8.875486381318407e-05
2025-08-15 17:47:41,251 - INFO - Updated Hans H. Rothschild: (52.4972351, 13.328646)
2025-08-15 17:47:41,251 - INFO - Processing address 2474/2495: Tauentzienstr. 13, Berlin
2025-08-15 17:47:42,689 - INFO - Geocoded: Tauentzienstr. 13, Berlin -> (52.5040276, 13.3360113) confidence: 8.875486381318407e-05
2025-08-15 17:47:42,689 - INFO - Updated Hans Hahn: (52.5040276, 13.3360113)
2025-08-15 17:47:42,689 - INFO - Processing address 2475/2495: Sybelstr.  17, Berlin
2025-08-15 17:47:44,234 - INFO - Geocoded: Sybelstr.  17, Berlin -> (52.5021478, 13.304615) confidence: 8.875486381318407e-05
2025-08-15 17:47:44,235 - INFO - Updated Hans Hambaum: (52.5021478, 13.304615)
2025-08-15 17:47:44,235 - INFO - Processing address 2476/2495: Ebertystr.  44, Berlin
2025-08-15 17:47:45,674 - INFO - Geocoded: Ebertystr.  44, Berlin -> (52.5247859, 13.4527004) confidence: 8.875486381318407e-05
2025-08-15 17:47:45,675 - INFO - Updated Hans Hauptz: (52.5247859, 13.4527004)
2025-08-15 17:47:45,675 - INFO - Processing address 2477/2495: 51/55, Berlin
2025-08-15 17:47:48,320 - INFO - Geocoded: 51/55, Berlin -> (52.510885, 13.3989367) confidence: 0.840425236063765
2025-08-15 17:47:48,321 - INFO - Updated Hans Joseph & Co: (52.510885, 13.3989367)
2025-08-15 17:47:48,322 - INFO - Processing address 2478/2495: Goltzstr. 37, Berlin
2025-08-15 17:47:49,755 - INFO - Geocoded: Goltzstr. 37, Berlin -> (52.3865516, 13.4082487) confidence: 8.875486381318407e-05
2025-08-15 17:47:49,755 - INFO - Updated Hans Katzenellenbogen: (52.3865516, 13.4082487)
2025-08-15 17:47:49,755 - INFO - Processing address 2479/2495: 36/37, Berlin
2025-08-15 17:47:52,456 - INFO - Geocoded: 36/37, Berlin -> (52.510885, 13.3989367) confidence: 0.840425236063765
2025-08-15 17:47:52,457 - INFO - Updated Hans Lehmann: (52.510885, 13.3989367)
2025-08-15 17:47:52,457 - INFO - Processing address 2480/2495: Menckenstr. 6, Berlin
2025-08-15 17:47:53,897 - INFO - Geocoded: Menckenstr. 6, Berlin -> (52.4598654, 13.3315174) confidence: 8.875486381318407e-05
2025-08-15 17:47:53,897 - INFO - Updated Hans Lesser: (52.4598654, 13.3315174)
2025-08-15 17:47:53,897 - INFO - Processing address 2481/2495: Barbarossastr. 44, Berlin
2025-08-15 17:47:55,394 - INFO - Geocoded: Barbarossastr. 44, Berlin -> (52.4921452, 13.3425788) confidence: 8.875486381318407e-05
2025-08-15 17:47:55,394 - INFO - Updated Hans Lippmann: (52.4921452, 13.3425788)
2025-08-15 17:47:55,394 - INFO - Processing address 2482/2495: Friedrichstr. 238, Berlin
2025-08-15 17:47:58,631 - INFO - Geocoded: Friedrichstr. 238, Berlin -> (52.5015293, 13.3913508) confidence: 0.4683814607413573
2025-08-15 17:47:58,632 - INFO - Updated Hans Lippmann Spinnerei-Erzeugnisse GmbH: (52.5015293, 13.3913508)
2025-08-15 17:47:58,632 - INFO - Processing address 2483/2495: Jacobstr. 40/41, Berlin
2025-08-15 17:48:00,448 - INFO - Geocoded: Jacobstr. 40/41, Berlin -> (52.5290679, 13.4676102) confidence: 0.05342208819714653
2025-08-15 17:48:00,449 - INFO - Updated Hans Loepert: (52.5290679, 13.4676102)
2025-08-15 17:48:00,449 - INFO - Processing address 2484/2495: Uhlandstr. 110/11, Berlin
2025-08-15 17:48:02,508 - INFO - Geocoded: Uhlandstr. 110/11, Berlin -> (52.5049526, 13.3256295) confidence: 0.23790322239318296
2025-08-15 17:48:02,510 - INFO - Updated Hans Merten: (52.5049526, 13.3256295)
2025-08-15 17:48:02,510 - INFO - Processing address 2485/2495: Rubensstr.  89, Berlin
2025-08-15 17:48:04,096 - INFO - Geocoded: Rubensstr.  89, Berlin -> (52.4662847, 13.3444985) confidence: 8.875486381318407e-05
2025-08-15 17:48:04,097 - INFO - Updated Hans Nathan, Dipl. Ing.: (52.4662847, 13.3444985)
2025-08-15 17:48:04,097 - INFO - Processing address 2486/2495: Menzelstr. 26, Berlin
2025-08-15 17:48:05,715 - INFO - Geocoded: Menzelstr. 26, Berlin -> (52.4663718, 13.340434) confidence: 8.875486381318407e-05
2025-08-15 17:48:05,715 - INFO - Updated Hans Reiff: (52.4663718, 13.340434)
2025-08-15 17:48:05,715 - INFO - Processing address 2487/2495: Bismarckstr. 1, Berlin
2025-08-15 17:48:07,816 - INFO - Geocoded: Bismarckstr. 1, Berlin -> (52.418427, 13.1730687) confidence: 8.875486381318407e-05
2025-08-15 17:48:07,817 - INFO - Updated Hans Schottlaender & Co: (52.418427, 13.1730687)
2025-08-15 17:48:07,817 - INFO - Processing address 2488/2495: Monbijouplatz 7/9, Berlin
2025-08-15 17:48:09,724 - INFO - Geocoded: Monbijouplatz 7/9, Berlin -> (52.5228859, 13.3991691) confidence: 0.05342208819714653
2025-08-15 17:48:09,724 - INFO - Updated Hans Schwarz: (52.5228859, 13.3991691)
2025-08-15 17:48:09,724 - INFO - Processing address 2489/2495: Friedrichstr. 48, Berlin
2025-08-15 17:48:11,502 - INFO - Geocoded: Friedrichstr. 48, Berlin -> (52.5083297, 13.3906736) confidence: 8.875486381318407e-05
2025-08-15 17:48:11,502 - INFO - Updated Hans Segall: (52.5083297, 13.3906736)
2025-08-15 17:48:11,502 - INFO - Processing address 2490/2495: Schillerstr. 18, Berlin
2025-08-15 17:48:13,486 - INFO - Geocoded: Schillerstr. 18, Berlin -> (52.5916904, 13.4094666) confidence: 8.875486381318407e-05
2025-08-15 17:48:13,487 - INFO - Updated Hans Stein: (52.5916904, 13.4094666)
2025-08-15 17:48:13,487 - INFO - Processing address 2491/2495: Kurfürstendamm 57, Berlin
2025-08-15 17:48:15,039 - INFO - Geocoded: Kurfürstendamm 57, Berlin -> (52.5011582, 13.3148441) confidence: 8.875486381318407e-05
2025-08-15 17:48:15,039 - INFO - Updated Hans Traube: (52.5011582, 13.3148441)
2025-08-15 17:48:15,039 - INFO - Processing address 2492/2495: Alexandrinenstr. 99, Berlin
2025-08-15 17:48:16,517 - INFO - Geocoded: Alexandrinenstr. 99, Berlin -> (52.5049138, 13.4021307) confidence: 8.875486381318407e-05
2025-08-15 17:48:16,517 - INFO - Updated Hans Wendriner Export: (52.5049138, 13.4021307)
2025-08-15 17:48:16,517 - INFO - Processing address 2493/2495: Oranienstr. 119, Berlin
2025-08-15 17:48:17,987 - INFO - Geocoded: Oranienstr. 119, Berlin -> (52.5055375, 13.4032382) confidence: 8.875486381318407e-05
2025-08-15 17:48:17,987 - INFO - Updated Hans Wolffsohn & Co: (52.5055375, 13.4032382)
2025-08-15 17:48:17,987 - INFO - Processing address 2494/2495: Turmstr. 61, Berlin
2025-08-15 17:48:19,693 - INFO - Geocoded: Turmstr. 61, Berlin -> (52.5271395, 13.3292581) confidence: 8.875486381318407e-05
2025-08-15 17:48:19,693 - INFO - Updated Hansa Bazar Max Grundland: (52.5271395, 13.3292581)
2025-08-15 17:48:19,693 - INFO - Processing address 2495/2495: Saarbrückerstr. 10, Berlin
2025-08-15 17:48:21,182 - INFO - Geocoded: Saarbrückerstr. 10, Berlin -> (52.5306224, 13.4140688) confidence: 8.875486381318407e-05
2025-08-15 17:48:21,182 - INFO - Updated Hansa Mützenfabrik Cukierman & Co KG: (52.5306224, 13.4140688)
2025-08-15 17:48:21,234 - INFO - 
==================================================
2025-08-15 17:48:21,234 - INFO - GEOCODING SUMMARY
2025-08-15 17:48:21,234 - INFO - ==================================================
2025-08-15 17:48:21,234 - INFO - Total unique addresses processed: 2495
2025-08-15 17:48:21,234 - INFO - Successfully geocoded entries: 2643
2025-08-15 17:48:21,234 - INFO - Cache hits: 31
2025-08-15 17:48:21,234 - INFO - Failed addresses: 252
2025-08-15 17:48:21,234 - INFO - 
Failed addresses:
2025-08-15 17:48:21,234 - INFO -   - Lothringer Str. 81, Berlin
2025-08-15 17:48:21,234 - INFO -   - Probststr. 10/11, Berlin
2025-08-15 17:48:21,234 - INFO -   - Harzburgstr. 3, Berlin
2025-08-15 17:48:21,234 - INFO -   - Bischofstr. 2/3, Berlin
2025-08-15 17:48:21,234 - INFO -   - Maikowskistr.  69, Berlin
2025-08-15 17:48:21,234 - INFO -   - Kottbusser Ufer 43, Berlin
2025-08-15 17:48:21,234 - INFO -   - und 132/137, Berlin
2025-08-15 17:48:21,234 - INFO -   - Matthaikirchstr. 10, Berlin
2025-08-15 17:48:21,234 - INFO -   - Segelfliederdamm 27, Berlin
2025-08-15 17:48:21,234 - INFO -   - Gollnowstr.  11, Berlin
2025-08-15 17:48:21,234 - INFO -   ... and 242 more
2025-08-15 17:48:21,234 - INFO - 
Success rate: 91.3%
2025-08-15 17:48:21,234 - INFO - Estimated API calls made: 2464
2025-08-15 17:48:21,234 - INFO - ==================================================
