{
  "type": "FeatureCollection",
  "features": [
    {
      "type": "Feature",
      "geometry": {
        "type": "Point",
        "coordinates": [
          13.405,
          52.52
        ]
      },
      "properties": {
        "name": "Elias Braun - Tailor Shop",
        "alternative_names": [
          "Elias Braun - Tailor Shop"
        ],
        "business_type": "business",
        "category": "Business",
        "address": "Rosenthaler Stra\u00dfe 40, Berlin, Germany",
        "date_range": "1925-1938",
        "registration_date": "1925",
        "takeover_date": "",
        "liquidation_date": "",
        "dissolution_date": "1938",
        "geocode_confidence": 0.5
      }
    },
    {
      "type": "Feature",
      "geometry": {
        "type": "Point",
        "coordinates": [
          13.388,
          52.517
        ]
      },
      "properties": {
        "name": "Breslauer Brothers Department Store",
        "alternative_names": [
          "Breslauer Brothers Department Store"
        ],
        "business_type": "business",
        "category": "Business",
        "address": "Unter den Linden 15, Berlin, Germany",
        "date_range": "1920-1935",
        "registration_date": "1920",
        "takeover_date": "",
        "liquidation_date": "",
        "dissolution_date": "1935",
        "geocode_confidence": 0.5
      }
    },
    {
      "type": "Feature",
      "geometry": {
        "type": "Point",
        "coordinates": [
          13.382,
          52.524
        ]
      },
      "properties": {
        "name": "Deutsches Theater Caf\u00e9",
        "alternative_names": [
          "Deutsches Theater Caf\u00e9"
        ],
        "business_type": "business",
        "category": "Business",
        "address": "Schumannstra\u00dfe 13a, Berlin, Germany",
        "date_range": "1928-1933",
        "registration_date": "1928",
        "takeover_date": "",
        "liquidation_date": "",
        "dissolution_date": "1933",
        "geocode_confidence": 0.5
      }
    },
    {
      "type": "Feature",
      "geometry": {
        "type": "Point",
        "coordinates": [
          13.418,
          52.508
        ]
      },
      "properties": {
        "name": "Ebro Textiles",
        "alternative_names": [
          "Ebro Textiles"
        ],
        "business_type": "business",
        "category": "Business",
        "address": "Alexanderstra\u00dfe 125, Berlin, Germany",
        "date_range": "1922-1939",
        "registration_date": "1922",
        "takeover_date": "",
        "liquidation_date": "",
        "dissolution_date": "1939",
        "geocode_confidence": 0.5
      }
    },
    {
      "type": "Feature",
      "geometry": {
        "type": "Point",
        "coordinates": [
          13.4,
          52.519
        ]
      },
      "properties": {
        "name": "Hoxter & Sons Bookshop",
        "alternative_names": [
          "Hoxter & Sons Bookshop"
        ],
        "business_type": "business",
        "category": "Business",
        "address": "Oranienburger Stra\u00dfe 28, Berlin, Germany",
        "date_range": "1910-1938",
        "registration_date": "1910",
        "takeover_date": "",
        "liquidation_date": "",
        "dissolution_date": "1938",
        "geocode_confidence": 0.5
      }
    },
    {
      "type": "Feature",
      "geometry": {
        "type": "Point",
        "coordinates": [
          13.39,
          52.522
        ]
      },
      "properties": {
        "name": "Pelz Furrier",
        "alternative_names": [
          "Pelz Furrier"
        ],
        "business_type": "business",
        "category": "Business",
        "address": "Friedrichstra\u00dfe 180, Berlin, Germany",
        "date_range": "1918-1937",
        "registration_date": "1918",
        "takeover_date": "",
        "liquidation_date": "",
        "dissolution_date": "1937",
        "geocode_confidence": 0.5
      }
    },
    {
      "type": "Feature",
      "geometry": {
        "type": "Point",
        "coordinates": [
          13.425,
          52.495
        ]
      },
      "properties": {
        "name": "Product X Manufacturing",
        "alternative_names": [
          "Product X Manufacturing"
        ],
        "business_type": "business",
        "category": "Business",
        "address": "Warschauer Stra\u00dfe 45, Berlin, Germany",
        "date_range": "1926-1936",
        "registration_date": "1926",
        "takeover_date": "",
        "liquidation_date": "",
        "dissolution_date": "1936",
        "geocode_confidence": 0.5
      }
    },
    {
      "type": "Feature",
      "geometry": {
        "type": "Point",
        "coordinates": [
          13.395,
          52.505
        ]
      },
      "properties": {
        "name": "Eggs & Dairy Distributors",
        "alternative_names": [
          "Eggs & Dairy Distributors"
        ],
        "business_type": "business",
        "category": "Business",
        "address": "Hackescher Markt 12, Berlin, Germany",
        "date_range": "1923-1935",
        "registration_date": "1923",
        "takeover_date": "",
        "liquidation_date": "",
        "dissolution_date": "1935",
        "geocode_confidence": 0.5
      }
    },
    {
      "type": "Feature",
      "geometry": {
        "type": "Point",
        "coordinates": [
          13.41,
          52.518
        ]
      },
      "properties": {
        "name": "Jonas & Co. Law Firm",
        "alternative_names": [
          "Jonas & Co. Law Firm"
        ],
        "business_type": "business",
        "category": "Business",
        "address": "Neue Friedrichstra\u00dfe 60, Berlin, Germany",
        "date_range": "1908-1933",
        "registration_date": "1908",
        "takeover_date": "",
        "liquidation_date": "",
        "dissolution_date": "1933",
        "geocode_confidence": 0.5
      }
    },
    {
      "type": "Feature",
      "geometry": {
        "type": "Point",
        "coordinates": [
          13.392,
          52.514
        ]
      },
      "properties": {
        "name": "Kutschera Photography Studio",
        "alternative_names": [
          "Kutschera Photography Studio"
        ],
        "business_type": "business",
        "category": "Business",
        "address": "Potsdamer Stra\u00dfe 125, Berlin, Germany",
        "date_range": "1930-1938",
        "registration_date": "1930",
        "takeover_date": "",
        "liquidation_date": "",
        "dissolution_date": "1938",
        "geocode_confidence": 0.5
      }
    },
    {
      "type": "Feature",
      "geometry": {
        "type": "Point",
        "coordinates": [
          13.398,
          52.516
        ]
      },
      "properties": {
        "name": "P. Kunst Gallery",
        "alternative_names": [
          "P. Kunst Gallery"
        ],
        "business_type": "business",
        "category": "Business",
        "address": "Unter den Linden 35, Berlin, Germany",
        "date_range": "1924-1937",
        "registration_date": "1924",
        "takeover_date": "",
        "liquidation_date": "",
        "dissolution_date": "1937",
        "geocode_confidence": 0.5
      }
    },
    {
      "type": "Feature",
      "geometry": {
        "type": "Point",
        "coordinates": [
          13.415,
          52.51
        ]
      },
      "properties": {
        "name": "Ruilos Import Export",
        "alternative_names": [
          "Ruilos Import Export"
        ],
        "business_type": "business",
        "category": "Business",
        "address": "Spandauer Stra\u00dfe 15, Berlin, Germany",
        "date_range": "1921-1938",
        "registration_date": "1921",
        "takeover_date": "",
        "liquidation_date": "",
        "dissolution_date": "1938",
        "geocode_confidence": 0.5
      }
    },
    {
      "type": "Feature",
      "geometry": {
        "type": "Point",
        "coordinates": [
          13.402,
          52.521
        ]
      },
      "properties": {
        "name": "Wassermann Medical Practice",
        "alternative_names": [
          "Wassermann Medical Practice"
        ],
        "business_type": "business",
        "category": "Business",
        "address": "Rosenstra\u00dfe 22, Berlin, Germany",
        "date_range": "1915-1938",
        "registration_date": "1915",
        "takeover_date": "",
        "liquidation_date": "",
        "dissolution_date": "1938",
        "geocode_confidence": 0.5
      }
    },
    {
      "type": "Feature",
      "geometry": {
        "type": "Point",
        "coordinates": [
          13.396,
          52.512
        ]
      },
      "properties": {
        "name": "Butter & Fine Foods",
        "alternative_names": [
          "Butter & Fine Foods"
        ],
        "business_type": "business",
        "category": "Business",
        "address": "Gendarmenmarkt 8, Berlin, Germany",
        "date_range": "1927-1936",
        "registration_date": "1927",
        "takeover_date": "",
        "liquidation_date": "",
        "dissolution_date": "1936",
        "geocode_confidence": 0.5
      }
    },
    {
      "type": "Feature",
      "geometry": {
        "type": "Point",
        "coordinates": [
          13.408,
          52.523
        ]
      },
      "properties": {
        "name": "YVA Photography Agency",
        "alternative_names": [
          "YVA Photography Agency"
        ],
        "business_type": "business",
        "category": "Business",
        "address": "Kaiserdamm 118, Berlin, Germany",
        "date_range": "1925-1938",
        "registration_date": "1925",
        "takeover_date": "",
        "liquidation_date": "",
        "dissolution_date": "1938",
        "geocode_confidence": 0.5
      }
    },
    {
      "type": "Feature",
      "geometry": {
        "type": "Point",
        "coordinates": [
          13.4058639,
          52.5112193
        ]
      },
      "properties": {
        "name": "A. & B. Cohn",
        "alternative_names": [
          "A. & B. Cohn"
        ],
        "business_type": "",
        "category": "Trade",
        "address": "Wallstr. 9/10,  Berlin",
        "date_range": "1931-1937",
        "registration_date": "1931",
        "takeover_date": "",
        "liquidation_date": "",
        "dissolution_date": "1937",
        "geocode_confidence": 0.5
      }
    },
    {
      "type": "Feature",
      "geometry": {
        "type": "Point",
        "coordinates": [
          13.4029807,
          52.5214194
        ]
      },
      "properties": {
        "name": "A. & B. Elkisch",
        "alternative_names": [
          "A. & B. Elkisch"
        ],
        "business_type": "",
        "category": "Trade",
        "address": "Neue Friedrichstr. 44,  Berlin",
        "date_range": "1870-1938",
        "registration_date": "1870",
        "takeover_date": "",
        "liquidation_date": "",
        "dissolution_date": "1938",
        "geocode_confidence": 0.5
      }
    },
    {
      "type": "Feature",
      "geometry": {
        "type": "Point",
        "coordinates": [
          13.3266454,
          52.4665423
        ]
      },
      "properties": {
        "name": "A. & B. Kahane",
        "alternative_names": [
          "A. & B. Kahane"
        ],
        "business_type": "",
        "category": "Handicraft",
        "address": "B\u00fcsingstr. 6,  Berlin",
        "date_range": "1921-Unkn",
        "registration_date": "1921",
        "takeover_date": "",
        "liquidation_date": "",
        "dissolution_date": "Unkn",
        "geocode_confidence": 0.5
      }
    },
    {
      "type": "Feature",
      "geometry": {
        "type": "Point",
        "coordinates": [
          13.3505469,
          52.5017319
        ]
      },
      "properties": {
        "name": "A. & B. Munter's Elektro-Engros-Haus",
        "alternative_names": [
          "A. & B. Munter's Elektro-Engros-Haus"
        ],
        "business_type": "",
        "category": "Trade",
        "address": "Courbi\u00e8restr. 16,  Berlin",
        "date_range": "1928-1940",
        "registration_date": "1928",
        "takeover_date": "",
        "liquidation_date": "",
        "dissolution_date": "1940",
        "geocode_confidence": 0.5
      }
    },
    {
      "type": "Feature",
      "geometry": {
        "type": "Point",
        "coordinates": [
          13.1722668,
          52.4180929
        ]
      },
      "properties": {
        "name": "A. & B. Schlochauer Grundbesitz AG",
        "alternative_names": [
          "A. & B. Schlochauer Grundbesitz AG"
        ],
        "business_type": "",
        "category": "Services",
        "address": "Bismarckstr. 5,  Berlin",
        "date_range": "1923-1932",
        "registration_date": "1923",
        "takeover_date": "",
        "liquidation_date": "",
        "dissolution_date": "1932",
        "geocode_confidence": 0.5
      }
    },
    {
      "type": "Feature",
      "geometry": {
        "type": "Point",
        "coordinates": [
          13.3298936,
          52.5035832
        ]
      },
      "properties": {
        "name": "A. & H. Kov\u00e1cs",
        "alternative_names": [
          "A. & H. Kov\u00e1cs"
        ],
        "business_type": "",
        "category": "Trade",
        "address": "Kurf\u00fcrstendamm 40/41,  Berlin",
        "date_range": "1924-1932",
        "registration_date": "1924",
        "takeover_date": "",
        "liquidation_date": "",
        "dissolution_date": "1932",
        "geocode_confidence": 0.5
      }
    },
    {
      "type": "Feature",
      "geometry": {
        "type": "Point",
        "coordinates": [
          13.4234401,
          52.5277896
        ]
      },
      "properties": {
        "name": "A. & I. Schmill",
        "alternative_names": [
          "A. & I. Schmill"
        ],
        "business_type": "",
        "category": "Trade",
        "address": "Neue K\u00f6nigstr. 61/62,  Berlin",
        "date_range": "1910-1939",
        "registration_date": "1910",
        "takeover_date": "",
        "liquidation_date": "",
        "dissolution_date": "1939",
        "geocode_confidence": 0.5
      }
    },
    {
      "type": "Feature",
      "geometry": {
        "type": "Point",
        "coordinates": [
          13.2997227,
          52.5018158
        ]
      },
      "properties": {
        "name": "A. & L. Gumpert",
        "alternative_names": [
          "A. & L. Gumpert"
        ],
        "business_type": "",
        "category": "Trade",
        "address": "Sybelstr. 43,  Berlin",
        "date_range": "1927-1941",
        "registration_date": "1927",
        "takeover_date": "",
        "liquidation_date": "",
        "dissolution_date": "1941",
        "geocode_confidence": 0.5
      }
    },
    {
      "type": "Feature",
      "geometry": {
        "type": "Point",
        "coordinates": [
          13.3988991,
          52.53124
        ]
      },
      "properties": {
        "name": "A. & Leopold Reichmann",
        "alternative_names": [
          "A. & Leopold Reichmann"
        ],
        "business_type": "",
        "category": "Trade",
        "address": "Brunnenstr. 185,  Berlin",
        "date_range": "1903-1940",
        "registration_date": "1903",
        "takeover_date": "",
        "liquidation_date": "",
        "dissolution_date": "1940",
        "geocode_confidence": 0.5
      }
    },
    {
      "type": "Feature",
      "geometry": {
        "type": "Point",
        "coordinates": [
          13.2077354,
          52.5471732
        ]
      },
      "properties": {
        "name": "A. & M. Rosanis",
        "alternative_names": [
          "A. & M. Rosanis"
        ],
        "business_type": "",
        "category": "Trade",
        "address": "Kurstr. 34/35,  Berlin",
        "date_range": "1922-1935",
        "registration_date": "1922",
        "takeover_date": "",
        "liquidation_date": "",
        "dissolution_date": "1935",
        "geocode_confidence": 0.5
      }
    },
    {
      "type": "Feature",
      "geometry": {
        "type": "Point",
        "coordinates": [
          13.614358,
          52.4925443
        ]
      },
      "properties": {
        "name": "A. & S. Goldmann",
        "alternative_names": [
          "A. & S. Goldmann"
        ],
        "business_type": "",
        "category": "Trade",
        "address": "Langenbeckstr. 1,  Berlin",
        "date_range": "1908-1938",
        "registration_date": "1908",
        "takeover_date": "",
        "liquidation_date": "",
        "dissolution_date": "1938",
        "geocode_confidence": 0.5
      }
    },
    {
      "type": "Feature",
      "geometry": {
        "type": "Point",
        "coordinates": [
          13.2932509,
          52.4386254
        ]
      },
      "properties": {
        "name": "A. & S. Segall",
        "alternative_names": [
          "A. & S. Segall"
        ],
        "business_type": "",
        "category": "Trade",
        "address": "Kommandantenstr. 20/21,  Berlin",
        "date_range": "1901-Unkn",
        "registration_date": "1901",
        "takeover_date": "",
        "liquidation_date": "",
        "dissolution_date": "Unkn",
        "geocode_confidence": 0.5
      }
    },
    {
      "type": "Feature",
      "geometry": {
        "type": "Point",
        "coordinates": [
          13.4234401,
          52.5277896
        ]
      },
      "properties": {
        "name": "A. Ackerhalt",
        "alternative_names": [
          "A. Ackerhalt"
        ],
        "business_type": "",
        "category": "Trade",
        "address": "Neue K\u00f6nigstr.  11,  Berlin",
        "date_range": "1900-Unkn",
        "registration_date": "1900",
        "takeover_date": "",
        "liquidation_date": "",
        "dissolution_date": "Unkn",
        "geocode_confidence": 0.5
      }
    },
    {
      "type": "Feature",
      "geometry": {
        "type": "Point",
        "coordinates": [
          13.380006,
          52.5148529
        ]
      },
      "properties": {
        "name": "A. Asher & Co",
        "alternative_names": [
          "A. Asher & Co"
        ],
        "business_type": "",
        "category": "Trade",
        "address": "Behrenstr. 17,  Berlin",
        "date_range": "1900-1938",
        "registration_date": "1900",
        "takeover_date": "",
        "liquidation_date": "",
        "dissolution_date": "1938",
        "geocode_confidence": 0.5
      }
    },
    {
      "type": "Feature",
      "geometry": {
        "type": "Point",
        "coordinates": [
          13.3913027,
          52.5029187
        ]
      },
      "properties": {
        "name": "A. B. C. Apotheken-Bedarfs-Contor, Vertrieb chemischer und pharmazeutischer Pr\u00e4parate Dr. Erwin Schwarz",
        "alternative_names": [
          "A. B. C. Apotheken-Bedarfs-Contor, Vertrieb chemischer und pharmazeutischer Pr\u00e4parate Dr. Erwin Schwarz"
        ],
        "business_type": "",
        "category": "Trade",
        "address": "Friedrichstr. 19,  Berlin",
        "date_range": "1920-1939",
        "registration_date": "1920",
        "takeover_date": "",
        "liquidation_date": "",
        "dissolution_date": "1939",
        "geocode_confidence": 0.5
      }
    },
    {
      "type": "Feature",
      "geometry": {
        "type": "Point",
        "coordinates": [
          13.398796,
          52.5155992
        ]
      },
      "properties": {
        "name": "A. B. Citroen",
        "alternative_names": [
          "A. B. Citroen"
        ],
        "business_type": "",
        "category": "Trade",
        "address": "Werderscher Markt 7,  Berlin",
        "date_range": "1901-1940",
        "registration_date": "1901",
        "takeover_date": "",
        "liquidation_date": "",
        "dissolution_date": "1940",
        "geocode_confidence": 0.5
      }
    },
    {
      "type": "Feature",
      "geometry": {
        "type": "Point",
        "coordinates": [
          13.411976,
          52.5013605
        ]
      },
      "properties": {
        "name": "A. Baum",
        "alternative_names": [
          "A. Baum"
        ],
        "business_type": "",
        "category": "Trade",
        "address": "Ritterstr. 9/10,  Berlin",
        "date_range": "1904-1939",
        "registration_date": "1904",
        "takeover_date": "",
        "liquidation_date": "",
        "dissolution_date": "1939",
        "geocode_confidence": 0.5
      }
    },
    {
      "type": "Feature",
      "geometry": {
        "type": "Point",
        "coordinates": [
          13.5035076,
          52.4213723
        ]
      },
      "properties": {
        "name": "A. Baumert-Export",
        "alternative_names": [
          "A. Baumert-Export"
        ],
        "business_type": "",
        "category": "Trade",
        "address": "K\u00f6penicker Str. 128,  Berlin",
        "date_range": "1920-Unkn",
        "registration_date": "1920",
        "takeover_date": "",
        "liquidation_date": "",
        "dissolution_date": "Unkn",
        "geocode_confidence": 0.5
      }
    },
    {
      "type": "Feature",
      "geometry": {
        "type": "Point",
        "coordinates": [
          13.4006284,
          52.5220276
        ]
      },
      "properties": {
        "name": "A. Becker & Co",
        "alternative_names": [
          "A. Becker & Co"
        ],
        "business_type": "",
        "category": "Trade",
        "address": "Burgstr. 29,  Berlin",
        "date_range": "1913-1936",
        "registration_date": "1913",
        "takeover_date": "",
        "liquidation_date": "",
        "dissolution_date": "1936",
        "geocode_confidence": 0.5
      }
    },
    {
      "type": "Feature",
      "geometry": {
        "type": "Point",
        "coordinates": [
          13.4117641,
          52.5535321
        ]
      },
      "properties": {
        "name": "A. Benver GmbH",
        "alternative_names": [
          "A. Benver GmbH"
        ],
        "business_type": "",
        "category": "Trade",
        "address": "Bornholmer Str. 89,  Berlin",
        "date_range": "1921-1939",
        "registration_date": "1921",
        "takeover_date": "",
        "liquidation_date": "",
        "dissolution_date": "1939",
        "geocode_confidence": 0.5
      }
    },
    {
      "type": "Feature",
      "geometry": {
        "type": "Point",
        "coordinates": [
          13.3007191,
          52.4363936
        ]
      },
      "properties": {
        "name": "A. Bergmann & Co",
        "alternative_names": [
          "A. Bergmann & Co"
        ],
        "business_type": "",
        "category": "Industry",
        "address": "Potsdamer Str. 56,  Berlin",
        "date_range": "1920-Unkn",
        "registration_date": "1920",
        "takeover_date": "",
        "liquidation_date": "",
        "dissolution_date": "Unkn",
        "geocode_confidence": 0.5
      }
    },
    {
      "type": "Feature",
      "geometry": {
        "type": "Point",
        "coordinates": [
          13.253396,
          52.4336251
        ]
      },
      "properties": {
        "name": "A. Bieber & Sohn AG",
        "alternative_names": [
          "A. Bieber & Sohn AG"
        ],
        "business_type": "",
        "category": "Trade",
        "address": "K\u00f6nigstr. 40,  Berlin",
        "date_range": "1922-1933",
        "registration_date": "1922",
        "takeover_date": "",
        "liquidation_date": "",
        "dissolution_date": "1933",
        "geocode_confidence": 0.5
      }
    },
    {
      "type": "Feature",
      "geometry": {
        "type": "Point",
        "coordinates": [
          13.3698445,
          52.5054916
        ]
      },
      "properties": {
        "name": "A. Blumenreich GmbH",
        "alternative_names": [
          "A. Blumenreich GmbH"
        ],
        "business_type": "",
        "category": "Trade",
        "address": "Sch\u00f6neberger Ufer 44,  Berlin",
        "date_range": "1919-1939",
        "registration_date": "1919",
        "takeover_date": "",
        "liquidation_date": "",
        "dissolution_date": "1939",
        "geocode_confidence": 0.5
      }
    },
    {
      "type": "Feature",
      "geometry": {
        "type": "Point",
        "coordinates": [
          13.378177,
          52.5078248
        ]
      },
      "properties": {
        "name": "A. Bodenheimer & Cie GmbH",
        "alternative_names": [
          "A. Bodenheimer & Cie GmbH"
        ],
        "business_type": "",
        "category": "Industry",
        "address": "Stresemannstr. 6-8,  Berlin",
        "date_range": "1925-1932",
        "registration_date": "1925",
        "takeover_date": "",
        "liquidation_date": "",
        "dissolution_date": "1932",
        "geocode_confidence": 0.5
      }
    },
    {
      "type": "Feature",
      "geometry": {
        "type": "Point",
        "coordinates": [
          13.4163756,
          52.5255126
        ]
      },
      "properties": {
        "name": "A. Bores",
        "alternative_names": [
          "A. Bores"
        ],
        "business_type": "",
        "category": "Trade",
        "address": "Keibelstr.  5,  Berlin",
        "date_range": "1900-Unkn",
        "registration_date": "1900",
        "takeover_date": "",
        "liquidation_date": "",
        "dissolution_date": "Unkn",
        "geocode_confidence": 0.5
      }
    },
    {
      "type": "Feature",
      "geometry": {
        "type": "Point",
        "coordinates": [
          13.3324211,
          52.4975077
        ]
      },
      "properties": {
        "name": "A. Bornstein & Co",
        "alternative_names": [
          "A. Bornstein & Co"
        ],
        "business_type": "",
        "category": "Trade",
        "address": "Spichernstr. 7,  Berlin",
        "date_range": "1925-1938",
        "registration_date": "1925",
        "takeover_date": "",
        "liquidation_date": "",
        "dissolution_date": "1938",
        "geocode_confidence": 0.5
      }
    },
    {
      "type": "Feature",
      "geometry": {
        "type": "Point",
        "coordinates": [
          13.336413,
          52.5026375
        ]
      },
      "properties": {
        "name": "A. Breslauer",
        "alternative_names": [
          "A. Breslauer"
        ],
        "business_type": "",
        "category": "Services",
        "address": "Marburger Str. 5,  Berlin",
        "date_range": "1900-1933",
        "registration_date": "1900",
        "takeover_date": "",
        "liquidation_date": "",
        "dissolution_date": "1933",
        "geocode_confidence": 0.5
      }
    },
    {
      "type": "Feature",
      "geometry": {
        "type": "Point",
        "coordinates": [
          13.4636464,
          52.5512491
        ]
      },
      "properties": {
        "name": "A. Br\u00fcnn j.",
        "alternative_names": [
          "A. Br\u00fcnn j."
        ],
        "business_type": "",
        "category": "Trade",
        "address": "Berliner Allee 29/31,  Berlin",
        "date_range": "1886-1940",
        "registration_date": "1886",
        "takeover_date": "",
        "liquidation_date": "",
        "dissolution_date": "1940",
        "geocode_confidence": 0.5
      }
    },
    {
      "type": "Feature",
      "geometry": {
        "type": "Point",
        "coordinates": [
          13.3904735,
          52.5147135
        ]
      },
      "properties": {
        "name": "A. Busse & Co AG",
        "alternative_names": [
          "A. Busse & Co AG"
        ],
        "business_type": "",
        "category": "Trade",
        "address": "Franz\u00f6sische Str. 24,  Berlin",
        "date_range": "1900-Unkn",
        "registration_date": "1900",
        "takeover_date": "",
        "liquidation_date": "",
        "dissolution_date": "Unkn",
        "geocode_confidence": 0.5
      }
    },
    {
      "type": "Feature",
      "geometry": {
        "type": "Point",
        "coordinates": [
          13.3409275,
          52.4921479
        ]
      },
      "properties": {
        "name": "A. Caminer & Co",
        "alternative_names": [
          "A. Caminer & Co"
        ],
        "business_type": "",
        "category": "Trade",
        "address": "Barbarossastr. 41,  Berlin",
        "date_range": "1937-1939",
        "registration_date": "1937",
        "takeover_date": "",
        "liquidation_date": "",
        "dissolution_date": "1939",
        "geocode_confidence": 0.5
      }
    },
    {
      "type": "Feature",
      "geometry": {
        "type": "Point",
        "coordinates": [
          13.3989367,
          52.510885
        ]
      },
      "properties": {
        "name": "A. Christ GmbH",
        "alternative_names": [
          "A. Christ GmbH"
        ],
        "business_type": "",
        "category": "Trade",
        "address": ",  Berlin",
        "date_range": "1900-1939",
        "registration_date": "1900",
        "takeover_date": "",
        "liquidation_date": "",
        "dissolution_date": "1939",
        "geocode_confidence": 0.5
      }
    },
    {
      "type": "Feature",
      "geometry": {
        "type": "Point",
        "coordinates": [
          13.4032424,
          52.5245938
        ]
      },
      "properties": {
        "name": "A. Damitt",
        "alternative_names": [
          "A. Damitt"
        ],
        "business_type": "",
        "category": "Trade",
        "address": "Rosenthaler Str. 46/47,  Berlin",
        "date_range": "1901-1939",
        "registration_date": "1901",
        "takeover_date": "",
        "liquidation_date": "",
        "dissolution_date": "1939",
        "geocode_confidence": 0.5
      }
    },
    {
      "type": "Feature",
      "geometry": {
        "type": "Point",
        "coordinates": [
          13.4032104,
          52.5244635
        ]
      },
      "properties": {
        "name": "A. Damitt Inkasso GmbH",
        "alternative_names": [
          "A. Damitt Inkasso GmbH"
        ],
        "business_type": "",
        "category": "Trade",
        "address": "Rosenthaler Str. 46,  Berlin",
        "date_range": "1931-1938",
        "registration_date": "1931",
        "takeover_date": "",
        "liquidation_date": "",
        "dissolution_date": "1938",
        "geocode_confidence": 0.5
      }
    },
    {
      "type": "Feature",
      "geometry": {
        "type": "Point",
        "coordinates": [
          13.367041,
          52.5051329
        ]
      },
      "properties": {
        "name": "A. Davidoff & Co",
        "alternative_names": [
          "A. Davidoff & Co"
        ],
        "business_type": "",
        "category": "Industry",
        "address": "Potsdamer Str. 64,  Berlin",
        "date_range": "1908-Unkn",
        "registration_date": "1908",
        "takeover_date": "",
        "liquidation_date": "",
        "dissolution_date": "Unkn",
        "geocode_confidence": 0.5
      }
    },
    {
      "type": "Feature",
      "geometry": {
        "type": "Point",
        "coordinates": [
          13.3275488,
          52.4717873
        ]
      },
      "properties": {
        "name": "A. E. Wassermann",
        "alternative_names": [
          "A. E. Wassermann"
        ],
        "business_type": "",
        "category": "Services",
        "address": "Wilhelmplatz 7,  Berlin",
        "date_range": "1900-Unkn",
        "registration_date": "1900",
        "takeover_date": "",
        "liquidation_date": "",
        "dissolution_date": "Unkn",
        "geocode_confidence": 0.5
      }
    },
    {
      "type": "Feature",
      "geometry": {
        "type": "Point",
        "coordinates": [
          13.4300612,
          52.517482
        ]
      },
      "properties": {
        "name": "A. Englard & Co KG",
        "alternative_names": [
          "A. Englard & Co KG"
        ],
        "business_type": "",
        "category": "Trade",
        "address": "Blumenstr. 81,  Berlin",
        "date_range": "1920-1937",
        "registration_date": "1920",
        "takeover_date": "",
        "liquidation_date": "",
        "dissolution_date": "1937",
        "geocode_confidence": 0.5
      }
    },
    {
      "type": "Feature",
      "geometry": {
        "type": "Point",
        "coordinates": [
          13.4015005,
          52.52333
        ]
      },
      "properties": {
        "name": "A. Ephraim",
        "alternative_names": [
          "A. Ephraim"
        ],
        "business_type": "",
        "category": "Trade",
        "address": "Gro\u00dfe Pr\u00e4sidentenstr. 9,  Berlin",
        "date_range": "1903-1937",
        "registration_date": "1903",
        "takeover_date": "",
        "liquidation_date": "",
        "dissolution_date": "1937",
        "geocode_confidence": 0.5
      }
    },
    {
      "type": "Feature",
      "geometry": {
        "type": "Point",
        "coordinates": [
          13.3895655,
          52.5132825
        ]
      },
      "properties": {
        "name": "A. F. Gohlicke",
        "alternative_names": [
          "A. F. Gohlicke"
        ],
        "business_type": "",
        "category": "Handicraft",
        "address": "Friedrichstr. 72,  Berlin",
        "date_range": "1903-1938",
        "registration_date": "1903",
        "takeover_date": "",
        "liquidation_date": "",
        "dissolution_date": "1938",
        "geocode_confidence": 0.5
      }
    },
    {
      "type": "Feature",
      "geometry": {
        "type": "Point",
        "coordinates": [
          13.3500105,
          52.5092499
        ]
      },
      "properties": {
        "name": "A. Falkenburger & Co",
        "alternative_names": [
          "A. Falkenburger & Co"
        ],
        "business_type": "",
        "category": "Trade",
        "address": "St\u00fclerstr. 13,  Berlin",
        "date_range": "1919-1935",
        "registration_date": "1919",
        "takeover_date": "",
        "liquidation_date": "",
        "dissolution_date": "1935",
        "geocode_confidence": 0.5
      }
    },
    {
      "type": "Feature",
      "geometry": {
        "type": "Point",
        "coordinates": [
          13.2052423,
          52.5356605
        ]
      },
      "properties": {
        "name": "A. Falkowitz & Co",
        "alternative_names": [
          "A. Falkowitz & Co"
        ],
        "business_type": "",
        "category": "Trade",
        "address": "Charlottenstr. 28,  Berlin",
        "date_range": "1935-1940",
        "registration_date": "1935",
        "takeover_date": "",
        "liquidation_date": "",
        "dissolution_date": "1940",
        "geocode_confidence": 0.5
      }
    },
    {
      "type": "Feature",
      "geometry": {
        "type": "Point",
        "coordinates": [
          13.3548299,
          52.4831833
        ]
      },
      "properties": {
        "name": "A. Feurig Apotheke Karl Meyer",
        "alternative_names": [
          "A. Feurig Apotheke Karl Meyer"
        ],
        "business_type": "",
        "category": "Trade",
        "address": "Albertstr. 6,  Berlin",
        "date_range": "1911-Unkn",
        "registration_date": "1911",
        "takeover_date": "",
        "liquidation_date": "",
        "dissolution_date": "Unkn",
        "geocode_confidence": 0.5
      }
    },
    {
      "type": "Feature",
      "geometry": {
        "type": "Point",
        "coordinates": [
          13.3789249,
          52.5109022
        ]
      },
      "properties": {
        "name": "A. Fricke & Co",
        "alternative_names": [
          "A. Fricke & Co"
        ],
        "business_type": "",
        "category": "Services",
        "address": "Vo\u00dfstr. 45,  Berlin",
        "date_range": "1919-Unkn",
        "registration_date": "1919",
        "takeover_date": "",
        "liquidation_date": "",
        "dissolution_date": "Unkn",
        "geocode_confidence": 0.5
      }
    },
    {
      "type": "Feature",
      "geometry": {
        "type": "Point",
        "coordinates": [
          13.2932509,
          52.4386254
        ]
      },
      "properties": {
        "name": "A. Goldbruch",
        "alternative_names": [
          "A. Goldbruch"
        ],
        "business_type": "",
        "category": "Trade",
        "address": "Kommandantenstr.  66,  Berlin",
        "date_range": "1900-Unkn",
        "registration_date": "1900",
        "takeover_date": "",
        "liquidation_date": "",
        "dissolution_date": "Unkn",
        "geocode_confidence": 0.5
      }
    },
    {
      "type": "Feature",
      "geometry": {
        "type": "Point",
        "coordinates": [
          13.2927002,
          52.4352868
        ]
      },
      "properties": {
        "name": "A. Goldstein KG",
        "alternative_names": [
          "A. Goldstein KG"
        ],
        "business_type": "",
        "category": "Trade",
        "address": "Kommandantenstr. 19,  Berlin",
        "date_range": "1935-1939",
        "registration_date": "1935",
        "takeover_date": "",
        "liquidation_date": "",
        "dissolution_date": "1939",
        "geocode_confidence": 0.5
      }
    },
    {
      "type": "Feature",
      "geometry": {
        "type": "Point",
        "coordinates": [
          13.340773,
          52.4336728
        ]
      },
      "properties": {
        "name": "A. Gompertz GmbH",
        "alternative_names": [
          "A. Gompertz GmbH"
        ],
        "business_type": "",
        "category": "Trade",
        "address": "Kaiser-Wilhelm-Str. 50,  Berlin",
        "date_range": "1932-1939",
        "registration_date": "1932",
        "takeover_date": "",
        "liquidation_date": "",
        "dissolution_date": "1939",
        "geocode_confidence": 0.5
      }
    },
    {
      "type": "Feature",
      "geometry": {
        "type": "Point",
        "coordinates": [
          13.6015588,
          52.4451887
        ]
      },
      "properties": {
        "name": "A. Gr\u00fcn & Sohn",
        "alternative_names": [
          "A. Gr\u00fcn & Sohn"
        ],
        "business_type": "",
        "category": "Trade",
        "address": "Birkenstr. 14,  Berlin",
        "date_range": "1919-1942",
        "registration_date": "1919",
        "takeover_date": "",
        "liquidation_date": "",
        "dissolution_date": "1942",
        "geocode_confidence": 0.5
      }
    },
    {
      "type": "Feature",
      "geometry": {
        "type": "Point",
        "coordinates": [
          13.3888652,
          52.5186113
        ]
      },
      "properties": {
        "name": "A. H. Heymann & Co",
        "alternative_names": [
          "A. H. Heymann & Co"
        ],
        "business_type": "",
        "category": "Trade",
        "address": "Dorotheenstr. 43,  Berlin",
        "date_range": "1901-1937",
        "registration_date": "1901",
        "takeover_date": "",
        "liquidation_date": "",
        "dissolution_date": "1937",
        "geocode_confidence": 0.5
      }
    },
    {
      "type": "Feature",
      "geometry": {
        "type": "Point",
        "coordinates": [
          13.4628968,
          52.4981172
        ]
      },
      "properties": {
        "name": "A. Haendler & Co",
        "alternative_names": [
          "A. Haendler & Co"
        ],
        "business_type": "",
        "category": "Trade",
        "address": "Stralauer Allee 17 F,  Berlin",
        "date_range": "1936-1943",
        "registration_date": "1936",
        "takeover_date": "",
        "liquidation_date": "",
        "dissolution_date": "1943",
        "geocode_confidence": 0.5
      }
    },
    {
      "type": "Feature",
      "geometry": {
        "type": "Point",
        "coordinates": [
          13.2925709,
          52.4356892
        ]
      },
      "properties": {
        "name": "A. Haubenschild",
        "alternative_names": [
          "A. Haubenschild"
        ],
        "business_type": "",
        "category": "Trade",
        "address": "Kommandantenstr. 17,  Berlin",
        "date_range": "1912-Unkn",
        "registration_date": "1912",
        "takeover_date": "",
        "liquidation_date": "",
        "dissolution_date": "Unkn",
        "geocode_confidence": 0.5
      }
    },
    {
      "type": "Feature",
      "geometry": {
        "type": "Point",
        "coordinates": [
          13.367747,
          52.5050308
        ]
      },
      "properties": {
        "name": "A. Hefter Fleischwaren-GmbH",
        "alternative_names": [
          "A. Hefter Fleischwaren-GmbH"
        ],
        "business_type": "",
        "category": "Trade",
        "address": "Potsdamer Str. 76b,  Berlin",
        "date_range": "1932-Unkn",
        "registration_date": "1932",
        "takeover_date": "",
        "liquidation_date": "",
        "dissolution_date": "Unkn",
        "geocode_confidence": 0.5
      }
    },
    {
      "type": "Feature",
      "geometry": {
        "type": "Point",
        "coordinates": [
          13.1748723,
          52.5135268
        ]
      },
      "properties": {
        "name": "A. Heinemann & Co GmbH",
        "alternative_names": [
          "A. Heinemann & Co GmbH"
        ],
        "business_type": "",
        "category": "Trade",
        "address": "Wilhelmstr. 106,  Berlin",
        "date_range": "1913-1940",
        "registration_date": "1913",
        "takeover_date": "",
        "liquidation_date": "",
        "dissolution_date": "1940",
        "geocode_confidence": 0.5
      }
    },
    {
      "type": "Feature",
      "geometry": {
        "type": "Point",
        "coordinates": [
          13.3089197,
          52.5005721
        ]
      },
      "properties": {
        "name": "A. Helfgott",
        "alternative_names": [
          "A. Helfgott"
        ],
        "business_type": "",
        "category": "Trade",
        "address": "Kurf\u00fcrstendamm  67,  Berlin",
        "date_range": "1900-Unkn",
        "registration_date": "1900",
        "takeover_date": "",
        "liquidation_date": "",
        "dissolution_date": "Unkn",
        "geocode_confidence": 0.5
      }
    },
    {
      "type": "Feature",
      "geometry": {
        "type": "Point",
        "coordinates": [
          13.4181965,
          52.5189267
        ]
      },
      "properties": {
        "name": "A. Hoffmann & Co",
        "alternative_names": [
          "A. Hoffmann & Co"
        ],
        "business_type": "",
        "category": "Trade",
        "address": "Alexanderstr. 27,  Berlin",
        "date_range": "1924-1940",
        "registration_date": "1924",
        "takeover_date": "",
        "liquidation_date": "",
        "dissolution_date": "1940",
        "geocode_confidence": 0.5
      }
    },
    {
      "type": "Feature",
      "geometry": {
        "type": "Point",
        "coordinates": [
          13.4242216,
          52.5175592
        ]
      },
      "properties": {
        "name": "A. Hoffmann's Verlag Theater-Buch- und Musikalien-Literatur, GmbH",
        "alternative_names": [
          "A. Hoffmann's Verlag Theater-Buch- und Musikalien-Literatur, GmbH"
        ],
        "business_type": "",
        "category": "Industry",
        "address": "Blumenstr. 22,  Berlin",
        "date_range": "1918-1934",
        "registration_date": "1918",
        "takeover_date": "",
        "liquidation_date": "",
        "dissolution_date": "1934",
        "geocode_confidence": 0.5
      }
    },
    {
      "type": "Feature",
      "geometry": {
        "type": "Point",
        "coordinates": [
          13.3825103,
          52.5140405
        ]
      },
      "properties": {
        "name": "A. J. Bernstein & Sohn, KG",
        "alternative_names": [
          "A. J. Bernstein & Sohn, KG"
        ],
        "business_type": "",
        "category": "Trade",
        "address": "Franz\u00f6sische Str. 13/14,  Berlin",
        "date_range": "1912-1939",
        "registration_date": "1912",
        "takeover_date": "",
        "liquidation_date": "",
        "dissolution_date": "1939",
        "geocode_confidence": 0.5
      }
    },
    {
      "type": "Feature",
      "geometry": {
        "type": "Point",
        "coordinates": [
          13.5529044,
          52.667937
        ]
      },
      "properties": {
        "name": "A. J. Brodtmann",
        "alternative_names": [
          "A. J. Brodtmann"
        ],
        "business_type": "",
        "category": "Trade",
        "address": "Havelstr. 1,  Berlin",
        "date_range": "1919-1937",
        "registration_date": "1919",
        "takeover_date": "",
        "liquidation_date": "",
        "dissolution_date": "1937",
        "geocode_confidence": 0.5
      }
    },
    {
      "type": "Feature",
      "geometry": {
        "type": "Point",
        "coordinates": [
          13.4032861,
          52.510452
        ]
      },
      "properties": {
        "name": "A. Jacobsohn & Co",
        "alternative_names": [
          "A. Jacobsohn & Co"
        ],
        "business_type": "",
        "category": "Trade",
        "address": "Seydelstr. 30,  Berlin",
        "date_range": "1902-1940",
        "registration_date": "1902",
        "takeover_date": "",
        "liquidation_date": "",
        "dissolution_date": "1940",
        "geocode_confidence": 0.5
      }
    },
    {
      "type": "Feature",
      "geometry": {
        "type": "Point",
        "coordinates": [
          13.3895332,
          52.5094155
        ]
      },
      "properties": {
        "name": "A. Jandorf & Co",
        "alternative_names": [
          "A. Jandorf & Co"
        ],
        "business_type": "",
        "category": "Trade",
        "address": "Krausenstr. 46/47,  Berlin",
        "date_range": "1900-1935",
        "registration_date": "1900",
        "takeover_date": "",
        "liquidation_date": "",
        "dissolution_date": "1935",
        "geocode_confidence": 0.5
      }
    },
    {
      "type": "Feature",
      "geometry": {
        "type": "Point",
        "coordinates": [
          13.4096557,
          52.5312012
        ]
      },
      "properties": {
        "name": "A. Kalenscher",
        "alternative_names": [
          "A. Kalenscher"
        ],
        "business_type": "",
        "category": "Trade",
        "address": "Fehrbelliner Str.  7,  Berlin",
        "date_range": "1900-Unkn",
        "registration_date": "1900",
        "takeover_date": "",
        "liquidation_date": "",
        "dissolution_date": "Unkn",
        "geocode_confidence": 0.5
      }
    },
    {
      "type": "Feature",
      "geometry": {
        "type": "Point",
        "coordinates": [
          13.4113815,
          52.5186603
        ]
      },
      "properties": {
        "name": "A. Kaminsky",
        "alternative_names": [
          "A. Kaminsky"
        ],
        "business_type": "",
        "category": "Trade",
        "address": "Klosterstr. 97,  Berlin",
        "date_range": "1902-1940",
        "registration_date": "1902",
        "takeover_date": "",
        "liquidation_date": "",
        "dissolution_date": "1940",
        "geocode_confidence": 0.5
      }
    },
    {
      "type": "Feature",
      "geometry": {
        "type": "Point",
        "coordinates": [
          13.3885045,
          52.5102638
        ]
      },
      "properties": {
        "name": "A. Kariel & Co",
        "alternative_names": [
          "A. Kariel & Co"
        ],
        "business_type": "",
        "category": "Trade",
        "address": "Leipziger Str. 101/102,  Berlin",
        "date_range": "1902-1938",
        "registration_date": "1902",
        "takeover_date": "",
        "liquidation_date": "",
        "dissolution_date": "1938",
        "geocode_confidence": 0.5
      }
    },
    {
      "type": "Feature",
      "geometry": {
        "type": "Point",
        "coordinates": [
          13.5770655,
          52.4458223
        ]
      },
      "properties": {
        "name": "A. Krojanker Schuhfabrik Burg GmbH",
        "alternative_names": [
          "A. Krojanker Schuhfabrik Burg GmbH"
        ],
        "business_type": "",
        "category": "Industry",
        "address": "Rosenstr. 15,  Berlin",
        "date_range": "1924-Unkn",
        "registration_date": "1924",
        "takeover_date": "",
        "liquidation_date": "",
        "dissolution_date": "Unkn",
        "geocode_confidence": 0.5
      }
    },
    {
      "type": "Feature",
      "geometry": {
        "type": "Point",
        "coordinates": [
          13.3853564,
          52.5164745
        ]
      },
      "properties": {
        "name": "A. Lucae",
        "alternative_names": [
          "A. Lucae"
        ],
        "business_type": "",
        "category": "Services",
        "address": "Unter den Linden 53,  Berlin",
        "date_range": "1900-Unkn",
        "registration_date": "1900",
        "takeover_date": "",
        "liquidation_date": "",
        "dissolution_date": "Unkn",
        "geocode_confidence": 0.5
      }
    },
    {
      "type": "Feature",
      "geometry": {
        "type": "Point",
        "coordinates": [
          13.6126811,
          52.5169
        ]
      },
      "properties": {
        "name": "A. L\u00f6wi",
        "alternative_names": [
          "A. L\u00f6wi"
        ],
        "business_type": "",
        "category": "Trade",
        "address": "Markgrafenstr.  6,  Berlin",
        "date_range": "1900-Unkn",
        "registration_date": "1900",
        "takeover_date": "",
        "liquidation_date": "",
        "dissolution_date": "Unkn",
        "geocode_confidence": 0.5
      }
    },
    {
      "type": "Feature",
      "geometry": {
        "type": "Point",
        "coordinates": [
          13.3737195,
          52.5114792
        ]
      },
      "properties": {
        "name": "A. Maa\u00df S\u00f6hne, Bankgesch\u00e4ft",
        "alternative_names": [
          "A. Maa\u00df S\u00f6hne, Bankgesch\u00e4ft"
        ],
        "business_type": "",
        "category": "Services",
        "address": "Lenn\u00e9str. 4,  Berlin",
        "date_range": "1902-1934",
        "registration_date": "1902",
        "takeover_date": "",
        "liquidation_date": "",
        "dissolution_date": "1934",
        "geocode_confidence": 0.5
      }
    },
    {
      "type": "Feature",
      "geometry": {
        "type": "Point",
        "coordinates": [
          13.4130905,
          52.5872649
        ]
      },
      "properties": {
        "name": "A. Mustroph",
        "alternative_names": [
          "A. Mustroph"
        ],
        "business_type": "",
        "category": "Industry",
        "address": "Charlottenstr. 6,  Berlin",
        "date_range": "1902-1935",
        "registration_date": "1902",
        "takeover_date": "",
        "liquidation_date": "",
        "dissolution_date": "1935",
        "geocode_confidence": 0.5
      }
    },
    {
      "type": "Feature",
      "geometry": {
        "type": "Point",
        "coordinates": [
          13.3630907,
          52.4994583
        ]
      },
      "properties": {
        "name": "A. M\u00fcller u. A. M\u00fcller",
        "alternative_names": [
          "A. M\u00fcller u. A. M\u00fcller"
        ],
        "business_type": "",
        "category": "Trade",
        "address": "Potsdamer Str. 111,  Berlin",
        "date_range": "1926-1937",
        "registration_date": "1926",
        "takeover_date": "",
        "liquidation_date": "",
        "dissolution_date": "1937",
        "geocode_confidence": 0.5
      }
    },
    {
      "type": "Feature",
      "geometry": {
        "type": "Point",
        "coordinates": [
          13.3838459,
          52.5101116
        ]
      },
      "properties": {
        "name": "A. N. Schmidt & Co GmbH",
        "alternative_names": [
          "A. N. Schmidt & Co GmbH"
        ],
        "business_type": "",
        "category": "Trade",
        "address": "Leipziger Str. 124,  Berlin",
        "date_range": "1922-1940",
        "registration_date": "1922",
        "takeover_date": "",
        "liquidation_date": "",
        "dissolution_date": "1940",
        "geocode_confidence": 0.5
      }
    },
    {
      "type": "Feature",
      "geometry": {
        "type": "Point",
        "coordinates": [
          13.2052423,
          52.5356605
        ]
      },
      "properties": {
        "name": "A. Neumann & S\u00f6hne",
        "alternative_names": [
          "A. Neumann & S\u00f6hne"
        ],
        "business_type": "",
        "category": "Trade",
        "address": "Charlottenstr. 28,  Berlin",
        "date_range": "1910-1939",
        "registration_date": "1910",
        "takeover_date": "",
        "liquidation_date": "",
        "dissolution_date": "1939",
        "geocode_confidence": 0.5
      }
    },
    {
      "type": "Feature",
      "geometry": {
        "type": "Point",
        "coordinates": [
          13.3308958,
          52.503445
        ]
      },
      "properties": {
        "name": "A. Oehlrich & Co",
        "alternative_names": [
          "A. Oehlrich & Co"
        ],
        "business_type": "",
        "category": "Industry",
        "address": "Joachimsthaler Str. 10,  Berlin",
        "date_range": "1927-1941",
        "registration_date": "1927",
        "takeover_date": "",
        "liquidation_date": "",
        "dissolution_date": "1941",
        "geocode_confidence": 0.5
      }
    },
    {
      "type": "Feature",
      "geometry": {
        "type": "Point",
        "coordinates": [
          13.4019817,
          52.5250039
        ]
      },
      "properties": {
        "name": "A. Offenberg & S\u00f6hne",
        "alternative_names": [
          "A. Offenberg & S\u00f6hne"
        ],
        "business_type": "",
        "category": "Trade",
        "address": "Rosenthaler Str. 40/41,  Berlin",
        "date_range": "1916-1941",
        "registration_date": "1916",
        "takeover_date": "",
        "liquidation_date": "",
        "dissolution_date": "1941",
        "geocode_confidence": 0.5
      }
    },
    {
      "type": "Feature",
      "geometry": {
        "type": "Point",
        "coordinates": [
          13.3970004,
          52.4939207
        ]
      },
      "properties": {
        "name": "A. Palis Nachf.",
        "alternative_names": [
          "A. Palis Nachf."
        ],
        "business_type": "",
        "category": "Trade",
        "address": "Mittenwalder Str. 6,  Berlin",
        "date_range": "1900-1939",
        "registration_date": "1900",
        "takeover_date": "",
        "liquidation_date": "",
        "dissolution_date": "1939",
        "geocode_confidence": 0.5
      }
    },
    {
      "type": "Feature",
      "geometry": {
        "type": "Point",
        "coordinates": [
          13.2987807,
          52.5018128
        ]
      },
      "properties": {
        "name": "A. Palm & Co",
        "alternative_names": [
          "A. Palm & Co"
        ],
        "business_type": "",
        "category": "Trade",
        "address": "Sybelstr. 40,  Berlin",
        "date_range": "1929-1937",
        "registration_date": "1929",
        "takeover_date": "",
        "liquidation_date": "",
        "dissolution_date": "1937",
        "geocode_confidence": 0.5
      }
    },
    {
      "type": "Feature",
      "geometry": {
        "type": "Point",
        "coordinates": [
          13.6126971,
          52.5166199
        ]
      },
      "properties": {
        "name": "A. Racusin & Co",
        "alternative_names": [
          "A. Racusin & Co"
        ],
        "business_type": "",
        "category": "Trade",
        "address": "Markgrafenstr. 21,  Berlin",
        "date_range": "1919-1940",
        "registration_date": "1919",
        "takeover_date": "",
        "liquidation_date": "",
        "dissolution_date": "1940",
        "geocode_confidence": 0.5
      }
    },
    {
      "type": "Feature",
      "geometry": {
        "type": "Point",
        "coordinates": [
          13.343395,
          52.5009922
        ]
      },
      "properties": {
        "name": "A. Reich & Co",
        "alternative_names": [
          "A. Reich & Co"
        ],
        "business_type": "",
        "category": "Industry",
        "address": "Bayreuther Str. 12,  Berlin",
        "date_range": "1935-1940",
        "registration_date": "1935",
        "takeover_date": "",
        "liquidation_date": "",
        "dissolution_date": "1940",
        "geocode_confidence": 0.5
      }
    },
    {
      "type": "Feature",
      "geometry": {
        "type": "Point",
        "coordinates": [
          13.3417042,
          52.4337191
        ]
      },
      "properties": {
        "name": "A. Rosenthal Nachf.",
        "alternative_names": [
          "A. Rosenthal Nachf."
        ],
        "business_type": "",
        "category": "Trade",
        "address": "Kaiser-Wilhelm-Str. 53,  Berlin",
        "date_range": "1901-1938",
        "registration_date": "1901",
        "takeover_date": "",
        "liquidation_date": "",
        "dissolution_date": "1938",
        "geocode_confidence": 0.5
      }
    },
    {
      "type": "Feature",
      "geometry": {
        "type": "Point",
        "coordinates": [
          13.3847578,
          52.511298
        ]
      },
      "properties": {
        "name": "A. Saalfeld & Co",
        "alternative_names": [
          "A. Saalfeld & Co"
        ],
        "business_type": "",
        "category": "Trade",
        "address": "Mohrenstr. 29/30,  Berlin",
        "date_range": "1934-1936",
        "registration_date": "1934",
        "takeover_date": "",
        "liquidation_date": "",
        "dissolution_date": "1936",
        "geocode_confidence": 0.5
      }
    },
    {
      "type": "Feature",
      "geometry": {
        "type": "Point",
        "coordinates": [
          13.3908887,
          52.5043546
        ]
      },
      "properties": {
        "name": "A. Schreiber & Co",
        "alternative_names": [
          "A. Schreiber & Co"
        ],
        "business_type": "",
        "category": "Trade",
        "address": "Friedrichstr. 187/188,  Berlin",
        "date_range": "1937-1940",
        "registration_date": "1937",
        "takeover_date": "",
        "liquidation_date": "",
        "dissolution_date": "1940",
        "geocode_confidence": 0.5
      }
    },
    {
      "type": "Feature",
      "geometry": {
        "type": "Point",
        "coordinates": [
          13.3175281,
          52.4856913
        ]
      },
      "properties": {
        "name": "A. Sch\u00e4fer Spedition & M\u00f6beltransport",
        "alternative_names": [
          "A. Sch\u00e4fer Spedition & M\u00f6beltransport"
        ],
        "business_type": "",
        "category": "Services",
        "address": "Wilhelmsaue 36,  Berlin",
        "date_range": "1851-Unkn",
        "registration_date": "1851",
        "takeover_date": "",
        "liquidation_date": "",
        "dissolution_date": "Unkn",
        "geocode_confidence": 0.5
      }
    },
    {
      "type": "Feature",
      "geometry": {
        "type": "Point",
        "coordinates": [
          13.4052895,
          52.5245831
        ]
      },
      "properties": {
        "name": "A. Sch\u00f6n & Co",
        "alternative_names": [
          "A. Sch\u00f6n & Co"
        ],
        "business_type": "",
        "category": "Trade",
        "address": "Neue Sch\u00f6nhauser Str. 16,  Berlin",
        "date_range": "1933-1940",
        "registration_date": "1933",
        "takeover_date": "",
        "liquidation_date": "",
        "dissolution_date": "1940",
        "geocode_confidence": 0.5
      }
    },
    {
      "type": "Feature",
      "geometry": {
        "type": "Point",
        "coordinates": [
          13.2158612,
          52.5268906
        ]
      },
      "properties": {
        "name": "A. Seydel & Cie AG",
        "alternative_names": [
          "A. Seydel & Cie AG"
        ],
        "business_type": "",
        "category": "Industry",
        "address": "Teltower Str. 29/30,  Berlin",
        "date_range": "1922-1937",
        "registration_date": "1922",
        "takeover_date": "",
        "liquidation_date": "",
        "dissolution_date": "1937",
        "geocode_confidence": 0.5
      }
    },
    {
      "type": "Feature",
      "geometry": {
        "type": "Point",
        "coordinates": [
          13.3360716,
          52.4956628
        ]
      },
      "properties": {
        "name": "A. Sp\u00f6rer & Co",
        "alternative_names": [
          "A. Sp\u00f6rer & Co"
        ],
        "business_type": "",
        "category": "Trade",
        "address": "Regensburger Str. 27,  Berlin",
        "date_range": "1916-1939",
        "registration_date": "1916",
        "takeover_date": "",
        "liquidation_date": "",
        "dissolution_date": "1939",
        "geocode_confidence": 0.5
      }
    },
    {
      "type": "Feature",
      "geometry": {
        "type": "Point",
        "coordinates": [
          13.4234401,
          52.5277896
        ]
      },
      "properties": {
        "name": "A. Steiner",
        "alternative_names": [
          "A. Steiner"
        ],
        "business_type": "",
        "category": "Trade",
        "address": "Neue K\u00f6nigstr.  83,  Berlin",
        "date_range": "1900-Unkn",
        "registration_date": "1900",
        "takeover_date": "",
        "liquidation_date": "",
        "dissolution_date": "Unkn",
        "geocode_confidence": 0.5
      }
    },
    {
      "type": "Feature",
      "geometry": {
        "type": "Point",
        "coordinates": [
          13.3387133,
          52.4319641
        ]
      },
      "properties": {
        "name": "A. Suponitzki & Co",
        "alternative_names": [
          "A. Suponitzki & Co"
        ],
        "business_type": "",
        "category": "Trade",
        "address": "Kaiser-Wilhelm-Str. 33,  Berlin",
        "date_range": "1935-1939",
        "registration_date": "1935",
        "takeover_date": "",
        "liquidation_date": "",
        "dissolution_date": "1939",
        "geocode_confidence": 0.5
      }
    },
    {
      "type": "Feature",
      "geometry": {
        "type": "Point",
        "coordinates": [
          13.3988226,
          52.5259418
        ]
      },
      "properties": {
        "name": "A. Sylbertrest",
        "alternative_names": [
          "A. Sylbertrest"
        ],
        "business_type": "",
        "category": "Trade",
        "address": "Gr. Hamburger Str.  34,  Berlin",
        "date_range": "1900-Unkn",
        "registration_date": "1900",
        "takeover_date": "",
        "liquidation_date": "",
        "dissolution_date": "Unkn",
        "geocode_confidence": 0.5
      }
    },
    {
      "type": "Feature",
      "geometry": {
        "type": "Point",
        "coordinates": [
          13.2652277,
          52.4270961
        ]
      },
      "properties": {
        "name": "A. Ullendorff & Co",
        "alternative_names": [
          "A. Ullendorff & Co"
        ],
        "business_type": "",
        "category": "Trade",
        "address": "Prinz-Handjery-Str. 78/80,  Berlin",
        "date_range": "1919-1942",
        "registration_date": "1919",
        "takeover_date": "",
        "liquidation_date": "",
        "dissolution_date": "1942",
        "geocode_confidence": 0.5
      }
    },
    {
      "type": "Feature",
      "geometry": {
        "type": "Point",
        "coordinates": [
          13.3310627,
          52.5017981
        ]
      },
      "properties": {
        "name": "A. V. G. Autoreifen-Vertriebs-Gesellschaft mbH",
        "alternative_names": [
          "A. V. G. Autoreifen-Vertriebs-Gesellschaft mbH"
        ],
        "business_type": "",
        "category": "Trade",
        "address": "Joachimsthaler Str. 22/23,  Berlin",
        "date_range": "1930-1940",
        "registration_date": "1930",
        "takeover_date": "",
        "liquidation_date": "",
        "dissolution_date": "1940",
        "geocode_confidence": 0.5
      }
    },
    {
      "type": "Feature",
      "geometry": {
        "type": "Point",
        "coordinates": [
          13.405,
          52.52
        ]
      },
      "properties": {
        "name": "A. & B. Kuttner",
        "alternative_names": [
          "A. & B. Kuttner"
        ],
        "business_type": "",
        "category": "Trade",
        "address": "Lothringer Str. 81, Berlin",
        "date_range": "1900-1945",
        "registration_date": "1900",
        "takeover_date": "",
        "liquidation_date": "",
        "dissolution_date": "",
        "geocode_confidence": 0.5
      }
    },
    {
      "type": "Feature",
      "geometry": {
        "type": "Point",
        "coordinates": [
          13.405,
          52.52
        ]
      },
      "properties": {
        "name": "A. & H. Bukofzer",
        "alternative_names": [
          "A. & H. Bukofzer"
        ],
        "business_type": "",
        "category": "Industry",
        "address": "Probststr. 10/11, Berlin",
        "date_range": "1900-1945",
        "registration_date": "1900",
        "takeover_date": "",
        "liquidation_date": "",
        "dissolution_date": "",
        "geocode_confidence": 0.5
      }
    },
    {
      "type": "Feature",
      "geometry": {
        "type": "Point",
        "coordinates": [
          13.405,
          52.52
        ]
      },
      "properties": {
        "name": "A. Alves Augusta Apotheke",
        "alternative_names": [
          "A. Alves Augusta Apotheke"
        ],
        "business_type": "",
        "category": "Services",
        "address": "22, Berlin",
        "date_range": "1900-1945",
        "registration_date": "1900",
        "takeover_date": "",
        "liquidation_date": "",
        "dissolution_date": "",
        "geocode_confidence": 0.5
      }
    },
    {
      "type": "Feature",
      "geometry": {
        "type": "Point",
        "coordinates": [
          13.405,
          52.52
        ]
      },
      "properties": {
        "name": "A. Baumert-Export",
        "alternative_names": [
          "A. Baumert-Export"
        ],
        "business_type": "",
        "category": "Trade",
        "address": "128, Berlin",
        "date_range": "1900-1945",
        "registration_date": "1900",
        "takeover_date": "",
        "liquidation_date": "",
        "dissolution_date": "",
        "geocode_confidence": 0.5
      }
    },
    {
      "type": "Feature",
      "geometry": {
        "type": "Point",
        "coordinates": [
          13.405,
          52.52
        ]
      },
      "properties": {
        "name": "A. & B. Kuttner",
        "alternative_names": [
          "A. & B. Kuttner"
        ],
        "business_type": "",
        "category": "Trade",
        "address": "81, Berlin",
        "date_range": "1900-1945",
        "registration_date": "1900",
        "takeover_date": "",
        "liquidation_date": "",
        "dissolution_date": "",
        "geocode_confidence": 0.5
      }
    },
    {
      "type": "Feature",
      "geometry": {
        "type": "Point",
        "coordinates": [
          13.405,
          52.52
        ]
      },
      "properties": {
        "name": "A. & H. Bukofzer",
        "alternative_names": [
          "A. & H. Bukofzer"
        ],
        "business_type": "",
        "category": "Industry",
        "address": "Probststr. 10/11, Berlin",
        "date_range": "1900-1945",
        "registration_date": "1900",
        "takeover_date": "",
        "liquidation_date": "",
        "dissolution_date": "",
        "geocode_confidence": 0.5
      }
    },
    {
      "type": "Feature",
      "geometry": {
        "type": "Point",
        "coordinates": [
          13.405,
          52.52
        ]
      },
      "properties": {
        "name": "A. Goldmann KG",
        "alternative_names": [
          "A. Goldmann KG"
        ],
        "business_type": "",
        "category": "Industry",
        "address": "Harzburgstr. 3, Berlin",
        "date_range": "1900-1945",
        "registration_date": "1900",
        "takeover_date": "",
        "liquidation_date": "",
        "dissolution_date": "",
        "geocode_confidence": 0.5
      }
    },
    {
      "type": "Feature",
      "geometry": {
        "type": "Point",
        "coordinates": [
          13.405,
          52.52
        ]
      },
      "properties": {
        "name": "A. Gr\u00fcn & Sohn",
        "alternative_names": [
          "A. Gr\u00fcn & Sohn"
        ],
        "business_type": "",
        "category": "Trade",
        "address": "Birkenstr. 14, Berlin",
        "date_range": "1900-1945",
        "registration_date": "1900",
        "takeover_date": "",
        "liquidation_date": "",
        "dissolution_date": "",
        "geocode_confidence": 0.5
      }
    },
    {
      "type": "Feature",
      "geometry": {
        "type": "Point",
        "coordinates": [
          13.405,
          52.52
        ]
      },
      "properties": {
        "name": "A. Herrmann Herstellung von Spezialn\u00e4hmaschinen GmbH",
        "alternative_names": [
          "A. Herrmann Herstellung von Spezialn\u00e4hmaschinen GmbH"
        ],
        "business_type": "",
        "category": "Industry",
        "address": "109, Berlin",
        "date_range": "1900-1945",
        "registration_date": "1900",
        "takeover_date": "",
        "liquidation_date": "",
        "dissolution_date": "",
        "geocode_confidence": 0.5
      }
    },
    {
      "type": "Feature",
      "geometry": {
        "type": "Point",
        "coordinates": [
          13.405,
          52.52
        ]
      },
      "properties": {
        "name": "A. Bromberger & Co",
        "alternative_names": [
          "A. Bromberger & Co"
        ],
        "business_type": "",
        "category": "Trade",
        "address": "Bischofstr. 2/3, Berlin",
        "date_range": "1900-1945",
        "registration_date": "1900",
        "takeover_date": "",
        "liquidation_date": "",
        "dissolution_date": "",
        "geocode_confidence": 0.5
      }
    },
    {
      "type": "Feature",
      "geometry": {
        "type": "Point",
        "coordinates": [
          13.405,
          52.52
        ]
      },
      "properties": {
        "name": "A. Chill & Co",
        "alternative_names": [
          "A. Chill & Co"
        ],
        "business_type": "",
        "category": "Trade",
        "address": "Hollmannstr. 16, Berlin",
        "date_range": "1900-1945",
        "registration_date": "1900",
        "takeover_date": "",
        "liquidation_date": "",
        "dissolution_date": "",
        "geocode_confidence": 0.5
      }
    },
    {
      "type": "Feature",
      "geometry": {
        "type": "Point",
        "coordinates": [
          13.405,
          52.52
        ]
      },
      "properties": {
        "name": "A. Damitt Inkasso GmbH",
        "alternative_names": [
          "A. Damitt Inkasso GmbH"
        ],
        "business_type": "",
        "category": "Trade",
        "address": "46, Berlin",
        "date_range": "1900-1945",
        "registration_date": "1900",
        "takeover_date": "",
        "liquidation_date": "",
        "dissolution_date": "",
        "geocode_confidence": 0.5
      }
    },
    {
      "type": "Feature",
      "geometry": {
        "type": "Point",
        "coordinates": [
          13.405,
          52.52
        ]
      },
      "properties": {
        "name": "A. Ritter Nachfolger Apotheker Otto Kraushaar",
        "alternative_names": [
          "A. Ritter Nachfolger Apotheker Otto Kraushaar"
        ],
        "business_type": "",
        "category": "Trade",
        "address": "105, Berlin",
        "date_range": "1900-1945",
        "registration_date": "1900",
        "takeover_date": "",
        "liquidation_date": "",
        "dissolution_date": "",
        "geocode_confidence": 0.5
      }
    },
    {
      "type": "Feature",
      "geometry": {
        "type": "Point",
        "coordinates": [
          13.405,
          52.52
        ]
      },
      "properties": {
        "name": "A. Kuhmercker",
        "alternative_names": [
          "A. Kuhmercker"
        ],
        "business_type": "",
        "category": "Trade",
        "address": "Maikowskistr.  69, Berlin",
        "date_range": "1900-1945",
        "registration_date": "1900",
        "takeover_date": "",
        "liquidation_date": "",
        "dissolution_date": "",
        "geocode_confidence": 0.5
      }
    },
    {
      "type": "Feature",
      "geometry": {
        "type": "Point",
        "coordinates": [
          13.405,
          52.52
        ]
      },
      "properties": {
        "name": "A. Magnus",
        "alternative_names": [
          "A. Magnus"
        ],
        "business_type": "",
        "category": "Trade",
        "address": "Stadtbahnbogen 137, Berlin",
        "date_range": "1900-1945",
        "registration_date": "1900",
        "takeover_date": "",
        "liquidation_date": "",
        "dissolution_date": "",
        "geocode_confidence": 0.5
      }
    },
    {
      "type": "Feature",
      "geometry": {
        "type": "Point",
        "coordinates": [
          13.405,
          52.52
        ]
      },
      "properties": {
        "name": "A. Marcuse & Co",
        "alternative_names": [
          "A. Marcuse & Co"
        ],
        "business_type": "",
        "category": "Industry",
        "address": "Kottbusser Ufer 43, Berlin",
        "date_range": "1900-1945",
        "registration_date": "1900",
        "takeover_date": "",
        "liquidation_date": "",
        "dissolution_date": "",
        "geocode_confidence": 0.5
      }
    },
    {
      "type": "Feature",
      "geometry": {
        "type": "Point",
        "coordinates": [
          13.405,
          52.52
        ]
      },
      "properties": {
        "name": "A. Neumann & Co",
        "alternative_names": [
          "A. Neumann & Co"
        ],
        "business_type": "",
        "category": "Handicraft",
        "address": "Platz 11, Berlin",
        "date_range": "1900-1945",
        "registration_date": "1900",
        "takeover_date": "",
        "liquidation_date": "",
        "dissolution_date": "",
        "geocode_confidence": 0.5
      }
    },
    {
      "type": "Feature",
      "geometry": {
        "type": "Point",
        "coordinates": [
          13.405,
          52.52
        ]
      },
      "properties": {
        "name": "A. Baumert-Export",
        "alternative_names": [
          "A. Baumert-Export"
        ],
        "business_type": "",
        "category": "Trade",
        "address": "128, Berlin",
        "date_range": "1900-1945",
        "registration_date": "1900",
        "takeover_date": "",
        "liquidation_date": "",
        "dissolution_date": "",
        "geocode_confidence": 0.5
      }
    },
    {
      "type": "Feature",
      "geometry": {
        "type": "Point",
        "coordinates": [
          13.405,
          52.52
        ]
      },
      "properties": {
        "name": "A. Gr\u00fcn & Sohn",
        "alternative_names": [
          "A. Gr\u00fcn & Sohn"
        ],
        "business_type": "",
        "category": "Trade",
        "address": "Birkenstr. 14, Berlin",
        "date_range": "1900-1945",
        "registration_date": "1900",
        "takeover_date": "",
        "liquidation_date": "",
        "dissolution_date": "",
        "geocode_confidence": 0.5
      }
    },
    {
      "type": "Feature",
      "geometry": {
        "type": "Point",
        "coordinates": [
          13.405,
          52.52
        ]
      },
      "properties": {
        "name": "A. Damitt Inkasso GmbH",
        "alternative_names": [
          "A. Damitt Inkasso GmbH"
        ],
        "business_type": "",
        "category": "Trade",
        "address": "46, Berlin",
        "date_range": "1900-1945",
        "registration_date": "1900",
        "takeover_date": "",
        "liquidation_date": "",
        "dissolution_date": "",
        "geocode_confidence": 0.5
      }
    },
    {
      "type": "Feature",
      "geometry": {
        "type": "Point",
        "coordinates": [
          13.405,
          52.52
        ]
      },
      "properties": {
        "name": "A. Baumert-Export",
        "alternative_names": [
          "A. Baumert-Export"
        ],
        "business_type": "",
        "category": "Trade",
        "address": "128, Berlin",
        "date_range": "1900-1945",
        "registration_date": "1900",
        "takeover_date": "",
        "liquidation_date": "",
        "dissolution_date": "",
        "geocode_confidence": 0.5
      }
    },
    {
      "type": "Feature",
      "geometry": {
        "type": "Point",
        "coordinates": [
          13.405,
          52.52
        ]
      },
      "properties": {
        "name": "A. Gr\u00fcn & Sohn",
        "alternative_names": [
          "A. Gr\u00fcn & Sohn"
        ],
        "business_type": "",
        "category": "Trade",
        "address": "Birkenstr. 14, Berlin",
        "date_range": "1900-1945",
        "registration_date": "1900",
        "takeover_date": "",
        "liquidation_date": "",
        "dissolution_date": "",
        "geocode_confidence": 0.5
      }
    },
    {
      "type": "Feature",
      "geometry": {
        "type": "Point",
        "coordinates": [
          13.405,
          52.52
        ]
      },
      "properties": {
        "name": "A. Damitt Inkasso GmbH",
        "alternative_names": [
          "A. Damitt Inkasso GmbH"
        ],
        "business_type": "",
        "category": "Trade",
        "address": "46, Berlin",
        "date_range": "1900-1945",
        "registration_date": "1900",
        "takeover_date": "",
        "liquidation_date": "",
        "dissolution_date": "",
        "geocode_confidence": 0.5
      }
    },
    {
      "type": "Feature",
      "geometry": {
        "type": "Point",
        "coordinates": [
          13.405,
          52.52
        ]
      },
      "properties": {
        "name": "AG f\u00fcr Brennstoffvergasung",
        "alternative_names": [
          "AG f\u00fcr Brennstoffvergasung"
        ],
        "business_type": "r Brennstoffvergasung construction materials and fuel",
        "category": "Industry",
        "address": "Gervinusstr. 17/19, Berlin",
        "date_range": "1917-1934",
        "registration_date": "1917",
        "takeover_date": "",
        "liquidation_date": "",
        "dissolution_date": "1934",
        "geocode_confidence": 0.5
      }
    },
    {
      "type": "Feature",
      "geometry": {
        "type": "Point",
        "coordinates": [
          13.405,
          52.52
        ]
      },
      "properties": {
        "name": "AG f\u00fcr Eigentumschutz",
        "alternative_names": [
          "AG f\u00fcr Eigentumschutz"
        ],
        "business_type": "r Eigentumschutz other",
        "category": "Services",
        "address": "Luisenstr. 31, Berlin",
        "date_range": "1923-1937",
        "registration_date": "1923",
        "takeover_date": "",
        "liquidation_date": "",
        "dissolution_date": "1937",
        "geocode_confidence": 0.5
      }
    },
    {
      "type": "Feature",
      "geometry": {
        "type": "Point",
        "coordinates": [
          13.405,
          52.52
        ]
      },
      "properties": {
        "name": "AG f\u00fcr Finanzierungen Commercium",
        "alternative_names": [
          "AG f\u00fcr Finanzierungen Commercium"
        ],
        "business_type": "r Finanzierungen Commercium banks and insurance",
        "category": "Trade",
        "address": "6, Berlin",
        "date_range": "1928-1936",
        "registration_date": "1928",
        "takeover_date": "",
        "liquidation_date": "",
        "dissolution_date": "1936",
        "geocode_confidence": 0.5
      }
    },
    {
      "type": "Feature",
      "geometry": {
        "type": "Point",
        "coordinates": [
          13.405,
          52.52
        ]
      },
      "properties": {
        "name": "AG f\u00fcr Finanzierungen am Grundst\u00fccksmarkt",
        "alternative_names": [
          "AG f\u00fcr Finanzierungen am Grundst\u00fccksmarkt"
        ],
        "business_type": "cksmarkt banks and insurance",
        "category": "Trade",
        "address": "Bleibtreustr. 20, Berlin",
        "date_range": "1928-1933",
        "registration_date": "1928",
        "takeover_date": "",
        "liquidation_date": "",
        "dissolution_date": "1933",
        "geocode_confidence": 0.5
      }
    },
    {
      "type": "Feature",
      "geometry": {
        "type": "Point",
        "coordinates": [
          13.405,
          52.52
        ]
      },
      "properties": {
        "name": "AG f\u00fcr Gesch\u00e4fts- und Industriebauten",
        "alternative_names": [
          "AG f\u00fcr Gesch\u00e4fts- und Industriebauten"
        ],
        "business_type": "fts- und Industriebauten real estate",
        "category": "Trade",
        "address": "Brunnenstr. 188/190, Berlin",
        "date_range": "1922-1938",
        "registration_date": "1922",
        "takeover_date": "",
        "liquidation_date": "",
        "dissolution_date": "1938",
        "geocode_confidence": 0.5
      }
    },
    {
      "type": "Feature",
      "geometry": {
        "type": "Point",
        "coordinates": [
          13.405,
          52.52
        ]
      },
      "properties": {
        "name": "AG f\u00fcr Grundkredit",
        "alternative_names": [
          "AG f\u00fcr Grundkredit"
        ],
        "business_type": "r Grundkredit banks and insurance",
        "category": "Trade",
        "address": "Bleibtreustr. 20, Berlin",
        "date_range": "1927-1935",
        "registration_date": "1927",
        "takeover_date": "",
        "liquidation_date": "",
        "dissolution_date": "1935",
        "geocode_confidence": 0.5
      }
    },
    {
      "type": "Feature",
      "geometry": {
        "type": "Point",
        "coordinates": [
          13.405,
          52.52
        ]
      },
      "properties": {
        "name": "AG f\u00fcr Grundst\u00fccksbeteiligungen",
        "alternative_names": [
          "AG f\u00fcr Grundst\u00fccksbeteiligungen"
        ],
        "business_type": "cksbeteiligungen real estate",
        "category": "Trade",
        "address": "Ritterstr. 11, Berlin",
        "date_range": "1925-1945",
        "registration_date": "1925",
        "takeover_date": "",
        "liquidation_date": "",
        "dissolution_date": "",
        "geocode_confidence": 0.5
      }
    },
    {
      "type": "Feature",
      "geometry": {
        "type": "Point",
        "coordinates": [
          13.405,
          52.52
        ]
      },
      "properties": {
        "name": "AG f\u00fcr Grundst\u00fccksverwaltung und Au\u00dfenhandel",
        "alternative_names": [
          "AG f\u00fcr Grundst\u00fccksverwaltung und Au\u00dfenhandel"
        ],
        "business_type": "enhandel real estate",
        "category": "Services",
        "address": "Kurf\u00fcrstendamm 190/192, Berlin",
        "date_range": "1921-1945",
        "registration_date": "1921",
        "takeover_date": "",
        "liquidation_date": "",
        "dissolution_date": "",
        "geocode_confidence": 0.5
      }
    },
    {
      "type": "Feature",
      "geometry": {
        "type": "Point",
        "coordinates": [
          13.405,
          52.52
        ]
      },
      "properties": {
        "name": "AG f\u00fcr Handel und Grundbesitz",
        "alternative_names": [
          "AG f\u00fcr Handel und Grundbesitz"
        ],
        "business_type": "r Handel und Grundbesitz real estate",
        "category": "Trade",
        "address": "Mohrenstr. 57, Berlin",
        "date_range": "1924-1934",
        "registration_date": "1924",
        "takeover_date": "",
        "liquidation_date": "",
        "dissolution_date": "1934",
        "geocode_confidence": 0.5
      }
    },
    {
      "type": "Feature",
      "geometry": {
        "type": "Point",
        "coordinates": [
          13.405,
          52.52
        ]
      },
      "properties": {
        "name": "AG f\u00fcr Konsortialbeteiligung",
        "alternative_names": [
          "AG f\u00fcr Konsortialbeteiligung"
        ],
        "business_type": "r Konsortialbeteiligung other",
        "category": "Trade",
        "address": "J\u00e4gerstr. 69, Berlin",
        "date_range": "1928-1939",
        "registration_date": "1928",
        "takeover_date": "",
        "liquidation_date": "",
        "dissolution_date": "1939",
        "geocode_confidence": 0.5
      }
    },
    {
      "type": "Feature",
      "geometry": {
        "type": "Point",
        "coordinates": [
          13.405,
          52.52
        ]
      },
      "properties": {
        "name": "A. Velisch & Hochgesang",
        "alternative_names": [
          "A. Velisch & Hochgesang"
        ],
        "business_type": "Velisch & Hochgesang textiles and clothing",
        "category": "",
        "address": "Krausenstr. 54, Berlin",
        "date_range": "1931-1937",
        "registration_date": "1931",
        "takeover_date": "",
        "liquidation_date": "",
        "dissolution_date": "1937",
        "geocode_confidence": 0.5
      }
    },
    {
      "type": "Feature",
      "geometry": {
        "type": "Point",
        "coordinates": [
          13.405,
          52.52
        ]
      },
      "properties": {
        "name": "A. Wagner & Co GmbH",
        "alternative_names": [
          "A. Wagner & Co GmbH"
        ],
        "business_type": "",
        "category": "",
        "address": "17, Berlin",
        "date_range": "1911-1935",
        "registration_date": "1911",
        "takeover_date": "",
        "liquidation_date": "",
        "dissolution_date": "1935",
        "geocode_confidence": 0.5
      }
    },
    {
      "type": "Feature",
      "geometry": {
        "type": "Point",
        "coordinates": [
          13.405,
          52.52
        ]
      },
      "properties": {
        "name": "A. Wertheim GmbH",
        "alternative_names": [
          "A. Wertheim GmbH"
        ],
        "business_type": "retail shops and department stores",
        "category": "",
        "address": "und 132/137, Berlin",
        "date_range": "1909-1937",
        "registration_date": "1909",
        "takeover_date": "",
        "liquidation_date": "",
        "dissolution_date": "1937",
        "geocode_confidence": 0.5
      }
    },
    {
      "type": "Feature",
      "geometry": {
        "type": "Point",
        "coordinates": [
          13.405,
          52.52
        ]
      },
      "properties": {
        "name": "A. Wertheim Special-Verkauf GmbH",
        "alternative_names": [
          "A. Wertheim Special-Verkauf GmbH"
        ],
        "business_type": "Wertheim Special-Verkauf GmbH retail shops and department stores",
        "category": "Trade",
        "address": "Vo\u00dfstr. 25, Berlin",
        "date_range": "1901-1937",
        "registration_date": "1901",
        "takeover_date": "",
        "liquidation_date": "",
        "dissolution_date": "1937",
        "geocode_confidence": 0.5
      }
    },
    {
      "type": "Feature",
      "geometry": {
        "type": "Point",
        "coordinates": [
          13.405,
          52.52
        ]
      },
      "properties": {
        "name": "A. Woitke",
        "alternative_names": [
          "A. Woitke"
        ],
        "business_type": "",
        "category": "",
        "address": ", Berlin, Germany",
        "date_range": "1900-1945",
        "registration_date": "1900",
        "takeover_date": "",
        "liquidation_date": "",
        "dissolution_date": "",
        "geocode_confidence": 0.5
      }
    },
    {
      "type": "Feature",
      "geometry": {
        "type": "Point",
        "coordinates": [
          13.405,
          52.52
        ]
      },
      "properties": {
        "name": "A. Wolff & Co Textil-Gelegenheitsk\u00e4ufe KG",
        "alternative_names": [
          "A. Wolff & Co Textil-Gelegenheitsk\u00e4ufe KG"
        ],
        "business_type": "textiles and clothing",
        "category": "",
        "address": "4, Berlin",
        "date_range": "1933-1940",
        "registration_date": "1933",
        "takeover_date": "",
        "liquidation_date": "",
        "dissolution_date": "1940",
        "geocode_confidence": 0.5
      }
    },
    {
      "type": "Feature",
      "geometry": {
        "type": "Point",
        "coordinates": [
          13.405,
          52.52
        ]
      },
      "properties": {
        "name": "A. Zuntz sel. Wwe.",
        "alternative_names": [
          "A. Zuntz sel. Wwe."
        ],
        "business_type": "Wwe Nahrungs- und Genussmittel",
        "category": "",
        "address": "Magdeburger Platz 4, Berlin",
        "date_range": "1900-1936",
        "registration_date": "1900",
        "takeover_date": "",
        "liquidation_date": "",
        "dissolution_date": "1936",
        "geocode_confidence": 0.5
      }
    },
    {
      "type": "Feature",
      "geometry": {
        "type": "Point",
        "coordinates": [
          13.405,
          52.52
        ]
      },
      "properties": {
        "name": "AG Adler f\u00fcr chemische Industrie",
        "alternative_names": [
          "AG Adler f\u00fcr chemische Industrie"
        ],
        "business_type": "r chemische Industrie chemicals and pharmaceuticals",
        "category": "Industry",
        "address": "Matthaikirchstr. 10, Berlin",
        "date_range": "1923-1939",
        "registration_date": "1923",
        "takeover_date": "",
        "liquidation_date": "",
        "dissolution_date": "1939",
        "geocode_confidence": 0.5
      }
    },
    {
      "type": "Feature",
      "geometry": {
        "type": "Point",
        "coordinates": [
          13.405,
          52.52
        ]
      },
      "properties": {
        "name": "AG Johannes Jeserich",
        "alternative_names": [
          "AG Johannes Jeserich"
        ],
        "business_type": "",
        "category": "",
        "address": "Salzufer 17/19, Berlin",
        "date_range": "1900-1933",
        "registration_date": "1900",
        "takeover_date": "",
        "liquidation_date": "",
        "dissolution_date": "1933",
        "geocode_confidence": 0.5
      }
    },
    {
      "type": "Feature",
      "geometry": {
        "type": "Point",
        "coordinates": [
          13.405,
          52.52
        ]
      },
      "properties": {
        "name": "AG f\u00fcr Biervertrieb",
        "alternative_names": [
          "AG f\u00fcr Biervertrieb"
        ],
        "business_type": "r Biervertrieb Nahrungs- und Genussmittel",
        "category": "Trade",
        "address": "M\u00f6ckernstra\u00dfe 118, Berlin",
        "date_range": "1900-1939",
        "registration_date": "1900",
        "takeover_date": "",
        "liquidation_date": "",
        "dissolution_date": "1939",
        "geocode_confidence": 0.5
      }
    },
    {
      "type": "Feature",
      "geometry": {
        "type": "Point",
        "coordinates": [
          13.405,
          52.52
        ]
      },
      "properties": {
        "name": "AG f\u00fcr Landwirtschaft und Industrie",
        "alternative_names": [
          "AG f\u00fcr Landwirtschaft und Industrie"
        ],
        "business_type": "r Landwirtschaft und Industrie Nahrungs- und Genussmittel",
        "category": "Trade",
        "address": "Landgrafenstr. 18, Berlin",
        "date_range": "1921-1941",
        "registration_date": "1921",
        "takeover_date": "",
        "liquidation_date": "",
        "dissolution_date": "1941",
        "geocode_confidence": 0.5
      }
    },
    {
      "type": "Feature",
      "geometry": {
        "type": "Point",
        "coordinates": [
          13.405,
          52.52
        ]
      },
      "properties": {
        "name": "AG f\u00fcr metallurgische Produkte",
        "alternative_names": [
          "AG f\u00fcr metallurgische Produkte"
        ],
        "business_type": "r metallurgische Produkte metals and metal goods",
        "category": "Trade",
        "address": "Kurf\u00fcrstendamm 13, Berlin",
        "date_range": "1922-1940",
        "registration_date": "1922",
        "takeover_date": "",
        "liquidation_date": "",
        "dissolution_date": "1940",
        "geocode_confidence": 0.5
      }
    },
    {
      "type": "Feature",
      "geometry": {
        "type": "Point",
        "coordinates": [
          13.405,
          52.52
        ]
      },
      "properties": {
        "name": "AMBI Lagerei und Handel-GmbH",
        "alternative_names": [
          "AMBI Lagerei und Handel-GmbH"
        ],
        "business_type": "AMBI Lagerei und Handel-GmbH AMBI Lagerei und Handel-GmbH machines, motor vehicles & technical articles",
        "category": "Industry",
        "address": "Segelfliederdamm 27, Berlin",
        "date_range": "1932-1939",
        "registration_date": "1932",
        "takeover_date": "",
        "liquidation_date": "",
        "dissolution_date": "1939",
        "geocode_confidence": 0.5
      }
    },
    {
      "type": "Feature",
      "geometry": {
        "type": "Point",
        "coordinates": [
          13.405,
          52.52
        ]
      },
      "properties": {
        "name": "Abels Schokolade GmbH",
        "alternative_names": [
          "Abels Schokolade GmbH"
        ],
        "business_type": "Abels Schokolade GmbH Abels Schokolade GmbH Nahrungs- und Genussmittel",
        "category": "Trade",
        "address": "Burgstr. 24, Berlin",
        "date_range": "1912-1941",
        "registration_date": "1912",
        "takeover_date": "",
        "liquidation_date": "",
        "dissolution_date": "1941",
        "geocode_confidence": 0.5
      }
    },
    {
      "type": "Feature",
      "geometry": {
        "type": "Point",
        "coordinates": [
          13.405,
          52.52
        ]
      },
      "properties": {
        "name": "Abr. Schmidt",
        "alternative_names": [
          "Abr. Schmidt"
        ],
        "business_type": "Schmidt Nahrungs- und Genussmittel",
        "category": "Trade",
        "address": "Hohenstaufenstr. 8, Berlin",
        "date_range": "1911-1938",
        "registration_date": "1911",
        "takeover_date": "",
        "liquidation_date": "",
        "dissolution_date": "1938",
        "geocode_confidence": 0.5
      }
    },
    {
      "type": "Feature",
      "geometry": {
        "type": "Point",
        "coordinates": [
          13.405,
          52.52
        ]
      },
      "properties": {
        "name": "Abraham Antmann",
        "alternative_names": [
          "Abraham Antmann"
        ],
        "business_type": "Abraham Antmann Abraham Antmann textiles and clothing",
        "category": "Trade",
        "address": "R\u00fcckertstr. 6, Berlin",
        "date_range": "1905-1938",
        "registration_date": "1905",
        "takeover_date": "",
        "liquidation_date": "",
        "dissolution_date": "1938",
        "geocode_confidence": 0.5
      }
    },
    {
      "type": "Feature",
      "geometry": {
        "type": "Point",
        "coordinates": [
          13.405,
          52.52
        ]
      },
      "properties": {
        "name": "Abraham Auser",
        "alternative_names": [
          "Abraham Auser"
        ],
        "business_type": "Abraham Auser Abraham Auser textiles and clothing",
        "category": "Trade",
        "address": "3, Berlin",
        "date_range": "1922-1938",
        "registration_date": "1922",
        "takeover_date": "",
        "liquidation_date": "",
        "dissolution_date": "1938",
        "geocode_confidence": 0.5
      }
    },
    {
      "type": "Feature",
      "geometry": {
        "type": "Point",
        "coordinates": [
          13.405,
          52.52
        ]
      },
      "properties": {
        "name": "Abraham Ball",
        "alternative_names": [
          "Abraham Ball"
        ],
        "business_type": "Abraham Ball Abraham Ball Nahrungs- und Genussmittel",
        "category": "Trade",
        "address": "Richthofenstr. 7, Berlin",
        "date_range": "1916-1935",
        "registration_date": "1916",
        "takeover_date": "",
        "liquidation_date": "",
        "dissolution_date": "1935",
        "geocode_confidence": 0.5
      }
    },
    {
      "type": "Feature",
      "geometry": {
        "type": "Point",
        "coordinates": [
          13.405,
          52.52
        ]
      },
      "properties": {
        "name": "Abraham Berenblum",
        "alternative_names": [
          "Abraham Berenblum"
        ],
        "business_type": "",
        "category": "",
        "address": "Waldstr.  16, Berlin",
        "date_range": "1900-1945",
        "registration_date": "1900",
        "takeover_date": "",
        "liquidation_date": "",
        "dissolution_date": "",
        "geocode_confidence": 0.5
      }
    },
    {
      "type": "Feature",
      "geometry": {
        "type": "Point",
        "coordinates": [
          13.405,
          52.52
        ]
      },
      "properties": {
        "name": "Abraham Brettschneider",
        "alternative_names": [
          "Abraham Brettschneider"
        ],
        "business_type": "Abraham Brettschneider leather and shoes",
        "category": "",
        "address": "Rosenstr. 16, Berlin",
        "date_range": "1910-1941",
        "registration_date": "1910",
        "takeover_date": "",
        "liquidation_date": "",
        "dissolution_date": "1941",
        "geocode_confidence": 0.5
      }
    },
    {
      "type": "Feature",
      "geometry": {
        "type": "Point",
        "coordinates": [
          13.405,
          52.52
        ]
      },
      "properties": {
        "name": "Abraham E. Schimmel",
        "alternative_names": [
          "Abraham E. Schimmel"
        ],
        "business_type": "Schimmel Nahrungs- und Genussmittel",
        "category": "Trade",
        "address": "3, Berlin",
        "date_range": "1916-1938",
        "registration_date": "1916",
        "takeover_date": "",
        "liquidation_date": "",
        "dissolution_date": "1938",
        "geocode_confidence": 0.5
      }
    },
    {
      "type": "Feature",
      "geometry": {
        "type": "Point",
        "coordinates": [
          13.405,
          52.52
        ]
      },
      "properties": {
        "name": "Abraham Ebel",
        "alternative_names": [
          "Abraham Ebel"
        ],
        "business_type": "",
        "category": "",
        "address": "Jablonskistr.  31, Berlin",
        "date_range": "1900-1945",
        "registration_date": "1900",
        "takeover_date": "",
        "liquidation_date": "",
        "dissolution_date": "",
        "geocode_confidence": 0.5
      }
    },
    {
      "type": "Feature",
      "geometry": {
        "type": "Point",
        "coordinates": [
          13.405,
          52.52
        ]
      },
      "properties": {
        "name": "Abraham Feder",
        "alternative_names": [
          "Abraham Feder"
        ],
        "business_type": "",
        "category": "",
        "address": "Mulackstr.  11, Berlin",
        "date_range": "1900-1945",
        "registration_date": "1900",
        "takeover_date": "",
        "liquidation_date": "",
        "dissolution_date": "",
        "geocode_confidence": 0.5
      }
    },
    {
      "type": "Feature",
      "geometry": {
        "type": "Point",
        "coordinates": [
          13.405,
          52.52
        ]
      },
      "properties": {
        "name": "Abraham Friedberg",
        "alternative_names": [
          "Abraham Friedberg"
        ],
        "business_type": "",
        "category": "",
        "address": "9, Berlin",
        "date_range": "1922-1936",
        "registration_date": "1922",
        "takeover_date": "",
        "liquidation_date": "",
        "dissolution_date": "1936",
        "geocode_confidence": 0.5
      }
    },
    {
      "type": "Feature",
      "geometry": {
        "type": "Point",
        "coordinates": [
          13.405,
          52.52
        ]
      },
      "properties": {
        "name": "Abraham Frommer",
        "alternative_names": [
          "Abraham Frommer"
        ],
        "business_type": "Abraham Frommer Abraham Frommer Nahrungs- und Genussmittel",
        "category": "Trade",
        "address": "Linienstr. 213, Berlin",
        "date_range": "1915-1941",
        "registration_date": "1915",
        "takeover_date": "",
        "liquidation_date": "",
        "dissolution_date": "1941",
        "geocode_confidence": 0.5
      }
    },
    {
      "type": "Feature",
      "geometry": {
        "type": "Point",
        "coordinates": [
          13.405,
          52.52
        ]
      },
      "properties": {
        "name": "Abraham Glitzenstein",
        "alternative_names": [
          "Abraham Glitzenstein"
        ],
        "business_type": "",
        "category": "",
        "address": "97, Berlin",
        "date_range": "1900-1945",
        "registration_date": "1900",
        "takeover_date": "",
        "liquidation_date": "",
        "dissolution_date": "",
        "geocode_confidence": 0.5
      }
    },
    {
      "type": "Feature",
      "geometry": {
        "type": "Point",
        "coordinates": [
          13.405,
          52.52
        ]
      },
      "properties": {
        "name": "Abraham Herschaft",
        "alternative_names": [
          "Abraham Herschaft"
        ],
        "business_type": "Abraham Herschaft Abraham Herschaft other",
        "category": "Trade",
        "address": "Taubenstr. 21, Berlin",
        "date_range": "1916-1939",
        "registration_date": "1916",
        "takeover_date": "",
        "liquidation_date": "",
        "dissolution_date": "1939",
        "geocode_confidence": 0.5
      }
    },
    {
      "type": "Feature",
      "geometry": {
        "type": "Point",
        "coordinates": [
          13.405,
          52.52
        ]
      },
      "properties": {
        "name": "Abraham J. Grebler",
        "alternative_names": [
          "Abraham J. Grebler"
        ],
        "business_type": "bel",
        "category": "Trade",
        "address": "Weinbergsweg 4, Berlin",
        "date_range": "1900-1936",
        "registration_date": "1900",
        "takeover_date": "",
        "liquidation_date": "",
        "dissolution_date": "1936",
        "geocode_confidence": 0.5
      }
    },
    {
      "type": "Feature",
      "geometry": {
        "type": "Point",
        "coordinates": [
          13.405,
          52.52
        ]
      },
      "properties": {
        "name": "Abraham Joost",
        "alternative_names": [
          "Abraham Joost"
        ],
        "business_type": "",
        "category": "",
        "address": "79, Berlin",
        "date_range": "1938-1938",
        "registration_date": "1938",
        "takeover_date": "",
        "liquidation_date": "",
        "dissolution_date": "1938",
        "geocode_confidence": 0.5
      }
    },
    {
      "type": "Feature",
      "geometry": {
        "type": "Point",
        "coordinates": [
          13.405,
          52.52
        ]
      },
      "properties": {
        "name": "Abraham Li\u00df",
        "alternative_names": [
          "Abraham Li\u00df"
        ],
        "business_type": "",
        "category": "",
        "address": "K\u00f6nigstr.  17, Berlin",
        "date_range": "1900-1945",
        "registration_date": "1900",
        "takeover_date": "",
        "liquidation_date": "",
        "dissolution_date": "",
        "geocode_confidence": 0.5
      }
    },
    {
      "type": "Feature",
      "geometry": {
        "type": "Point",
        "coordinates": [
          13.405,
          52.52
        ]
      },
      "properties": {
        "name": "Abraham Pfeffer",
        "alternative_names": [
          "Abraham Pfeffer"
        ],
        "business_type": "Abraham Pfeffer Abraham Pfeffer Nahrungs- und Genussmittel",
        "category": "Trade",
        "address": "Kastanienallee 45, Berlin",
        "date_range": "1916-1937",
        "registration_date": "1916",
        "takeover_date": "",
        "liquidation_date": "",
        "dissolution_date": "1937",
        "geocode_confidence": 0.5
      }
    },
    {
      "type": "Feature",
      "geometry": {
        "type": "Point",
        "coordinates": [
          13.405,
          52.52
        ]
      },
      "properties": {
        "name": "Abraham Pommeranz",
        "alternative_names": [
          "Abraham Pommeranz"
        ],
        "business_type": "",
        "category": "",
        "address": "Gollnowstr.  11, Berlin",
        "date_range": "1900-1945",
        "registration_date": "1900",
        "takeover_date": "",
        "liquidation_date": "",
        "dissolution_date": "",
        "geocode_confidence": 0.5
      }
    },
    {
      "type": "Feature",
      "geometry": {
        "type": "Point",
        "coordinates": [
          13.405,
          52.52
        ]
      },
      "properties": {
        "name": "Abraham Schaul",
        "alternative_names": [
          "Abraham Schaul"
        ],
        "business_type": "",
        "category": "",
        "address": "Anzengruberstr.  11, Berlin",
        "date_range": "1900-1945",
        "registration_date": "1900",
        "takeover_date": "",
        "liquidation_date": "",
        "dissolution_date": "",
        "geocode_confidence": 0.5
      }
    },
    {
      "type": "Feature",
      "geometry": {
        "type": "Point",
        "coordinates": [
          13.405,
          52.52
        ]
      },
      "properties": {
        "name": "Abraham Schlesinger",
        "alternative_names": [
          "Abraham Schlesinger"
        ],
        "business_type": "Abraham Schlesinger Abraham Schlesinger banks and insurance",
        "category": "Trade",
        "address": "J\u00e4gerstr. 55, Berlin",
        "date_range": "1900-1939",
        "registration_date": "1900",
        "takeover_date": "",
        "liquidation_date": "",
        "dissolution_date": "1939",
        "geocode_confidence": 0.5
      }
    },
    {
      "type": "Feature",
      "geometry": {
        "type": "Point",
        "coordinates": [
          13.405,
          52.52
        ]
      },
      "properties": {
        "name": "Abraham Sch\u00e4fer",
        "alternative_names": [
          "Abraham Sch\u00e4fer"
        ],
        "business_type": "",
        "category": "",
        "address": "Markgrafenstr.  19, Berlin",
        "date_range": "1900-1945",
        "registration_date": "1900",
        "takeover_date": "",
        "liquidation_date": "",
        "dissolution_date": "",
        "geocode_confidence": 0.5
      }
    },
    {
      "type": "Feature",
      "geometry": {
        "type": "Point",
        "coordinates": [
          13.405,
          52.52
        ]
      },
      "properties": {
        "name": "Abraham Stein",
        "alternative_names": [
          "Abraham Stein"
        ],
        "business_type": "bel",
        "category": "Trade",
        "address": "Oranienstr. 1, Berlin",
        "date_range": "1913-1936",
        "registration_date": "1913",
        "takeover_date": "",
        "liquidation_date": "",
        "dissolution_date": "1936",
        "geocode_confidence": 0.5
      }
    },
    {
      "type": "Feature",
      "geometry": {
        "type": "Point",
        "coordinates": [
          13.405,
          52.52
        ]
      },
      "properties": {
        "name": "Abraham Stock",
        "alternative_names": [
          "Abraham Stock"
        ],
        "business_type": "Abraham Stock Abraham Stock textiles and clothing",
        "category": "Trade",
        "address": "96, Berlin",
        "date_range": "1919-1945",
        "registration_date": "1919",
        "takeover_date": "",
        "liquidation_date": "",
        "dissolution_date": "",
        "geocode_confidence": 0.5
      }
    },
    {
      "type": "Feature",
      "geometry": {
        "type": "Point",
        "coordinates": [
          13.405,
          52.52
        ]
      },
      "properties": {
        "name": "Abraham Weber",
        "alternative_names": [
          "Abraham Weber"
        ],
        "business_type": "",
        "category": "",
        "address": "Grunewaldstr.  61, Berlin",
        "date_range": "1900-1945",
        "registration_date": "1900",
        "takeover_date": "",
        "liquidation_date": "",
        "dissolution_date": "",
        "geocode_confidence": 0.5
      }
    },
    {
      "type": "Feature",
      "geometry": {
        "type": "Point",
        "coordinates": [
          13.405,
          52.52
        ]
      },
      "properties": {
        "name": "Abraham Weingold",
        "alternative_names": [
          "Abraham Weingold"
        ],
        "business_type": "Abraham Weingold Abraham Weingold Nahrungs- und Genussmittel",
        "category": "Trade",
        "address": "75, Berlin",
        "date_range": "1916-1938",
        "registration_date": "1916",
        "takeover_date": "",
        "liquidation_date": "",
        "dissolution_date": "1938",
        "geocode_confidence": 0.5
      }
    },
    {
      "type": "Feature",
      "geometry": {
        "type": "Point",
        "coordinates": [
          13.405,
          52.52
        ]
      },
      "properties": {
        "name": "Abraham Wreschner",
        "alternative_names": [
          "Abraham Wreschner"
        ],
        "business_type": "Abraham Wreschner Abraham Wreschner metals and metal goods",
        "category": "Industry",
        "address": "Kurf\u00fcrstendamm 234, Berlin",
        "date_range": "1909-1938",
        "registration_date": "1909",
        "takeover_date": "",
        "liquidation_date": "",
        "dissolution_date": "1938",
        "geocode_confidence": 0.5
      }
    },
    {
      "type": "Feature",
      "geometry": {
        "type": "Point",
        "coordinates": [
          13.405,
          52.52
        ]
      },
      "properties": {
        "name": "Abraham Zucker",
        "alternative_names": [
          "Abraham Zucker"
        ],
        "business_type": "Abraham Zucker Abraham Zucker Nahrungs- und Genussmittel",
        "category": "Trade",
        "address": "39, Berlin",
        "date_range": "1916-1938",
        "registration_date": "1916",
        "takeover_date": "",
        "liquidation_date": "",
        "dissolution_date": "1938",
        "geocode_confidence": 0.5
      }
    },
    {
      "type": "Feature",
      "geometry": {
        "type": "Point",
        "coordinates": [
          13.405,
          52.52
        ]
      },
      "properties": {
        "name": "Abraham, Ludwig",
        "alternative_names": [
          "Abraham, Ludwig"
        ],
        "business_type": "",
        "category": "",
        "address": "15, Berlin",
        "date_range": "1900-1945",
        "registration_date": "1900",
        "takeover_date": "",
        "liquidation_date": "",
        "dissolution_date": "",
        "geocode_confidence": 0.5
      }
    },
    {
      "type": "Feature",
      "geometry": {
        "type": "Point",
        "coordinates": [
          13.405,
          52.52
        ]
      },
      "properties": {
        "name": "Abraham, Ralph",
        "alternative_names": [
          "Abraham, Ralph"
        ],
        "business_type": "",
        "category": "",
        "address": "Rubensstr. 19, Berlin",
        "date_range": "1900-1945",
        "registration_date": "1900",
        "takeover_date": "",
        "liquidation_date": "",
        "dissolution_date": "",
        "geocode_confidence": 0.5
      }
    },
    {
      "type": "Feature",
      "geometry": {
        "type": "Point",
        "coordinates": [
          13.405,
          52.52
        ]
      },
      "properties": {
        "name": "Abrahamowsky & Wagner",
        "alternative_names": [
          "Abrahamowsky & Wagner"
        ],
        "business_type": "Abrahamowsky & Wagner Abrahamowsky & Wagner textiles and clothing",
        "category": "Trade",
        "address": "Kronenstr. 22, Berlin",
        "date_range": "1928-1935",
        "registration_date": "1928",
        "takeover_date": "",
        "liquidation_date": "",
        "dissolution_date": "1935",
        "geocode_confidence": 0.5
      }
    },
    {
      "type": "Feature",
      "geometry": {
        "type": "Point",
        "coordinates": [
          13.405,
          52.52
        ]
      },
      "properties": {
        "name": "Abram Dreisiuk",
        "alternative_names": [
          "Abram Dreisiuk"
        ],
        "business_type": "",
        "category": "",
        "address": "Gleimstr.  19, Berlin",
        "date_range": "1900-1945",
        "registration_date": "1900",
        "takeover_date": "",
        "liquidation_date": "",
        "dissolution_date": "",
        "geocode_confidence": 0.5
      }
    },
    {
      "type": "Feature",
      "geometry": {
        "type": "Point",
        "coordinates": [
          13.405,
          52.52
        ]
      },
      "properties": {
        "name": "Abram Salwe",
        "alternative_names": [
          "Abram Salwe"
        ],
        "business_type": "textiles and clothing",
        "category": "",
        "address": "Mauerstr. 2, Berlin",
        "date_range": "1937-1940",
        "registration_date": "1937",
        "takeover_date": "",
        "liquidation_date": "",
        "dissolution_date": "1940",
        "geocode_confidence": 0.5
      }
    },
    {
      "type": "Feature",
      "geometry": {
        "type": "Point",
        "coordinates": [
          13.405,
          52.52
        ]
      },
      "properties": {
        "name": "Ab\u00e9 Ringer & Co",
        "alternative_names": [
          "Ab\u00e9 Ringer & Co"
        ],
        "business_type": "banks and insurance",
        "category": "",
        "address": "Kaiserstr. 38, Berlin",
        "date_range": "1924-1939",
        "registration_date": "1924",
        "takeover_date": "",
        "liquidation_date": "",
        "dissolution_date": "1939",
        "geocode_confidence": 0.5
      }
    },
    {
      "type": "Feature",
      "geometry": {
        "type": "Point",
        "coordinates": [
          13.405,
          52.52
        ]
      },
      "properties": {
        "name": "Achtentuch & Gr\u00fcnberg",
        "alternative_names": [
          "Achtentuch & Gr\u00fcnberg"
        ],
        "business_type": "Nahrungs- und Genussmittel",
        "category": "",
        "address": "34, Berlin",
        "date_range": "1930-1938",
        "registration_date": "1930",
        "takeover_date": "",
        "liquidation_date": "",
        "dissolution_date": "1938",
        "geocode_confidence": 0.5
      }
    },
    {
      "type": "Feature",
      "geometry": {
        "type": "Point",
        "coordinates": [
          13.405,
          52.52
        ]
      },
      "properties": {
        "name": "Achterberg & Co Kunst- und Offsetdruckerei GmbH",
        "alternative_names": [
          "Achterberg & Co Kunst- und Offsetdruckerei GmbH"
        ],
        "business_type": "Achterberg & Co Kunst- und Offsetdruckerei GmbH Achterberg & Co Kunst- und Offsetdruckerei GmbH publishing and printing",
        "category": "Handicraft",
        "address": "92, Berlin",
        "date_range": "1928-1934",
        "registration_date": "1928",
        "takeover_date": "",
        "liquidation_date": "",
        "dissolution_date": "1934",
        "geocode_confidence": 0.5
      }
    },
    {
      "type": "Feature",
      "geometry": {
        "type": "Point",
        "coordinates": [
          13.405,
          52.52
        ]
      },
      "properties": {
        "name": "Acker und Wald GmbH",
        "alternative_names": [
          "Acker und Wald GmbH"
        ],
        "business_type": "",
        "category": "",
        "address": "Weissenburgstr. 16, Berlin",
        "date_range": "1932-1932",
        "registration_date": "1932",
        "takeover_date": "",
        "liquidation_date": "",
        "dissolution_date": "1932",
        "geocode_confidence": 0.5
      }
    },
    {
      "type": "Feature",
      "geometry": {
        "type": "Point",
        "coordinates": [
          13.405,
          52.52
        ]
      },
      "properties": {
        "name": "Ad. Goldschmidt",
        "alternative_names": [
          "Ad. Goldschmidt"
        ],
        "business_type": "Nahrungs- und Genussmittel",
        "category": "",
        "address": "Friedrichstr. 45, Berlin",
        "date_range": "1902-1939",
        "registration_date": "1902",
        "takeover_date": "",
        "liquidation_date": "",
        "dissolution_date": "1939",
        "geocode_confidence": 0.5
      }
    },
    {
      "type": "Feature",
      "geometry": {
        "type": "Point",
        "coordinates": [
          13.405,
          52.52
        ]
      },
      "properties": {
        "name": "Adalbert Friedland",
        "alternative_names": [
          "Adalbert Friedland"
        ],
        "business_type": "Adalbert Friedland Adalbert Friedland textiles and clothing",
        "category": "Trade",
        "address": "13, Berlin",
        "date_range": "1917-1937",
        "registration_date": "1917",
        "takeover_date": "",
        "liquidation_date": "",
        "dissolution_date": "1937",
        "geocode_confidence": 0.5
      }
    },
    {
      "type": "Feature",
      "geometry": {
        "type": "Point",
        "coordinates": [
          13.405,
          52.52
        ]
      },
      "properties": {
        "name": "Adalbert Trobach & Co Nachf.",
        "alternative_names": [
          "Adalbert Trobach & Co Nachf."
        ],
        "business_type": "Nahrungs- und Genussmittel",
        "category": "",
        "address": "17, Berlin",
        "date_range": "1903-1937",
        "registration_date": "1903",
        "takeover_date": "",
        "liquidation_date": "",
        "dissolution_date": "1937",
        "geocode_confidence": 0.5
      }
    },
    {
      "type": "Feature",
      "geometry": {
        "type": "Point",
        "coordinates": [
          13.405,
          52.52
        ]
      },
      "properties": {
        "name": "Adalbert-Apotheke Walter Jacoby",
        "alternative_names": [
          "Adalbert-Apotheke Walter Jacoby"
        ],
        "business_type": "Adalbert-Apotheke Walter Jacoby pharmacies",
        "category": "",
        "address": "Adalbertstr. 16, Berlin",
        "date_range": "1900-1936",
        "registration_date": "1900",
        "takeover_date": "",
        "liquidation_date": "",
        "dissolution_date": "1936",
        "geocode_confidence": 0.5
      }
    },
    {
      "type": "Feature",
      "geometry": {
        "type": "Point",
        "coordinates": [
          13.405,
          52.52
        ]
      },
      "properties": {
        "name": "Adam & Philipsohn",
        "alternative_names": [
          "Adam & Philipsohn"
        ],
        "business_type": "Adam & Philipsohn textiles and clothing",
        "category": "",
        "address": "Allensteinerstr. 39, Berlin",
        "date_range": "1923-1936",
        "registration_date": "1923",
        "takeover_date": "",
        "liquidation_date": "",
        "dissolution_date": "1936",
        "geocode_confidence": 0.5
      }
    },
    {
      "type": "Feature",
      "geometry": {
        "type": "Point",
        "coordinates": [
          13.405,
          52.52
        ]
      },
      "properties": {
        "name": "Adam's Cigarrenfabriken",
        "alternative_names": [
          "Adam's Cigarrenfabriken"
        ],
        "business_type": "Nahrungs- und Genussmittel",
        "category": "",
        "address": "M\u00fcnzstr. 14, Berlin",
        "date_range": "1919-1940",
        "registration_date": "1919",
        "takeover_date": "",
        "liquidation_date": "",
        "dissolution_date": "1940",
        "geocode_confidence": 0.5
      }
    },
    {
      "type": "Feature",
      "geometry": {
        "type": "Point",
        "coordinates": [
          13.405,
          52.52
        ]
      },
      "properties": {
        "name": "Adebek Auskunftei GmbH",
        "alternative_names": [
          "Adebek Auskunftei GmbH"
        ],
        "business_type": "Adebek Auskunftei GmbH Adebek Auskunftei GmbH other",
        "category": "Services",
        "address": "Klosterstr. 92, Berlin",
        "date_range": "1926-1936",
        "registration_date": "1926",
        "takeover_date": "",
        "liquidation_date": "",
        "dissolution_date": "1936",
        "geocode_confidence": 0.5
      }
    },
    {
      "type": "Feature",
      "geometry": {
        "type": "Point",
        "coordinates": [
          13.405,
          52.52
        ]
      },
      "properties": {
        "name": "Adedap Julius Gold",
        "alternative_names": [
          "Adedap Julius Gold"
        ],
        "business_type": "textiles and clothing",
        "category": "",
        "address": "Kommandantenstr. 84, Berlin",
        "date_range": "1934-1940",
        "registration_date": "1934",
        "takeover_date": "",
        "liquidation_date": "",
        "dissolution_date": "1940",
        "geocode_confidence": 0.5
      }
    },
    {
      "type": "Feature",
      "geometry": {
        "type": "Point",
        "coordinates": [
          13.405,
          52.52
        ]
      },
      "properties": {
        "name": "Adele Brody",
        "alternative_names": [
          "Adele Brody"
        ],
        "business_type": "",
        "category": "",
        "address": "2, Berlin",
        "date_range": "1900-1945",
        "registration_date": "1900",
        "takeover_date": "",
        "liquidation_date": "",
        "dissolution_date": "",
        "geocode_confidence": 0.5
      }
    },
    {
      "type": "Feature",
      "geometry": {
        "type": "Point",
        "coordinates": [
          13.405,
          52.52
        ]
      },
      "properties": {
        "name": "Ader, Rosa, geb. Weinberg",
        "alternative_names": [
          "Ader, Rosa, geb. Weinberg"
        ],
        "business_type": "",
        "category": "",
        "address": "Flotowstr. 8, Berlin",
        "date_range": "1900-1945",
        "registration_date": "1900",
        "takeover_date": "",
        "liquidation_date": "",
        "dissolution_date": "",
        "geocode_confidence": 0.5
      }
    },
    {
      "type": "Feature",
      "geometry": {
        "type": "Point",
        "coordinates": [
          13.405,
          52.52
        ]
      },
      "properties": {
        "name": "Adler",
        "alternative_names": [
          "Adler"
        ],
        "business_type": "",
        "category": "",
        "address": "Saarlandstr.  52, Berlin",
        "date_range": "1900-1945",
        "registration_date": "1900",
        "takeover_date": "",
        "liquidation_date": "",
        "dissolution_date": "",
        "geocode_confidence": 0.5
      }
    },
    {
      "type": "Feature",
      "geometry": {
        "type": "Point",
        "coordinates": [
          13.405,
          52.52
        ]
      },
      "properties": {
        "name": "Adler & Baranski",
        "alternative_names": [
          "Adler & Baranski"
        ],
        "business_type": "textiles and clothing",
        "category": "",
        "address": "Charlottenstr. 22, Berlin",
        "date_range": "1935-1938",
        "registration_date": "1935",
        "takeover_date": "",
        "liquidation_date": "",
        "dissolution_date": "1938",
        "geocode_confidence": 0.5
      }
    },
    {
      "type": "Feature",
      "geometry": {
        "type": "Point",
        "coordinates": [
          13.405,
          52.52
        ]
      },
      "properties": {
        "name": "Adler & Oppenheimer AG",
        "alternative_names": [
          "Adler & Oppenheimer AG"
        ],
        "business_type": "leather and shoes",
        "category": "",
        "address": "Friedrichstr. 2, Berlin",
        "date_range": "1872-1938",
        "registration_date": "1872",
        "takeover_date": "",
        "liquidation_date": "",
        "dissolution_date": "1938",
        "geocode_confidence": 0.5
      }
    },
    {
      "type": "Feature",
      "geometry": {
        "type": "Point",
        "coordinates": [
          13.405,
          52.52
        ]
      },
      "properties": {
        "name": "Adler & Oppenheimer GmbH",
        "alternative_names": [
          "Adler & Oppenheimer GmbH"
        ],
        "business_type": "Adler & Oppenheimer GmbH Adler & Oppenheimer GmbH banks and insurance",
        "category": "Trade",
        "address": "Schicklerstr. 6, Berlin",
        "date_range": "1921-1942",
        "registration_date": "1921",
        "takeover_date": "",
        "liquidation_date": "",
        "dissolution_date": "1942",
        "geocode_confidence": 0.5
      }
    },
    {
      "type": "Feature",
      "geometry": {
        "type": "Point",
        "coordinates": [
          13.405,
          52.52
        ]
      },
      "properties": {
        "name": "Adler Apotheke am Weddingplatz Dr. Ludwig Busse",
        "alternative_names": [
          "Adler Apotheke am Weddingplatz Dr. Ludwig Busse"
        ],
        "business_type": "Ludwig Busse pharmacies",
        "category": "",
        "address": "1, Berlin",
        "date_range": "1902-1936",
        "registration_date": "1902",
        "takeover_date": "",
        "liquidation_date": "",
        "dissolution_date": "1936",
        "geocode_confidence": 0.5
      }
    },
    {
      "type": "Feature",
      "geometry": {
        "type": "Point",
        "coordinates": [
          13.405,
          52.52
        ]
      },
      "properties": {
        "name": "Adler-Apotheke Dr. Arnold Vo\u00df Hohensch\u00f6nhausen",
        "alternative_names": [
          "Adler-Apotheke Dr. Arnold Vo\u00df Hohensch\u00f6nhausen"
        ],
        "business_type": "nhausen pharmacies",
        "category": "Trade",
        "address": "125, Berlin",
        "date_range": "1915-1937",
        "registration_date": "1915",
        "takeover_date": "",
        "liquidation_date": "",
        "dissolution_date": "1937",
        "geocode_confidence": 0.5
      }
    },
    {
      "type": "Feature",
      "geometry": {
        "type": "Point",
        "coordinates": [
          13.405,
          52.52
        ]
      },
      "properties": {
        "name": "Adler-Apotheke Siegfried Schaefer",
        "alternative_names": [
          "Adler-Apotheke Siegfried Schaefer"
        ],
        "business_type": "pharmacies",
        "category": "",
        "address": "91, Berlin",
        "date_range": "1900-1936",
        "registration_date": "1900",
        "takeover_date": "",
        "liquidation_date": "",
        "dissolution_date": "1936",
        "geocode_confidence": 0.5
      }
    },
    {
      "type": "Feature",
      "geometry": {
        "type": "Point",
        "coordinates": [
          13.405,
          52.52
        ]
      },
      "properties": {
        "name": "Adler-Apotheke Zehlendorf Dr. Georg Plack",
        "alternative_names": [
          "Adler-Apotheke Zehlendorf Dr. Georg Plack"
        ],
        "business_type": "Georg Plack pharmacies",
        "category": "Trade",
        "address": "Hauptstr. 3, Berlin",
        "date_range": "1900-1936",
        "registration_date": "1900",
        "takeover_date": "",
        "liquidation_date": "",
        "dissolution_date": "1936",
        "geocode_confidence": 0.5
      }
    },
    {
      "type": "Feature",
      "geometry": {
        "type": "Point",
        "coordinates": [
          13.405,
          52.52
        ]
      },
      "properties": {
        "name": "Adler-Drogerie, Herbert Wei\u00df",
        "alternative_names": [
          "Adler-Drogerie, Herbert Wei\u00df"
        ],
        "business_type": "",
        "category": "",
        "address": "Bleibtreustr.  40, Berlin",
        "date_range": "1900-1945",
        "registration_date": "1900",
        "takeover_date": "",
        "liquidation_date": "",
        "dissolution_date": "",
        "geocode_confidence": 0.5
      }
    },
    {
      "type": "Feature",
      "geometry": {
        "type": "Point",
        "coordinates": [
          13.405,
          52.52
        ]
      },
      "properties": {
        "name": "Adler-Leuchten Josef Adler",
        "alternative_names": [
          "Adler-Leuchten Josef Adler"
        ],
        "business_type": "electrical goods",
        "category": "",
        "address": "16, Berlin",
        "date_range": "1935-1939",
        "registration_date": "1935",
        "takeover_date": "",
        "liquidation_date": "",
        "dissolution_date": "1939",
        "geocode_confidence": 0.5
      }
    },
    {
      "type": "Feature",
      "geometry": {
        "type": "Point",
        "coordinates": [
          13.405,
          52.52
        ]
      },
      "properties": {
        "name": "Adler-Maschinenfabrik Karl Fr\u00fchling",
        "alternative_names": [
          "Adler-Maschinenfabrik Karl Fr\u00fchling"
        ],
        "business_type": "hling machines, motor vehicles & technical articles",
        "category": "Industry",
        "address": "Chausseestr. 59, Berlin",
        "date_range": "1915-1935",
        "registration_date": "1915",
        "takeover_date": "",
        "liquidation_date": "",
        "dissolution_date": "1935",
        "geocode_confidence": 0.5
      }
    },
    {
      "type": "Feature",
      "geometry": {
        "type": "Point",
        "coordinates": [
          13.405,
          52.52
        ]
      },
      "properties": {
        "name": "Admiral Apotheke Siegfried Fink",
        "alternative_names": [
          "Admiral Apotheke Siegfried Fink"
        ],
        "business_type": "pharmacies",
        "category": "",
        "address": "Admiralstr. 31/32, Berlin",
        "date_range": "1903-1936",
        "registration_date": "1903",
        "takeover_date": "",
        "liquidation_date": "",
        "dissolution_date": "1936",
        "geocode_confidence": 0.5
      }
    },
    {
      "type": "Feature",
      "geometry": {
        "type": "Point",
        "coordinates": [
          13.405,
          52.52
        ]
      },
      "properties": {
        "name": "Adolf A. Stern",
        "alternative_names": [
          "Adolf A. Stern"
        ],
        "business_type": "textiles and clothing",
        "category": "",
        "address": "Bischofstr. 25/26, Berlin",
        "date_range": "1910-1935",
        "registration_date": "1910",
        "takeover_date": "",
        "liquidation_date": "",
        "dissolution_date": "1935",
        "geocode_confidence": 0.5
      }
    },
    {
      "type": "Feature",
      "geometry": {
        "type": "Point",
        "coordinates": [
          13.405,
          52.52
        ]
      },
      "properties": {
        "name": "Adolf A. Weinberg",
        "alternative_names": [
          "Adolf A. Weinberg"
        ],
        "business_type": "Weinberg textiles and clothing",
        "category": "Industry",
        "address": "Dircksenstr. 28, Berlin",
        "date_range": "1914-1939",
        "registration_date": "1914",
        "takeover_date": "",
        "liquidation_date": "",
        "dissolution_date": "1939",
        "geocode_confidence": 0.5
      }
    },
    {
      "type": "Feature",
      "geometry": {
        "type": "Point",
        "coordinates": [
          13.405,
          52.52
        ]
      },
      "properties": {
        "name": "Adolf Alpern",
        "alternative_names": [
          "Adolf Alpern"
        ],
        "business_type": "",
        "category": "",
        "address": "86, Berlin",
        "date_range": "1900-1945",
        "registration_date": "1900",
        "takeover_date": "",
        "liquidation_date": "",
        "dissolution_date": "",
        "geocode_confidence": 0.5
      }
    },
    {
      "type": "Feature",
      "geometry": {
        "type": "Point",
        "coordinates": [
          13.405,
          52.52
        ]
      },
      "properties": {
        "name": "Adolf Apfelbaum",
        "alternative_names": [
          "Adolf Apfelbaum"
        ],
        "business_type": "Adolf Apfelbaum Adolf Apfelbaum leather and shoes",
        "category": "Trade",
        "address": "Rosenstr. 17, Berlin",
        "date_range": "1922-1939",
        "registration_date": "1922",
        "takeover_date": "",
        "liquidation_date": "",
        "dissolution_date": "1939",
        "geocode_confidence": 0.5
      }
    },
    {
      "type": "Feature",
      "geometry": {
        "type": "Point",
        "coordinates": [
          13.405,
          52.52
        ]
      },
      "properties": {
        "name": "Adolf Aufrecht, Juwelier, Goldwaren- & Juwelengesch\u00e4ft",
        "alternative_names": [
          "Adolf Aufrecht, Juwelier, Goldwaren- & Juwelengesch\u00e4ft"
        ],
        "business_type": "ft jewelry and precious metals",
        "category": "Trade",
        "address": "62, Berlin",
        "date_range": "1902-1939",
        "registration_date": "1902",
        "takeover_date": "",
        "liquidation_date": "",
        "dissolution_date": "1939",
        "geocode_confidence": 0.5
      }
    },
    {
      "type": "Feature",
      "geometry": {
        "type": "Point",
        "coordinates": [
          13.405,
          52.52
        ]
      },
      "properties": {
        "name": "Adolf Auser & Co",
        "alternative_names": [
          "Adolf Auser & Co"
        ],
        "business_type": "Adolf Auser & Co textiles and clothing",
        "category": "",
        "address": "Hausvogteiplatz 5, Berlin",
        "date_range": "1919-1938",
        "registration_date": "1919",
        "takeover_date": "",
        "liquidation_date": "",
        "dissolution_date": "1938",
        "geocode_confidence": 0.5
      }
    },
    {
      "type": "Feature",
      "geometry": {
        "type": "Point",
        "coordinates": [
          13.405,
          52.52
        ]
      },
      "properties": {
        "name": "Adolf Badt",
        "alternative_names": [
          "Adolf Badt"
        ],
        "business_type": "",
        "category": "",
        "address": "Leonhardtstr.  8, Berlin",
        "date_range": "1900-1945",
        "registration_date": "1900",
        "takeover_date": "",
        "liquidation_date": "",
        "dissolution_date": "",
        "geocode_confidence": 0.5
      }
    },
    {
      "type": "Feature",
      "geometry": {
        "type": "Point",
        "coordinates": [
          13.405,
          52.52
        ]
      },
      "properties": {
        "name": "Adolf Baermann",
        "alternative_names": [
          "Adolf Baermann"
        ],
        "business_type": "Adolf Baermann Adolf Baermann other",
        "category": "Trade",
        "address": "23, Berlin",
        "date_range": "1919-1935",
        "registration_date": "1919",
        "takeover_date": "",
        "liquidation_date": "",
        "dissolution_date": "1935",
        "geocode_confidence": 0.5
      }
    },
    {
      "type": "Feature",
      "geometry": {
        "type": "Point",
        "coordinates": [
          13.405,
          52.52
        ]
      },
      "properties": {
        "name": "Adolf Ballan",
        "alternative_names": [
          "Adolf Ballan"
        ],
        "business_type": "Adolf Ballan Adolf Ballan textiles and clothing",
        "category": "Trade",
        "address": "Chausseestr. 131, Berlin",
        "date_range": "1903-1938",
        "registration_date": "1903",
        "takeover_date": "",
        "liquidation_date": "",
        "dissolution_date": "1938",
        "geocode_confidence": 0.5
      }
    },
    {
      "type": "Feature",
      "geometry": {
        "type": "Point",
        "coordinates": [
          13.405,
          52.52
        ]
      },
      "properties": {
        "name": "Adolf Becker",
        "alternative_names": [
          "Adolf Becker"
        ],
        "business_type": "Adolf Becker banks and insurance",
        "category": "",
        "address": "Oberwallstr. 20, Berlin",
        "date_range": "1923-1937",
        "registration_date": "1923",
        "takeover_date": "",
        "liquidation_date": "",
        "dissolution_date": "1937",
        "geocode_confidence": 0.5
      }
    },
    {
      "type": "Feature",
      "geometry": {
        "type": "Point",
        "coordinates": [
          13.405,
          52.52
        ]
      },
      "properties": {
        "name": "Adolf Bergmann Metallwarenfabrik",
        "alternative_names": [
          "Adolf Bergmann Metallwarenfabrik"
        ],
        "business_type": "metals and metal goods",
        "category": "",
        "address": "111, Berlin",
        "date_range": "1936-1939",
        "registration_date": "1936",
        "takeover_date": "",
        "liquidation_date": "",
        "dissolution_date": "1939",
        "geocode_confidence": 0.5
      }
    },
    {
      "type": "Feature",
      "geometry": {
        "type": "Point",
        "coordinates": [
          13.405,
          52.52
        ]
      },
      "properties": {
        "name": "Adolf Bernstein",
        "alternative_names": [
          "Adolf Bernstein"
        ],
        "business_type": "Nahrungs- und Genussmittel",
        "category": "",
        "address": "Meineckestr. 24, Berlin",
        "date_range": "1902-1935",
        "registration_date": "1902",
        "takeover_date": "",
        "liquidation_date": "",
        "dissolution_date": "1935",
        "geocode_confidence": 0.5
      }
    },
    {
      "type": "Feature",
      "geometry": {
        "type": "Point",
        "coordinates": [
          13.405,
          52.52
        ]
      },
      "properties": {
        "name": "Adolf Biberfeld",
        "alternative_names": [
          "Adolf Biberfeld"
        ],
        "business_type": "textiles and clothing",
        "category": "",
        "address": "17, Berlin",
        "date_range": "1921-1940",
        "registration_date": "1921",
        "takeover_date": "",
        "liquidation_date": "",
        "dissolution_date": "1940",
        "geocode_confidence": 0.5
      }
    },
    {
      "type": "Feature",
      "geometry": {
        "type": "Point",
        "coordinates": [
          13.405,
          52.52
        ]
      },
      "properties": {
        "name": "Adolf Bielschowski",
        "alternative_names": [
          "Adolf Bielschowski"
        ],
        "business_type": "",
        "category": "",
        "address": "Adolf Bielschowski textiles and clothing Oberlandgarten  26, Berlin",
        "date_range": "1900-1945",
        "registration_date": "1900",
        "takeover_date": "",
        "liquidation_date": "",
        "dissolution_date": "",
        "geocode_confidence": 0.5
      }
    },
    {
      "type": "Feature",
      "geometry": {
        "type": "Point",
        "coordinates": [
          13.405,
          52.52
        ]
      },
      "properties": {
        "name": "Adolf Bloch",
        "alternative_names": [
          "Adolf Bloch"
        ],
        "business_type": "",
        "category": "",
        "address": "Kantstr.  130, Berlin",
        "date_range": "1900-1945",
        "registration_date": "1900",
        "takeover_date": "",
        "liquidation_date": "",
        "dissolution_date": "",
        "geocode_confidence": 0.5
      }
    },
    {
      "type": "Feature",
      "geometry": {
        "type": "Point",
        "coordinates": [
          13.405,
          52.52
        ]
      },
      "properties": {
        "name": "Adolf Boese",
        "alternative_names": [
          "Adolf Boese"
        ],
        "business_type": "jewelry and precious metals",
        "category": "",
        "address": "Alt Moabit 111, Berlin",
        "date_range": "1937-1937",
        "registration_date": "1937",
        "takeover_date": "",
        "liquidation_date": "",
        "dissolution_date": "1937",
        "geocode_confidence": 0.5
      }
    },
    {
      "type": "Feature",
      "geometry": {
        "type": "Point",
        "coordinates": [
          13.405,
          52.52
        ]
      },
      "properties": {
        "name": "Adolf Brieger",
        "alternative_names": [
          "Adolf Brieger"
        ],
        "business_type": "chemicals and pharmaceuticals",
        "category": "",
        "address": "Poststr. 7/8, Berlin",
        "date_range": "1921-1939",
        "registration_date": "1921",
        "takeover_date": "",
        "liquidation_date": "",
        "dissolution_date": "1939",
        "geocode_confidence": 0.5
      }
    },
    {
      "type": "Feature",
      "geometry": {
        "type": "Point",
        "coordinates": [
          13.405,
          52.52
        ]
      },
      "properties": {
        "name": "Adolf Brill",
        "alternative_names": [
          "Adolf Brill"
        ],
        "business_type": "construction materials and fuel",
        "category": "",
        "address": "Wittelsbacherstr. 28, Berlin",
        "date_range": "1934-1939",
        "registration_date": "1934",
        "takeover_date": "",
        "liquidation_date": "",
        "dissolution_date": "1939",
        "geocode_confidence": 0.5
      }
    },
    {
      "type": "Feature",
      "geometry": {
        "type": "Point",
        "coordinates": [
          13.405,
          52.52
        ]
      },
      "properties": {
        "name": "Adolf Brotzen",
        "alternative_names": [
          "Adolf Brotzen"
        ],
        "business_type": "textiles and clothing",
        "category": "",
        "address": "Charlottenstr. 71, Berlin",
        "date_range": "1934-1938",
        "registration_date": "1934",
        "takeover_date": "",
        "liquidation_date": "",
        "dissolution_date": "1938",
        "geocode_confidence": 0.5
      }
    },
    {
      "type": "Feature",
      "geometry": {
        "type": "Point",
        "coordinates": [
          13.405,
          52.52
        ]
      },
      "properties": {
        "name": "Adolf Bruck",
        "alternative_names": [
          "Adolf Bruck"
        ],
        "business_type": "textiles and clothing",
        "category": "",
        "address": "Charlottenstr. 28, Berlin",
        "date_range": "1934-1940",
        "registration_date": "1934",
        "takeover_date": "",
        "liquidation_date": "",
        "dissolution_date": "1940",
        "geocode_confidence": 0.5
      }
    },
    {
      "type": "Feature",
      "geometry": {
        "type": "Point",
        "coordinates": [
          13.405,
          52.52
        ]
      },
      "properties": {
        "name": "Adolf Br\u00fcnn Nachf.",
        "alternative_names": [
          "Adolf Br\u00fcnn Nachf."
        ],
        "business_type": "textiles and clothing",
        "category": "Trade",
        "address": "Frankfurter Allee 89, Berlin",
        "date_range": "1900-1938",
        "registration_date": "1900",
        "takeover_date": "",
        "liquidation_date": "",
        "dissolution_date": "1938",
        "geocode_confidence": 0.5
      }
    },
    {
      "type": "Feature",
      "geometry": {
        "type": "Point",
        "coordinates": [
          13.405,
          52.52
        ]
      },
      "properties": {
        "name": "Adolf Cohn Agentur und Commission",
        "alternative_names": [
          "Adolf Cohn Agentur und Commission"
        ],
        "business_type": "Adolf Cohn Agentur und Commission Adolf Cohn Agentur und Commission other",
        "category": "Trade",
        "address": "Jakobstr. 81/82, Berlin",
        "date_range": "1911-1941",
        "registration_date": "1911",
        "takeover_date": "",
        "liquidation_date": "",
        "dissolution_date": "1941",
        "geocode_confidence": 0.5
      }
    },
    {
      "type": "Feature",
      "geometry": {
        "type": "Point",
        "coordinates": [
          13.405,
          52.52
        ]
      },
      "properties": {
        "name": "Adolf Cohn Agenturgesch\u00e4ft",
        "alternative_names": [
          "Adolf Cohn Agenturgesch\u00e4ft"
        ],
        "business_type": "ft other",
        "category": "Trade",
        "address": "34, Berlin",
        "date_range": "1912-1939",
        "registration_date": "1912",
        "takeover_date": "",
        "liquidation_date": "",
        "dissolution_date": "1939",
        "geocode_confidence": 0.5
      }
    },
    {
      "type": "Feature",
      "geometry": {
        "type": "Point",
        "coordinates": [
          13.405,
          52.52
        ]
      },
      "properties": {
        "name": "Adolf Cohn Architekt & Baugesch\u00e4ft",
        "alternative_names": [
          "Adolf Cohn Architekt & Baugesch\u00e4ft"
        ],
        "business_type": "",
        "category": "",
        "address": "13, Berlin",
        "date_range": "1906-1938",
        "registration_date": "1906",
        "takeover_date": "",
        "liquidation_date": "",
        "dissolution_date": "1938",
        "geocode_confidence": 0.5
      }
    },
    {
      "type": "Feature",
      "geometry": {
        "type": "Point",
        "coordinates": [
          13.405,
          52.52
        ]
      },
      "properties": {
        "name": "Adolf Cohn jr.",
        "alternative_names": [
          "Adolf Cohn jr."
        ],
        "business_type": "textiles and clothing",
        "category": "",
        "address": "144, Berlin",
        "date_range": "1902-1939",
        "registration_date": "1902",
        "takeover_date": "",
        "liquidation_date": "",
        "dissolution_date": "1939",
        "geocode_confidence": 0.5
      }
    },
    {
      "type": "Feature",
      "geometry": {
        "type": "Point",
        "coordinates": [
          13.405,
          52.52
        ]
      },
      "properties": {
        "name": "Adolf Dannemann",
        "alternative_names": [
          "Adolf Dannemann"
        ],
        "business_type": "retail shops and department stores",
        "category": "",
        "address": "Oranienstr. 179, Berlin",
        "date_range": "1904-1936",
        "registration_date": "1904",
        "takeover_date": "",
        "liquidation_date": "",
        "dissolution_date": "1936",
        "geocode_confidence": 0.5
      }
    },
    {
      "type": "Feature",
      "geometry": {
        "type": "Point",
        "coordinates": [
          13.405,
          52.52
        ]
      },
      "properties": {
        "name": "Adolf David",
        "alternative_names": [
          "Adolf David"
        ],
        "business_type": "Adolf David Adolf David leather and shoes",
        "category": "Industry",
        "address": "Ritterstr. 90, Berlin",
        "date_range": "1902-1940",
        "registration_date": "1902",
        "takeover_date": "",
        "liquidation_date": "",
        "dissolution_date": "1940",
        "geocode_confidence": 0.5
      }
    },
    {
      "type": "Feature",
      "geometry": {
        "type": "Point",
        "coordinates": [
          13.405,
          52.52
        ]
      },
      "properties": {
        "name": "Adolf Dresler",
        "alternative_names": [
          "Adolf Dresler"
        ],
        "business_type": "",
        "category": "",
        "address": "Schl\u00fcterstr.  9, Berlin",
        "date_range": "1900-1945",
        "registration_date": "1900",
        "takeover_date": "",
        "liquidation_date": "",
        "dissolution_date": "",
        "geocode_confidence": 0.5
      }
    },
    {
      "type": "Feature",
      "geometry": {
        "type": "Point",
        "coordinates": [
          13.405,
          52.52
        ]
      },
      "properties": {
        "name": "Adolf Elias",
        "alternative_names": [
          "Adolf Elias"
        ],
        "business_type": "Adolf Elias Adolf Elias textiles and clothing",
        "category": "Trade",
        "address": "12, Berlin",
        "date_range": "1907-1937",
        "registration_date": "1907",
        "takeover_date": "",
        "liquidation_date": "",
        "dissolution_date": "1937",
        "geocode_confidence": 0.5
      }
    },
    {
      "type": "Feature",
      "geometry": {
        "type": "Point",
        "coordinates": [
          13.405,
          52.52
        ]
      },
      "properties": {
        "name": "Adolf Ephraim",
        "alternative_names": [
          "Adolf Ephraim"
        ],
        "business_type": "Adolf Ephraim Adolf Ephraim textiles and clothing",
        "category": "Trade",
        "address": "Hausvogteiplatz 12, Berlin",
        "date_range": "1913-1939",
        "registration_date": "1913",
        "takeover_date": "",
        "liquidation_date": "",
        "dissolution_date": "1939",
        "geocode_confidence": 0.5
      }
    },
    {
      "type": "Feature",
      "geometry": {
        "type": "Point",
        "coordinates": [
          13.405,
          52.52
        ]
      },
      "properties": {
        "name": "Adolf Feinberg",
        "alternative_names": [
          "Adolf Feinberg"
        ],
        "business_type": "Adolf Feinberg Adolf Feinberg banks and insurance",
        "category": "Trade",
        "address": "Alte Sch\u00f6nhauser 46, Berlin",
        "date_range": "1902-1938",
        "registration_date": "1902",
        "takeover_date": "",
        "liquidation_date": "",
        "dissolution_date": "1938",
        "geocode_confidence": 0.5
      }
    },
    {
      "type": "Feature",
      "geometry": {
        "type": "Point",
        "coordinates": [
          13.405,
          52.52
        ]
      },
      "properties": {
        "name": "Adolf Fertig",
        "alternative_names": [
          "Adolf Fertig"
        ],
        "business_type": "Adolf Fertig Adolf Fertig banks and insurance",
        "category": "Trade",
        "address": "Burgstr. 27, Berlin",
        "date_range": "1922-1937",
        "registration_date": "1922",
        "takeover_date": "",
        "liquidation_date": "",
        "dissolution_date": "1937",
        "geocode_confidence": 0.5
      }
    },
    {
      "type": "Feature",
      "geometry": {
        "type": "Point",
        "coordinates": [
          13.405,
          52.52
        ]
      },
      "properties": {
        "name": "Adolf Fraenkel & Co",
        "alternative_names": [
          "Adolf Fraenkel & Co"
        ],
        "business_type": "Adolf Fraenkel & Co Adolf Fraenkel & Co textiles and clothing",
        "category": "Trade",
        "address": "25/26, Berlin",
        "date_range": "1924-1939",
        "registration_date": "1924",
        "takeover_date": "",
        "liquidation_date": "",
        "dissolution_date": "1939",
        "geocode_confidence": 0.5
      }
    },
    {
      "type": "Feature",
      "geometry": {
        "type": "Point",
        "coordinates": [
          13.405,
          52.52
        ]
      },
      "properties": {
        "name": "Adolf Frankenstein",
        "alternative_names": [
          "Adolf Frankenstein"
        ],
        "business_type": "",
        "category": "",
        "address": "Langhannsstr.  144, Berlin",
        "date_range": "1900-1945",
        "registration_date": "1900",
        "takeover_date": "",
        "liquidation_date": "",
        "dissolution_date": "",
        "geocode_confidence": 0.5
      }
    },
    {
      "type": "Feature",
      "geometry": {
        "type": "Point",
        "coordinates": [
          13.405,
          52.52
        ]
      },
      "properties": {
        "name": "Adolf Friedmann",
        "alternative_names": [
          "Adolf Friedmann"
        ],
        "business_type": "",
        "category": "",
        "address": "Zimmerstr.  21, Berlin",
        "date_range": "1900-1945",
        "registration_date": "1900",
        "takeover_date": "",
        "liquidation_date": "",
        "dissolution_date": "",
        "geocode_confidence": 0.5
      }
    },
    {
      "type": "Feature",
      "geometry": {
        "type": "Point",
        "coordinates": [
          13.405,
          52.52
        ]
      },
      "properties": {
        "name": "Adolf Fuchs",
        "alternative_names": [
          "Adolf Fuchs"
        ],
        "business_type": "Adolf Fuchs Adolf Fuchs textiles and clothing",
        "category": "Trade",
        "address": "Br\u00fcckenstr. 6, Berlin",
        "date_range": "1927-1934",
        "registration_date": "1927",
        "takeover_date": "",
        "liquidation_date": "",
        "dissolution_date": "1934",
        "geocode_confidence": 0.5
      }
    },
    {
      "type": "Feature",
      "geometry": {
        "type": "Point",
        "coordinates": [
          13.405,
          52.52
        ]
      },
      "properties": {
        "name": "Adolf F\u00f6rster",
        "alternative_names": [
          "Adolf F\u00f6rster"
        ],
        "business_type": "metals and metal goods",
        "category": "",
        "address": "20, Berlin",
        "date_range": "1935-1940",
        "registration_date": "1935",
        "takeover_date": "",
        "liquidation_date": "",
        "dissolution_date": "1940",
        "geocode_confidence": 0.5
      }
    },
    {
      "type": "Feature",
      "geometry": {
        "type": "Point",
        "coordinates": [
          13.405,
          52.52
        ]
      },
      "properties": {
        "name": "Adolf F\u00fcrst",
        "alternative_names": [
          "Adolf F\u00fcrst"
        ],
        "business_type": "banks and insurance",
        "category": "",
        "address": "Fasanenstr. 48, Berlin",
        "date_range": "1936-1939",
        "registration_date": "1936",
        "takeover_date": "",
        "liquidation_date": "",
        "dissolution_date": "1939",
        "geocode_confidence": 0.5
      }
    },
    {
      "type": "Feature",
      "geometry": {
        "type": "Point",
        "coordinates": [
          13.405,
          52.52
        ]
      },
      "properties": {
        "name": "Adolf Gabriel",
        "alternative_names": [
          "Adolf Gabriel"
        ],
        "business_type": "",
        "category": "",
        "address": "Niebuhrstr.  61, Berlin",
        "date_range": "1900-1945",
        "registration_date": "1900",
        "takeover_date": "",
        "liquidation_date": "",
        "dissolution_date": "",
        "geocode_confidence": 0.5
      }
    },
    {
      "type": "Feature",
      "geometry": {
        "type": "Point",
        "coordinates": [
          13.405,
          52.52
        ]
      },
      "properties": {
        "name": "Adolf Galanty",
        "alternative_names": [
          "Adolf Galanty"
        ],
        "business_type": "textiles and clothing",
        "category": "",
        "address": "Linienstr. 224, Berlin",
        "date_range": "1936-1939",
        "registration_date": "1936",
        "takeover_date": "",
        "liquidation_date": "",
        "dissolution_date": "1939",
        "geocode_confidence": 0.5
      }
    },
    {
      "type": "Feature",
      "geometry": {
        "type": "Point",
        "coordinates": [
          13.405,
          52.52
        ]
      },
      "properties": {
        "name": "Adolf Gehr",
        "alternative_names": [
          "Adolf Gehr"
        ],
        "business_type": "textiles and clothing",
        "category": "",
        "address": "Hausvogteiplatz 11, Berlin",
        "date_range": "1933-1939",
        "registration_date": "1933",
        "takeover_date": "",
        "liquidation_date": "",
        "dissolution_date": "1939",
        "geocode_confidence": 0.5
      }
    },
    {
      "type": "Feature",
      "geometry": {
        "type": "Point",
        "coordinates": [
          13.405,
          52.52
        ]
      },
      "properties": {
        "name": "Adolf Gerber (Schuhhaus Gerber)",
        "alternative_names": [
          "Adolf Gerber (Schuhhaus Gerber)"
        ],
        "business_type": "",
        "category": "",
        "address": "Wrangelstr.  89, Berlin",
        "date_range": "1900-1945",
        "registration_date": "1900",
        "takeover_date": "",
        "liquidation_date": "",
        "dissolution_date": "",
        "geocode_confidence": 0.5
      }
    },
    {
      "type": "Feature",
      "geometry": {
        "type": "Point",
        "coordinates": [
          13.405,
          52.52
        ]
      },
      "properties": {
        "name": "Adolf Goldberg",
        "alternative_names": [
          "Adolf Goldberg"
        ],
        "business_type": "Adolf Goldberg Adolf Goldberg other",
        "category": "Trade",
        "address": "35, Berlin",
        "date_range": "1920-1938",
        "registration_date": "1920",
        "takeover_date": "",
        "liquidation_date": "",
        "dissolution_date": "1938",
        "geocode_confidence": 0.5
      }
    },
    {
      "type": "Feature",
      "geometry": {
        "type": "Point",
        "coordinates": [
          13.405,
          52.52
        ]
      },
      "properties": {
        "name": "Adolf Gr\u00fcnstein",
        "alternative_names": [
          "Adolf Gr\u00fcnstein"
        ],
        "business_type": "electrical goods",
        "category": "",
        "address": "Prinzenstr. 34, Berlin",
        "date_range": "1919-1941",
        "registration_date": "1919",
        "takeover_date": "",
        "liquidation_date": "",
        "dissolution_date": "1941",
        "geocode_confidence": 0.5
      }
    },
    {
      "type": "Feature",
      "geometry": {
        "type": "Point",
        "coordinates": [
          13.405,
          52.52
        ]
      },
      "properties": {
        "name": "Adolf H. Neumann",
        "alternative_names": [
          "Adolf H. Neumann"
        ],
        "business_type": "Neumann banks and insurance",
        "category": "Trade",
        "address": "Burgstr. 25, Berlin",
        "date_range": "1919-1934",
        "registration_date": "1919",
        "takeover_date": "",
        "liquidation_date": "",
        "dissolution_date": "1934",
        "geocode_confidence": 0.5
      }
    },
    {
      "type": "Feature",
      "geometry": {
        "type": "Point",
        "coordinates": [
          13.405,
          52.52
        ]
      },
      "properties": {
        "name": "Adolf Hanau",
        "alternative_names": [
          "Adolf Hanau"
        ],
        "business_type": "banks and insurance",
        "category": "",
        "address": "Dellbr\u00fcckstr. 19, Berlin",
        "date_range": "1938-1942",
        "registration_date": "1938",
        "takeover_date": "",
        "liquidation_date": "",
        "dissolution_date": "1942",
        "geocode_confidence": 0.5
      }
    },
    {
      "type": "Feature",
      "geometry": {
        "type": "Point",
        "coordinates": [
          13.405,
          52.52
        ]
      },
      "properties": {
        "name": "Adolf Heidemann",
        "alternative_names": [
          "Adolf Heidemann"
        ],
        "business_type": "Adolf Heidemann textiles and clothing",
        "category": "",
        "address": "Marsiliusstr. 7, Berlin",
        "date_range": "1925-1938",
        "registration_date": "1925",
        "takeover_date": "",
        "liquidation_date": "",
        "dissolution_date": "1938",
        "geocode_confidence": 0.5
      }
    },
    {
      "type": "Feature",
      "geometry": {
        "type": "Point",
        "coordinates": [
          13.405,
          52.52
        ]
      },
      "properties": {
        "name": "Adolf Heinau",
        "alternative_names": [
          "Adolf Heinau"
        ],
        "business_type": "",
        "category": "",
        "address": "Bismarckstr.  91, Berlin",
        "date_range": "1900-1945",
        "registration_date": "1900",
        "takeover_date": "",
        "liquidation_date": "",
        "dissolution_date": "",
        "geocode_confidence": 0.5
      }
    },
    {
      "type": "Feature",
      "geometry": {
        "type": "Point",
        "coordinates": [
          13.405,
          52.52
        ]
      },
      "properties": {
        "name": "Adolf Herbst",
        "alternative_names": [
          "Adolf Herbst"
        ],
        "business_type": "Adolf Herbst Adolf Herbst banks and insurance",
        "category": "Trade",
        "address": "58, Berlin",
        "date_range": "1919-1938",
        "registration_date": "1919",
        "takeover_date": "",
        "liquidation_date": "",
        "dissolution_date": "1938",
        "geocode_confidence": 0.5
      }
    },
    {
      "type": "Feature",
      "geometry": {
        "type": "Point",
        "coordinates": [
          13.405,
          52.52
        ]
      },
      "properties": {
        "name": "Adolf Himmelweit",
        "alternative_names": [
          "Adolf Himmelweit"
        ],
        "business_type": "Adolf Himmelweit Adolf Himmelweit textiles and clothing",
        "category": "Trade",
        "address": "Eisenacherstr. 28, Berlin",
        "date_range": "1919-1934",
        "registration_date": "1919",
        "takeover_date": "",
        "liquidation_date": "",
        "dissolution_date": "1934",
        "geocode_confidence": 0.5
      }
    },
    {
      "type": "Feature",
      "geometry": {
        "type": "Point",
        "coordinates": [
          13.405,
          52.52
        ]
      },
      "properties": {
        "name": "Adolf Hirsch",
        "alternative_names": [
          "Adolf Hirsch"
        ],
        "business_type": "Adolf Hirsch Adolf Hirsch textiles and clothing",
        "category": "Industry",
        "address": "42, Berlin",
        "date_range": "1920-1937",
        "registration_date": "1920",
        "takeover_date": "",
        "liquidation_date": "",
        "dissolution_date": "1937",
        "geocode_confidence": 0.5
      }
    },
    {
      "type": "Feature",
      "geometry": {
        "type": "Point",
        "coordinates": [
          13.405,
          52.52
        ]
      },
      "properties": {
        "name": "Adolf Hirschfeld",
        "alternative_names": [
          "Adolf Hirschfeld"
        ],
        "business_type": "textiles and clothing",
        "category": "",
        "address": "Charlottenstr. 66, Berlin",
        "date_range": "1933-1936",
        "registration_date": "1933",
        "takeover_date": "",
        "liquidation_date": "",
        "dissolution_date": "1936",
        "geocode_confidence": 0.5
      }
    },
    {
      "type": "Feature",
      "geometry": {
        "type": "Point",
        "coordinates": [
          13.405,
          52.52
        ]
      },
      "properties": {
        "name": "Adolf Hirschfeldt",
        "alternative_names": [
          "Adolf Hirschfeldt"
        ],
        "business_type": "Adolf Hirschfeldt Adolf Hirschfeldt textiles and clothing",
        "category": "Trade",
        "address": "Rosenstr. 18, Berlin",
        "date_range": "1921-1939",
        "registration_date": "1921",
        "takeover_date": "",
        "liquidation_date": "",
        "dissolution_date": "1939",
        "geocode_confidence": 0.5
      }
    },
    {
      "type": "Feature",
      "geometry": {
        "type": "Point",
        "coordinates": [
          13.405,
          52.52
        ]
      },
      "properties": {
        "name": "Adolf Hochwald",
        "alternative_names": [
          "Adolf Hochwald"
        ],
        "business_type": "",
        "category": "",
        "address": "Odenwaldstr.  4, Berlin",
        "date_range": "1900-1945",
        "registration_date": "1900",
        "takeover_date": "",
        "liquidation_date": "",
        "dissolution_date": "",
        "geocode_confidence": 0.5
      }
    },
    {
      "type": "Feature",
      "geometry": {
        "type": "Point",
        "coordinates": [
          13.405,
          52.52
        ]
      },
      "properties": {
        "name": "Adolf Hojda",
        "alternative_names": [
          "Adolf Hojda"
        ],
        "business_type": "",
        "category": "",
        "address": "Adolf Hojda textiles and clothing Berliner Allee  255, Berlin",
        "date_range": "1900-1945",
        "registration_date": "1900",
        "takeover_date": "",
        "liquidation_date": "",
        "dissolution_date": "",
        "geocode_confidence": 0.5
      }
    },
    {
      "type": "Feature",
      "geometry": {
        "type": "Point",
        "coordinates": [
          13.405,
          52.52
        ]
      },
      "properties": {
        "name": "Adolf Hollaender",
        "alternative_names": [
          "Adolf Hollaender"
        ],
        "business_type": "Adolf Hollaender Adolf Hollaender banks and insurance",
        "category": "Trade",
        "address": "Burgstr. 26, Berlin",
        "date_range": "1915-1935",
        "registration_date": "1915",
        "takeover_date": "",
        "liquidation_date": "",
        "dissolution_date": "1935",
        "geocode_confidence": 0.5
      }
    },
    {
      "type": "Feature",
      "geometry": {
        "type": "Point",
        "coordinates": [
          13.405,
          52.52
        ]
      },
      "properties": {
        "name": "Adolf Illgen S\u00e4chsische M\u00f6belfabrik",
        "alternative_names": [
          "Adolf Illgen S\u00e4chsische M\u00f6belfabrik"
        ],
        "business_type": "bel",
        "category": "Industry",
        "address": "Kopernikusstr. 32, Berlin",
        "date_range": "1907-1939",
        "registration_date": "1907",
        "takeover_date": "",
        "liquidation_date": "",
        "dissolution_date": "1939",
        "geocode_confidence": 0.5
      }
    },
    {
      "type": "Feature",
      "geometry": {
        "type": "Point",
        "coordinates": [
          13.405,
          52.52
        ]
      },
      "properties": {
        "name": "Adolf Jurmann Gro\u00dfhandlung Elektrotechnischer Bedarfsartikel",
        "alternative_names": [
          "Adolf Jurmann Gro\u00dfhandlung Elektrotechnischer Bedarfsartikel"
        ],
        "business_type": "handlung Elektrotechnischer Bedarfsartikel electrical goods",
        "category": "Trade",
        "address": "Birkenstr. 76, Berlin",
        "date_range": "1930-1934",
        "registration_date": "1930",
        "takeover_date": "",
        "liquidation_date": "",
        "dissolution_date": "1934",
        "geocode_confidence": 0.5
      }
    },
    {
      "type": "Feature",
      "geometry": {
        "type": "Point",
        "coordinates": [
          13.405,
          52.52
        ]
      },
      "properties": {
        "name": "Adolf Kahn",
        "alternative_names": [
          "Adolf Kahn"
        ],
        "business_type": "bel",
        "category": "Trade",
        "address": "Weinbergsweg 1, Berlin",
        "date_range": "1924-1940",
        "registration_date": "1924",
        "takeover_date": "",
        "liquidation_date": "",
        "dissolution_date": "1940",
        "geocode_confidence": 0.5
      }
    },
    {
      "type": "Feature",
      "geometry": {
        "type": "Point",
        "coordinates": [
          13.405,
          52.52
        ]
      },
      "properties": {
        "name": "Adolf Kaplan",
        "alternative_names": [
          "Adolf Kaplan"
        ],
        "business_type": "Adolf Kaplan Adolf Kaplan leather and shoes",
        "category": "Trade",
        "address": "66/67, Berlin",
        "date_range": "1931-1940",
        "registration_date": "1931",
        "takeover_date": "",
        "liquidation_date": "",
        "dissolution_date": "1940",
        "geocode_confidence": 0.5
      }
    },
    {
      "type": "Feature",
      "geometry": {
        "type": "Point",
        "coordinates": [
          13.405,
          52.52
        ]
      },
      "properties": {
        "name": "Adolf Kempler",
        "alternative_names": [
          "Adolf Kempler"
        ],
        "business_type": "Adolf Kempler Adolf Kempler textiles and clothing",
        "category": "Trade",
        "address": "Alexanderstr. 44, Berlin",
        "date_range": "1921-1939",
        "registration_date": "1921",
        "takeover_date": "",
        "liquidation_date": "",
        "dissolution_date": "1939",
        "geocode_confidence": 0.5
      }
    },
    {
      "type": "Feature",
      "geometry": {
        "type": "Point",
        "coordinates": [
          13.405,
          52.52
        ]
      },
      "properties": {
        "name": "Adolf Kessel",
        "alternative_names": [
          "Adolf Kessel"
        ],
        "business_type": "",
        "category": "",
        "address": "33, Berlin",
        "date_range": "1900-1945",
        "registration_date": "1900",
        "takeover_date": "",
        "liquidation_date": "",
        "dissolution_date": "",
        "geocode_confidence": 0.5
      }
    },
    {
      "type": "Feature",
      "geometry": {
        "type": "Point",
        "coordinates": [
          13.405,
          52.52
        ]
      },
      "properties": {
        "name": "Adolf Kolatacz",
        "alternative_names": [
          "Adolf Kolatacz"
        ],
        "business_type": "Nahrungs- und Genussmittel",
        "category": "",
        "address": "72, Berlin",
        "date_range": "1934-1939",
        "registration_date": "1934",
        "takeover_date": "",
        "liquidation_date": "",
        "dissolution_date": "1939",
        "geocode_confidence": 0.5
      }
    },
    {
      "type": "Feature",
      "geometry": {
        "type": "Point",
        "coordinates": [
          13.405,
          52.52
        ]
      },
      "properties": {
        "name": "Adolf Kosterlitz, Materialwaren",
        "alternative_names": [
          "Adolf Kosterlitz, Materialwaren"
        ],
        "business_type": "Adolf Kosterlitz, Materialwaren Adolf Kosterlitz, Materialwaren other",
        "category": "Trade",
        "address": "17, Berlin",
        "date_range": "1904-1937",
        "registration_date": "1904",
        "takeover_date": "",
        "liquidation_date": "",
        "dissolution_date": "1937",
        "geocode_confidence": 0.5
      }
    },
    {
      "type": "Feature",
      "geometry": {
        "type": "Point",
        "coordinates": [
          13.405,
          52.52
        ]
      },
      "properties": {
        "name": "Adolf Krause",
        "alternative_names": [
          "Adolf Krause"
        ],
        "business_type": "Adolf Krause Adolf Krause textiles and clothing",
        "category": "Trade",
        "address": "Beuthstr. 9, Berlin",
        "date_range": "1928-1932",
        "registration_date": "1928",
        "takeover_date": "",
        "liquidation_date": "",
        "dissolution_date": "1932",
        "geocode_confidence": 0.5
      }
    },
    {
      "type": "Feature",
      "geometry": {
        "type": "Point",
        "coordinates": [
          13.405,
          52.52
        ]
      },
      "properties": {
        "name": "Adolf Kreisel",
        "alternative_names": [
          "Adolf Kreisel"
        ],
        "business_type": "Adolf Kreisel Adolf Kreisel textiles and clothing",
        "category": "Trade",
        "address": "94, Berlin",
        "date_range": "1914-1938",
        "registration_date": "1914",
        "takeover_date": "",
        "liquidation_date": "",
        "dissolution_date": "1938",
        "geocode_confidence": 0.5
      }
    },
    {
      "type": "Feature",
      "geometry": {
        "type": "Point",
        "coordinates": [
          13.405,
          52.52
        ]
      },
      "properties": {
        "name": "Adolf Kreutzberger Inhaber Joseph Danziger",
        "alternative_names": [
          "Adolf Kreutzberger Inhaber Joseph Danziger"
        ],
        "business_type": "Adolf Kreutzberger Inhaber Joseph Danziger Adolf Kreutzberger Inhaber Joseph Danziger Adolf Kreutzberger textiles and clothing",
        "category": "Trade",
        "address": "Sch\u00f6nhauser Allee 127, Berlin",
        "date_range": "1926-1939",
        "registration_date": "1926",
        "takeover_date": "",
        "liquidation_date": "",
        "dissolution_date": "1939",
        "geocode_confidence": 0.5
      }
    },
    {
      "type": "Feature",
      "geometry": {
        "type": "Point",
        "coordinates": [
          13.405,
          52.52
        ]
      },
      "properties": {
        "name": "Adolf Kuba",
        "alternative_names": [
          "Adolf Kuba"
        ],
        "business_type": "",
        "category": "",
        "address": "Meyerbeerstr.  6, Berlin",
        "date_range": "1900-1945",
        "registration_date": "1900",
        "takeover_date": "",
        "liquidation_date": "",
        "dissolution_date": "",
        "geocode_confidence": 0.5
      }
    },
    {
      "type": "Feature",
      "geometry": {
        "type": "Point",
        "coordinates": [
          13.405,
          52.52
        ]
      },
      "properties": {
        "name": "Adolf Kuttner",
        "alternative_names": [
          "Adolf Kuttner"
        ],
        "business_type": "Nahrungs- und Genussmittel",
        "category": "",
        "address": "Riehlstr. 7, Berlin",
        "date_range": "1934-1940",
        "registration_date": "1934",
        "takeover_date": "",
        "liquidation_date": "",
        "dissolution_date": "1940",
        "geocode_confidence": 0.5
      }
    },
    {
      "type": "Feature",
      "geometry": {
        "type": "Point",
        "coordinates": [
          13.405,
          52.52
        ]
      },
      "properties": {
        "name": "Adolf Lacher",
        "alternative_names": [
          "Adolf Lacher"
        ],
        "business_type": "",
        "category": "",
        "address": "Adalbertstr.  52, Berlin",
        "date_range": "1900-1945",
        "registration_date": "1900",
        "takeover_date": "",
        "liquidation_date": "",
        "dissolution_date": "",
        "geocode_confidence": 0.5
      }
    },
    {
      "type": "Feature",
      "geometry": {
        "type": "Point",
        "coordinates": [
          13.405,
          52.52
        ]
      },
      "properties": {
        "name": "Adolf Lemchen & G\u00fcnther",
        "alternative_names": [
          "Adolf Lemchen & G\u00fcnther"
        ],
        "business_type": "textiles and clothing",
        "category": "",
        "address": "Prinzessinnenstr. 26, Berlin",
        "date_range": "1902-1939",
        "registration_date": "1902",
        "takeover_date": "",
        "liquidation_date": "",
        "dissolution_date": "1939",
        "geocode_confidence": 0.5
      }
    },
    {
      "type": "Feature",
      "geometry": {
        "type": "Point",
        "coordinates": [
          13.405,
          52.52
        ]
      },
      "properties": {
        "name": "Adolf Lent",
        "alternative_names": [
          "Adolf Lent"
        ],
        "business_type": "textiles and clothing",
        "category": "",
        "address": "Markgrafenstr. 31, Berlin",
        "date_range": "1929-1940",
        "registration_date": "1929",
        "takeover_date": "",
        "liquidation_date": "",
        "dissolution_date": "1940",
        "geocode_confidence": 0.5
      }
    },
    {
      "type": "Feature",
      "geometry": {
        "type": "Point",
        "coordinates": [
          13.405,
          52.52
        ]
      },
      "properties": {
        "name": "Adolf Levy",
        "alternative_names": [
          "Adolf Levy"
        ],
        "business_type": "Adolf Levy Adolf Levy textiles and clothing",
        "category": "Trade",
        "address": "18, Berlin",
        "date_range": "1914-1931",
        "registration_date": "1914",
        "takeover_date": "",
        "liquidation_date": "",
        "dissolution_date": "1931",
        "geocode_confidence": 0.5
      }
    },
    {
      "type": "Feature",
      "geometry": {
        "type": "Point",
        "coordinates": [
          13.405,
          52.52
        ]
      },
      "properties": {
        "name": "Adolf Lewin Uhrmacher und Juwelier GmbH",
        "alternative_names": [
          "Adolf Lewin Uhrmacher und Juwelier GmbH"
        ],
        "business_type": "Adolf Lewin Uhrmacher und Juwelier GmbH Adolf Lewin Uhrmacher und Juwelier GmbH jewelry and precious metals",
        "category": "Trade",
        "address": "K\u00f6nigstr. 43/44, Berlin",
        "date_range": "1923-1934",
        "registration_date": "1923",
        "takeover_date": "",
        "liquidation_date": "",
        "dissolution_date": "1934",
        "geocode_confidence": 0.5
      }
    },
    {
      "type": "Feature",
      "geometry": {
        "type": "Point",
        "coordinates": [
          13.405,
          52.52
        ]
      },
      "properties": {
        "name": "Adolf Lewinsohn",
        "alternative_names": [
          "Adolf Lewinsohn"
        ],
        "business_type": "Adolf Lewinsohn Adolf Lewinsohn leather and shoes",
        "category": "Trade",
        "address": "75, Berlin",
        "date_range": "1925-1938",
        "registration_date": "1925",
        "takeover_date": "",
        "liquidation_date": "",
        "dissolution_date": "1938",
        "geocode_confidence": 0.5
      }
    },
    {
      "type": "Feature",
      "geometry": {
        "type": "Point",
        "coordinates": [
          13.405,
          52.52
        ]
      },
      "properties": {
        "name": "Adolf Lieser",
        "alternative_names": [
          "Adolf Lieser"
        ],
        "business_type": "Adolf Lieser Adolf Lieser other",
        "category": "Trade",
        "address": "Sch\u00f6neberger Ufer 37, Berlin",
        "date_range": "1923-1938",
        "registration_date": "1923",
        "takeover_date": "",
        "liquidation_date": "",
        "dissolution_date": "1938",
        "geocode_confidence": 0.5
      }
    },
    {
      "type": "Feature",
      "geometry": {
        "type": "Point",
        "coordinates": [
          13.405,
          52.52
        ]
      },
      "properties": {
        "name": "Adolf Lipschitz",
        "alternative_names": [
          "Adolf Lipschitz"
        ],
        "business_type": "leather and shoes",
        "category": "",
        "address": "76, Berlin",
        "date_range": "1904-1940",
        "registration_date": "1904",
        "takeover_date": "",
        "liquidation_date": "",
        "dissolution_date": "1940",
        "geocode_confidence": 0.5
      }
    },
    {
      "type": "Feature",
      "geometry": {
        "type": "Point",
        "coordinates": [
          13.405,
          52.52
        ]
      },
      "properties": {
        "name": "Adolf Loebmann",
        "alternative_names": [
          "Adolf Loebmann"
        ],
        "business_type": "",
        "category": "",
        "address": "Lessingstr.  39, Berlin",
        "date_range": "1900-1945",
        "registration_date": "1900",
        "takeover_date": "",
        "liquidation_date": "",
        "dissolution_date": "",
        "geocode_confidence": 0.5
      }
    },
    {
      "type": "Feature",
      "geometry": {
        "type": "Point",
        "coordinates": [
          13.405,
          52.52
        ]
      },
      "properties": {
        "name": "Adolf L\u00f6bl Obst, Gem\u00fcse und S\u00fcdfr\u00fcchte",
        "alternative_names": [
          "Adolf L\u00f6bl Obst, Gem\u00fcse und S\u00fcdfr\u00fcchte"
        ],
        "business_type": "chte Nahrungs- und Genussmittel",
        "category": "Trade",
        "address": "Zentralmarkthalle Stand 250, Berlin",
        "date_range": "1916-1938",
        "registration_date": "1916",
        "takeover_date": "",
        "liquidation_date": "",
        "dissolution_date": "1938",
        "geocode_confidence": 0.5
      }
    },
    {
      "type": "Feature",
      "geometry": {
        "type": "Point",
        "coordinates": [
          13.405,
          52.52
        ]
      },
      "properties": {
        "name": "Adolf L\u00f6wenstern",
        "alternative_names": [
          "Adolf L\u00f6wenstern"
        ],
        "business_type": "wenstern textiles and clothing",
        "category": "Trade",
        "address": "58, Berlin",
        "date_range": "1903-1938",
        "registration_date": "1903",
        "takeover_date": "",
        "liquidation_date": "",
        "dissolution_date": "1938",
        "geocode_confidence": 0.5
      }
    },
    {
      "type": "Feature",
      "geometry": {
        "type": "Point",
        "coordinates": [
          13.405,
          52.52
        ]
      },
      "properties": {
        "name": "Adolf Maa\u00df Fabrik antiseptischer Artikel",
        "alternative_names": [
          "Adolf Maa\u00df Fabrik antiseptischer Artikel"
        ],
        "business_type": "Fabrik antiseptischer Artikel leather and shoes",
        "category": "",
        "address": "Jakobstr. 129, Berlin",
        "date_range": "1905-1939",
        "registration_date": "1905",
        "takeover_date": "",
        "liquidation_date": "",
        "dissolution_date": "1939",
        "geocode_confidence": 0.5
      }
    },
    {
      "type": "Feature",
      "geometry": {
        "type": "Point",
        "coordinates": [
          13.405,
          52.52
        ]
      },
      "properties": {
        "name": "Adolf Marcus",
        "alternative_names": [
          "Adolf Marcus"
        ],
        "business_type": "Adolf Marcus Adolf Marcus textiles and clothing",
        "category": "Trade",
        "address": "8, Berlin",
        "date_range": "1922-1939",
        "registration_date": "1922",
        "takeover_date": "",
        "liquidation_date": "",
        "dissolution_date": "1939",
        "geocode_confidence": 0.5
      }
    },
    {
      "type": "Feature",
      "geometry": {
        "type": "Point",
        "coordinates": [
          13.405,
          52.52
        ]
      },
      "properties": {
        "name": "Adolf Marienthal",
        "alternative_names": [
          "Adolf Marienthal"
        ],
        "business_type": "Adolf Marienthal Adolf Marienthal Nahrungs- und Genussmittel",
        "category": "Trade",
        "address": "9, Berlin",
        "date_range": "1921-1939",
        "registration_date": "1921",
        "takeover_date": "",
        "liquidation_date": "",
        "dissolution_date": "1939",
        "geocode_confidence": 0.5
      }
    },
    {
      "type": "Feature",
      "geometry": {
        "type": "Point",
        "coordinates": [
          13.405,
          52.52
        ]
      },
      "properties": {
        "name": "Adolf Meyer M\u00fctzenfabrication",
        "alternative_names": [
          "Adolf Meyer M\u00fctzenfabrication"
        ],
        "business_type": "tzenfabrication textiles and clothing",
        "category": "Industry",
        "address": "Sch\u00f6nhauser Allee 6/7, Berlin",
        "date_range": "1915-1937",
        "registration_date": "1915",
        "takeover_date": "",
        "liquidation_date": "",
        "dissolution_date": "1937",
        "geocode_confidence": 0.5
      }
    },
    {
      "type": "Feature",
      "geometry": {
        "type": "Point",
        "coordinates": [
          13.405,
          52.52
        ]
      },
      "properties": {
        "name": "Adolf Meyer jr.",
        "alternative_names": [
          "Adolf Meyer jr."
        ],
        "business_type": "textiles and clothing",
        "category": "Trade",
        "address": "4, Berlin",
        "date_range": "1903-1941",
        "registration_date": "1903",
        "takeover_date": "",
        "liquidation_date": "",
        "dissolution_date": "1941",
        "geocode_confidence": 0.5
      }
    },
    {
      "type": "Feature",
      "geometry": {
        "type": "Point",
        "coordinates": [
          13.405,
          52.52
        ]
      },
      "properties": {
        "name": "Adolf M\u00fcnz",
        "alternative_names": [
          "Adolf M\u00fcnz"
        ],
        "business_type": "nz textiles and clothing",
        "category": "Trade",
        "address": "58, Berlin",
        "date_range": "1904-1941",
        "registration_date": "1904",
        "takeover_date": "",
        "liquidation_date": "",
        "dissolution_date": "1941",
        "geocode_confidence": 0.5
      }
    },
    {
      "type": "Feature",
      "geometry": {
        "type": "Point",
        "coordinates": [
          13.405,
          52.52
        ]
      },
      "properties": {
        "name": "Adolf Neumann Engros-Haus f\u00fcr Futterstoffe & Schneiderartikel",
        "alternative_names": [
          "Adolf Neumann Engros-Haus f\u00fcr Futterstoffe & Schneiderartikel"
        ],
        "business_type": "r Futterstoffe & Schneiderartikel textiles and clothing",
        "category": "Trade",
        "address": "Br\u00fcckenstr. 5, Berlin",
        "date_range": "1914-1938",
        "registration_date": "1914",
        "takeover_date": "",
        "liquidation_date": "",
        "dissolution_date": "1938",
        "geocode_confidence": 0.5
      }
    },
    {
      "type": "Feature",
      "geometry": {
        "type": "Point",
        "coordinates": [
          13.405,
          52.52
        ]
      },
      "properties": {
        "name": "Adolf Pelz",
        "alternative_names": [
          "Adolf Pelz"
        ],
        "business_type": "Adolf Pelz Adolf Pelz construction materials and fuel",
        "category": "Trade",
        "address": "Unter den Linden 56, Berlin",
        "date_range": "1899-1939",
        "registration_date": "1899",
        "takeover_date": "",
        "liquidation_date": "",
        "dissolution_date": "1939",
        "geocode_confidence": 0.5
      }
    },
    {
      "type": "Feature",
      "geometry": {
        "type": "Point",
        "coordinates": [
          13.405,
          52.52
        ]
      },
      "properties": {
        "name": "Adolf Pergamenter",
        "alternative_names": [
          "Adolf Pergamenter"
        ],
        "business_type": "",
        "category": "",
        "address": "M\u00f6llendorfstr.  115, Berlin",
        "date_range": "1900-1945",
        "registration_date": "1900",
        "takeover_date": "",
        "liquidation_date": "",
        "dissolution_date": "",
        "geocode_confidence": 0.5
      }
    },
    {
      "type": "Feature",
      "geometry": {
        "type": "Point",
        "coordinates": [
          13.405,
          52.52
        ]
      },
      "properties": {
        "name": "Adolf Peters",
        "alternative_names": [
          "Adolf Peters"
        ],
        "business_type": "",
        "category": "",
        "address": "20, Berlin",
        "date_range": "1900-1945",
        "registration_date": "1900",
        "takeover_date": "",
        "liquidation_date": "",
        "dissolution_date": "",
        "geocode_confidence": 0.5
      }
    },
    {
      "type": "Feature",
      "geometry": {
        "type": "Point",
        "coordinates": [
          13.405,
          52.52
        ]
      },
      "properties": {
        "name": "Adolf Petrikowski, in Firma Peteko",
        "alternative_names": [
          "Adolf Petrikowski, in Firma Peteko"
        ],
        "business_type": "",
        "category": "",
        "address": "14, Berlin",
        "date_range": "1900-1945",
        "registration_date": "1900",
        "takeover_date": "",
        "liquidation_date": "",
        "dissolution_date": "",
        "geocode_confidence": 0.5
      }
    },
    {
      "type": "Feature",
      "geometry": {
        "type": "Point",
        "coordinates": [
          13.405,
          52.52
        ]
      },
      "properties": {
        "name": "Adolf Petrowsky",
        "alternative_names": [
          "Adolf Petrowsky"
        ],
        "business_type": "",
        "category": "",
        "address": "14, Berlin",
        "date_range": "1900-1945",
        "registration_date": "1900",
        "takeover_date": "",
        "liquidation_date": "",
        "dissolution_date": "",
        "geocode_confidence": 0.5
      }
    },
    {
      "type": "Feature",
      "geometry": {
        "type": "Point",
        "coordinates": [
          13.405,
          52.52
        ]
      },
      "properties": {
        "name": "Adolf Prai\u00df",
        "alternative_names": [
          "Adolf Prai\u00df"
        ],
        "business_type": "Nahrungs- und Genussmittel",
        "category": "Trade",
        "address": "Lehderstr. 53, Berlin",
        "date_range": "1916-1938",
        "registration_date": "1916",
        "takeover_date": "",
        "liquidation_date": "",
        "dissolution_date": "1938",
        "geocode_confidence": 0.5
      }
    },
    {
      "type": "Feature",
      "geometry": {
        "type": "Point",
        "coordinates": [
          13.405,
          52.52
        ]
      },
      "properties": {
        "name": "Adolf Prei\u00df",
        "alternative_names": [
          "Adolf Prei\u00df"
        ],
        "business_type": "textiles and clothing",
        "category": "Trade",
        "address": "Jakobstr. 6, Berlin",
        "date_range": "1904-1933",
        "registration_date": "1904",
        "takeover_date": "",
        "liquidation_date": "",
        "dissolution_date": "1933",
        "geocode_confidence": 0.5
      }
    },
    {
      "type": "Feature",
      "geometry": {
        "type": "Point",
        "coordinates": [
          13.405,
          52.52
        ]
      },
      "properties": {
        "name": "Adolf Privin",
        "alternative_names": [
          "Adolf Privin"
        ],
        "business_type": "Nahrungs- und Genussmittel",
        "category": "",
        "address": "Prinzregentenstr. 1, Berlin",
        "date_range": "1936-1940",
        "registration_date": "1936",
        "takeover_date": "",
        "liquidation_date": "",
        "dissolution_date": "1940",
        "geocode_confidence": 0.5
      }
    },
    {
      "type": "Feature",
      "geometry": {
        "type": "Point",
        "coordinates": [
          13.405,
          52.52
        ]
      },
      "properties": {
        "name": "Adolf Rewald",
        "alternative_names": [
          "Adolf Rewald"
        ],
        "business_type": "Adolf Rewald Adolf Rewald banks and insurance",
        "category": "Trade",
        "address": "Friedrichstr. 64, Berlin",
        "date_range": "1904-1939",
        "registration_date": "1904",
        "takeover_date": "",
        "liquidation_date": "",
        "dissolution_date": "1939",
        "geocode_confidence": 0.5
      }
    },
    {
      "type": "Feature",
      "geometry": {
        "type": "Point",
        "coordinates": [
          13.405,
          52.52
        ]
      },
      "properties": {
        "name": "Adolf Rosenau & Co",
        "alternative_names": [
          "Adolf Rosenau & Co"
        ],
        "business_type": "Adolf Rosenau & Co Adolf Rosenau & Co textiles and clothing",
        "category": "Trade",
        "address": "Raupachstr. 12, Berlin",
        "date_range": "1900-1940",
        "registration_date": "1900",
        "takeover_date": "",
        "liquidation_date": "",
        "dissolution_date": "1940",
        "geocode_confidence": 0.5
      }
    },
    {
      "type": "Feature",
      "geometry": {
        "type": "Point",
        "coordinates": [
          13.405,
          52.52
        ]
      },
      "properties": {
        "name": "Adolf Rosentreter",
        "alternative_names": [
          "Adolf Rosentreter"
        ],
        "business_type": "",
        "category": "",
        "address": "Langhansstr.  141, Berlin",
        "date_range": "1900-1945",
        "registration_date": "1900",
        "takeover_date": "",
        "liquidation_date": "",
        "dissolution_date": "",
        "geocode_confidence": 0.5
      }
    },
    {
      "type": "Feature",
      "geometry": {
        "type": "Point",
        "coordinates": [
          13.405,
          52.52
        ]
      },
      "properties": {
        "name": "Adolf Rosenzweig",
        "alternative_names": [
          "Adolf Rosenzweig"
        ],
        "business_type": "",
        "category": "",
        "address": "39, Berlin",
        "date_range": "1900-1945",
        "registration_date": "1900",
        "takeover_date": "",
        "liquidation_date": "",
        "dissolution_date": "",
        "geocode_confidence": 0.5
      }
    },
    {
      "type": "Feature",
      "geometry": {
        "type": "Point",
        "coordinates": [
          13.405,
          52.52
        ]
      },
      "properties": {
        "name": "Adolf Rothenberg",
        "alternative_names": [
          "Adolf Rothenberg"
        ],
        "business_type": "other",
        "category": "",
        "address": "Bismarckstr. 10, Berlin",
        "date_range": "1937-1939",
        "registration_date": "1937",
        "takeover_date": "",
        "liquidation_date": "",
        "dissolution_date": "1939",
        "geocode_confidence": 0.5
      }
    },
    {
      "type": "Feature",
      "geometry": {
        "type": "Point",
        "coordinates": [
          13.405,
          52.52
        ]
      },
      "properties": {
        "name": "Adolf Rothschild",
        "alternative_names": [
          "Adolf Rothschild"
        ],
        "business_type": "",
        "category": "",
        "address": "50, Berlin",
        "date_range": "1900-1945",
        "registration_date": "1900",
        "takeover_date": "",
        "liquidation_date": "",
        "dissolution_date": "",
        "geocode_confidence": 0.5
      }
    },
    {
      "type": "Feature",
      "geometry": {
        "type": "Point",
        "coordinates": [
          13.405,
          52.52
        ]
      },
      "properties": {
        "name": "Adolf Ro\u00df",
        "alternative_names": [
          "Adolf Ro\u00df"
        ],
        "business_type": "textiles and clothing",
        "category": "Trade",
        "address": "8, Berlin",
        "date_range": "1928-1938",
        "registration_date": "1928",
        "takeover_date": "",
        "liquidation_date": "",
        "dissolution_date": "1938",
        "geocode_confidence": 0.5
      }
    },
    {
      "type": "Feature",
      "geometry": {
        "type": "Point",
        "coordinates": [
          13.405,
          52.52
        ]
      },
      "properties": {
        "name": "Adolf Sachs & Co",
        "alternative_names": [
          "Adolf Sachs & Co"
        ],
        "business_type": "Adolf Sachs & Co banks and insurance",
        "category": "",
        "address": "Kirchgasse 2/3, Berlin",
        "date_range": "1925-1937",
        "registration_date": "1925",
        "takeover_date": "",
        "liquidation_date": "",
        "dissolution_date": "1937",
        "geocode_confidence": 0.5
      }
    },
    {
      "type": "Feature",
      "geometry": {
        "type": "Point",
        "coordinates": [
          13.405,
          52.52
        ]
      },
      "properties": {
        "name": "Adolf Salz & Co GmbH",
        "alternative_names": [
          "Adolf Salz & Co GmbH"
        ],
        "business_type": "Adolf Salz & Co GmbH Adolf Salz & Co GmbH real estate",
        "category": "Trade",
        "address": "Seestr. 12, Berlin",
        "date_range": "1924-1937",
        "registration_date": "1924",
        "takeover_date": "",
        "liquidation_date": "",
        "dissolution_date": "1937",
        "geocode_confidence": 0.5
      }
    },
    {
      "type": "Feature",
      "geometry": {
        "type": "Point",
        "coordinates": [
          13.405,
          52.52
        ]
      },
      "properties": {
        "name": "Adolf Sandheim",
        "alternative_names": [
          "Adolf Sandheim"
        ],
        "business_type": "Adolf Sandheim Adolf Sandheim publishing and printing",
        "category": "Industry",
        "address": "60, Berlin",
        "date_range": "1902-1937",
        "registration_date": "1902",
        "takeover_date": "",
        "liquidation_date": "",
        "dissolution_date": "1937",
        "geocode_confidence": 0.5
      }
    },
    {
      "type": "Feature",
      "geometry": {
        "type": "Point",
        "coordinates": [
          13.405,
          52.52
        ]
      },
      "properties": {
        "name": "Adolf Schimmel",
        "alternative_names": [
          "Adolf Schimmel"
        ],
        "business_type": "",
        "category": "",
        "address": "Uhlandstr.  50, Berlin",
        "date_range": "1900-1945",
        "registration_date": "1900",
        "takeover_date": "",
        "liquidation_date": "",
        "dissolution_date": "",
        "geocode_confidence": 0.5
      }
    },
    {
      "type": "Feature",
      "geometry": {
        "type": "Point",
        "coordinates": [
          13.405,
          52.52
        ]
      },
      "properties": {
        "name": "Adolf Schneider Koks und Kohlen engros",
        "alternative_names": [
          "Adolf Schneider Koks und Kohlen engros"
        ],
        "business_type": "Adolf Schneider Koks und Kohlen engros Adolf Schneider Koks und Kohlen engros construction materials and fuel",
        "category": "Trade",
        "address": "Hohenzollerndamm 156, Berlin",
        "date_range": "1921-1941",
        "registration_date": "1921",
        "takeover_date": "",
        "liquidation_date": "",
        "dissolution_date": "1941",
        "geocode_confidence": 0.5
      }
    },
    {
      "type": "Feature",
      "geometry": {
        "type": "Point",
        "coordinates": [
          13.405,
          52.52
        ]
      },
      "properties": {
        "name": "Adolf Schrubski",
        "alternative_names": [
          "Adolf Schrubski"
        ],
        "business_type": "Adolf Schrubski Adolf Schrubski textiles and clothing",
        "category": "Trade",
        "address": "Albrechtstr. 53, Berlin",
        "date_range": "1926-1936",
        "registration_date": "1926",
        "takeover_date": "",
        "liquidation_date": "",
        "dissolution_date": "1936",
        "geocode_confidence": 0.5
      }
    },
    {
      "type": "Feature",
      "geometry": {
        "type": "Point",
        "coordinates": [
          13.405,
          52.52
        ]
      },
      "properties": {
        "name": "Adolf Schubert",
        "alternative_names": [
          "Adolf Schubert"
        ],
        "business_type": "Adolf Schubert machines, motor vehicles & technical articles",
        "category": "Industry",
        "address": "25/26, Berlin",
        "date_range": "1919-1945",
        "registration_date": "1919",
        "takeover_date": "",
        "liquidation_date": "",
        "dissolution_date": "",
        "geocode_confidence": 0.5
      }
    },
    {
      "type": "Feature",
      "geometry": {
        "type": "Point",
        "coordinates": [
          13.405,
          52.52
        ]
      },
      "properties": {
        "name": "Adolf Sommerfeld",
        "alternative_names": [
          "Adolf Sommerfeld"
        ],
        "business_type": "metals and metal goods",
        "category": "",
        "address": "Kaiserstr. 28, Berlin",
        "date_range": "1919-1939",
        "registration_date": "1919",
        "takeover_date": "",
        "liquidation_date": "",
        "dissolution_date": "1939",
        "geocode_confidence": 0.5
      }
    },
    {
      "type": "Feature",
      "geometry": {
        "type": "Point",
        "coordinates": [
          13.405,
          52.52
        ]
      },
      "properties": {
        "name": "Adolf Sommerfeld Bauausf\u00fchrung",
        "alternative_names": [
          "Adolf Sommerfeld Bauausf\u00fchrung"
        ],
        "business_type": "",
        "category": "",
        "address": "Schellingstr. 5, Berlin",
        "date_range": "1910-1938",
        "registration_date": "1910",
        "takeover_date": "",
        "liquidation_date": "",
        "dissolution_date": "1938",
        "geocode_confidence": 0.5
      }
    },
    {
      "type": "Feature",
      "geometry": {
        "type": "Point",
        "coordinates": [
          13.405,
          52.52
        ]
      },
      "properties": {
        "name": "Adolf Stern Eisen- und Metallgro\u00dfhandlung",
        "alternative_names": [
          "Adolf Stern Eisen- und Metallgro\u00dfhandlung"
        ],
        "business_type": "",
        "category": "",
        "address": "Prenzlauer Allee 36, Berlin",
        "date_range": "1908-1939",
        "registration_date": "1908",
        "takeover_date": "",
        "liquidation_date": "",
        "dissolution_date": "1939",
        "geocode_confidence": 0.5
      }
    },
    {
      "type": "Feature",
      "geometry": {
        "type": "Point",
        "coordinates": [
          13.405,
          52.52
        ]
      },
      "properties": {
        "name": "Adolf Stern jr.",
        "alternative_names": [
          "Adolf Stern jr."
        ],
        "business_type": "machines, motor vehicles & technical articles",
        "category": "Handicraft",
        "address": "37, Berlin",
        "date_range": "1917-1943",
        "registration_date": "1917",
        "takeover_date": "",
        "liquidation_date": "",
        "dissolution_date": "1943",
        "geocode_confidence": 0.5
      }
    },
    {
      "type": "Feature",
      "geometry": {
        "type": "Point",
        "coordinates": [
          13.405,
          52.52
        ]
      },
      "properties": {
        "name": "Adolf Stern, Reg. Baumeister a.D.",
        "alternative_names": [
          "Adolf Stern, Reg. Baumeister a.D."
        ],
        "business_type": "",
        "category": "",
        "address": "8, Berlin",
        "date_range": "1900-1945",
        "registration_date": "1900",
        "takeover_date": "",
        "liquidation_date": "",
        "dissolution_date": "",
        "geocode_confidence": 0.5
      }
    },
    {
      "type": "Feature",
      "geometry": {
        "type": "Point",
        "coordinates": [
          13.405,
          52.52
        ]
      },
      "properties": {
        "name": "Adolf Strahl",
        "alternative_names": [
          "Adolf Strahl"
        ],
        "business_type": "",
        "category": "",
        "address": "Kochstr.  4, Berlin",
        "date_range": "1900-1945",
        "registration_date": "1900",
        "takeover_date": "",
        "liquidation_date": "",
        "dissolution_date": "",
        "geocode_confidence": 0.5
      }
    },
    {
      "type": "Feature",
      "geometry": {
        "type": "Point",
        "coordinates": [
          13.405,
          52.52
        ]
      },
      "properties": {
        "name": "Adolf St\u00e4ngel",
        "alternative_names": [
          "Adolf St\u00e4ngel"
        ],
        "business_type": "",
        "category": "",
        "address": "21, Berlin",
        "date_range": "1900-1945",
        "registration_date": "1900",
        "takeover_date": "",
        "liquidation_date": "",
        "dissolution_date": "",
        "geocode_confidence": 0.5
      }
    },
    {
      "type": "Feature",
      "geometry": {
        "type": "Point",
        "coordinates": [
          13.405,
          52.52
        ]
      },
      "properties": {
        "name": "Adolf Tannenbaum",
        "alternative_names": [
          "Adolf Tannenbaum"
        ],
        "business_type": "",
        "category": "",
        "address": "21, Berlin",
        "date_range": "1900-1945",
        "registration_date": "1900",
        "takeover_date": "",
        "liquidation_date": "",
        "dissolution_date": "",
        "geocode_confidence": 0.5
      }
    },
    {
      "type": "Feature",
      "geometry": {
        "type": "Point",
        "coordinates": [
          13.405,
          52.52
        ]
      },
      "properties": {
        "name": "Adolf Tauber",
        "alternative_names": [
          "Adolf Tauber"
        ],
        "business_type": "",
        "category": "",
        "address": "50, Berlin",
        "date_range": "1900-1945",
        "registration_date": "1900",
        "takeover_date": "",
        "liquidation_date": "",
        "dissolution_date": "",
        "geocode_confidence": 0.5
      }
    },
    {
      "type": "Feature",
      "geometry": {
        "type": "Point",
        "coordinates": [
          13.405,
          52.52
        ]
      },
      "properties": {
        "name": "Adolf Tichauer",
        "alternative_names": [
          "Adolf Tichauer"
        ],
        "business_type": "Adolf Tichauer Adolf Tichauer other",
        "category": "Trade",
        "address": "24, Berlin",
        "date_range": "1924-1938",
        "registration_date": "1924",
        "takeover_date": "",
        "liquidation_date": "",
        "dissolution_date": "1938",
        "geocode_confidence": 0.5
      }
    },
    {
      "type": "Feature",
      "geometry": {
        "type": "Point",
        "coordinates": [
          13.405,
          52.52
        ]
      },
      "properties": {
        "name": "Adolf Traube",
        "alternative_names": [
          "Adolf Traube"
        ],
        "business_type": "Adolf Traube Adolf Traube Nahrungs- und Genussmittel",
        "category": "Trade",
        "address": "Michaelkirchplatz 20, Berlin",
        "date_range": "1900-1938",
        "registration_date": "1900",
        "takeover_date": "",
        "liquidation_date": "",
        "dissolution_date": "1938",
        "geocode_confidence": 0.5
      }
    },
    {
      "type": "Feature",
      "geometry": {
        "type": "Point",
        "coordinates": [
          13.405,
          52.52
        ]
      },
      "properties": {
        "name": "Adolf Wagner & Co",
        "alternative_names": [
          "Adolf Wagner & Co"
        ],
        "business_type": "Adolf Wagner & Co Adolf Wagner & Co chemicals and pharmaceuticals",
        "category": "Industry",
        "address": "Steinmetzstr. 25, Berlin",
        "date_range": "1920-1939",
        "registration_date": "1920",
        "takeover_date": "",
        "liquidation_date": "",
        "dissolution_date": "1939",
        "geocode_confidence": 0.5
      }
    },
    {
      "type": "Feature",
      "geometry": {
        "type": "Point",
        "coordinates": [
          13.405,
          52.52
        ]
      },
      "properties": {
        "name": "Adolf Weil & Orbach",
        "alternative_names": [
          "Adolf Weil & Orbach"
        ],
        "business_type": "Adolf Weil & Orbach textiles and clothing",
        "category": "",
        "address": "Hausvogteiplatz 8/9, Berlin",
        "date_range": "1926-1939",
        "registration_date": "1926",
        "takeover_date": "",
        "liquidation_date": "",
        "dissolution_date": "1939",
        "geocode_confidence": 0.5
      }
    },
    {
      "type": "Feature",
      "geometry": {
        "type": "Point",
        "coordinates": [
          13.405,
          52.52
        ]
      },
      "properties": {
        "name": "Adolf Weinberg",
        "alternative_names": [
          "Adolf Weinberg"
        ],
        "business_type": "Adolf Weinberg Adolf Weinberg textiles and clothing",
        "category": "Trade",
        "address": "Krautstr. 37, Berlin",
        "date_range": "1909-1936",
        "registration_date": "1909",
        "takeover_date": "",
        "liquidation_date": "",
        "dissolution_date": "1936",
        "geocode_confidence": 0.5
      }
    },
    {
      "type": "Feature",
      "geometry": {
        "type": "Point",
        "coordinates": [
          13.405,
          52.52
        ]
      },
      "properties": {
        "name": "Adolf Weininger",
        "alternative_names": [
          "Adolf Weininger"
        ],
        "business_type": "",
        "category": "",
        "address": "Hochhaus am Alexanderplatz  1, Berlin",
        "date_range": "1900-1945",
        "registration_date": "1900",
        "takeover_date": "",
        "liquidation_date": "",
        "dissolution_date": "",
        "geocode_confidence": 0.5
      }
    },
    {
      "type": "Feature",
      "geometry": {
        "type": "Point",
        "coordinates": [
          13.405,
          52.52
        ]
      },
      "properties": {
        "name": "Adolf Wei\u00dfmann & Co",
        "alternative_names": [
          "Adolf Wei\u00dfmann & Co"
        ],
        "business_type": "mann & Co textiles and clothing",
        "category": "Trade",
        "address": "Zimmerstr. 34, Berlin",
        "date_range": "1901-1938",
        "registration_date": "1901",
        "takeover_date": "",
        "liquidation_date": "",
        "dissolution_date": "1938",
        "geocode_confidence": 0.5
      }
    },
    {
      "type": "Feature",
      "geometry": {
        "type": "Point",
        "coordinates": [
          13.405,
          52.52
        ]
      },
      "properties": {
        "name": "Adolf Wittkowski",
        "alternative_names": [
          "Adolf Wittkowski"
        ],
        "business_type": "Adolf Wittkowski Adolf Wittkowski textiles and clothing",
        "category": "Trade",
        "address": "Gr\u00fcnstr. 3/4, Berlin",
        "date_range": "1907-1937",
        "registration_date": "1907",
        "takeover_date": "",
        "liquidation_date": "",
        "dissolution_date": "1937",
        "geocode_confidence": 0.5
      }
    },
    {
      "type": "Feature",
      "geometry": {
        "type": "Point",
        "coordinates": [
          13.405,
          52.52
        ]
      },
      "properties": {
        "name": "Adolf Wolff",
        "alternative_names": [
          "Adolf Wolff"
        ],
        "business_type": "Adolf Wolff Adolf Wolff banks and insurance",
        "category": "Trade",
        "address": "Zimmerstr. 95/96, Berlin",
        "date_range": "1904-1937",
        "registration_date": "1904",
        "takeover_date": "",
        "liquidation_date": "",
        "dissolution_date": "1937",
        "geocode_confidence": 0.5
      }
    },
    {
      "type": "Feature",
      "geometry": {
        "type": "Point",
        "coordinates": [
          13.405,
          52.52
        ]
      },
      "properties": {
        "name": "Adolf Wolffsky",
        "alternative_names": [
          "Adolf Wolffsky"
        ],
        "business_type": "Adolf Wolffsky Adolf Wolffsky banks and insurance",
        "category": "Trade",
        "address": "Holsteiner Ufer 21, Berlin",
        "date_range": "1924-1936",
        "registration_date": "1924",
        "takeover_date": "",
        "liquidation_date": "",
        "dissolution_date": "1936",
        "geocode_confidence": 0.5
      }
    },
    {
      "type": "Feature",
      "geometry": {
        "type": "Point",
        "coordinates": [
          13.405,
          52.52
        ]
      },
      "properties": {
        "name": "Adolf Zumpe senior GmbH",
        "alternative_names": [
          "Adolf Zumpe senior GmbH"
        ],
        "business_type": "Adolf Zumpe senior GmbH Adolf Zumpe senior GmbH paper and paper goods",
        "category": "Industry",
        "address": "Jakobstr. 9, Berlin",
        "date_range": "1924-1938",
        "registration_date": "1924",
        "takeover_date": "",
        "liquidation_date": "",
        "dissolution_date": "1938",
        "geocode_confidence": 0.5
      }
    },
    {
      "type": "Feature",
      "geometry": {
        "type": "Point",
        "coordinates": [
          13.405,
          52.52
        ]
      },
      "properties": {
        "name": "Adolph Asch S\u00f6hne",
        "alternative_names": [
          "Adolph Asch S\u00f6hne"
        ],
        "business_type": "hne other",
        "category": "Trade",
        "address": "Hohenzollerndamm 123, Berlin",
        "date_range": "1920-1939",
        "registration_date": "1920",
        "takeover_date": "",
        "liquidation_date": "",
        "dissolution_date": "1939",
        "geocode_confidence": 0.5
      }
    },
    {
      "type": "Feature",
      "geometry": {
        "type": "Point",
        "coordinates": [
          13.405,
          52.52
        ]
      },
      "properties": {
        "name": "Adolph Bromberg",
        "alternative_names": [
          "Adolph Bromberg"
        ],
        "business_type": "leather and shoes",
        "category": "",
        "address": "8, Berlin",
        "date_range": "1920-1939",
        "registration_date": "1920",
        "takeover_date": "",
        "liquidation_date": "",
        "dissolution_date": "1939",
        "geocode_confidence": 0.5
      }
    },
    {
      "type": "Feature",
      "geometry": {
        "type": "Point",
        "coordinates": [
          13.405,
          52.52
        ]
      },
      "properties": {
        "name": "Adolph Burchardt Soehne",
        "alternative_names": [
          "Adolph Burchardt Soehne"
        ],
        "business_type": "bel",
        "category": "",
        "address": "J\u00e4gerstr. 26, Berlin",
        "date_range": "1901-1938",
        "registration_date": "1901",
        "takeover_date": "",
        "liquidation_date": "",
        "dissolution_date": "1938",
        "geocode_confidence": 0.5
      }
    },
    {
      "type": "Feature",
      "geometry": {
        "type": "Point",
        "coordinates": [
          13.405,
          52.52
        ]
      },
      "properties": {
        "name": "Adolph Danziger",
        "alternative_names": [
          "Adolph Danziger"
        ],
        "business_type": "Adolph Danziger Adolph Danziger textiles and clothing",
        "category": "Trade",
        "address": "Monbijouplatz 10, Berlin",
        "date_range": "1902-1939",
        "registration_date": "1902",
        "takeover_date": "",
        "liquidation_date": "",
        "dissolution_date": "1939",
        "geocode_confidence": 0.5
      }
    },
    {
      "type": "Feature",
      "geometry": {
        "type": "Point",
        "coordinates": [
          13.405,
          52.52
        ]
      },
      "properties": {
        "name": "Adolph F\u00fcrstner",
        "alternative_names": [
          "Adolph F\u00fcrstner"
        ],
        "business_type": "rstner books and art",
        "category": "Trade",
        "address": "Viktoriastr. 34, Berlin",
        "date_range": "1900-1935",
        "registration_date": "1900",
        "takeover_date": "",
        "liquidation_date": "",
        "dissolution_date": "1935",
        "geocode_confidence": 0.5
      }
    },
    {
      "type": "Feature",
      "geometry": {
        "type": "Point",
        "coordinates": [
          13.405,
          52.52
        ]
      },
      "properties": {
        "name": "Adolph Greiffenhagen",
        "alternative_names": [
          "Adolph Greiffenhagen"
        ],
        "business_type": "Adolph Greiffenhagen Adolph Greiffenhagen paper and paper goods",
        "category": "Industry",
        "address": "94, Berlin",
        "date_range": "1901-1939",
        "registration_date": "1901",
        "takeover_date": "",
        "liquidation_date": "",
        "dissolution_date": "1939",
        "geocode_confidence": 0.5
      }
    },
    {
      "type": "Feature",
      "geometry": {
        "type": "Point",
        "coordinates": [
          13.405,
          52.52
        ]
      },
      "properties": {
        "name": "Adolph Kirchner",
        "alternative_names": [
          "Adolph Kirchner"
        ],
        "business_type": "",
        "category": "",
        "address": "114, Berlin",
        "date_range": "1900-1945",
        "registration_date": "1900",
        "takeover_date": "",
        "liquidation_date": "",
        "dissolution_date": "",
        "geocode_confidence": 0.5
      }
    },
    {
      "type": "Feature",
      "geometry": {
        "type": "Point",
        "coordinates": [
          13.405,
          52.52
        ]
      },
      "properties": {
        "name": "Adolph Koppel",
        "alternative_names": [
          "Adolph Koppel"
        ],
        "business_type": "Adolph Koppel Adolph Koppel Nahrungs- und Genussmittel",
        "category": "Trade",
        "address": "80, Berlin",
        "date_range": "1901-1936",
        "registration_date": "1901",
        "takeover_date": "",
        "liquidation_date": "",
        "dissolution_date": "1936",
        "geocode_confidence": 0.5
      }
    },
    {
      "type": "Feature",
      "geometry": {
        "type": "Point",
        "coordinates": [
          13.405,
          52.52
        ]
      },
      "properties": {
        "name": "Adolph Kraft Nachfolger",
        "alternative_names": [
          "Adolph Kraft Nachfolger"
        ],
        "business_type": "Adolph Kraft Nachfolger Adolph Kraft Nachfolger Nahrungs- und Genussmittel",
        "category": "Trade",
        "address": "Fasanenstr. 20, Berlin",
        "date_range": "1902-1938",
        "registration_date": "1902",
        "takeover_date": "",
        "liquidation_date": "",
        "dissolution_date": "1938",
        "geocode_confidence": 0.5
      }
    },
    {
      "type": "Feature",
      "geometry": {
        "type": "Point",
        "coordinates": [
          13.405,
          52.52
        ]
      },
      "properties": {
        "name": "Adolph Lewin",
        "alternative_names": [
          "Adolph Lewin"
        ],
        "business_type": "Adolph Lewin Adolph Lewin banks and insurance",
        "category": "Trade",
        "address": "Kurf\u00fcrstendamm 200, Berlin",
        "date_range": "1912-1935",
        "registration_date": "1912",
        "takeover_date": "",
        "liquidation_date": "",
        "dissolution_date": "1935",
        "geocode_confidence": 0.5
      }
    },
    {
      "type": "Feature",
      "geometry": {
        "type": "Point",
        "coordinates": [
          13.405,
          52.52
        ]
      },
      "properties": {
        "name": "Adolph Lewin Farbspritzerei",
        "alternative_names": [
          "Adolph Lewin Farbspritzerei"
        ],
        "business_type": "Adolph Lewin Farbspritzerei Adolph Lewin Farbspritzerei publishing and printing",
        "category": "Industry",
        "address": "14/16, Berlin",
        "date_range": "1907-1940",
        "registration_date": "1907",
        "takeover_date": "",
        "liquidation_date": "",
        "dissolution_date": "1940",
        "geocode_confidence": 0.5
      }
    },
    {
      "type": "Feature",
      "geometry": {
        "type": "Point",
        "coordinates": [
          13.405,
          52.52
        ]
      },
      "properties": {
        "name": "Adolph Lewinski",
        "alternative_names": [
          "Adolph Lewinski"
        ],
        "business_type": "Adolph Lewinski Adolph Lewinski retail shops and department stores",
        "category": "Trade",
        "address": "Badstr. 55, Berlin",
        "date_range": "1900-1932",
        "registration_date": "1900",
        "takeover_date": "",
        "liquidation_date": "",
        "dissolution_date": "1932",
        "geocode_confidence": 0.5
      }
    },
    {
      "type": "Feature",
      "geometry": {
        "type": "Point",
        "coordinates": [
          13.405,
          52.52
        ]
      },
      "properties": {
        "name": "Adolph Maas & Co",
        "alternative_names": [
          "Adolph Maas & Co"
        ],
        "business_type": "Adolph Maas & Co Adolph Maas & Co - textiles and clothing",
        "category": "Industry",
        "address": "Inselstr. 9, Berlin",
        "date_range": "1900-1938",
        "registration_date": "1900",
        "takeover_date": "",
        "liquidation_date": "",
        "dissolution_date": "1938",
        "geocode_confidence": 0.5
      }
    },
    {
      "type": "Feature",
      "geometry": {
        "type": "Point",
        "coordinates": [
          13.405,
          52.52
        ]
      },
      "properties": {
        "name": "Adolph Rehfeldt & Leo Rehfeldt",
        "alternative_names": [
          "Adolph Rehfeldt & Leo Rehfeldt"
        ],
        "business_type": "",
        "category": "",
        "address": "27, Berlin",
        "date_range": "1900-1945",
        "registration_date": "1900",
        "takeover_date": "",
        "liquidation_date": "",
        "dissolution_date": "",
        "geocode_confidence": 0.5
      }
    },
    {
      "type": "Feature",
      "geometry": {
        "type": "Point",
        "coordinates": [
          13.405,
          52.52
        ]
      },
      "properties": {
        "name": "Adolph Salinger",
        "alternative_names": [
          "Adolph Salinger"
        ],
        "business_type": "Adolph Salinger Adolph Salinger Nahrungs- und Genussmittel",
        "category": "Trade",
        "address": "37, Berlin",
        "date_range": "1920-1938",
        "registration_date": "1920",
        "takeover_date": "",
        "liquidation_date": "",
        "dissolution_date": "1938",
        "geocode_confidence": 0.5
      }
    },
    {
      "type": "Feature",
      "geometry": {
        "type": "Point",
        "coordinates": [
          13.405,
          52.52
        ]
      },
      "properties": {
        "name": "Adrema Export GmbH",
        "alternative_names": [
          "Adrema Export GmbH"
        ],
        "business_type": "machines, motor vehicles & technical articles",
        "category": "",
        "address": "Alt Moabit 62/63, Berlin",
        "date_range": "1934-1937",
        "registration_date": "1934",
        "takeover_date": "",
        "liquidation_date": "",
        "dissolution_date": "1937",
        "geocode_confidence": 0.5
      }
    },
    {
      "type": "Feature",
      "geometry": {
        "type": "Point",
        "coordinates": [
          13.405,
          52.52
        ]
      },
      "properties": {
        "name": "Adrema Maschinenbau-GmbH",
        "alternative_names": [
          "Adrema Maschinenbau-GmbH"
        ],
        "business_type": "Adrema Maschinenbau-GmbH Adrema Maschinenbau-GmbH machines, motor vehicles & technical articles",
        "category": "Industry",
        "address": "Alt Moabit 63/63, Berlin",
        "date_range": "1913-1934",
        "registration_date": "1913",
        "takeover_date": "",
        "liquidation_date": "",
        "dissolution_date": "1934",
        "geocode_confidence": 0.5
      }
    },
    {
      "type": "Feature",
      "geometry": {
        "type": "Point",
        "coordinates": [
          13.405,
          52.52
        ]
      },
      "properties": {
        "name": "Adrema-Verwaltungsgesellschaft mbH",
        "alternative_names": [
          "Adrema-Verwaltungsgesellschaft mbH"
        ],
        "business_type": "Adrema-Verwaltungsgesellschaft mbH Adrema-Verwaltungsgesellschaft mbH machines, motor vehicles & technical articles",
        "category": "Industry",
        "address": "Alt Moabit 62/63, Berlin",
        "date_range": "1919-1934",
        "registration_date": "1919",
        "takeover_date": "",
        "liquidation_date": "",
        "dissolution_date": "1934",
        "geocode_confidence": 0.5
      }
    },
    {
      "type": "Feature",
      "geometry": {
        "type": "Point",
        "coordinates": [
          13.405,
          52.52
        ]
      },
      "properties": {
        "name": "Adriane Fabrikation chemischer und kosmetischer Artikel, GmbH",
        "alternative_names": [
          "Adriane Fabrikation chemischer und kosmetischer Artikel, GmbH"
        ],
        "business_type": "chemicals and pharmaceuticals",
        "category": "",
        "address": "L\u00fctzowstr. 106, Berlin",
        "date_range": "1936-1939",
        "registration_date": "1936",
        "takeover_date": "",
        "liquidation_date": "",
        "dissolution_date": "1939",
        "geocode_confidence": 0.5
      }
    },
    {
      "type": "Feature",
      "geometry": {
        "type": "Point",
        "coordinates": [
          13.405,
          52.52
        ]
      },
      "properties": {
        "name": "Adrut-Verlag Berger und Lubowski",
        "alternative_names": [
          "Adrut-Verlag Berger und Lubowski"
        ],
        "business_type": "publishing and printing",
        "category": "",
        "address": "Kalkreuthstr. 15, Berlin",
        "date_range": "1927-1927",
        "registration_date": "1927",
        "takeover_date": "",
        "liquidation_date": "",
        "dissolution_date": "1927",
        "geocode_confidence": 0.5
      }
    },
    {
      "type": "Feature",
      "geometry": {
        "type": "Point",
        "coordinates": [
          13.405,
          52.52
        ]
      },
      "properties": {
        "name": "Aerozon-Fabrik G. & B. Sternberg",
        "alternative_names": [
          "Aerozon-Fabrik G. & B. Sternberg"
        ],
        "business_type": "chemicals and pharmaceuticals",
        "category": "",
        "address": "Ritterstr. 75, Berlin",
        "date_range": "1910-1935",
        "registration_date": "1910",
        "takeover_date": "",
        "liquidation_date": "",
        "dissolution_date": "1935",
        "geocode_confidence": 0.5
      }
    },
    {
      "type": "Feature",
      "geometry": {
        "type": "Point",
        "coordinates": [
          13.405,
          52.52
        ]
      },
      "properties": {
        "name": "Aesculap-Apotheke Erich Jacobowitz",
        "alternative_names": [
          "Aesculap-Apotheke Erich Jacobowitz"
        ],
        "business_type": "pharmacies",
        "category": "",
        "address": "Gartenstr. 19, Berlin",
        "date_range": "1911-1936",
        "registration_date": "1911",
        "takeover_date": "",
        "liquidation_date": "",
        "dissolution_date": "1936",
        "geocode_confidence": 0.5
      }
    },
    {
      "type": "Feature",
      "geometry": {
        "type": "Point",
        "coordinates": [
          13.405,
          52.52
        ]
      },
      "properties": {
        "name": "Aetz- und Emaillierwerk Schilder-Fischer GmbH",
        "alternative_names": [
          "Aetz- und Emaillierwerk Schilder-Fischer GmbH"
        ],
        "business_type": "metals and metal goods",
        "category": "",
        "address": "Lehderstr. 39/41, Berlin",
        "date_range": "1932-1939",
        "registration_date": "1932",
        "takeover_date": "",
        "liquidation_date": "",
        "dissolution_date": "1939",
        "geocode_confidence": 0.5
      }
    },
    {
      "type": "Feature",
      "geometry": {
        "type": "Point",
        "coordinates": [
          13.405,
          52.52
        ]
      },
      "properties": {
        "name": "Agenturfirma Julius Lichtstern",
        "alternative_names": [
          "Agenturfirma Julius Lichtstern"
        ],
        "business_type": "Agenturfirma Julius Lichtstern Agenturfirma Julius Lichtstern other",
        "category": "Trade",
        "address": "87/89, Berlin",
        "date_range": "1915-1939",
        "registration_date": "1915",
        "takeover_date": "",
        "liquidation_date": "",
        "dissolution_date": "1939",
        "geocode_confidence": 0.5
      }
    },
    {
      "type": "Feature",
      "geometry": {
        "type": "Point",
        "coordinates": [
          13.405,
          52.52
        ]
      },
      "properties": {
        "name": "Agil Schwei\u00dfverfahren GmbH",
        "alternative_names": [
          "Agil Schwei\u00dfverfahren GmbH"
        ],
        "business_type": "verfahren GmbH metals and metal goods",
        "category": "Trade",
        "address": "Tabbertstr. 13, Berlin",
        "date_range": "1927-1933",
        "registration_date": "1927",
        "takeover_date": "",
        "liquidation_date": "",
        "dissolution_date": "1933",
        "geocode_confidence": 0.5
      }
    },
    {
      "type": "Feature",
      "geometry": {
        "type": "Point",
        "coordinates": [
          13.405,
          52.52
        ]
      },
      "properties": {
        "name": "Agil Techn. Apparate Neumann & Co",
        "alternative_names": [
          "Agil Techn. Apparate Neumann & Co"
        ],
        "business_type": "machines, motor vehicles & technical articles",
        "category": "",
        "address": "Tabbertstr. 12, Berlin",
        "date_range": "1913-1941",
        "registration_date": "1913",
        "takeover_date": "",
        "liquidation_date": "",
        "dissolution_date": "1941",
        "geocode_confidence": 0.5
      }
    },
    {
      "type": "Feature",
      "geometry": {
        "type": "Point",
        "coordinates": [
          13.405,
          52.52
        ]
      },
      "properties": {
        "name": "Ago Grundst\u00fccks-AG",
        "alternative_names": [
          "Ago Grundst\u00fccks-AG"
        ],
        "business_type": "ts-Aktiengesellschaft real estate",
        "category": "",
        "address": "Markgrafenstr. 36, Berlin",
        "date_range": "1931-1940",
        "registration_date": "1931",
        "takeover_date": "",
        "liquidation_date": "",
        "dissolution_date": "1940",
        "geocode_confidence": 0.5
      }
    },
    {
      "type": "Feature",
      "geometry": {
        "type": "Point",
        "coordinates": [
          13.405,
          52.52
        ]
      },
      "properties": {
        "name": "Ahage Allgemeine Hotelgesellschaft mbH",
        "alternative_names": [
          "Ahage Allgemeine Hotelgesellschaft mbH"
        ],
        "business_type": "",
        "category": "",
        "address": "Unter den Linden 45, Berlin",
        "date_range": "1934-1936",
        "registration_date": "1934",
        "takeover_date": "",
        "liquidation_date": "",
        "dissolution_date": "1936",
        "geocode_confidence": 0.5
      }
    },
    {
      "type": "Feature",
      "geometry": {
        "type": "Point",
        "coordinates": [
          13.405,
          52.52
        ]
      },
      "properties": {
        "name": "Ahasver Grundst\u00fccks-Verwaltungs- und Verwertungs-AG",
        "alternative_names": [
          "Ahasver Grundst\u00fccks-Verwaltungs- und Verwertungs-AG"
        ],
        "business_type": "cks-Verwaltungs- und Verwertungs-AG real estate",
        "category": "Trade",
        "address": "Am Park 20, Berlin",
        "date_range": "1922-1937",
        "registration_date": "1922",
        "takeover_date": "",
        "liquidation_date": "",
        "dissolution_date": "1937",
        "geocode_confidence": 0.5
      }
    },
    {
      "type": "Feature",
      "geometry": {
        "type": "Point",
        "coordinates": [
          13.405,
          52.52
        ]
      },
      "properties": {
        "name": "Ahders & Basch AG",
        "alternative_names": [
          "Ahders & Basch AG"
        ],
        "business_type": "textiles and clothing",
        "category": "",
        "address": "Krausenstr. 17/18, Berlin",
        "date_range": "1928-1938",
        "registration_date": "1928",
        "takeover_date": "",
        "liquidation_date": "",
        "dissolution_date": "1938",
        "geocode_confidence": 0.5
      }
    },
    {
      "type": "Feature",
      "geometry": {
        "type": "Point",
        "coordinates": [
          13.405,
          52.52
        ]
      },
      "properties": {
        "name": "Ahlfeld, Georg",
        "alternative_names": [
          "Ahlfeld, Georg"
        ],
        "business_type": "",
        "category": "",
        "address": "16, Berlin",
        "date_range": "1900-1945",
        "registration_date": "1900",
        "takeover_date": "",
        "liquidation_date": "",
        "dissolution_date": "",
        "geocode_confidence": 0.5
      }
    },
    {
      "type": "Feature",
      "geometry": {
        "type": "Point",
        "coordinates": [
          13.405,
          52.52
        ]
      },
      "properties": {
        "name": "Ahrends, Edmund",
        "alternative_names": [
          "Ahrends, Edmund"
        ],
        "business_type": "",
        "category": "",
        "address": "Wannsee 5, Berlin",
        "date_range": "1900-1945",
        "registration_date": "1900",
        "takeover_date": "",
        "liquidation_date": "",
        "dissolution_date": "",
        "geocode_confidence": 0.5
      }
    },
    {
      "type": "Feature",
      "geometry": {
        "type": "Point",
        "coordinates": [
          13.405,
          52.52
        ]
      },
      "properties": {
        "name": "Aisik Futtermann",
        "alternative_names": [
          "Aisik Futtermann"
        ],
        "business_type": "Aisik Futtermann Aisik Futtermann Nahrungs- und Genussmittel",
        "category": "Trade",
        "address": "Schillerstr. 111, Berlin",
        "date_range": "1922-1938",
        "registration_date": "1922",
        "takeover_date": "",
        "liquidation_date": "",
        "dissolution_date": "1938",
        "geocode_confidence": 0.5
      }
    },
    {
      "type": "Feature",
      "geometry": {
        "type": "Point",
        "coordinates": [
          13.405,
          52.52
        ]
      },
      "properties": {
        "name": "Ajanoth Hebr\u00e4ischer Verlag GmbH",
        "alternative_names": [
          "Ajanoth Hebr\u00e4ischer Verlag GmbH"
        ],
        "business_type": "ischer Verlag GmbH publishing and printing",
        "category": "Industry",
        "address": "Dahlmannstr. 5, Berlin",
        "date_range": "1922-1935",
        "registration_date": "1922",
        "takeover_date": "",
        "liquidation_date": "",
        "dissolution_date": "1935",
        "geocode_confidence": 0.5
      }
    },
    {
      "type": "Feature",
      "geometry": {
        "type": "Point",
        "coordinates": [
          13.405,
          52.52
        ]
      },
      "properties": {
        "name": "Aktiengesellschaft Lignose",
        "alternative_names": [
          "Aktiengesellschaft Lignose"
        ],
        "business_type": "Aktiengesellschaft Lignose Aktiengesellschaft Lignose chemicals and pharmaceuticals",
        "category": "Trade",
        "address": "Molktestr. 1, Berlin",
        "date_range": "1915-1934",
        "registration_date": "1915",
        "takeover_date": "",
        "liquidation_date": "",
        "dissolution_date": "1934",
        "geocode_confidence": 0.5
      }
    },
    {
      "type": "Feature",
      "geometry": {
        "type": "Point",
        "coordinates": [
          13.405,
          52.52
        ]
      },
      "properties": {
        "name": "Alb. Aronheim jun.",
        "alternative_names": [
          "Alb. Aronheim jun."
        ],
        "business_type": "textiles and clothing",
        "category": "Trade",
        "address": "22, Berlin",
        "date_range": "1902-1939",
        "registration_date": "1902",
        "takeover_date": "",
        "liquidation_date": "",
        "dissolution_date": "1939",
        "geocode_confidence": 0.5
      }
    },
    {
      "type": "Feature",
      "geometry": {
        "type": "Point",
        "coordinates": [
          13.405,
          52.52
        ]
      },
      "properties": {
        "name": "Alb. B. Schlesinger",
        "alternative_names": [
          "Alb. B. Schlesinger"
        ],
        "business_type": "Schlesinger textiles and clothing",
        "category": "Trade",
        "address": "Sophienstr. 12, Berlin",
        "date_range": "1900-1939",
        "registration_date": "1900",
        "takeover_date": "",
        "liquidation_date": "",
        "dissolution_date": "1939",
        "geocode_confidence": 0.5
      }
    },
    {
      "type": "Feature",
      "geometry": {
        "type": "Point",
        "coordinates": [
          13.405,
          52.52
        ]
      },
      "properties": {
        "name": "Albert & Bruno Fischer",
        "alternative_names": [
          "Albert & Bruno Fischer"
        ],
        "business_type": "Albert & Bruno Fischer Albert & Bruno Fischer textiles and clothing",
        "category": "Industry",
        "address": "Klosterstr. 67, Berlin",
        "date_range": "1929-1940",
        "registration_date": "1929",
        "takeover_date": "",
        "liquidation_date": "",
        "dissolution_date": "1940",
        "geocode_confidence": 0.5
      }
    },
    {
      "type": "Feature",
      "geometry": {
        "type": "Point",
        "coordinates": [
          13.405,
          52.52
        ]
      },
      "properties": {
        "name": "Albert A. Levy",
        "alternative_names": [
          "Albert A. Levy"
        ],
        "business_type": "textiles and clothing",
        "category": "",
        "address": "Poststr. 30, Berlin",
        "date_range": "1919-1939",
        "registration_date": "1919",
        "takeover_date": "",
        "liquidation_date": "",
        "dissolution_date": "1939",
        "geocode_confidence": 0.5
      }
    },
    {
      "type": "Feature",
      "geometry": {
        "type": "Point",
        "coordinates": [
          13.405,
          52.52
        ]
      },
      "properties": {
        "name": "Albert Alexander",
        "alternative_names": [
          "Albert Alexander"
        ],
        "business_type": "Albert Alexander Albert Alexander Albert Alexander Albert Alexander Albert Alexander textiles and clothing",
        "category": "Industry",
        "address": "111, Berlin",
        "date_range": "1900-1939",
        "registration_date": "1900",
        "takeover_date": "",
        "liquidation_date": "",
        "dissolution_date": "1939",
        "geocode_confidence": 0.5
      }
    },
    {
      "type": "Feature",
      "geometry": {
        "type": "Point",
        "coordinates": [
          13.405,
          52.52
        ]
      },
      "properties": {
        "name": "Albert Asch",
        "alternative_names": [
          "Albert Asch"
        ],
        "business_type": "Albert Asch Albert Asch leather and shoes",
        "category": "Trade",
        "address": "Prinzenallee 77, Berlin",
        "date_range": "1901-1937",
        "registration_date": "1901",
        "takeover_date": "",
        "liquidation_date": "",
        "dissolution_date": "1937",
        "geocode_confidence": 0.5
      }
    },
    {
      "type": "Feature",
      "geometry": {
        "type": "Point",
        "coordinates": [
          13.405,
          52.52
        ]
      },
      "properties": {
        "name": "Albert Aschheim Tuch- und Seiden-Manufaktur",
        "alternative_names": [
          "Albert Aschheim Tuch- und Seiden-Manufaktur"
        ],
        "business_type": "textiles and clothing",
        "category": "",
        "address": "Barbarossastr. 45, Berlin",
        "date_range": "1936-1940",
        "registration_date": "1936",
        "takeover_date": "",
        "liquidation_date": "",
        "dissolution_date": "1940",
        "geocode_confidence": 0.5
      }
    },
    {
      "type": "Feature",
      "geometry": {
        "type": "Point",
        "coordinates": [
          13.405,
          52.52
        ]
      },
      "properties": {
        "name": "Albert Becher",
        "alternative_names": [
          "Albert Becher"
        ],
        "business_type": "Albert Becher Albert Becher leather and shoes",
        "category": "Trade",
        "address": "Neue Promenade 6, Berlin",
        "date_range": "1912-1936",
        "registration_date": "1912",
        "takeover_date": "",
        "liquidation_date": "",
        "dissolution_date": "1936",
        "geocode_confidence": 0.5
      }
    },
    {
      "type": "Feature",
      "geometry": {
        "type": "Point",
        "coordinates": [
          13.405,
          52.52
        ]
      },
      "properties": {
        "name": "Albert Bein",
        "alternative_names": [
          "Albert Bein"
        ],
        "business_type": "Albert Bein Albert Bein used goods",
        "category": "Trade",
        "address": "12, Berlin",
        "date_range": "1910-1938",
        "registration_date": "1910",
        "takeover_date": "",
        "liquidation_date": "",
        "dissolution_date": "1938",
        "geocode_confidence": 0.5
      }
    },
    {
      "type": "Feature",
      "geometry": {
        "type": "Point",
        "coordinates": [
          13.405,
          52.52
        ]
      },
      "properties": {
        "name": "Albert Bloch",
        "alternative_names": [
          "Albert Bloch"
        ],
        "business_type": "Albert Bloch Albert Bloch textiles and clothing",
        "category": "Industry",
        "address": "Dirckesenstr. 50, Berlin",
        "date_range": "1902-1937",
        "registration_date": "1902",
        "takeover_date": "",
        "liquidation_date": "",
        "dissolution_date": "1937",
        "geocode_confidence": 0.5
      }
    },
    {
      "type": "Feature",
      "geometry": {
        "type": "Point",
        "coordinates": [
          13.405,
          52.52
        ]
      },
      "properties": {
        "name": "Albert Blumenthal",
        "alternative_names": [
          "Albert Blumenthal"
        ],
        "business_type": "metals and metal goods",
        "category": "",
        "address": "Schl\u00fcterstr. 29, Berlin",
        "date_range": "1912-1939",
        "registration_date": "1912",
        "takeover_date": "",
        "liquidation_date": "",
        "dissolution_date": "1939",
        "geocode_confidence": 0.5
      }
    },
    {
      "type": "Feature",
      "geometry": {
        "type": "Point",
        "coordinates": [
          13.405,
          52.52
        ]
      },
      "properties": {
        "name": "Albert Bondi",
        "alternative_names": [
          "Albert Bondi"
        ],
        "business_type": "Albert Bondi Nahrungs- und Genussmittel",
        "category": "",
        "address": "Markgrafenstr. 21, Berlin",
        "date_range": "1931-1940",
        "registration_date": "1931",
        "takeover_date": "",
        "liquidation_date": "",
        "dissolution_date": "1940",
        "geocode_confidence": 0.5
      }
    },
    {
      "type": "Feature",
      "geometry": {
        "type": "Point",
        "coordinates": [
          13.405,
          52.52
        ]
      },
      "properties": {
        "name": "Albert Brasch Damenm\u00e4ntelfabrik",
        "alternative_names": [
          "Albert Brasch Damenm\u00e4ntelfabrik"
        ],
        "business_type": "ntelfabrik textiles and clothing",
        "category": "Trade",
        "address": "Markusstr. 1, Berlin",
        "date_range": "1905-1932",
        "registration_date": "1905",
        "takeover_date": "",
        "liquidation_date": "",
        "dissolution_date": "1932",
        "geocode_confidence": 0.5
      }
    },
    {
      "type": "Feature",
      "geometry": {
        "type": "Point",
        "coordinates": [
          13.405,
          52.52
        ]
      },
      "properties": {
        "name": "Albert Brasch Holzhandlung",
        "alternative_names": [
          "Albert Brasch Holzhandlung"
        ],
        "business_type": "construction materials and fuel",
        "category": "",
        "address": "12, Berlin",
        "date_range": "1931-1940",
        "registration_date": "1931",
        "takeover_date": "",
        "liquidation_date": "",
        "dissolution_date": "1940",
        "geocode_confidence": 0.5
      }
    },
    {
      "type": "Feature",
      "geometry": {
        "type": "Point",
        "coordinates": [
          13.405,
          52.52
        ]
      },
      "properties": {
        "name": "Albert Brody",
        "alternative_names": [
          "Albert Brody"
        ],
        "business_type": "Albert Brody Albert Brody leather and shoes",
        "category": "Trade",
        "address": "Hewaldstr. 4, Berlin",
        "date_range": "1923-1937",
        "registration_date": "1923",
        "takeover_date": "",
        "liquidation_date": "",
        "dissolution_date": "1937",
        "geocode_confidence": 0.5
      }
    },
    {
      "type": "Feature",
      "geometry": {
        "type": "Point",
        "coordinates": [
          13.405,
          52.52
        ]
      },
      "properties": {
        "name": "Albert Carl & Co GmbH",
        "alternative_names": [
          "Albert Carl & Co GmbH"
        ],
        "business_type": "Albert Carl & Co GmbH Albert Carl & Co GmbH chemicals and pharmaceuticals",
        "category": "Trade",
        "address": "112, Berlin",
        "date_range": "1925-1936",
        "registration_date": "1925",
        "takeover_date": "",
        "liquidation_date": "",
        "dissolution_date": "1936",
        "geocode_confidence": 0.5
      }
    },
    {
      "type": "Feature",
      "geometry": {
        "type": "Point",
        "coordinates": [
          13.405,
          52.52
        ]
      },
      "properties": {
        "name": "Albert Coppermann",
        "alternative_names": [
          "Albert Coppermann"
        ],
        "business_type": "Albert Coppermann Albert Coppermann banks and insurance",
        "category": "Trade",
        "address": "Lessingstr. 37, Berlin",
        "date_range": "1912-1937",
        "registration_date": "1912",
        "takeover_date": "",
        "liquidation_date": "",
        "dissolution_date": "1937",
        "geocode_confidence": 0.5
      }
    },
    {
      "type": "Feature",
      "geometry": {
        "type": "Point",
        "coordinates": [
          13.405,
          52.52
        ]
      },
      "properties": {
        "name": "Albert David",
        "alternative_names": [
          "Albert David"
        ],
        "business_type": "Albert David Albert David banks and insurance",
        "category": "Trade",
        "address": "Unter den Linden 39, Berlin",
        "date_range": "1909-1939",
        "registration_date": "1909",
        "takeover_date": "",
        "liquidation_date": "",
        "dissolution_date": "1939",
        "geocode_confidence": 0.5
      }
    },
    {
      "type": "Feature",
      "geometry": {
        "type": "Point",
        "coordinates": [
          13.405,
          52.52
        ]
      },
      "properties": {
        "name": "Albert Deutz",
        "alternative_names": [
          "Albert Deutz"
        ],
        "business_type": "Albert Deutz Albert Deutz banks and insurance",
        "category": "Trade",
        "address": "11, Berlin",
        "date_range": "1924-1938",
        "registration_date": "1924",
        "takeover_date": "",
        "liquidation_date": "",
        "dissolution_date": "1938",
        "geocode_confidence": 0.5
      }
    },
    {
      "type": "Feature",
      "geometry": {
        "type": "Point",
        "coordinates": [
          13.405,
          52.52
        ]
      },
      "properties": {
        "name": "Albert Dzialoszynski & Co in Liqu.",
        "alternative_names": [
          "Albert Dzialoszynski & Co in Liqu."
        ],
        "business_type": "textiles and clothing",
        "category": "Trade",
        "address": "Hausvogteiplatz 6/7, Berlin",
        "date_range": "1927-1939",
        "registration_date": "1927",
        "takeover_date": "",
        "liquidation_date": "",
        "dissolution_date": "1939",
        "geocode_confidence": 0.5
      }
    },
    {
      "type": "Feature",
      "geometry": {
        "type": "Point",
        "coordinates": [
          13.405,
          52.52
        ]
      },
      "properties": {
        "name": "Albert Falkenburger",
        "alternative_names": [
          "Albert Falkenburger"
        ],
        "business_type": "Albert Falkenburger Albert Falkenburger banks and insurance",
        "category": "Trade",
        "address": "St\u00fclerstr. 13, Berlin",
        "date_range": "1931-1938",
        "registration_date": "1931",
        "takeover_date": "",
        "liquidation_date": "",
        "dissolution_date": "1938",
        "geocode_confidence": 0.5
      }
    },
    {
      "type": "Feature",
      "geometry": {
        "type": "Point",
        "coordinates": [
          13.405,
          52.52
        ]
      },
      "properties": {
        "name": "Albert Feldblum",
        "alternative_names": [
          "Albert Feldblum"
        ],
        "business_type": "",
        "category": "",
        "address": "Elisabethstr.  11, Berlin",
        "date_range": "1900-1945",
        "registration_date": "1900",
        "takeover_date": "",
        "liquidation_date": "",
        "dissolution_date": "",
        "geocode_confidence": 0.5
      }
    },
    {
      "type": "Feature",
      "geometry": {
        "type": "Point",
        "coordinates": [
          13.405,
          52.52
        ]
      },
      "properties": {
        "name": "Albert Friedl\u00e4nder",
        "alternative_names": [
          "Albert Friedl\u00e4nder"
        ],
        "business_type": "nder banks and insurance",
        "category": "Trade",
        "address": "Wullenweberstr. 9, Berlin",
        "date_range": "1923-1935",
        "registration_date": "1923",
        "takeover_date": "",
        "liquidation_date": "",
        "dissolution_date": "1935",
        "geocode_confidence": 0.5
      }
    },
    {
      "type": "Feature",
      "geometry": {
        "type": "Point",
        "coordinates": [
          13.405,
          52.52
        ]
      },
      "properties": {
        "name": "Albert Gleiser M\u00f6belfabrik-AG",
        "alternative_names": [
          "Albert Gleiser M\u00f6belfabrik-AG"
        ],
        "business_type": "bel",
        "category": "",
        "address": "Alexanderstr. 42, Berlin",
        "date_range": "1923-1936",
        "registration_date": "1923",
        "takeover_date": "",
        "liquidation_date": "",
        "dissolution_date": "1936",
        "geocode_confidence": 0.5
      }
    },
    {
      "type": "Feature",
      "geometry": {
        "type": "Point",
        "coordinates": [
          13.405,
          52.52
        ]
      },
      "properties": {
        "name": "Albert Gleiser M\u00f6belhaus GmbH",
        "alternative_names": [
          "Albert Gleiser M\u00f6belhaus GmbH"
        ],
        "business_type": "bel",
        "category": "Trade",
        "address": "Alexanderstr. 42, Berlin",
        "date_range": "1924-1936",
        "registration_date": "1924",
        "takeover_date": "",
        "liquidation_date": "",
        "dissolution_date": "1936",
        "geocode_confidence": 0.5
      }
    },
    {
      "type": "Feature",
      "geometry": {
        "type": "Point",
        "coordinates": [
          13.405,
          52.52
        ]
      },
      "properties": {
        "name": "Albert Goldberg",
        "alternative_names": [
          "Albert Goldberg"
        ],
        "business_type": "Nahrungs- und Genussmittel",
        "category": "",
        "address": "Saatwinkler Damm 14/15, Berlin",
        "date_range": "1916-1938",
        "registration_date": "1916",
        "takeover_date": "",
        "liquidation_date": "",
        "dissolution_date": "1938",
        "geocode_confidence": 0.5
      }
    },
    {
      "type": "Feature",
      "geometry": {
        "type": "Point",
        "coordinates": [
          13.405,
          52.52
        ]
      },
      "properties": {
        "name": "Albert Gottheimer GmbH",
        "alternative_names": [
          "Albert Gottheimer GmbH"
        ],
        "business_type": "chemicals and pharmaceuticals",
        "category": "",
        "address": "Friedrichstr. 235, Berlin",
        "date_range": "1923-1939",
        "registration_date": "1923",
        "takeover_date": "",
        "liquidation_date": "",
        "dissolution_date": "1939",
        "geocode_confidence": 0.5
      }
    },
    {
      "type": "Feature",
      "geometry": {
        "type": "Point",
        "coordinates": [
          13.405,
          52.52
        ]
      },
      "properties": {
        "name": "Albert Graetz",
        "alternative_names": [
          "Albert Graetz"
        ],
        "business_type": "Albert Graetz Albert Graetz textiles and clothing",
        "category": "",
        "address": "Rosenstr. 1, Berlin",
        "date_range": "1931-1931",
        "registration_date": "1931",
        "takeover_date": "",
        "liquidation_date": "",
        "dissolution_date": "1931",
        "geocode_confidence": 0.5
      }
    },
    {
      "type": "Feature",
      "geometry": {
        "type": "Point",
        "coordinates": [
          13.405,
          52.52
        ]
      },
      "properties": {
        "name": "Albert Grundei W\u00e4sche-Verleih",
        "alternative_names": [
          "Albert Grundei W\u00e4sche-Verleih"
        ],
        "business_type": "textiles and clothing",
        "category": "",
        "address": "Burgstr. 3, Berlin",
        "date_range": "1935-1939",
        "registration_date": "1935",
        "takeover_date": "",
        "liquidation_date": "",
        "dissolution_date": "1939",
        "geocode_confidence": 0.5
      }
    },
    {
      "type": "Feature",
      "geometry": {
        "type": "Point",
        "coordinates": [
          13.405,
          52.52
        ]
      },
      "properties": {
        "name": "Albert Gr\u00fcnpeter",
        "alternative_names": [
          "Albert Gr\u00fcnpeter"
        ],
        "business_type": "bel",
        "category": "Trade",
        "address": "Maa\u00dfenstr. 13, Berlin",
        "date_range": "1912-1935",
        "registration_date": "1912",
        "takeover_date": "",
        "liquidation_date": "",
        "dissolution_date": "1935",
        "geocode_confidence": 0.5
      }
    },
    {
      "type": "Feature",
      "geometry": {
        "type": "Point",
        "coordinates": [
          13.405,
          52.52
        ]
      },
      "properties": {
        "name": "Albert G\u00f6tzel",
        "alternative_names": [
          "Albert G\u00f6tzel"
        ],
        "business_type": "tzel Nahrungs- und Genussmittel",
        "category": "Trade",
        "address": "30, Berlin",
        "date_range": "1915-1938",
        "registration_date": "1915",
        "takeover_date": "",
        "liquidation_date": "",
        "dissolution_date": "1938",
        "geocode_confidence": 0.5
      }
    },
    {
      "type": "Feature",
      "geometry": {
        "type": "Point",
        "coordinates": [
          13.405,
          52.52
        ]
      },
      "properties": {
        "name": "Albert Hahn, R\u00f6hren-Walzwerk",
        "alternative_names": [
          "Albert Hahn, R\u00f6hren-Walzwerk"
        ],
        "business_type": "hren-Walzwerk metals and metal goods",
        "category": "Industry",
        "address": "Bellevuestr. 14, Berlin",
        "date_range": "1901-1940",
        "registration_date": "1901",
        "takeover_date": "",
        "liquidation_date": "",
        "dissolution_date": "1940",
        "geocode_confidence": 0.5
      }
    },
    {
      "type": "Feature",
      "geometry": {
        "type": "Point",
        "coordinates": [
          13.405,
          52.52
        ]
      },
      "properties": {
        "name": "Albert Heimann, Bureau f\u00fcr Hypotheken- und Immobilienverkehr",
        "alternative_names": [
          "Albert Heimann, Bureau f\u00fcr Hypotheken- und Immobilienverkehr"
        ],
        "business_type": "r Hypotheken- und Immobilienverkehr banks and insurance",
        "category": "Trade",
        "address": "Albrechtstr. 25, Berlin",
        "date_range": "1914-1937",
        "registration_date": "1914",
        "takeover_date": "",
        "liquidation_date": "",
        "dissolution_date": "1937",
        "geocode_confidence": 0.5
      }
    },
    {
      "type": "Feature",
      "geometry": {
        "type": "Point",
        "coordinates": [
          13.405,
          52.52
        ]
      },
      "properties": {
        "name": "Albert Herlitz",
        "alternative_names": [
          "Albert Herlitz"
        ],
        "business_type": "Albert Herlitz Albert Herlitz Nahrungs- und Genussmittel",
        "category": "Trade",
        "address": "Wa\u00dfmannstr. 15, Berlin",
        "date_range": "1900-1938",
        "registration_date": "1900",
        "takeover_date": "",
        "liquidation_date": "",
        "dissolution_date": "1938",
        "geocode_confidence": 0.5
      }
    },
    {
      "type": "Feature",
      "geometry": {
        "type": "Point",
        "coordinates": [
          13.405,
          52.52
        ]
      },
      "properties": {
        "name": "Albert H\u00fcbner Nachflgr.",
        "alternative_names": [
          "Albert H\u00fcbner Nachflgr."
        ],
        "business_type": "textiles and clothing",
        "category": "Trade",
        "address": "Rungestr. 18, Berlin",
        "date_range": "1903-1936",
        "registration_date": "1903",
        "takeover_date": "",
        "liquidation_date": "",
        "dissolution_date": "1936",
        "geocode_confidence": 0.5
      }
    },
    {
      "type": "Feature",
      "geometry": {
        "type": "Point",
        "coordinates": [
          13.405,
          52.52
        ]
      },
      "properties": {
        "name": "Albert Joel KG",
        "alternative_names": [
          "Albert Joel KG"
        ],
        "business_type": "Albert Joel KG Albert Joel KG banks and insurance",
        "category": "Trade",
        "address": "Haberlandstr. 11, Berlin",
        "date_range": "1905-1938",
        "registration_date": "1905",
        "takeover_date": "",
        "liquidation_date": "",
        "dissolution_date": "1938",
        "geocode_confidence": 0.5
      }
    },
    {
      "type": "Feature",
      "geometry": {
        "type": "Point",
        "coordinates": [
          13.405,
          52.52
        ]
      },
      "properties": {
        "name": "Albert Joel junior",
        "alternative_names": [
          "Albert Joel junior"
        ],
        "business_type": "Albert Joel junior Albert Joel junior metals and metal goods",
        "category": "Industry",
        "address": "Ansbacher Str 22, Berlin",
        "date_range": "1913-1939",
        "registration_date": "1913",
        "takeover_date": "",
        "liquidation_date": "",
        "dissolution_date": "1939",
        "geocode_confidence": 0.5
      }
    },
    {
      "type": "Feature",
      "geometry": {
        "type": "Point",
        "coordinates": [
          13.405,
          52.52
        ]
      },
      "properties": {
        "name": "Albert Kaatz",
        "alternative_names": [
          "Albert Kaatz"
        ],
        "business_type": "Albert Kaatz Albert Kaatz Nahrungs- und Genussmittel",
        "category": "Trade",
        "address": "Dircksenstr. 47, Berlin",
        "date_range": "1921-1938",
        "registration_date": "1921",
        "takeover_date": "",
        "liquidation_date": "",
        "dissolution_date": "1938",
        "geocode_confidence": 0.5
      }
    },
    {
      "type": "Feature",
      "geometry": {
        "type": "Point",
        "coordinates": [
          13.405,
          52.52
        ]
      },
      "properties": {
        "name": "Albert Kasulke",
        "alternative_names": [
          "Albert Kasulke"
        ],
        "business_type": "Albert Kasulke Albert Kasulke Nahrungs- und Genussmittel",
        "category": "Trade",
        "address": "Yorckstr. 82, Berlin",
        "date_range": "1904-1938",
        "registration_date": "1904",
        "takeover_date": "",
        "liquidation_date": "",
        "dissolution_date": "1938",
        "geocode_confidence": 0.5
      }
    },
    {
      "type": "Feature",
      "geometry": {
        "type": "Point",
        "coordinates": [
          13.405,
          52.52
        ]
      },
      "properties": {
        "name": "Albert Kaufmann, Sachverst\u00e4ndiger der Handelskammer",
        "alternative_names": [
          "Albert Kaufmann, Sachverst\u00e4ndiger der Handelskammer"
        ],
        "business_type": "",
        "category": "",
        "address": "39, Berlin",
        "date_range": "1900-1945",
        "registration_date": "1900",
        "takeover_date": "",
        "liquidation_date": "",
        "dissolution_date": "",
        "geocode_confidence": 0.5
      }
    },
    {
      "type": "Feature",
      "geometry": {
        "type": "Point",
        "coordinates": [
          13.405,
          52.52
        ]
      },
      "properties": {
        "name": "Albert Kerwitz",
        "alternative_names": [
          "Albert Kerwitz"
        ],
        "business_type": "",
        "category": "",
        "address": "Mittelstr. 34, Berlin",
        "date_range": "1900-1945",
        "registration_date": "1900",
        "takeover_date": "",
        "liquidation_date": "",
        "dissolution_date": "",
        "geocode_confidence": 0.5
      }
    },
    {
      "type": "Feature",
      "geometry": {
        "type": "Point",
        "coordinates": [
          13.405,
          52.52
        ]
      },
      "properties": {
        "name": "Albert Krotoschin",
        "alternative_names": [
          "Albert Krotoschin"
        ],
        "business_type": "construction",
        "category": "",
        "address": "Anzengruberstr. 6, Berlin",
        "date_range": "1936-1940",
        "registration_date": "1936",
        "takeover_date": "",
        "liquidation_date": "",
        "dissolution_date": "1940",
        "geocode_confidence": 0.5
      }
    },
    {
      "type": "Feature",
      "geometry": {
        "type": "Point",
        "coordinates": [
          13.405,
          52.52
        ]
      },
      "properties": {
        "name": "Albert Labus AG",
        "alternative_names": [
          "Albert Labus AG"
        ],
        "business_type": "Albert Labus AG Albert Labus AG paper and paper goods",
        "category": "Industry",
        "address": "Alexandrinenstr. 22, Berlin",
        "date_range": "1922-1936",
        "registration_date": "1922",
        "takeover_date": "",
        "liquidation_date": "",
        "dissolution_date": "1936",
        "geocode_confidence": 0.5
      }
    },
    {
      "type": "Feature",
      "geometry": {
        "type": "Point",
        "coordinates": [
          13.405,
          52.52
        ]
      },
      "properties": {
        "name": "Albert Levy",
        "alternative_names": [
          "Albert Levy"
        ],
        "business_type": "Albert Levy Albert Levy textiles and clothing",
        "category": "Trade",
        "address": "Thomasiusstr. 18, Berlin",
        "date_range": "1903-1933",
        "registration_date": "1903",
        "takeover_date": "",
        "liquidation_date": "",
        "dissolution_date": "1933",
        "geocode_confidence": 0.5
      }
    },
    {
      "type": "Feature",
      "geometry": {
        "type": "Point",
        "coordinates": [
          13.405,
          52.52
        ]
      },
      "properties": {
        "name": "Albert Lipsch\u00fctz",
        "alternative_names": [
          "Albert Lipsch\u00fctz"
        ],
        "business_type": "tz textiles and clothing",
        "category": "Trade",
        "address": "Friedrichstr. 38/49, Berlin",
        "date_range": "1913-1939",
        "registration_date": "1913",
        "takeover_date": "",
        "liquidation_date": "",
        "dissolution_date": "1939",
        "geocode_confidence": 0.5
      }
    },
    {
      "type": "Feature",
      "geometry": {
        "type": "Point",
        "coordinates": [
          13.405,
          52.52
        ]
      },
      "properties": {
        "name": "Albert Loewenson",
        "alternative_names": [
          "Albert Loewenson"
        ],
        "business_type": "textiles and clothing",
        "category": "",
        "address": "80, Berlin",
        "date_range": "1934-1938",
        "registration_date": "1934",
        "takeover_date": "",
        "liquidation_date": "",
        "dissolution_date": "1938",
        "geocode_confidence": 0.5
      }
    },
    {
      "type": "Feature",
      "geometry": {
        "type": "Point",
        "coordinates": [
          13.405,
          52.52
        ]
      },
      "properties": {
        "name": "Albert Loewenthal",
        "alternative_names": [
          "Albert Loewenthal"
        ],
        "business_type": "Albert Loewenthal Albert Loewenthal leather and shoes",
        "category": "Trade",
        "address": "Triftstr. 3, Berlin",
        "date_range": "1903-1938",
        "registration_date": "1903",
        "takeover_date": "",
        "liquidation_date": "",
        "dissolution_date": "1938",
        "geocode_confidence": 0.5
      }
    },
    {
      "type": "Feature",
      "geometry": {
        "type": "Point",
        "coordinates": [
          13.405,
          52.52
        ]
      },
      "properties": {
        "name": "Albert Maier u. Co Fabrik f\u00fcr Knabenkleidung",
        "alternative_names": [
          "Albert Maier u. Co Fabrik f\u00fcr Knabenkleidung"
        ],
        "business_type": "r Knabenkleidung textiles and clothing",
        "category": "Industry",
        "address": "K\u00f6nigstr. 40, Berlin",
        "date_range": "1921-1943",
        "registration_date": "1921",
        "takeover_date": "",
        "liquidation_date": "",
        "dissolution_date": "1943",
        "geocode_confidence": 0.5
      }
    },
    {
      "type": "Feature",
      "geometry": {
        "type": "Point",
        "coordinates": [
          13.405,
          52.52
        ]
      },
      "properties": {
        "name": "Albert Marx, 50 Jahre alt",
        "alternative_names": [
          "Albert Marx, 50 Jahre alt"
        ],
        "business_type": "",
        "category": "",
        "address": "Albert Marx, 50 Jahre alt ,  Berlin",
        "date_range": "1900-1945",
        "registration_date": "1900",
        "takeover_date": "",
        "liquidation_date": "",
        "dissolution_date": "",
        "geocode_confidence": 0.5
      }
    },
    {
      "type": "Feature",
      "geometry": {
        "type": "Point",
        "coordinates": [
          13.405,
          52.52
        ]
      },
      "properties": {
        "name": "Albert Mautner",
        "alternative_names": [
          "Albert Mautner"
        ],
        "business_type": "",
        "category": "",
        "address": "und Genussmittel Prenzlauer Allee  236, Berlin",
        "date_range": "1900-1945",
        "registration_date": "1900",
        "takeover_date": "",
        "liquidation_date": "",
        "dissolution_date": "",
        "geocode_confidence": 0.5
      }
    },
    {
      "type": "Feature",
      "geometry": {
        "type": "Point",
        "coordinates": [
          13.405,
          52.52
        ]
      },
      "properties": {
        "name": "Albert Mendel AG",
        "alternative_names": [
          "Albert Mendel AG"
        ],
        "business_type": "chemicals and pharmaceuticals",
        "category": "",
        "address": "Oberlandstr. 65, Berlin",
        "date_range": "1922-1922",
        "registration_date": "1922",
        "takeover_date": "",
        "liquidation_date": "",
        "dissolution_date": "1922",
        "geocode_confidence": 0.5
      }
    },
    {
      "type": "Feature",
      "geometry": {
        "type": "Point",
        "coordinates": [
          13.405,
          52.52
        ]
      },
      "properties": {
        "name": "Albert Meyer",
        "alternative_names": [
          "Albert Meyer"
        ],
        "business_type": "Albert Meyer Albert Meyer retail shops and department stores",
        "category": "Trade",
        "address": "Frankfurter Allee 68, Berlin",
        "date_range": "1905-1939",
        "registration_date": "1905",
        "takeover_date": "",
        "liquidation_date": "",
        "dissolution_date": "1939",
        "geocode_confidence": 0.5
      }
    },
    {
      "type": "Feature",
      "geometry": {
        "type": "Point",
        "coordinates": [
          13.405,
          52.52
        ]
      },
      "properties": {
        "name": "Albert Meyer, Getreide",
        "alternative_names": [
          "Albert Meyer, Getreide"
        ],
        "business_type": "Albert Meyer, Getreide Albert Meyer, Getreide Nahrungs- und Genussmittel",
        "category": "Trade",
        "address": "Mauerstr. 11, Berlin",
        "date_range": "1922-1937",
        "registration_date": "1922",
        "takeover_date": "",
        "liquidation_date": "",
        "dissolution_date": "1937",
        "geocode_confidence": 0.5
      }
    },
    {
      "type": "Feature",
      "geometry": {
        "type": "Point",
        "coordinates": [
          13.405,
          52.52
        ]
      },
      "properties": {
        "name": "Albert Moses",
        "alternative_names": [
          "Albert Moses"
        ],
        "business_type": "Albert Moses Albert Moses textiles and clothing",
        "category": "Trade",
        "address": "An der Spandauer Br\u00fccke 2, Berlin",
        "date_range": "1902-1936",
        "registration_date": "1902",
        "takeover_date": "",
        "liquidation_date": "",
        "dissolution_date": "1936",
        "geocode_confidence": 0.5
      }
    },
    {
      "type": "Feature",
      "geometry": {
        "type": "Point",
        "coordinates": [
          13.405,
          52.52
        ]
      },
      "properties": {
        "name": "Albert Neumann",
        "alternative_names": [
          "Albert Neumann"
        ],
        "business_type": "Albert Neumann Albert Neumann textiles and clothing",
        "category": "Trade",
        "address": "Uhlandstr. 178, Berlin",
        "date_range": "1916-1937",
        "registration_date": "1916",
        "takeover_date": "",
        "liquidation_date": "",
        "dissolution_date": "1937",
        "geocode_confidence": 0.5
      }
    },
    {
      "type": "Feature",
      "geometry": {
        "type": "Point",
        "coordinates": [
          13.405,
          52.52
        ]
      },
      "properties": {
        "name": "Albert Raddant",
        "alternative_names": [
          "Albert Raddant"
        ],
        "business_type": "textiles and clothing",
        "category": "",
        "address": "16, Berlin",
        "date_range": "1923-1923",
        "registration_date": "1923",
        "takeover_date": "",
        "liquidation_date": "",
        "dissolution_date": "1923",
        "geocode_confidence": 0.5
      }
    },
    {
      "type": "Feature",
      "geometry": {
        "type": "Point",
        "coordinates": [
          13.405,
          52.52
        ]
      },
      "properties": {
        "name": "Albert Reimann Kunstwerkst\u00e4tten Schule Reimann",
        "alternative_names": [
          "Albert Reimann Kunstwerkst\u00e4tten Schule Reimann"
        ],
        "business_type": "bel",
        "category": "",
        "address": "38, Berlin",
        "date_range": "1909-1909",
        "registration_date": "1909",
        "takeover_date": "",
        "liquidation_date": "",
        "dissolution_date": "1909",
        "geocode_confidence": 0.5
      }
    },
    {
      "type": "Feature",
      "geometry": {
        "type": "Point",
        "coordinates": [
          13.405,
          52.52
        ]
      },
      "properties": {
        "name": "Albert Rie\u00df",
        "alternative_names": [
          "Albert Rie\u00df"
        ],
        "business_type": "textiles and clothing",
        "category": "",
        "address": "13, Berlin",
        "date_range": "1935-1939",
        "registration_date": "1935",
        "takeover_date": "",
        "liquidation_date": "",
        "dissolution_date": "1939",
        "geocode_confidence": 0.5
      }
    },
    {
      "type": "Feature",
      "geometry": {
        "type": "Point",
        "coordinates": [
          13.405,
          52.52
        ]
      },
      "properties": {
        "name": "Albert Rosenhain Exportgesellschaft mbH",
        "alternative_names": [
          "Albert Rosenhain Exportgesellschaft mbH"
        ],
        "business_type": "other",
        "category": "",
        "address": "72/74, Berlin",
        "date_range": "1936-1939",
        "registration_date": "1936",
        "takeover_date": "",
        "liquidation_date": "",
        "dissolution_date": "1939",
        "geocode_confidence": 0.5
      }
    },
    {
      "type": "Feature",
      "geometry": {
        "type": "Point",
        "coordinates": [
          13.405,
          52.52
        ]
      },
      "properties": {
        "name": "Albert Rosenhain GmbH",
        "alternative_names": [
          "Albert Rosenhain GmbH"
        ],
        "business_type": "Albert Rosenhain GmbH leather and shoes",
        "category": "",
        "address": "72/74, Berlin",
        "date_range": "1922-1938",
        "registration_date": "1922",
        "takeover_date": "",
        "liquidation_date": "",
        "dissolution_date": "1938",
        "geocode_confidence": 0.5
      }
    },
    {
      "type": "Feature",
      "geometry": {
        "type": "Point",
        "coordinates": [
          13.405,
          52.52
        ]
      },
      "properties": {
        "name": "Albert Rosenthal & Co",
        "alternative_names": [
          "Albert Rosenthal & Co"
        ],
        "business_type": "Albert Rosenthal & Co textiles and clothing",
        "category": "",
        "address": "Seydelstr. 17, Berlin",
        "date_range": "1924-1924",
        "registration_date": "1924",
        "takeover_date": "",
        "liquidation_date": "",
        "dissolution_date": "1924",
        "geocode_confidence": 0.5
      }
    },
    {
      "type": "Feature",
      "geometry": {
        "type": "Point",
        "coordinates": [
          13.405,
          52.52
        ]
      },
      "properties": {
        "name": "Albert Sch\u00f6n",
        "alternative_names": [
          "Albert Sch\u00f6n"
        ],
        "business_type": "books and art",
        "category": "",
        "address": "Ritterstr. 90, Berlin",
        "date_range": "1904-1940",
        "registration_date": "1904",
        "takeover_date": "",
        "liquidation_date": "",
        "dissolution_date": "1940",
        "geocode_confidence": 0.5
      }
    },
    {
      "type": "Feature",
      "geometry": {
        "type": "Point",
        "coordinates": [
          13.405,
          52.52
        ]
      },
      "properties": {
        "name": "Albert Stahl Getreide & Futtermittel",
        "alternative_names": [
          "Albert Stahl Getreide & Futtermittel"
        ],
        "business_type": "Nahrungs- und Genussmittel",
        "category": "",
        "address": "160, Berlin",
        "date_range": "1919-1937",
        "registration_date": "1919",
        "takeover_date": "",
        "liquidation_date": "",
        "dissolution_date": "1937",
        "geocode_confidence": 0.5
      }
    },
    {
      "type": "Feature",
      "geometry": {
        "type": "Point",
        "coordinates": [
          13.405,
          52.52
        ]
      },
      "properties": {
        "name": "Albert Stern",
        "alternative_names": [
          "Albert Stern"
        ],
        "business_type": "Albert Stern Albert Stern textiles and clothing",
        "category": "Trade",
        "address": "Zimmerstr. 31, Berlin",
        "date_range": "1913-1938",
        "registration_date": "1913",
        "takeover_date": "",
        "liquidation_date": "",
        "dissolution_date": "1938",
        "geocode_confidence": 0.5
      }
    },
    {
      "type": "Feature",
      "geometry": {
        "type": "Point",
        "coordinates": [
          13.405,
          52.52
        ]
      },
      "properties": {
        "name": "Albert Sternglanz Apotheker Chemische u. Pharmazeutische Produkte",
        "alternative_names": [
          "Albert Sternglanz Apotheker Chemische u. Pharmazeutische Produkte"
        ],
        "business_type": "Pharmazeutische Produkte chemicals and pharmaceuticals",
        "category": "Trade",
        "address": "23, Berlin",
        "date_range": "1916-1937",
        "registration_date": "1916",
        "takeover_date": "",
        "liquidation_date": "",
        "dissolution_date": "1937",
        "geocode_confidence": 0.5
      }
    },
    {
      "type": "Feature",
      "geometry": {
        "type": "Point",
        "coordinates": [
          13.405,
          52.52
        ]
      },
      "properties": {
        "name": "Albert Stolzmann",
        "alternative_names": [
          "Albert Stolzmann"
        ],
        "business_type": "Albert Stolzmann Albert Stolzmann Nahrungs- und Genussmittel",
        "category": "Trade",
        "address": "Bachstr. 14, Berlin",
        "date_range": "1912-1939",
        "registration_date": "1912",
        "takeover_date": "",
        "liquidation_date": "",
        "dissolution_date": "1939",
        "geocode_confidence": 0.5
      }
    },
    {
      "type": "Feature",
      "geometry": {
        "type": "Point",
        "coordinates": [
          13.405,
          52.52
        ]
      },
      "properties": {
        "name": "Albert Treuherz",
        "alternative_names": [
          "Albert Treuherz"
        ],
        "business_type": "textiles and clothing",
        "category": "",
        "address": "Hufelandstr. 41, Berlin",
        "date_range": "1921-1939",
        "registration_date": "1921",
        "takeover_date": "",
        "liquidation_date": "",
        "dissolution_date": "1939",
        "geocode_confidence": 0.5
      }
    },
    {
      "type": "Feature",
      "geometry": {
        "type": "Point",
        "coordinates": [
          13.405,
          52.52
        ]
      },
      "properties": {
        "name": "Albert Unger",
        "alternative_names": [
          "Albert Unger"
        ],
        "business_type": "",
        "category": "",
        "address": "Sybelstr.  48, Berlin",
        "date_range": "1900-1945",
        "registration_date": "1900",
        "takeover_date": "",
        "liquidation_date": "",
        "dissolution_date": "",
        "geocode_confidence": 0.5
      }
    },
    {
      "type": "Feature",
      "geometry": {
        "type": "Point",
        "coordinates": [
          13.405,
          52.52
        ]
      },
      "properties": {
        "name": "Albert Wallach",
        "alternative_names": [
          "Albert Wallach"
        ],
        "business_type": "Albert Wallach Albert Wallach household goods",
        "category": "Trade",
        "address": "63/64, Berlin",
        "date_range": "1902-1936",
        "registration_date": "1902",
        "takeover_date": "",
        "liquidation_date": "",
        "dissolution_date": "1936",
        "geocode_confidence": 0.5
      }
    },
    {
      "type": "Feature",
      "geometry": {
        "type": "Point",
        "coordinates": [
          13.405,
          52.52
        ]
      },
      "properties": {
        "name": "Albert Wisniewski",
        "alternative_names": [
          "Albert Wisniewski"
        ],
        "business_type": "Albert Wisniewski Albert Wisniewski textiles and clothing",
        "category": "Trade",
        "address": "( Trade ) Eingetragen im Handelsregister/ Gr\u00fcndung 1928 Erloschen 1939 Potsdamer Str. 82d,  Berlin",
        "date_range": "1928-1939",
        "registration_date": "1928",
        "takeover_date": "",
        "liquidation_date": "",
        "dissolution_date": "1939",
        "geocode_confidence": 0.5
      }
    },
    {
      "type": "Feature",
      "geometry": {
        "type": "Point",
        "coordinates": [
          13.405,
          52.52
        ]
      },
      "properties": {
        "name": "Alberti Schallplatten Vertriebs-GmbH",
        "alternative_names": [
          "Alberti Schallplatten Vertriebs-GmbH"
        ],
        "business_type": "machines, motor vehicles & technical articles",
        "category": "",
        "address": "Rankestr. 34, Berlin",
        "date_range": "1933-1938",
        "registration_date": "1933",
        "takeover_date": "",
        "liquidation_date": "",
        "dissolution_date": "1938",
        "geocode_confidence": 0.5
      }
    },
    {
      "type": "Feature",
      "geometry": {
        "type": "Point",
        "coordinates": [
          13.405,
          52.52
        ]
      },
      "properties": {
        "name": "Albina Grundst\u00fccks-Erwerbsgesellschaft mbH",
        "alternative_names": [
          "Albina Grundst\u00fccks-Erwerbsgesellschaft mbH"
        ],
        "business_type": "cks-Erwerbsgesellschaft mbH real estate",
        "category": "Trade",
        "address": "Ritterstr. 89, Berlin",
        "date_range": "1928-1939",
        "registration_date": "1928",
        "takeover_date": "",
        "liquidation_date": "",
        "dissolution_date": "1939",
        "geocode_confidence": 0.5
      }
    },
    {
      "type": "Feature",
      "geometry": {
        "type": "Point",
        "coordinates": [
          13.405,
          52.52
        ]
      },
      "properties": {
        "name": "Albinus & Co Automobil-Betriebs-Gesellschaft",
        "alternative_names": [
          "Albinus & Co Automobil-Betriebs-Gesellschaft"
        ],
        "business_type": "Albinus & Co Automobil-Betriebs-Gesellschaft Albinus & Co Automobil-Betriebs-Gesellschaft machines, motor vehicles & technical articles",
        "category": "Trade",
        "address": "39, Berlin",
        "date_range": "1926-1936",
        "registration_date": "1926",
        "takeover_date": "",
        "liquidation_date": "",
        "dissolution_date": "1936",
        "geocode_confidence": 0.5
      }
    },
    {
      "type": "Feature",
      "geometry": {
        "type": "Point",
        "coordinates": [
          13.405,
          52.52
        ]
      },
      "properties": {
        "name": "Albogran F. du Bois-Reymond & Salz",
        "alternative_names": [
          "Albogran F. du Bois-Reymond & Salz"
        ],
        "business_type": "Nahrungs- und Genussmittel",
        "category": "",
        "address": "Kantstr. 8, Berlin",
        "date_range": "1937-1937",
        "registration_date": "1937",
        "takeover_date": "",
        "liquidation_date": "",
        "dissolution_date": "1937",
        "geocode_confidence": 0.5
      }
    },
    {
      "type": "Feature",
      "geometry": {
        "type": "Point",
        "coordinates": [
          13.405,
          52.52
        ]
      },
      "properties": {
        "name": "Alboldt & Co GmbH",
        "alternative_names": [
          "Alboldt & Co GmbH"
        ],
        "business_type": "",
        "category": "",
        "address": "Schmidstr. 41, Berlin",
        "date_range": "1924-1936",
        "registration_date": "1924",
        "takeover_date": "",
        "liquidation_date": "",
        "dissolution_date": "1936",
        "geocode_confidence": 0.5
      }
    },
    {
      "type": "Feature",
      "geometry": {
        "type": "Point",
        "coordinates": [
          13.405,
          52.52
        ]
      },
      "properties": {
        "name": "Albrecht D\u00fcrer-Apotheke und Drogenhandlung Adolf Mockrauer",
        "alternative_names": [
          "Albrecht D\u00fcrer-Apotheke und Drogenhandlung Adolf Mockrauer"
        ],
        "business_type": "pharmacies",
        "category": "",
        "address": "86, Berlin",
        "date_range": "1929-1937",
        "registration_date": "1929",
        "takeover_date": "",
        "liquidation_date": "",
        "dissolution_date": "1937",
        "geocode_confidence": 0.5
      }
    },
    {
      "type": "Feature",
      "geometry": {
        "type": "Point",
        "coordinates": [
          13.405,
          52.52
        ]
      },
      "properties": {
        "name": "Albrechtsdorfer Holzverwertungsgesellschaft mbH",
        "alternative_names": [
          "Albrechtsdorfer Holzverwertungsgesellschaft mbH"
        ],
        "business_type": "Albrechtsdorfer Holzverwertungsgesellschaft mbH Albrechtsdorfer Holzverwertungsgesellschaft mbH construction materials and fuel",
        "category": "Industry",
        "address": "Yorckstr. 88, Berlin",
        "date_range": "1926-1933",
        "registration_date": "1926",
        "takeover_date": "",
        "liquidation_date": "",
        "dissolution_date": "1933",
        "geocode_confidence": 0.5
      }
    },
    {
      "type": "Feature",
      "geometry": {
        "type": "Point",
        "coordinates": [
          13.405,
          52.52
        ]
      },
      "properties": {
        "name": "Albrechtshof Lichtspiele GmbH",
        "alternative_names": [
          "Albrechtshof Lichtspiele GmbH"
        ],
        "business_type": "restaurants",
        "category": "",
        "address": "Albrechtstr. 1, Berlin",
        "date_range": "1932-1937",
        "registration_date": "1932",
        "takeover_date": "",
        "liquidation_date": "",
        "dissolution_date": "1937",
        "geocode_confidence": 0.5
      }
    },
    {
      "type": "Feature",
      "geometry": {
        "type": "Point",
        "coordinates": [
          13.405,
          52.52
        ]
      },
      "properties": {
        "name": "Albula Grundst\u00fccksgesellschaft mbH",
        "alternative_names": [
          "Albula Grundst\u00fccksgesellschaft mbH"
        ],
        "business_type": "cksgesellschaft mbH real estate",
        "category": "Trade",
        "address": "Siegmundshof 16, Berlin",
        "date_range": "1920-1940",
        "registration_date": "1920",
        "takeover_date": "",
        "liquidation_date": "",
        "dissolution_date": "1940",
        "geocode_confidence": 0.5
      }
    },
    {
      "type": "Feature",
      "geometry": {
        "type": "Point",
        "coordinates": [
          13.405,
          52.52
        ]
      },
      "properties": {
        "name": "Alcophor. GmbH",
        "alternative_names": [
          "Alcophor. GmbH"
        ],
        "business_type": "machines, motor vehicles & technical articles",
        "category": "",
        "address": "Ringsstr 42, Berlin",
        "date_range": "1928-1933",
        "registration_date": "1928",
        "takeover_date": "",
        "liquidation_date": "",
        "dissolution_date": "1933",
        "geocode_confidence": 0.5
      }
    },
    {
      "type": "Feature",
      "geometry": {
        "type": "Point",
        "coordinates": [
          13.405,
          52.52
        ]
      },
      "properties": {
        "name": "Aldemag Allgemeine Deutsche Margarine-AG",
        "alternative_names": [
          "Aldemag Allgemeine Deutsche Margarine-AG"
        ],
        "business_type": "",
        "category": "",
        "address": "Kreuzbergstr. 30, Berlin",
        "date_range": "1928-1937",
        "registration_date": "1928",
        "takeover_date": "",
        "liquidation_date": "",
        "dissolution_date": "1937",
        "geocode_confidence": 0.5
      }
    },
    {
      "type": "Feature",
      "geometry": {
        "type": "Point",
        "coordinates": [
          13.405,
          52.52
        ]
      },
      "properties": {
        "name": "Aldenta Allgemeine Dental Co GmbH",
        "alternative_names": [
          "Aldenta Allgemeine Dental Co GmbH"
        ],
        "business_type": "chemicals and pharmaceuticals",
        "category": "",
        "address": "37, Berlin",
        "date_range": "1932-1939",
        "registration_date": "1932",
        "takeover_date": "",
        "liquidation_date": "",
        "dissolution_date": "1939",
        "geocode_confidence": 0.5
      }
    },
    {
      "type": "Feature",
      "geometry": {
        "type": "Point",
        "coordinates": [
          13.405,
          52.52
        ]
      },
      "properties": {
        "name": "Aldus Druck GmbH",
        "alternative_names": [
          "Aldus Druck GmbH"
        ],
        "business_type": "Aldus Druck GmbH Aldus Druck GmbH publishing and printing",
        "category": "Industry",
        "address": "Hauptstr. 8, Berlin",
        "date_range": "1928-1938",
        "registration_date": "1928",
        "takeover_date": "",
        "liquidation_date": "",
        "dissolution_date": "1938",
        "geocode_confidence": 0.5
      }
    },
    {
      "type": "Feature",
      "geometry": {
        "type": "Point",
        "coordinates": [
          13.405,
          52.52
        ]
      },
      "properties": {
        "name": "Alebi Allgemeine Lebensmittel-Importgesellschaft mbH",
        "alternative_names": [
          "Alebi Allgemeine Lebensmittel-Importgesellschaft mbH"
        ],
        "business_type": "Alebi Allgemeine Lebensmittel-Importgesellschaft mbH real estate",
        "category": "",
        "address": "L\u00fctzowstr. 42, Berlin",
        "date_range": "1922-1938",
        "registration_date": "1922",
        "takeover_date": "",
        "liquidation_date": "",
        "dissolution_date": "1938",
        "geocode_confidence": 0.5
      }
    },
    {
      "type": "Feature",
      "geometry": {
        "type": "Point",
        "coordinates": [
          13.405,
          52.52
        ]
      },
      "properties": {
        "name": "Alessinwerke Chemische Fabrik GmbH",
        "alternative_names": [
          "Alessinwerke Chemische Fabrik GmbH"
        ],
        "business_type": "Alessinwerke Chemische Fabrik GmbH Alessinwerke Chemische Fabrik GmbH chemicals and pharmaceuticals",
        "category": "Industry",
        "address": "Goltzstr. 18/21, Berlin",
        "date_range": "1923-1938",
        "registration_date": "1923",
        "takeover_date": "",
        "liquidation_date": "",
        "dissolution_date": "1938",
        "geocode_confidence": 0.5
      }
    },
    {
      "type": "Feature",
      "geometry": {
        "type": "Point",
        "coordinates": [
          13.405,
          52.52
        ]
      },
      "properties": {
        "name": "Alex Birnbaum",
        "alternative_names": [
          "Alex Birnbaum"
        ],
        "business_type": "bel",
        "category": "Trade",
        "address": "Fliederstr. 4, Berlin",
        "date_range": "1915-1939",
        "registration_date": "1915",
        "takeover_date": "",
        "liquidation_date": "",
        "dissolution_date": "1939",
        "geocode_confidence": 0.5
      }
    },
    {
      "type": "Feature",
      "geometry": {
        "type": "Point",
        "coordinates": [
          13.405,
          52.52
        ]
      },
      "properties": {
        "name": "Alex Eisenst\u00e4dt",
        "alternative_names": [
          "Alex Eisenst\u00e4dt"
        ],
        "business_type": "dt paper and paper goods",
        "category": "Industry",
        "address": "Luisenufer 11, Berlin",
        "date_range": "1903-1940",
        "registration_date": "1903",
        "takeover_date": "",
        "liquidation_date": "",
        "dissolution_date": "1940",
        "geocode_confidence": 0.5
      }
    },
    {
      "type": "Feature",
      "geometry": {
        "type": "Point",
        "coordinates": [
          13.405,
          52.52
        ]
      },
      "properties": {
        "name": "Alex Elsoffer",
        "alternative_names": [
          "Alex Elsoffer"
        ],
        "business_type": "",
        "category": "",
        "address": "Uhlandstr.  116, Berlin",
        "date_range": "1900-1945",
        "registration_date": "1900",
        "takeover_date": "",
        "liquidation_date": "",
        "dissolution_date": "",
        "geocode_confidence": 0.5
      }
    },
    {
      "type": "Feature",
      "geometry": {
        "type": "Point",
        "coordinates": [
          13.405,
          52.52
        ]
      },
      "properties": {
        "name": "Alex Flatow",
        "alternative_names": [
          "Alex Flatow"
        ],
        "business_type": "Nahrungs- und Genussmittel",
        "category": "",
        "address": "Kaiserstr. 33, Berlin",
        "date_range": "1920-1940",
        "registration_date": "1920",
        "takeover_date": "",
        "liquidation_date": "",
        "dissolution_date": "1940",
        "geocode_confidence": 0.5
      }
    },
    {
      "type": "Feature",
      "geometry": {
        "type": "Point",
        "coordinates": [
          13.405,
          52.52
        ]
      },
      "properties": {
        "name": "Alex Goldmann",
        "alternative_names": [
          "Alex Goldmann"
        ],
        "business_type": "Alex Goldmann textiles and clothing",
        "category": "",
        "address": "Gr\u00fcnstr. 39, Berlin",
        "date_range": "1918-1933",
        "registration_date": "1918",
        "takeover_date": "",
        "liquidation_date": "",
        "dissolution_date": "1933",
        "geocode_confidence": 0.5
      }
    },
    {
      "type": "Feature",
      "geometry": {
        "type": "Point",
        "coordinates": [
          13.405,
          52.52
        ]
      },
      "properties": {
        "name": "Alex Hiller & Co",
        "alternative_names": [
          "Alex Hiller & Co"
        ],
        "business_type": "textiles and clothing",
        "category": "",
        "address": "Kronenstr. 29, Berlin",
        "date_range": "1919-1939",
        "registration_date": "1919",
        "takeover_date": "",
        "liquidation_date": "",
        "dissolution_date": "1939",
        "geocode_confidence": 0.5
      }
    },
    {
      "type": "Feature",
      "geometry": {
        "type": "Point",
        "coordinates": [
          13.405,
          52.52
        ]
      },
      "properties": {
        "name": "Alex Hirsch",
        "alternative_names": [
          "Alex Hirsch"
        ],
        "business_type": "Alex Hirsch Alex Hirsch retail shops and department stores",
        "category": "Trade",
        "address": "Wilhelmstr. 1, Berlin",
        "date_range": "1903-1939",
        "registration_date": "1903",
        "takeover_date": "",
        "liquidation_date": "",
        "dissolution_date": "1939",
        "geocode_confidence": 0.5
      }
    },
    {
      "type": "Feature",
      "geometry": {
        "type": "Point",
        "coordinates": [
          13.405,
          52.52
        ]
      },
      "properties": {
        "name": "Alex Pander",
        "alternative_names": [
          "Alex Pander"
        ],
        "business_type": "textiles and clothing",
        "category": "",
        "address": "Heiligegeiststr. 37, Berlin",
        "date_range": "1926-1939",
        "registration_date": "1926",
        "takeover_date": "",
        "liquidation_date": "",
        "dissolution_date": "1939",
        "geocode_confidence": 0.5
      }
    },
    {
      "type": "Feature",
      "geometry": {
        "type": "Point",
        "coordinates": [
          13.405,
          52.52
        ]
      },
      "properties": {
        "name": "Alex Sternau",
        "alternative_names": [
          "Alex Sternau"
        ],
        "business_type": "textiles and clothing",
        "category": "",
        "address": "17, Berlin",
        "date_range": "1930-1940",
        "registration_date": "1930",
        "takeover_date": "",
        "liquidation_date": "",
        "dissolution_date": "1940",
        "geocode_confidence": 0.5
      }
    },
    {
      "type": "Feature",
      "geometry": {
        "type": "Point",
        "coordinates": [
          13.405,
          52.52
        ]
      },
      "properties": {
        "name": "Alex Zimmt",
        "alternative_names": [
          "Alex Zimmt"
        ],
        "business_type": "textiles and clothing",
        "category": "",
        "address": "Chausseestr. 17, Berlin",
        "date_range": "1902-1939",
        "registration_date": "1902",
        "takeover_date": "",
        "liquidation_date": "",
        "dissolution_date": "1939",
        "geocode_confidence": 0.5
      }
    },
    {
      "type": "Feature",
      "geometry": {
        "type": "Point",
        "coordinates": [
          13.405,
          52.52
        ]
      },
      "properties": {
        "name": "Alex. Mandelbaum",
        "alternative_names": [
          "Alex. Mandelbaum"
        ],
        "business_type": "Mandelbaum jewelry and precious metals",
        "category": "Trade",
        "address": "37/38, Berlin",
        "date_range": "1903-1938",
        "registration_date": "1903",
        "takeover_date": "",
        "liquidation_date": "",
        "dissolution_date": "1938",
        "geocode_confidence": 0.5
      }
    },
    {
      "type": "Feature",
      "geometry": {
        "type": "Point",
        "coordinates": [
          13.405,
          52.52
        ]
      },
      "properties": {
        "name": "Alexander & Co",
        "alternative_names": [
          "Alexander & Co"
        ],
        "business_type": "Alexander & Co textiles and clothing",
        "category": "",
        "address": "46, Berlin",
        "date_range": "1921-1938",
        "registration_date": "1921",
        "takeover_date": "",
        "liquidation_date": "",
        "dissolution_date": "1938",
        "geocode_confidence": 0.5
      }
    },
    {
      "type": "Feature",
      "geometry": {
        "type": "Point",
        "coordinates": [
          13.405,
          52.52
        ]
      },
      "properties": {
        "name": "Alexander & Messow",
        "alternative_names": [
          "Alexander & Messow"
        ],
        "business_type": "Alexander & Messow Alexander & Messow textiles and clothing",
        "category": "Trade",
        "address": "39, Berlin",
        "date_range": "1923-1936",
        "registration_date": "1923",
        "takeover_date": "",
        "liquidation_date": "",
        "dissolution_date": "1936",
        "geocode_confidence": 0.5
      }
    },
    {
      "type": "Feature",
      "geometry": {
        "type": "Point",
        "coordinates": [
          13.405,
          52.52
        ]
      },
      "properties": {
        "name": "Alexander Beitsch",
        "alternative_names": [
          "Alexander Beitsch"
        ],
        "business_type": "",
        "category": "",
        "address": "3, Berlin",
        "date_range": "1900-1945",
        "registration_date": "1900",
        "takeover_date": "",
        "liquidation_date": "",
        "dissolution_date": "",
        "geocode_confidence": 0.5
      }
    },
    {
      "type": "Feature",
      "geometry": {
        "type": "Point",
        "coordinates": [
          13.405,
          52.52
        ]
      },
      "properties": {
        "name": "Alexander Bukofzer Weingro\u00dfhandlung und Herstellung von Spirituosen und S\u00e4ften",
        "alternative_names": [
          "Alexander Bukofzer Weingro\u00dfhandlung und Herstellung von Spirituosen und S\u00e4ften"
        ],
        "business_type": "Nahrungs- und Genussmittel",
        "category": "",
        "address": "Wiesbadenerstr. 15, Berlin",
        "date_range": "1935-1939",
        "registration_date": "1935",
        "takeover_date": "",
        "liquidation_date": "",
        "dissolution_date": "1939",
        "geocode_confidence": 0.5
      }
    },
    {
      "type": "Feature",
      "geometry": {
        "type": "Point",
        "coordinates": [
          13.405,
          52.52
        ]
      },
      "properties": {
        "name": "Alexander Conitzer",
        "alternative_names": [
          "Alexander Conitzer"
        ],
        "business_type": "Alexander Conitzer Alexander Conitzer banks and insurance",
        "category": "Trade",
        "address": "Markgrafenstr. 28, Berlin",
        "date_range": "1931-1938",
        "registration_date": "1931",
        "takeover_date": "",
        "liquidation_date": "",
        "dissolution_date": "1938",
        "geocode_confidence": 0.5
      }
    },
    {
      "type": "Feature",
      "geometry": {
        "type": "Point",
        "coordinates": [
          13.405,
          52.52
        ]
      },
      "properties": {
        "name": "Alexander Elbert",
        "alternative_names": [
          "Alexander Elbert"
        ],
        "business_type": "Alexander Elbert Alexander Elbert chemicals and pharmaceuticals",
        "category": "Trade",
        "address": "23, Berlin",
        "date_range": "1922-1941",
        "registration_date": "1922",
        "takeover_date": "",
        "liquidation_date": "",
        "dissolution_date": "1941",
        "geocode_confidence": 0.5
      }
    },
    {
      "type": "Feature",
      "geometry": {
        "type": "Point",
        "coordinates": [
          13.405,
          52.52
        ]
      },
      "properties": {
        "name": "Alexander Grundst\u00fccksgesellschaft m.b.H",
        "alternative_names": [
          "Alexander Grundst\u00fccksgesellschaft m.b.H"
        ],
        "business_type": "",
        "category": "",
        "address": "Emser Stra\u00dfe 3, Berlin",
        "date_range": "1913-1945",
        "registration_date": "1913",
        "takeover_date": "",
        "liquidation_date": "",
        "dissolution_date": "",
        "geocode_confidence": 0.5
      }
    },
    {
      "type": "Feature",
      "geometry": {
        "type": "Point",
        "coordinates": [
          13.405,
          52.52
        ]
      },
      "properties": {
        "name": "Alexander Gutkind",
        "alternative_names": [
          "Alexander Gutkind"
        ],
        "business_type": "textiles and clothing",
        "category": "",
        "address": "93, Berlin",
        "date_range": "1900-1939",
        "registration_date": "1900",
        "takeover_date": "",
        "liquidation_date": "",
        "dissolution_date": "1939",
        "geocode_confidence": 0.5
      }
    },
    {
      "type": "Feature",
      "geometry": {
        "type": "Point",
        "coordinates": [
          13.405,
          52.52
        ]
      },
      "properties": {
        "name": "Alexander Heinrich",
        "alternative_names": [
          "Alexander Heinrich"
        ],
        "business_type": "Alexander Heinrich Alexander Heinrich textiles and clothing",
        "category": "Trade",
        "address": "Ritterstr. 84, Berlin",
        "date_range": "1918-1939",
        "registration_date": "1918",
        "takeover_date": "",
        "liquidation_date": "",
        "dissolution_date": "1939",
        "geocode_confidence": 0.5
      }
    },
    {
      "type": "Feature",
      "geometry": {
        "type": "Point",
        "coordinates": [
          13.405,
          52.52
        ]
      },
      "properties": {
        "name": "Alexander Hermers",
        "alternative_names": [
          "Alexander Hermers"
        ],
        "business_type": "machines, motor vehicles & technical articles",
        "category": "",
        "address": "Hochwildpfad 1, Berlin",
        "date_range": "1935-1939",
        "registration_date": "1935",
        "takeover_date": "",
        "liquidation_date": "",
        "dissolution_date": "1939",
        "geocode_confidence": 0.5
      }
    },
    {
      "type": "Feature",
      "geometry": {
        "type": "Point",
        "coordinates": [
          13.405,
          52.52
        ]
      },
      "properties": {
        "name": "Alexander Herzfeld",
        "alternative_names": [
          "Alexander Herzfeld"
        ],
        "business_type": "Alexander Herzfeld Alexander Herzfeld banks and insurance",
        "category": "Trade",
        "address": "Linkstr. 35, Berlin",
        "date_range": "1903-1937",
        "registration_date": "1903",
        "takeover_date": "",
        "liquidation_date": "",
        "dissolution_date": "1937",
        "geocode_confidence": 0.5
      }
    },
    {
      "type": "Feature",
      "geometry": {
        "type": "Point",
        "coordinates": [
          13.405,
          52.52
        ]
      },
      "properties": {
        "name": "Alexander Herzog",
        "alternative_names": [
          "Alexander Herzog"
        ],
        "business_type": "Alexander Herzog Alexander Herzog Nahrungs- und Genussmittel",
        "category": "Trade",
        "address": "Friedbergstr. 32, Berlin",
        "date_range": "1911-1937",
        "registration_date": "1911",
        "takeover_date": "",
        "liquidation_date": "",
        "dissolution_date": "1937",
        "geocode_confidence": 0.5
      }
    },
    {
      "type": "Feature",
      "geometry": {
        "type": "Point",
        "coordinates": [
          13.405,
          52.52
        ]
      },
      "properties": {
        "name": "Alexander Hiller Konfektion",
        "alternative_names": [
          "Alexander Hiller Konfektion"
        ],
        "business_type": "Alexander Hiller Konfektion Alexander Hiller Konfektion textiles and clothing",
        "category": "Trade",
        "address": "Charlottenstr. 32, Berlin",
        "date_range": "1926-1938",
        "registration_date": "1926",
        "takeover_date": "",
        "liquidation_date": "",
        "dissolution_date": "1938",
        "geocode_confidence": 0.5
      }
    },
    {
      "type": "Feature",
      "geometry": {
        "type": "Point",
        "coordinates": [
          13.405,
          52.52
        ]
      },
      "properties": {
        "name": "Alexander Jacoby & Co",
        "alternative_names": [
          "Alexander Jacoby & Co"
        ],
        "business_type": "other",
        "category": "",
        "address": "Blumeshof 15, Berlin",
        "date_range": "1909-1940",
        "registration_date": "1909",
        "takeover_date": "",
        "liquidation_date": "",
        "dissolution_date": "1940",
        "geocode_confidence": 0.5
      }
    },
    {
      "type": "Feature",
      "geometry": {
        "type": "Point",
        "coordinates": [
          13.405,
          52.52
        ]
      },
      "properties": {
        "name": "Alexander Krawetz",
        "alternative_names": [
          "Alexander Krawetz"
        ],
        "business_type": "",
        "category": "",
        "address": "28, Berlin",
        "date_range": "1900-1945",
        "registration_date": "1900",
        "takeover_date": "",
        "liquidation_date": "",
        "dissolution_date": "",
        "geocode_confidence": 0.5
      }
    },
    {
      "type": "Feature",
      "geometry": {
        "type": "Point",
        "coordinates": [
          13.405,
          52.52
        ]
      },
      "properties": {
        "name": "Alexander Kremener & Co",
        "alternative_names": [
          "Alexander Kremener & Co"
        ],
        "business_type": "Alexander Kremener & Co Alexander Kremener & Co metals and metal goods",
        "category": "Industry",
        "address": "Florastr. 8, Berlin",
        "date_range": "1905-1935",
        "registration_date": "1905",
        "takeover_date": "",
        "liquidation_date": "",
        "dissolution_date": "1935",
        "geocode_confidence": 0.5
      }
    },
    {
      "type": "Feature",
      "geometry": {
        "type": "Point",
        "coordinates": [
          13.405,
          52.52
        ]
      },
      "properties": {
        "name": "Alexander Ledermann",
        "alternative_names": [
          "Alexander Ledermann"
        ],
        "business_type": "textiles and clothing",
        "category": "",
        "address": "Rosenstr. 15, Berlin",
        "date_range": "1935-1940",
        "registration_date": "1935",
        "takeover_date": "",
        "liquidation_date": "",
        "dissolution_date": "1940",
        "geocode_confidence": 0.5
      }
    },
    {
      "type": "Feature",
      "geometry": {
        "type": "Point",
        "coordinates": [
          13.405,
          52.52
        ]
      },
      "properties": {
        "name": "Alexander Levy",
        "alternative_names": [
          "Alexander Levy"
        ],
        "business_type": "textiles and clothing",
        "category": "",
        "address": "Rheinstr. 3, Berlin",
        "date_range": "1933-1937",
        "registration_date": "1933",
        "takeover_date": "",
        "liquidation_date": "",
        "dissolution_date": "1937",
        "geocode_confidence": 0.5
      }
    },
    {
      "type": "Feature",
      "geometry": {
        "type": "Point",
        "coordinates": [
          13.405,
          52.52
        ]
      },
      "properties": {
        "name": "Alexander Nei\u00dfer",
        "alternative_names": [
          "Alexander Nei\u00dfer"
        ],
        "business_type": "er Nahrungs- und Genussmittel",
        "category": "Trade",
        "address": "Sch\u00f6nburgstr. 8, Berlin",
        "date_range": "1924-1938",
        "registration_date": "1924",
        "takeover_date": "",
        "liquidation_date": "",
        "dissolution_date": "1938",
        "geocode_confidence": 0.5
      }
    },
    {
      "type": "Feature",
      "geometry": {
        "type": "Point",
        "coordinates": [
          13.405,
          52.52
        ]
      },
      "properties": {
        "name": "Alexander Riesenburger",
        "alternative_names": [
          "Alexander Riesenburger"
        ],
        "business_type": "Alexander Riesenburger Alexander Riesenburger Nahrungs- und Genussmittel",
        "category": "Trade",
        "address": "Bleibtreustr. 6, Berlin",
        "date_range": "1926-1938",
        "registration_date": "1926",
        "takeover_date": "",
        "liquidation_date": "",
        "dissolution_date": "1938",
        "geocode_confidence": 0.5
      }
    },
    {
      "type": "Feature",
      "geometry": {
        "type": "Point",
        "coordinates": [
          13.405,
          52.52
        ]
      },
      "properties": {
        "name": "Alexander Rosenau",
        "alternative_names": [
          "Alexander Rosenau"
        ],
        "business_type": "Alexander Rosenau Alexander Rosenau textiles and clothing",
        "category": "Trade",
        "address": "Kronenstr. 48/49, Berlin",
        "date_range": "1903-1945",
        "registration_date": "1903",
        "takeover_date": "",
        "liquidation_date": "",
        "dissolution_date": "",
        "geocode_confidence": 0.5
      }
    },
    {
      "type": "Feature",
      "geometry": {
        "type": "Point",
        "coordinates": [
          13.405,
          52.52
        ]
      },
      "properties": {
        "name": "Alexander Rosenberg KG",
        "alternative_names": [
          "Alexander Rosenberg KG"
        ],
        "business_type": "paper and paper goods",
        "category": "",
        "address": "Kommandantenstr. 10/11, Berlin",
        "date_range": "1913-1939",
        "registration_date": "1913",
        "takeover_date": "",
        "liquidation_date": "",
        "dissolution_date": "1939",
        "geocode_confidence": 0.5
      }
    },
    {
      "type": "Feature",
      "geometry": {
        "type": "Point",
        "coordinates": [
          13.405,
          52.52
        ]
      },
      "properties": {
        "name": "Alexander Stern",
        "alternative_names": [
          "Alexander Stern"
        ],
        "business_type": "Alexander Stern Alexander Stern real estate",
        "category": "Trade",
        "address": "Barbarossastr. 39, Berlin",
        "date_range": "1927-1940",
        "registration_date": "1927",
        "takeover_date": "",
        "liquidation_date": "",
        "dissolution_date": "1940",
        "geocode_confidence": 0.5
      }
    },
    {
      "type": "Feature",
      "geometry": {
        "type": "Point",
        "coordinates": [
          13.405,
          52.52
        ]
      },
      "properties": {
        "name": "Alexander und Raphael KG",
        "alternative_names": [
          "Alexander und Raphael KG"
        ],
        "business_type": "textiles and clothing",
        "category": "",
        "address": "Hausvogteiplatz 9, Berlin",
        "date_range": "1935-1939",
        "registration_date": "1935",
        "takeover_date": "",
        "liquidation_date": "",
        "dissolution_date": "1939",
        "geocode_confidence": 0.5
      }
    },
    {
      "type": "Feature",
      "geometry": {
        "type": "Point",
        "coordinates": [
          13.405,
          52.52
        ]
      },
      "properties": {
        "name": "Alexander, Georg",
        "alternative_names": [
          "Alexander, Georg"
        ],
        "business_type": "",
        "category": "",
        "address": "Siemensstr. 48, Berlin",
        "date_range": "1900-1945",
        "registration_date": "1900",
        "takeover_date": "",
        "liquidation_date": "",
        "dissolution_date": "",
        "geocode_confidence": 0.5
      }
    },
    {
      "type": "Feature",
      "geometry": {
        "type": "Point",
        "coordinates": [
          13.405,
          52.52
        ]
      },
      "properties": {
        "name": "Alexander, Rolf",
        "alternative_names": [
          "Alexander, Rolf"
        ],
        "business_type": "",
        "category": "",
        "address": "Calandrellistr. 29, Berlin",
        "date_range": "1900-1945",
        "registration_date": "1900",
        "takeover_date": "",
        "liquidation_date": "",
        "dissolution_date": "",
        "geocode_confidence": 0.5
      }
    },
    {
      "type": "Feature",
      "geometry": {
        "type": "Point",
        "coordinates": [
          13.405,
          52.52
        ]
      },
      "properties": {
        "name": "Alexander, Siegfried",
        "alternative_names": [
          "Alexander, Siegfried"
        ],
        "business_type": "",
        "category": "",
        "address": "Hewaldstr. 2, Berlin",
        "date_range": "1900-1945",
        "registration_date": "1900",
        "takeover_date": "",
        "liquidation_date": "",
        "dissolution_date": "",
        "geocode_confidence": 0.5
      }
    },
    {
      "type": "Feature",
      "geometry": {
        "type": "Point",
        "coordinates": [
          13.405,
          52.52
        ]
      },
      "properties": {
        "name": "Alexander-Apotheke Leopold Scheyer",
        "alternative_names": [
          "Alexander-Apotheke Leopold Scheyer"
        ],
        "business_type": "Alexander-Apotheke Leopold Scheyer pharmacies",
        "category": "",
        "address": "Alexanderstr. 8, Berlin",
        "date_range": "1902-1937",
        "registration_date": "1902",
        "takeover_date": "",
        "liquidation_date": "",
        "dissolution_date": "1937",
        "geocode_confidence": 0.5
      }
    },
    {
      "type": "Feature",
      "geometry": {
        "type": "Point",
        "coordinates": [
          13.405,
          52.52
        ]
      },
      "properties": {
        "name": "Alexander-Drogerie Apotheker Israel Abraham",
        "alternative_names": [
          "Alexander-Drogerie Apotheker Israel Abraham"
        ],
        "business_type": "Alexander-Drogerie Apotheker Israel Abraham Alexander-Drogerie Apotheker Israel Abraham Alexander-Drogerie Apotheker Israel Abraham Alexander-Drogerie Apotheker Israel Abraham chemicals and pharmaceuticals",
        "category": "Trade",
        "address": "Alexanderstr. 48, Berlin",
        "date_range": "1912-1938",
        "registration_date": "1912",
        "takeover_date": "",
        "liquidation_date": "",
        "dissolution_date": "1938",
        "geocode_confidence": 0.5
      }
    },
    {
      "type": "Feature",
      "geometry": {
        "type": "Point",
        "coordinates": [
          13.405,
          52.52
        ]
      },
      "properties": {
        "name": "Alexanderbasar GmbH",
        "alternative_names": [
          "Alexanderbasar GmbH"
        ],
        "business_type": "Alexanderbasar GmbH Alexanderbasar GmbH retail shops and department stores",
        "category": "Trade",
        "address": "Ritterstr. 11, Berlin",
        "date_range": "1926-1937",
        "registration_date": "1926",
        "takeover_date": "",
        "liquidation_date": "",
        "dissolution_date": "1937",
        "geocode_confidence": 0.5
      }
    },
    {
      "type": "Feature",
      "geometry": {
        "type": "Point",
        "coordinates": [
          13.405,
          52.52
        ]
      },
      "properties": {
        "name": "Alfons Goldstein",
        "alternative_names": [
          "Alfons Goldstein"
        ],
        "business_type": "Alfons Goldstein Alfons Goldstein Nahrungs- und Genussmittel",
        "category": "Trade",
        "address": "32/33, Berlin",
        "date_range": "1919-1938",
        "registration_date": "1919",
        "takeover_date": "",
        "liquidation_date": "",
        "dissolution_date": "1938",
        "geocode_confidence": 0.5
      }
    },
    {
      "type": "Feature",
      "geometry": {
        "type": "Point",
        "coordinates": [
          13.405,
          52.52
        ]
      },
      "properties": {
        "name": "Alfons Hopp",
        "alternative_names": [
          "Alfons Hopp"
        ],
        "business_type": "",
        "category": "",
        "address": "82, Berlin",
        "date_range": "1900-1945",
        "registration_date": "1900",
        "takeover_date": "",
        "liquidation_date": "",
        "dissolution_date": "",
        "geocode_confidence": 0.5
      }
    },
    {
      "type": "Feature",
      "geometry": {
        "type": "Point",
        "coordinates": [
          13.405,
          52.52
        ]
      },
      "properties": {
        "name": "Alfons Jacobsohn",
        "alternative_names": [
          "Alfons Jacobsohn"
        ],
        "business_type": "Alfons Jacobsohn Alfons Jacobsohn other",
        "category": "Trade",
        "address": "Alexandrinenstr. 112, Berlin",
        "date_range": "1906-1940",
        "registration_date": "1906",
        "takeover_date": "",
        "liquidation_date": "",
        "dissolution_date": "1940",
        "geocode_confidence": 0.5
      }
    }
  ]
}