id,title,page,old_category,new_mainBranch,new_sectorKey,match_quality
1,E. Braun & Co. Berlin,,business,,,not_found
2,Antiquariat Martin Breslauer,,business,,,not_found
3,The Deutsche Theater,,business,,,not_found
4,Ebro Upholstery,,business,,,not_found
5,Grain Wholesalers Alfred Höxter,,business,,,not_found
6,Fröhlich & Pelz Glass – Crystal – Porcelain,,business,,,not_found
7,Theaterkunst Theatrical Supplies,,business,,,not_found
8,Egg Wholesale and Retail Traders Jacobowitz & Co.,,business,,,not_found
9,Jonass & Co. Discount Department Store,,business,,,not_found
10,Karl Kutschera's Café Wien and Zigeunerkeller,,business,,,not_found
11,"Schule Reimann, College of Applied Art",,business,,,not_found
12,Garlic Product Specialists Ruilos G.m.b.H.,,business,,,not_found
13,Eduard and Max Moses Wassermann,,business,,,not_found
14,Butter Merchants Weinberger Brothers,,business,,,not_found
15,Yva Photographic Studio,,business,,,not_found
16,Nissim Zacouto's Wholesale Carpets,,business,,,not_found
4001,A. & B. Cohn,,business,,,not_found
17,A. & B. Elkisch,,business,,,not_found
18,A. & B. Kahane,,business,,,not_found
19,A. & B. Munter's Elektro-Engros-Haus,,business,,,not_found
20,A. & B. Schlochauer Grundbesitz AG,,business,,,not_found
21,A. & H. Kovács,,business,,,not_found
22,A. & I. Schmill,,business,,,not_found
23,A. & L. Gumpert,,business,,,not_found
24,A. & Leopold Reichmann,,business,,,not_found
25,A. & M. Rosanis,,business,,,not_found
26,A. & S. Goldmann,,business,,,not_found
27,A. & S. Segall,,business,,,not_found
28,A. Ackerhalt,,business,,,not_found
29,A. Asher & Co,,business,,,not_found
30,"A. B. C. Apotheken-Bedarfs-Contor, Vertrieb chemischer und pharmazeutischer Präparate Dr. Erwin Schwarz",,business,,,not_found
31,A. B. Citroen,,business,,,not_found
32,A. Baum,,business,,,not_found
33,A. Baumert-Export,,business,,,not_found
34,A. Becker & Co,,business,,,not_found
35,A. Benver GmbH,,business,,,not_found
36,A. Bergmann & Co,,business,,,not_found
37,A. Bieber & Sohn AG,,business,,,not_found
38,A. Blumenreich GmbH,,business,,,not_found
39,A. Bodenheimer & Cie GmbH,,business,,,not_found
40,A. Bores,,business,,,not_found
41,A. Bornstein & Co,,business,,,not_found
42,A. Breslauer,,business,,,not_found
43,A. Brünn j.,,business,,,not_found
44,A. Busse & Co AG,,business,,,not_found
45,A. Caminer & Co,,business,,,not_found
46,A. Christ GmbH,,business,,,not_found
47,A. Damitt,,business,,,not_found
48,A. Damitt Inkasso GmbH,,business,,,not_found
49,A. Davidoff & Co,,business,,,not_found
50,A. E. Wassermann,,business,,,not_found
51,A. Englard & Co KG,,business,,,not_found
52,A. Ephraim,,business,,,not_found
53,A. F. Gohlicke,,business,,,not_found
54,A. Falkenburger & Co,,business,,,not_found
55,A. Falkowitz & Co,,business,,,not_found
56,A. Feurig Apotheke Karl Meyer,,business,,,not_found
57,A. Fricke & Co,,business,,,not_found
58,A. Goldbruch,,business,,,not_found
59,A. Goldstein KG,,business,,,not_found
60,A. Gompertz GmbH,,business,,,not_found
61,A. Grün & Sohn,,business,,,not_found
62,A. H. Heymann & Co,,business,,,not_found
63,A. Haendler & Co,,business,,,not_found
64,A. Haubenschild,,business,,,not_found
65,A. Hefter Fleischwaren-GmbH,,business,,,not_found
66,A. Heinemann & Co GmbH,,business,,,not_found
67,A. Helfgott,,business,,,not_found
68,A. Hoffmann & Co,,business,,,not_found
69,"A. Hoffmann's Verlag Theater-Buch- und Musikalien-Literatur, GmbH",,business,,,not_found
70,"A. J. Bernstein & Sohn, KG",,business,,,not_found
71,A. J. Brodtmann,,business,,,not_found
72,A. Jacobsohn & Co,,business,,,not_found
73,A. Jandorf & Co,,business,,,not_found
74,A. Kalenscher,,business,,,not_found
75,A. Kaminsky,,business,,,not_found
76,A. Kariel & Co,,business,,,not_found
77,A. Krojanker Schuhfabrik Burg GmbH,,business,,,not_found
78,A. Lucae,,business,,,not_found
79,A. Löwi,,business,,,not_found
80,"A. Maaß Söhne, Bankgeschäft",,business,,,not_found
81,A. Mustroph,,business,,,not_found
82,A. Müller u. A. Müller,,business,,,not_found
83,A. N. Schmidt & Co GmbH,,business,,,not_found
84,A. Neumann & Söhne,,business,,,not_found
85,A. Oehlrich & Co,,business,,,not_found
86,A. Offenberg & Söhne,,business,,,not_found
87,A. Palis Nachf.,,business,,,not_found
88,A. Palm & Co,,business,,,not_found
89,A. Racusin & Co,,business,,,not_found
90,A. Reich & Co,,business,,,not_found
91,A. Rosenthal Nachf.,,business,,,not_found
92,A. Saalfeld & Co,,business,,,not_found
93,A. Schreiber & Co,,business,,,not_found
94,A. Schäfer Spedition & Möbeltransport,,business,,,not_found
95,A. Schön & Co,,business,,,not_found
96,A. Seydel & Cie AG,,business,,,not_found
97,A. Spörer & Co,,business,,,not_found
98,A. Steiner,,business,,,not_found
99,A. Suponitzki & Co,,business,,,not_found
100,A. Sylbertrest,,business,,,not_found
101,A. Ullendorff & Co,,business,,,not_found
102,A. V. G. Autoreifen-Vertriebs-Gesellschaft mbH,,business,,,not_found
110,A. Grün & Sohn,,business,,,not_found
113,A. Chill & Co,,business,,,not_found
117,A. Magnus,,business,,,not_found
119,A. Neumann & Co,,business,,,not_found
121,A. Grün & Sohn,,business,,,not_found
124,A. Grün & Sohn,,business,,,not_found
126,AG für Brennstoffvergasung,12,business,industry,CONSTRUCTION_MATERIALS_AND_FUEL,exact
127,AG für Eigentumschutz,12,business,services,OTHER,exact
129,AG für Finanzierungen am Grundstücksmarkt,12,business,trade,BANKS_AND_INSURANCE,exact
130,AG für Geschäfts- und Industriebauten,12,business,trade,REAL_ESTATE,exact
131,AG für Grundkredit,12,business,trade,BANKS_AND_INSURANCE,exact
132,AG für Grundstücksbeteiligungen,12,business,trade,REAL_ESTATE,exact
133,AG für Grundstücksverwaltung und Außenhandel,12,business,services,REAL_ESTATE,exact
134,AG für Handel und Grundbesitz,12,business,trade,REAL_ESTATE,exact
135,AG für Konsortialbeteiligung,12,business,trade,OTHER,exact
136,A. Velisch & Hochgesang,11,business,trade,TEXTILES_AND_CLOTHING,exact
139,A. Wertheim Special-Verkauf GmbH,11,business,trade,DEPARTMENT_STORES,exact
140,A. Woitke,11,business,,FOOD_AND_BEVERAGES,exact
142,A. Zuntz sel. Wwe.,11,business,industry,FOOD_AND_BEVERAGES,exact
144,AG Johannes Jeserich,11,business,,CONSTRUCTION,exact
145,AG für Biervertrieb,11,business,trade,FOOD_AND_BEVERAGES,exact
146,AG für Landwirtschaft und Industrie,13,business,trade,FOOD_AND_BEVERAGES,exact
147,AG für metallurgische Produkte,13,business,trade,METALS_AND_METAL_GOODS,exact
149,Abels Schokolade GmbH,13,business,trade,FOOD_AND_BEVERAGES,exact
150,Abr. Schmidt,13,business,trade,FOOD_AND_BEVERAGES,exact
151,Abraham Antmann,13,business,trade,TEXTILES_AND_CLOTHING,exact
153,Abraham Ball,13,business,trade,FOOD_AND_BEVERAGES,exact
154,Abraham Berenblum,13,business,,TEXTILES_AND_CLOTHING,exact
155,Abraham Brettschneider,13,business,trade,LEATHER_AND_SHOES,exact
157,Abraham Ebel,14,business,,,exact
158,Abraham Feder,14,business,,CONSTRUCTION,exact
160,Abraham Frommer,14,business,trade,FOOD_AND_BEVERAGES,exact
162,Abraham Herschaft,14,business,trade,OTHER,exact
163,Abraham J. Grebler,14,business,trade,FURNITURE,exact
165,Abraham Liß,14,business,,,exact
166,Abraham Pfeffer,15,business,trade,FOOD_AND_BEVERAGES,exact
168,Abraham Schaul,15,business,,HOUSEHOLD_GOODS,exact
169,Abraham Schlesinger,15,business,trade,BANKS_AND_INSURANCE,exact
170,Abraham Schäfer,15,business,,TEXTILES_AND_CLOTHING,exact
171,Abraham Stein,15,business,trade,FURNITURE,exact
173,Abraham Weber,15,business,,CHEMICALS_AND_PHARMACEUTICALS,exact
175,Abraham Wreschner,15,business,industry,METALS_AND_METAL_GOODS,exact
178,"Abraham, Ralph",16,business,,BANKS_AND_INSURANCE,exact
179,Abrahamowsky & Wagner,16,business,trade,TEXTILES_AND_CLOTHING,exact
180,Abram Dreisiuk,16,business,,LEATHER_AND_SHOES,exact
181,Abram Salwe,16,business,industry,TEXTILES_AND_CLOTHING,exact
182,Abé Ringer & Co,16,business,trade,BANKS_AND_INSURANCE,exact
186,Ad. Goldschmidt,17,business,trade,FOOD_AND_BEVERAGES,exact
189,Adalbert-Apotheke Walter Jacoby,17,business,trade,PHARMACIES,exact
191,Adam's Cigarrenfabriken,17,business,industry,FOOD_AND_BEVERAGES,exact
192,Adebek Auskunftei GmbH,17,business,services,OTHER,exact
193,Adedap Julius Gold,17,business,trade,TEXTILES_AND_CLOTHING,exact
195,"Ader, Rosa, geb. Weinberg",17,business,,TEXTILES_AND_CLOTHING,exact
197,Adler & Baranski,18,business,trade,TEXTILES_AND_CLOTHING,exact
198,Adler & Oppenheimer AG,18,business,industry,LEATHER_AND_SHOES,exact
199,Adler & Oppenheimer GmbH,18,business,trade,BANKS_AND_INSURANCE,exact
203,Adler-Apotheke Zehlendorf Dr. Georg Plack,18,business,trade,PHARMACIES,exact
204,"Adler-Drogerie, Herbert Weiß",18,business,,CHEMICALS_AND_PHARMACEUTICALS,exact
206,Adler-Maschinenfabrik Karl Frühling,19,business,industry,MACHINES_AND_VEHICLES,exact
207,Admiral Apotheke Siegfried Fink,19,business,trade,PHARMACIES,exact
209,Adolf A. Weinberg,19,business,industry,TEXTILES_AND_CLOTHING,exact
211,Adolf Apfelbaum,19,business,trade,LEATHER_AND_SHOES,exact
213,Adolf Auser & Co,19,business,industry,TEXTILES_AND_CLOTHING,exact
214,Adolf Badt,19,business,,HOUSEHOLD_GOODS,exact
216,Adolf Ballan,20,business,trade,TEXTILES_AND_CLOTHING,exact
217,Adolf Becker,20,business,trade,BANKS_AND_INSURANCE,exact
222,Adolf Bloch,20,business,,,exact
223,Adolf Boese,20,business,trade,JEWELRY_AND_PRECIOUS_METALS,exact
224,Adolf Brieger,20,business,trade,CHEMICALS_AND_PHARMACEUTICALS,exact
225,Adolf Brill,20,business,trade,CONSTRUCTION_MATERIALS_AND_FUEL,exact
226,Adolf Brotzen,21,business,trade,TEXTILES_AND_CLOTHING,exact
227,Adolf Bruck,21,business,trade,TEXTILES_AND_CLOTHING,exact
228,Adolf Brünn Nachf.,21,business,trade,TEXTILES_AND_CLOTHING,exact
229,Adolf Cohn Agentur und Commission,21,business,trade,OTHER,exact
233,Adolf Dannemann,21,business,trade,DEPARTMENT_STORES,exact
234,Adolf David,21,business,industry,LEATHER_AND_SHOES,exact
235,Adolf Dresler,21,business,,TEXTILES_AND_CLOTHING,exact
237,Adolf Ephraim,22,business,trade,TEXTILES_AND_CLOTHING,exact
238,Adolf Feinberg,22,business,trade,BANKS_AND_INSURANCE,exact
239,Adolf Fertig,22,business,trade,BANKS_AND_INSURANCE,exact
240,Adolf Fraenkel & Co,22,business,trade,TEXTILES_AND_CLOTHING,exact
242,Adolf Friedmann,22,business,,,exact
243,Adolf Fuchs,22,business,trade,TEXTILES_AND_CLOTHING,exact
245,Adolf Fürst,22,business,trade,BANKS_AND_INSURANCE,exact
246,Adolf Gabriel,23,business,,TEXTILES_AND_CLOTHING,exact
247,Adolf Galanty,23,business,trade,TEXTILES_AND_CLOTHING,exact
248,Adolf Gehr,23,business,trade,TEXTILES_AND_CLOTHING,exact
249,Adolf Gerber (Schuhhaus Gerber),23,business,,LEATHER_AND_SHOES,exact
251,Adolf Grünstein,23,business,trade,ELECTRICAL_GOODS,exact
252,Adolf H. Neumann,23,business,trade,BANKS_AND_INSURANCE,exact
255,Adolf Heinau,23,business,,,exact
257,Adolf Himmelweit,24,business,trade,TEXTILES_AND_CLOTHING,exact
259,Adolf Hirschfeld,24,business,trade,TEXTILES_AND_CLOTHING,exact
260,Adolf Hirschfeldt,24,business,trade,TEXTILES_AND_CLOTHING,exact
261,Adolf Hochwald,24,business,,TEXTILES_AND_CLOTHING,exact
263,Adolf Hollaender,24,business,trade,BANKS_AND_INSURANCE,exact
264,Adolf Illgen Sächsische Möbelfabrik,24,business,industry,FURNITURE,exact
265,Adolf Jurmann Großhandlung Elektrotechnischer Bedarfsartikel,24,business,trade,ELECTRICAL_GOODS,exact
266,Adolf Kahn,25,business,trade,FURNITURE,exact
267,Adolf Kaplan,25,business,trade,LEATHER_AND_SHOES,exact
268,Adolf Kempler,25,business,trade,TEXTILES_AND_CLOTHING,exact
272,Adolf Krause,25,business,trade,TEXTILES_AND_CLOTHING,exact
274,Adolf Kreutzberger Inhaber Joseph Danziger,25,business,trade,TEXTILES_AND_CLOTHING,exact
275,Adolf Kuba,25,business,,TEXTILES_AND_CLOTHING,exact
276,Adolf Kuttner,26,business,trade,FOOD_AND_BEVERAGES,exact
277,Adolf Lacher,26,business,,PUBLISHING_AND_PRINTING,exact
278,Adolf Lemchen & Günther,26,business,trade,TEXTILES_AND_CLOTHING,exact
279,Adolf Lent,26,business,industry,TEXTILES_AND_CLOTHING,exact
281,Adolf Lewin Uhrmacher und Juwelier GmbH,26,business,trade,JEWELRY_AND_PRECIOUS_METALS,exact
283,Adolf Lieser,26,business,trade,OTHER,exact
285,Adolf Loebmann,26,business,,BANKS_AND_INSURANCE,exact
288,Adolf Maaß Fabrik antiseptischer Artikel,27,business,industry,LEATHER_AND_SHOES,exact
291,Adolf Meyer Mützenfabrication,27,business,industry,TEXTILES_AND_CLOTHING,exact
294,Adolf Neumann Engros-Haus für Futterstoffe & Schneiderartikel,27,business,trade,TEXTILES_AND_CLOTHING,exact
295,Adolf Pelz,27,business,trade,CONSTRUCTION_MATERIALS_AND_FUEL,exact
300,Adolf Praiß,28,business,trade,FOOD_AND_BEVERAGES,exact
301,Adolf Preiß,28,business,trade,TEXTILES_AND_CLOTHING,exact
302,Adolf Privin,28,business,trade,FOOD_AND_BEVERAGES,exact
303,Adolf Rewald,28,business,trade,BANKS_AND_INSURANCE,exact
305,Adolf Rosentreter,28,business,,FOOD_AND_BEVERAGES,exact
307,Adolf Rothenberg,29,business,trade,OTHER,exact
310,Adolf Sachs & Co,29,business,trade,BANKS_AND_INSURANCE,exact
311,Adolf Salz & Co GmbH,29,business,trade,REAL_ESTATE,exact
313,Adolf Schimmel,29,business,,TEXTILES_AND_CLOTHING,exact
314,Adolf Schneider Koks und Kohlen engros,29,business,trade,CONSTRUCTION_MATERIALS_AND_FUEL,exact
315,Adolf Schrubski,29,business,trade,TEXTILES_AND_CLOTHING,exact
316,Adolf Schubert,30,business,industry,MACHINES_AND_VEHICLES,exact
317,Adolf Sommerfeld,30,business,trade,METALS_AND_METAL_GOODS,exact
318,Adolf Sommerfeld Bauausführung,30,business,,CONSTRUCTION,exact
319,Adolf Stern Eisen- und Metallgroßhandlung,30,business,,,exact
322,Adolf Strahl,30,business,,HOUSEHOLD_GOODS,exact
327,Adolf Traube,31,business,trade,FOOD_AND_BEVERAGES,exact
328,Adolf Wagner & Co,31,business,industry,CHEMICALS_AND_PHARMACEUTICALS,exact
329,Adolf Weil & Orbach,31,business,industry,TEXTILES_AND_CLOTHING,exact
330,Adolf Weinberg,31,business,trade,TEXTILES_AND_CLOTHING,exact
331,Adolf Weininger,31,business,,FOOD_AND_BEVERAGES,exact
332,Adolf Weißmann & Co,31,business,trade,TEXTILES_AND_CLOTHING,exact
333,Adolf Wittkowski,31,business,trade,TEXTILES_AND_CLOTHING,exact
334,Adolf Wolff,31,business,trade,BANKS_AND_INSURANCE,exact
335,Adolf Wolffsky,31,business,trade,BANKS_AND_INSURANCE,exact
336,Adolf Zumpe senior GmbH,32,business,industry,PAPER_AND_PAPER_GOODS,exact
337,Adolph Asch Söhne,32,business,trade,OTHER,exact
339,Adolph Burchardt Soehne,32,business,trade,FURNITURE,exact
340,Adolph Danziger,32,business,trade,TEXTILES_AND_CLOTHING,exact
341,Adolph Fürstner,32,business,trade,BOOKS_AND_ART,exact
345,Adolph Kraft Nachfolger,32,business,trade,FOOD_AND_BEVERAGES,exact
346,Adolph Lewin,33,business,trade,BANKS_AND_INSURANCE,exact
347,Adolph Lewin Farbspritzerei,33,business,industry,PUBLISHING_AND_PRINTING,exact
348,Adolph Lewinski,33,business,trade,DEPARTMENT_STORES,exact
349,Adolph Maas & Co,33,business,industry,TEXTILES_AND_CLOTHING,exact
352,Adrema Export GmbH,33,business,trade,MACHINES_AND_VEHICLES,exact
353,Adrema Maschinenbau-GmbH,33,business,industry,MACHINES_AND_VEHICLES,exact
354,Adrema-Verwaltungsgesellschaft mbH,33,business,industry,MACHINES_AND_VEHICLES,exact
355,"Adriane Fabrikation chemischer und kosmetischer Artikel, GmbH",33,business,trade,CHEMICALS_AND_PHARMACEUTICALS,exact
357,Aerozon-Fabrik G. & B. Sternberg,34,business,industry,CHEMICALS_AND_PHARMACEUTICALS,exact
358,Aesculap-Apotheke Erich Jacobowitz,34,business,trade,PHARMACIES,exact
359,Aetz- und Emaillierwerk Schilder-Fischer GmbH,34,business,industry,METALS_AND_METAL_GOODS,exact
360,Agenturfirma Julius Lichtstern,34,business,trade,OTHER,exact
361,Agil Schweißverfahren GmbH,34,business,trade,METALS_AND_METAL_GOODS,exact
362,Agil Techn. Apparate Neumann & Co,34,business,trade,MACHINES_AND_VEHICLES,exact
363,Ago Grundstücks-AG,34,business,trade,REAL_ESTATE,exact
364,Ahage Allgemeine Hotelgesellschaft mbH,34,business,,,exact
365,Ahasver Grundstücks-Verwaltungs- und Verwertungs-AG,34,business,trade,REAL_ESTATE,exact
366,Ahders & Basch AG,35,business,trade,TEXTILES_AND_CLOTHING,exact
368,"Ahrends, Edmund",35,business,,,exact
369,Aisik Futtermann,35,business,trade,FOOD_AND_BEVERAGES,exact
370,Ajanoth Hebräischer Verlag GmbH,35,business,industry,PUBLISHING_AND_PRINTING,exact
373,Alb. B. Schlesinger,35,business,trade,TEXTILES_AND_CLOTHING,exact
374,Albert & Bruno Fischer,35,business,industry,TEXTILES_AND_CLOTHING,exact
375,Albert A. Levy,35,business,industry,TEXTILES_AND_CLOTHING,exact
377,Albert Asch,36,business,trade,LEATHER_AND_SHOES,exact
378,Albert Aschheim Tuch- und Seiden-Manufaktur,36,business,trade,TEXTILES_AND_CLOTHING,exact
379,Albert Becher,36,business,trade,LEATHER_AND_SHOES,exact
382,Albert Blumenthal,36,business,trade,METALS_AND_METAL_GOODS,exact
383,Albert Bondi,36,business,trade,FOOD_AND_BEVERAGES,exact
384,Albert Brasch Damenmäntelfabrik,36,business,trade,TEXTILES_AND_CLOTHING,exact
386,Albert Brody,37,business,trade,LEATHER_AND_SHOES,exact
388,Albert Coppermann,37,business,trade,BANKS_AND_INSURANCE,exact
389,Albert David,37,business,trade,BANKS_AND_INSURANCE,exact
391,Albert Dzialoszynski & Co in Liqu.,37,business,trade,TEXTILES_AND_CLOTHING,exact
392,Albert Falkenburger,37,business,trade,BANKS_AND_INSURANCE,exact
393,Albert Feldblum,37,business,,ADVERTISING,exact
394,Albert Friedländer,37,business,trade,BANKS_AND_INSURANCE,exact
395,Albert Gleiser Möbelfabrik-AG,37,business,trade,FURNITURE,exact
396,Albert Gleiser Möbelhaus GmbH,38,business,trade,FURNITURE,exact
397,Albert Goldberg,38,business,trade,FOOD_AND_BEVERAGES,exact
398,Albert Gottheimer GmbH,38,business,industry,CHEMICALS_AND_PHARMACEUTICALS,exact
399,Albert Graetz,38,business,trade,TEXTILES_AND_CLOTHING,exact
400,Albert Grundei Wäsche-Verleih,38,business,services,TEXTILES_AND_CLOTHING,exact
401,Albert Grünpeter,38,business,trade,FURNITURE,exact
403,"Albert Hahn, Röhren-Walzwerk",38,business,industry,METALS_AND_METAL_GOODS,exact
404,"Albert Heimann, Bureau für Hypotheken- und Immobilienverkehr",38,business,trade,BANKS_AND_INSURANCE,exact
406,Albert Hübner Nachflgr.,39,business,trade,TEXTILES_AND_CLOTHING,exact
407,Albert Joel KG,39,business,trade,BANKS_AND_INSURANCE,exact
408,Albert Joel junior,39,business,industry,METALS_AND_METAL_GOODS,exact
409,Albert Kaatz,39,business,trade,FOOD_AND_BEVERAGES,exact
410,Albert Kasulke,39,business,trade,FOOD_AND_BEVERAGES,exact
412,Albert Kerwitz,39,business,,,exact
413,Albert Krotoschin,39,business,trade,CONSTRUCTION,exact
414,Albert Labus AG,39,business,industry,PAPER_AND_PAPER_GOODS,exact
415,Albert Levy,39,business,trade,TEXTILES_AND_CLOTHING,exact
416,Albert Lipschütz,40,business,trade,TEXTILES_AND_CLOTHING,exact
418,Albert Loewenthal,40,business,trade,LEATHER_AND_SHOES,exact
419,Albert Maier u. Co Fabrik für Knabenkleidung,40,business,industry,TEXTILES_AND_CLOTHING,exact
422,Albert Mendel AG,40,business,industry,CHEMICALS_AND_PHARMACEUTICALS,exact
423,Albert Meyer,40,business,trade,DEPARTMENT_STORES,exact
424,"Albert Meyer, Getreide",40,business,trade,FOOD_AND_BEVERAGES,exact
425,Albert Moses,40,business,trade,TEXTILES_AND_CLOTHING,exact
426,Albert Neumann,41,business,trade,TEXTILES_AND_CLOTHING,exact
430,Albert Rosenhain Exportgesellschaft mbH,41,business,trade,OTHER,exact
431,Albert Rosenhain GmbH,41,business,trade,LEATHER_AND_SHOES,exact
432,Albert Rosenthal & Co,41,business,trade,TEXTILES_AND_CLOTHING,exact
433,Albert Schön,41,business,trade,BOOKS_AND_ART,exact
435,Albert Stern,41,business,trade,TEXTILES_AND_CLOTHING,exact
437,Albert Stolzmann,42,business,trade,FOOD_AND_BEVERAGES,exact
438,Albert Treuherz,42,business,trade,TEXTILES_AND_CLOTHING,exact
439,Albert Unger,42,business,,TEXTILES_AND_CLOTHING,exact
440,Albert Wallach,42,business,trade,HOUSEHOLD_GOODS,exact
441,Albert Wisniewski,42,business,trade,TEXTILES_AND_CLOTHING,exact
442,Alberti Schallplatten Vertriebs-GmbH,42,business,trade,MACHINES_AND_VEHICLES,exact
443,Albina Grundstücks-Erwerbsgesellschaft mbH,42,business,trade,REAL_ESTATE,exact
445,Albogran F. du Bois-Reymond & Salz,42,business,industry,FOOD_AND_BEVERAGES,exact
446,Alboldt & Co GmbH,43,business,,,exact
448,Albrechtsdorfer Holzverwertungsgesellschaft mbH,43,business,industry,CONSTRUCTION_MATERIALS_AND_FUEL,exact
449,Albrechtshof Lichtspiele GmbH,43,business,services,RESTAURANTS,exact
452,Aldemag Allgemeine Deutsche Margarine-AG,43,business,,FOOD_AND_BEVERAGES,exact
454,Aldus Druck GmbH,43,business,industry,PUBLISHING_AND_PRINTING,exact
455,Alebi Allgemeine Lebensmittel-Importgesellschaft mbH,43,business,trade,REAL_ESTATE,exact
456,Alessinwerke Chemische Fabrik GmbH,44,business,industry,CHEMICALS_AND_PHARMACEUTICALS,exact
457,Alex Birnbaum,44,business,trade,FURNITURE,exact
459,Alex Elsoffer,44,business,,BANKS_AND_INSURANCE,exact
460,Alex Flatow,44,business,industry,FOOD_AND_BEVERAGES,exact
461,Alex Goldmann,44,business,trade,TEXTILES_AND_CLOTHING,exact
462,Alex Hiller & Co,44,business,trade,TEXTILES_AND_CLOTHING,exact
463,Alex Hirsch,44,business,trade,DEPARTMENT_STORES,exact
466,Alex Zimmt,45,business,trade,TEXTILES_AND_CLOTHING,exact
467,Alex. Mandelbaum,45,business,trade,JEWELRY_AND_PRECIOUS_METALS,exact
471,Alexander Bukofzer Weingroßhandlung und Herstellung von Spirituosen und Säften,45,business,trade,FOOD_AND_BEVERAGES,exact
472,Alexander Conitzer,45,business,trade,BANKS_AND_INSURANCE,exact
474,Alexander Grundstücksgesellschaft m.b.H,45,business,,,exact
476,Alexander Heinrich,46,business,trade,TEXTILES_AND_CLOTHING,exact
477,Alexander Hermers,46,business,trade,MACHINES_AND_VEHICLES,exact
478,Alexander Herzfeld,46,business,trade,BANKS_AND_INSURANCE,exact
479,Alexander Herzog,46,business,trade,FOOD_AND_BEVERAGES,exact
480,Alexander Hiller Konfektion,46,business,trade,TEXTILES_AND_CLOTHING,exact
483,Alexander Kremener & Co,46,business,industry,METALS_AND_METAL_GOODS,exact
484,Alexander Ledermann,46,business,trade,TEXTILES_AND_CLOTHING,exact
485,Alexander Levy,46,business,trade,TEXTILES_AND_CLOTHING,exact
486,Alexander Neißer,47,business,trade,FOOD_AND_BEVERAGES,exact
487,Alexander Riesenburger,47,business,trade,FOOD_AND_BEVERAGES,exact
488,Alexander Rosenau,47,business,trade,TEXTILES_AND_CLOTHING,exact
489,Alexander Rosenberg KG,47,business,trade,PAPER_AND_PAPER_GOODS,exact
490,Alexander Stern,47,business,trade,REAL_ESTATE,exact
491,Alexander und Raphael KG,47,business,trade,TEXTILES_AND_CLOTHING,exact
492,"Alexander, Georg",47,business,,TEXTILES_AND_CLOTHING,exact
493,"Alexander, Rolf",47,business,,,exact
494,"Alexander, Siegfried",47,business,,,exact
495,Alexander-Apotheke Leopold Scheyer,47,business,trade,PHARMACIES,exact
496,Alexander-Drogerie Apotheker Israel Abraham,48,business,trade,CHEMICALS_AND_PHARMACEUTICALS,exact
497,Alexanderbasar GmbH,48,business,trade,DEPARTMENT_STORES,exact
498,Alfons Goldstein,48,business,trade,FOOD_AND_BEVERAGES,exact
500,Alfons Jacobsohn,48,business,trade,OTHER,exact
501,Alfred Dienstfertig & Co,51,business,trade,BANKS_AND_INSURANCE,exact
502,Alfred Dreifuß,51,business,trade,METALS_AND_METAL_GOODS,exact
503,Alfred Dreyfuss,51,business,trade,TEXTILES_AND_CLOTHING,exact
504,Alfred Drucker,51,business,industry,METALS_AND_METAL_GOODS,exact
505,Alfred Ehrlich,51,business,trade,OTHER,exact
506,Alfred Elkan,51,business,trade,OTHER,exact
507,Alfred Ellinger,51,business,trade,TEXTILES_AND_CLOTHING,exact
508,Alfred Ephraim,51,business,,TEXTILES_AND_CLOTHING,exact
510,Alfred Feibusch,51,business,,ELECTRICAL_GOODS,exact
511,Alfred Heller vorm. Hugo Müller,53,business,trade,FOOD_AND_BEVERAGES,exact
512,Alfred Herz,53,business,trade,TEXTILES_AND_CLOTHING,exact
515,Alfred Hurwitz,53,business,,JEWELRY_AND_PRECIOUS_METALS,exact
516,Alfred Höxter,53,business,trade,FOOD_AND_BEVERAGES,exact
517,Alfred J. Stern,53,business,industry,TEXTILES_AND_CLOTHING,exact
521,Alfred Flatow,52,business,trade,MACHINES_AND_VEHICLES,exact
523,Alfred Freund & Co,52,business,trade,BANKS_AND_INSURANCE,exact
526,Alfred Gude & Co Chemische Fabrik GmbH,52,business,industry,CHEMICALS_AND_PHARMACEUTICALS,exact
528,Alfred Hartbrodt,52,business,trade,JEWELRY_AND_PRECIOUS_METALS,exact_ambiguous_2
529,Alfred Hartbrodt,52,business,trade,JEWELRY_AND_PRECIOUS_METALS,exact_ambiguous_2
531,Alfred M. Cohn,56,business,trade,BANKS_AND_INSURANCE,exact
532,Alfred Marcus,56,business,trade,LEATHER_AND_SHOES,exact
533,Alfred Marcus & Co,56,business,trade,FOOD_AND_BEVERAGES,exact
534,Alfred May,56,business,trade,BANKS_AND_INSURANCE,exact
537,Alfred Meyer,56,business,trade,TEXTILES_AND_CLOTHING,exact
538,Alfred Meyersberg,56,business,trade,BANKS_AND_INSURANCE,exact
539,Alfred Mokrauer,56,business,trade,TEXTILES_AND_CLOTHING,exact
541,Alfred Jany Schokoladen-Großhandlung,54,business,trade,FOOD_AND_BEVERAGES,exact
542,Alfred Karg Verwaltungsgesellschaft für Grundbesitz mbH,54,business,services,REAL_ESTATE,exact
543,"Alfred Karg, Grundstücks-GmbH",54,business,trade,REAL_ESTATE,exact
545,Alfred Keßler & Max Silbermann,54,business,industry,PUBLISHING_AND_PRINTING,exact
547,Alfred Koh,54,business,trade,OTHER,exact
548,Alfred Krawitz,54,business,,JEWELRY_AND_PRECIOUS_METALS,exact
550,Alfred Laski & Co Tabakwarengroßhandlung,54,business,trade,FOOD_AND_BEVERAGES,exact
551,Alfred Leiser,55,business,trade,FURNITURE,exact
552,Alfred Levy,55,business,trade,CONSTRUCTION_MATERIALS_AND_FUEL,exact
553,Alfred Lewandowski & Co,55,business,trade,FOOD_AND_BEVERAGES,exact
554,Alfred Litten,55,business,trade,TEXTILES_AND_CLOTHING,exact
556,Alfred Loewe,55,business,trade,TEXTILES_AND_CLOTHING,exact
557,Alfred Loewenberg & Co,55,business,trade,FURNITURE,exact
559,Alfred Luft,55,business,trade,TEXTILES_AND_CLOTHING,exact
563,"Alfred Sachs, Ingenieur",58,business,trade,MACHINES_AND_VEHICLES,exact
564,Alfred Sawady,58,business,,TEXTILES_AND_CLOTHING,exact
565,Alfred Schapiro,58,business,trade,TEXTILES_AND_CLOTHING,exact
566,Alfred Scherk Möbel-Engros-Agentur,58,business,trade,FURNITURE,exact
567,Alfred Schmoller & Co,58,business,trade,CHEMICALS_AND_PHARMACEUTICALS,exact
568,Alfred Schwarzkopf,58,business,,HOUSEHOLD_GOODS,exact
569,"Alfred Schönberg, Bahnen für Schmal- und Normalspur",58,business,trade,METALS_AND_METAL_GOODS,exact
570,Alfred Seligmann,58,business,industry,TEXTILES_AND_CLOTHING,exact
573,Alfred Neustadt,57,business,trade,BANKS_AND_INSURANCE,exact
576,Alfred Popper Lederfabrik,57,business,industry,LEATHER_AND_SHOES,exact
578,Alfred Pulvermacher & Co,57,business,industry,PUBLISHING_AND_PRINTING,exact
579,Alfred Reiß GmbH,57,business,trade,PAPER_AND_PAPER_GOODS,exact
580,Alfred Rosenberg,57,business,trade,FOOD_AND_BEVERAGES,exact
581,Alfred Seligsohn,59,business,trade,CONSTRUCTION_MATERIALS_AND_FUEL,exact
583,"Alfred Stahl, Architekt, Atelier für vornehme Wohnungseinrichtungen",59,business,trade,METALS_AND_METAL_GOODS,exact
584,Alfred Stein,59,business,handicraft,JEWELRY_AND_PRECIOUS_METALS,exact
585,Alfred Stern & Co,59,business,trade,TEXTILES_AND_CLOTHING,exact
586,Alfred Stern GmbH,59,business,trade,LEATHER_AND_SHOES,exact
587,Alfred Sulke,59,business,trade,CONSTRUCTION_MATERIALS_AND_FUEL,exact
588,Alfred Süßmann,59,business,,,exact
590,Alfred Weinberg,59,business,trade,PAPER_AND_PAPER_GOODS,exact
591,Alfred Weinstok,60,business,,JEWELRY_AND_PRECIOUS_METALS,exact
592,Alfred Weiß,60,business,trade,TEXTILES_AND_CLOTHING,exact
594,Alfred Zentler AG,60,business,industry,TEXTILES_AND_CLOTHING,exact
595,Alfred Zielenziger,60,business,trade,BANKS_AND_INSURANCE,exact
596,Ali-Bar Betriebsgesellschaft mbH,60,business,,,exact
597,"Alice Glaser, in Firma Chemnitzer Strumpf",60,business,,TEXTILES_AND_CLOTHING,exact
598,Alice Jolles,60,business,trade,TEXTILES_AND_CLOTHING,exact
599,Alice Kappler,60,business,trade,TEXTILES_AND_CLOTHING,exact
600,Alice Lewin,60,business,,TEXTILES_AND_CLOTHING,exact
601,Allgemeine Gesellschaft für Bauausführungen mbH,62,business,,CONSTRUCTION,exact
602,Allgemeine Grund- und Bau-GmbH,62,business,trade,REAL_ESTATE,exact
603,Allgemeine Häuserbau-Actien-Gesellschaft von 1872 Adolf Sommerfeld,62,business,,CONSTRUCTION,exact
604,Allgemeine Immobilien-GmbH,62,business,trade,REAL_ESTATE,exact
605,Allgemeine Rauchwaren Handelsgesellschaft mbH H. Wolff Junior,62,business,trade,TEXTILES_AND_CLOTHING,exact
607,"Allgemeine Staubvergasungs-GmbH, Geschäftsf. Frl. Lichtenberg",62,business,,MACHINES_AND_VEHICLES,exact
609,Alligator Lederwaren KG Adolf Schmidt & Co,62,business,trade,LEATHER_AND_SHOES,exact
611,Alice Matzdorff,61,business,handicraft,PHOTOGRAPHY_AND_FILM,exact
615,"Alkan, Heumann & Co GmbH",61,business,trade,TEXTILES_AND_CLOTHING,exact
616,Alkazar Tanzpalast GmbH,61,business,,,exact
617,Allegro Theaterverlag GmbH,61,business,industry,PUBLISHING_AND_PRINTING,exact
618,Allerhand & Katz,61,business,trade,JEWELRY_AND_PRECIOUS_METALS,exact
619,Alles für die Dame Wanda Spiegel,61,business,trade,TEXTILES_AND_CLOTHING,exact
623,Almana Kleider Alfred Manasse,63,business,industry,TEXTILES_AND_CLOTHING,exact
624,Almerfa-Geschäftsbücherfabrik Alfred Meyer Nachfolger,63,business,industry,PAPER_AND_PAPER_GOODS,exact
627,Alpex-Gesellschaft Fabrik kosmetischer Präparate Katz u. Berent,63,business,industry,CHEMICALS_AND_PHARMACEUTICALS,exact
628,Alphons Bernstein,63,business,trade,BANKS_AND_INSURANCE,exact
630,Alt-Berlin Grundstücksverwertungsgesellschaft mbH,63,business,trade,REAL_ESTATE,exact
632,"Ambasch, Leon",65,business,,JEWELRY_AND_PRECIOUS_METALS,exact
633,Ambi Eigene Versicherungs GmbH,65,business,trade,BANKS_AND_INSURANCE,exact
634,Ambi Maschinenbau AG,65,business,industry,MACHINES_AND_VEHICLES,exact
635,Ambi Verwaltung AG,65,business,industry,MACHINES_AND_VEHICLES,exact
639,Amerikanische Corset-Mode Valfer & Co,65,business,trade,TEXTILES_AND_CLOTHING,exact
641,Altaba Hut-Gesellschaft mbH,64,business,trade,TEXTILES_AND_CLOTHING,exact
643,Alter Abramowitz,64,business,trade,TEXTILES_AND_CLOTHING,exact
644,Altkunst GmbH,64,business,trade,BOOKS_AND_ART,exact
646,Altschul & Sinzheimer,64,business,industry,TEXTILES_AND_CLOTHING,exact
647,Altstädtische Apotheke Inh. Apotheker Berthold Kremm,64,business,trade,PHARMACIES,exact
648,Alwin Ilius,64,business,,,exact
650,Amalien-Apotheke und Drogenhandlung Hugo Lehnsen,64,business,trade,PHARMACIES,exact
651,Andreas-Club Gebrüder Marcus,66,business,trade,TEXTILES_AND_CLOTHING,exact
652,Andreas-Club Hans Marcus,66,business,trade,TEXTILES_AND_CLOTHING,exact
653,Andreas-Drogerie,66,business,,CHEMICALS_AND_PHARMACEUTICALS,exact
654,Anghouli & Sohn,66,business,trade,TEXTILES_AND_CLOTHING,exact
655,Anghuli,66,business,,,exact
656,Anikst & Co Warenvertriebsgesellschaft mbH,66,business,trade,OTHER,exact
657,Anko Gamaschen GmbH,66,business,industry,TEXTILES_AND_CLOTHING,exact
659,Anna Bornstein,66,business,,FOOD_AND_BEVERAGES,exact
662,Anna Heppner,67,business,industry,CHEMICALS_AND_PHARMACEUTICALS,exact
663,Anna Hornik,67,business,industry,TEXTILES_AND_CLOTHING,exact
664,Anna Jaffé,67,business,trade,PAPER_AND_PAPER_GOODS,exact
667,Anna Planitz,67,business,trade,FURNITURE,exact
668,Anna Streit,67,business,,,exact
669,Anna Wagner Neuheitenvertrieb,67,business,trade,OTHER,exact
670,Anni Wolff,67,business,industry,TEXTILES_AND_CLOTHING,exact
671,Annie Rawitzer,68,business,,JEWELRY_AND_PRECIOUS_METALS,exact
673,Annoncen-GmbH,68,business,services,ADVERTISING,exact
675,Anschel Kellsohn Leder und Lederwaren,68,business,trade,LEATHER_AND_SHOES,exact
677,Anso Apparatebau GmbH,68,business,industry,MACHINES_AND_VEHICLES,exact
678,Anspach & Sohn,68,business,industry,TEXTILES_AND_CLOTHING,exact
679,Antike Wohnräume GmbH,68,business,trade,BOOKS_AND_ART,exact
680,Antiquariat Altmann GmbH,68,business,trade,BOOKS_AND_ART,exact
681,Antiquitäten GmbH,69,business,trade,BOOKS_AND_ART,exact
683,Anton & Alfred Lehmann AG,69,business,industry,MACHINES_AND_VEHICLES,exact
684,Anton Bretzel,69,business,trade,TEXTILES_AND_CLOTHING,exact
685,Anton Honcek,69,business,,,exact
687,Anton Meenen,69,business,trade,TEXTILES_AND_CLOTHING,exact
689,Anton Nathan,69,business,trade,MACHINES_AND_VEHICLES,exact
690,Anton Nathusius,69,business,industry,TEXTILES_AND_CLOTHING,exact
691,Anton Schlesinger,70,business,trade,BANKS_AND_INSURANCE,exact
692,Anton Stratmann Kaiser Barbarossa Apotheke,70,business,trade,PHARMACIES,exact
693,Anton Straßburger,70,business,,,exact
696,Apollo Wäsche-Verleih-Anstalt Dampfwäscherei Julius Moser,70,business,services,TEXTILES_AND_CLOTHING,exact
697,Apotecker & Günzburger,70,business,trade,TEXTILES_AND_CLOTHING,exact
699,Apotheke am Arminiusplatz Theodor Behusch,70,business,trade,PHARMACIES,exact
700,Apotheke am Hermannplatz Bruno Wolfsohn,70,business,trade,PHARMACIES,exact
702,Apotheke u. Drogenhandlung zum gekrönten schwarzen Adler Hugo Loebinger,71,business,trade,PHARMACIES,exact
703,Apotheke z. König Salomo Nathan Bermann Homöopathische Central Apotheke,71,business,trade,PHARMACIES,exact
704,Apotheke zum Eisernen Kreuz und Drogenhandlung Julius Friedländer,71,business,trade,PHARMACIES,exact
705,Apotheke zum goldenen Anker Ludwig Suckerow,71,business,trade,PHARMACIES,exact
706,Apotheke zum goldenen Hirsch Dr. Siegbert Meyer,71,business,trade,PHARMACIES,exact
707,Apotheker Alex Ettinger Roland Drogerie,71,business,trade,CHEMICALS_AND_PHARMACEUTICALS,exact
708,Apotheker Egon Lustig,71,business,trade,PHARMACIES,exact
709,Apotheker Franz Koenigsberger GmbH,71,business,industry,CHEMICALS_AND_PHARMACEUTICALS,exact
710,Apotheker Max Chaskel Diana-Drogerie,71,business,trade,CHEMICALS_AND_PHARMACEUTICALS,exact
711,Apotheker Rosenberg,72,business,,FOOD_AND_BEVERAGES,exact
712,Apparate-Bau- und Vertriebsgesellschaft System Reisz GmbH,72,business,industry,MACHINES_AND_VEHICLES,exact
713,Apt Eisenhandel GmbH,72,business,trade,METALS_AND_METAL_GOODS,exact
716,Arcadia Verlag GmbH,72,business,industry,PUBLISHING_AND_PRINTING,exact
718,Arena-Schuh- und Gamaschenfabrik Kurt Wolfsohn,72,business,industry,LEATHER_AND_SHOES,exact
720,Aristola Walter Losch Radio- und Sprechmaschinen Großhandlung,72,business,trade,MACHINES_AND_VEHICLES,exact
721,Arkady Chentow,73,business,trade,TEXTILES_AND_CLOTHING,exact
722,Armand Wolfsohn,73,business,trade,JEWELRY_AND_PRECIOUS_METALS,exact
725,Arnhold'sche Vermögensverwaltung GmbH,73,business,trade,BANKS_AND_INSURANCE,exact
726,Arno Kikoler,73,business,,PHOTOGRAPHY_AND_FILM,exact
727,Arno Raßner,73,business,,,exact
728,Arno Siegfeld,73,business,trade,METALS_AND_METAL_GOODS,exact
730,Arnold Ascher,73,business,trade,TEXTILES_AND_CLOTHING,exact
731,Arnold Bachrach,74,business,,ELECTRICAL_GOODS,exact
732,Arnold Becker,74,business,trade,BANKS_AND_INSURANCE,exact
733,Arnold Dreifuß,74,business,trade,LEATHER_AND_SHOES,exact
734,Arnold Fischer,74,business,trade,BANKS_AND_INSURANCE,exact
736,Arnold Friedler,74,business,,TEXTILES_AND_CLOTHING,exact
737,Arnold Frischmann,74,business,trade,TEXTILES_AND_CLOTHING,exact
738,Arnold Goldmann,74,business,trade,TEXTILES_AND_CLOTHING,exact
739,Arnold Gutkind,74,business,trade,FOOD_AND_BEVERAGES,exact
741,Arnold Lichtenstein,75,business,trade,TEXTILES_AND_CLOTHING,exact
742,Arnold Lippmann Inh. David Lippmann,75,business,trade,FOOD_AND_BEVERAGES,exact
748,Arnold Obersky AG,75,business,industry,TEXTILES_AND_CLOTHING,exact
749,Arnold Obersky GmbH Mieder- und Wäschefabrik,75,business,industry,TEXTILES_AND_CLOTHING,exact
750,Arnold Ritzewoller,75,business,trade,TEXTILES_AND_CLOTHING,exact
752,Arnold Türk,76,business,trade,TEXTILES_AND_CLOTHING,exact
753,Arnold Wangenheim,76,business,trade,LEATHER_AND_SHOES,exact
758,Aron Glaser,76,business,,TEXTILES_AND_CLOTHING,exact
759,Aron Hirsch & Sohn,76,business,trade,METALS_AND_METAL_GOODS,exact
760,Aron Hirschfeld,76,business,,FOOD_AND_BEVERAGES,exact
761,Aron Hoffmann,77,business,trade,FURNITURE,exact
762,Aron Katz Söhne,77,business,trade,FOOD_AND_BEVERAGES,exact
763,Aron Robak,77,business,trade,FURNITURE,exact
766,Aron Salomon,77,business,trade,BANKS_AND_INSURANCE,exact
768,Aronheim & Horwitz,77,business,industry,TEXTILES_AND_CLOTHING,exact
770,Arsa Textil- und Wirkwarengesellschaft mbH,77,business,trade,TEXTILES_AND_CLOTHING,exact
771,Arthur Abraham,78,business,trade,TEXTILES_AND_CLOTHING,exact
772,Arthur Abrahamsohn,78,business,trade,BANKS_AND_INSURANCE,exact
774,Arthur Auerhann,78,business,trade,FOOD_AND_BEVERAGES,exact
775,Arthur Behrendt Nachf. GmbH,78,business,industry,TEXTILES_AND_CLOTHING,exact
778,Arthur Buchholz,78,business,trade,BANKS_AND_INSURANCE,exact
782,Arthur Hirschfeld & Co,81,business,trade,BANKS_AND_INSURANCE,exact
783,Arthur Jachmann,81,business,trade,TEXTILES_AND_CLOTHING,exact
785,Arthur Jacoby GmbH,81,business,trade,METALS_AND_METAL_GOODS,exact
787,Arthur Katzenellenbogen & Co GmbH,81,business,,,exact
788,Arthur Kiewe,81,business,trade,METALS_AND_METAL_GOODS,exact
789,Arthur Klein,81,business,trade,FOOD_AND_BEVERAGES,exact
791,"Arthur Geibel, Diplom-Kaufmann",80,business,,,exact
796,Arthur Grimisch (Arthur Grzymisch),80,business,industry,TEXTILES_AND_CLOTHING,exact
797,Arthur Hanff,80,business,trade,MACHINES_AND_VEHICLES,exact
799,Arthur Heymann,80,business,trade,TEXTILES_AND_CLOTHING,exact
801,Arthur Dahlheim Gemälde Salons vereinigter Künstler,79,business,trade,BOOKS_AND_ART,exact
802,Arthur Ernsthal,79,business,trade,HOUSEHOLD_GOODS,exact
803,Arthur Fabian,79,business,trade,BANKS_AND_INSURANCE,exact
805,Arthur Fabian & Co KG in Liquidation,79,business,trade,BANKS_AND_INSURANCE,exact
806,Arthur Fabisch Fabrikation feiner Seifen und Parfümerien GmbH,79,business,industry,CHEMICALS_AND_PHARMACEUTICALS,exact
808,Arthur Friedmann,79,business,trade,OTHER,exact
809,Arthur Fuß,79,business,trade,JEWELRY_AND_PRECIOUS_METALS,exact
810,Arthur Gadiel,79,business,industry,TEXTILES_AND_CLOTHING,exact
811,Arthur Mannheim,83,business,trade,FOOD_AND_BEVERAGES,exact
812,Arthur Marcus,83,business,trade,CHEMICALS_AND_PHARMACEUTICALS,exact
816,Arthur Meyer,83,business,trade,OTHER,exact
817,Arthur Moral,83,business,trade,TEXTILES_AND_CLOTHING,exact
818,Arthur Moses,83,business,trade,TEXTILES_AND_CLOTHING,exact
819,"Arthur Myrants, Ingenieur",83,business,handicraft,CONSTRUCTION,exact
820,Arthur Oelsner,83,business,,FOOD_AND_BEVERAGES,exact
821,Arthur Peck,84,business,trade,TEXTILES_AND_CLOTHING,exact
823,Arthur Rautenberg & Co,84,business,trade,TEXTILES_AND_CLOTHING,exact
826,Arthur Rund,84,business,trade,TEXTILES_AND_CLOTHING,exact
829,"Arthur Salomon, Damenwäsche-Fabrikation",84,business,industry,TEXTILES_AND_CLOTHING,exact
830,Arthur Salzmann,84,business,trade,FOOD_AND_BEVERAGES,exact
833,Arthur Lehmann & Co,82,business,trade,BANKS_AND_INSURANCE,exact
837,Arthur Leyser Herren Confection,82,business,trade,TEXTILES_AND_CLOTHING,exact
838,Arthur Lichtenstein,82,business,services,ADVERTISING,exact
841,Arthur Wasservogel GmbH,86,business,industry,CHEMICALS_AND_PHARMACEUTICALS,exact
842,Arthur Weisselborn,86,business,,LEATHER_AND_SHOES,exact
844,Arthur Wittekind,86,business,trade,BOOKS_AND_ART,exact
845,Arthur Wolff & Katz,86,business,trade,TEXTILES_AND_CLOTHING,exact
847,Arthur Z. Levy,86,business,trade,BANKS_AND_INSURANCE,exact
848,Arthur Zerkowski GmbH,86,business,trade,TEXTILES_AND_CLOTHING,exact
849,Arthur Zirker,86,business,,TEXTILES_AND_CLOTHING,exact
850,Artiphon-Record Herrmann Eisner GmbH,86,business,industry,ELECTRICAL_GOODS,exact
851,Artur Bander,87,business,,,exact
853,Artur Caesar Behrendt,87,business,trade,REAL_ESTATE,exact
854,Artur Calmon,87,business,trade,TEXTILES_AND_CLOTHING,exact
855,Artur Fraenkel & Co,87,business,trade,TEXTILES_AND_CLOTHING,exact
856,Artur Friede,87,business,trade,TEXTILES_AND_CLOTHING,exact
857,Artur Kreisberg,87,business,trade,TEXTILES_AND_CLOTHING,exact
858,"Artur Okonski, Schuhgroßhandlung",87,business,trade,LEATHER_AND_SHOES,exact
859,Artur Rabow,87,business,trade,TEXTILES_AND_CLOTHING,exact
860,Artur Schoenherz,87,business,trade,TEXTILES_AND_CLOTHING,exact
861,Arthur Samulon,85,business,industry,TEXTILES_AND_CLOTHING,exact
862,Arthur Samulon Grundstücks GmbH,85,business,services,REAL_ESTATE,exact
863,Arthur Schindler,85,business,trade,TEXTILES_AND_CLOTHING,exact
864,Arthur Scholem,85,business,handicraft,PUBLISHING_AND_PRINTING,exact
866,Arthur Schwarzer,85,business,,BOOKS_AND_ART,exact
873,Ascher GmbH,88,business,industry,CHEMICALS_AND_PHARMACEUTICALS,exact
880,Astria Herrenkleidung GmbH,88,business,trade,TEXTILES_AND_CLOTHING,exact
883,"Atlasz, Arnold",90,business,,TEXTILES_AND_CLOTHING,exact
884,Atomiseur Gesellschaft für rationelle Zahn- und Mundpflege mbH,90,business,industry,MACHINES_AND_VEHICLES,exact
885,Atrax GmbH,90,business,,,exact
886,Audiowerk D. S. Loewe GmbH,90,business,industry,MACHINES_AND_VEHICLES,exact
887,Auerbach & Nachmann,90,business,industry,FURNITURE,exact
888,Auerbach & Steinitz,90,business,trade,TEXTILES_AND_CLOTHING,exact
890,August Benjamin Blusenfabrikation,90,business,trade,TEXTILES_AND_CLOTHING,exact
892,Atelier Arzt,89,business,,PHOTOGRAPHY_AND_FILM,exact
893,Atelier Hano,89,business,services,ADVERTISING,exact
895,"Atelier Werbesim, Kurt Simonsohn",89,business,,ADVERTISING,exact
897,Atlanta-Medica GmbH,89,business,industry,FURNITURE,exact
899,Atlantis-Film GmbH,89,business,trade,PHOTOGRAPHY_AND_FILM,exact
900,Atlas GmbH,89,business,trade,METALS_AND_METAL_GOODS,exact
903,Autogena Schweißindustrielle GmbH,93,business,trade,METALS_AND_METAL_GOODS,exact
904,Autohaus Bismarckstraße Muck & Pohle,93,business,trade,MACHINES_AND_VEHICLES,exact
905,Automaten-Restaurant Alexanderplatz Benno Einfeld,93,business,services,RESTAURANTS,exact
909,"Awia Steppdecken-Fabrikation, GmbH",93,business,industry,TEXTILES_AND_CLOTHING,exact
910,B. & E. Sachs,93,business,trade,BANKS_AND_INSURANCE,exact
912,"Auguste Viktoria Apotheke, Rehwald & Weiß",92,business,trade,PHARMACIES,exact
913,Auguste Zyka,92,business,,TEXTILES_AND_CLOTHING,exact
914,Auktionshaus am Reichskanzlerplatz GmbH,92,business,trade,BOOKS_AND_ART,exact
915,"Ausschnitt, Textilien",92,business,,,exact
916,Austrocknungsgesellschaft Erfolg mbH,92,business,,CONSTRUCTION,exact
917,Auto-Haus Chausseestraße 31 GmbH,92,business,trade,MACHINES_AND_VEHICLES,exact
919,Auto-Product GmbH,92,business,trade,MACHINES_AND_VEHICLES,exact
921,August Brünell,91,business,industry,METALS_AND_METAL_GOODS,exact
922,August Burg,91,business,trade,CONSTRUCTION_MATERIALS_AND_FUEL,exact
923,"August Franz, vormals Leo Raphael",91,business,,FOOD_AND_BEVERAGES,exact
924,August Knoche-Wallwitz GmbH,91,business,trade,FOOD_AND_BEVERAGES,exact
926,August Lucas,91,business,trade,TEXTILES_AND_CLOTHING,exact
929,Augusta Hausverwaltungs- und Grunderwerbs-AG,91,business,services,REAL_ESTATE,exact
930,Auguste Braß,91,business,,,exact
931,B. & J. Barkowsky,94,business,trade,TEXTILES_AND_CLOTHING,exact
932,B. & J. Moses,94,business,trade,TEXTILES_AND_CLOTHING,exact
933,B. & L. Weinstein,94,business,trade,LEATHER_AND_SHOES,exact
935,B. B. Berufs-Bekleidung Waldstein & Co,94,business,industry,TEXTILES_AND_CLOTHING,exact
938,B. E. G. Berliner Einheitspreis-GmbH,94,business,trade,OTHER,exact
939,B. Emanuel & Co,94,business,trade,TEXTILES_AND_CLOTHING,exact
940,B. Feder,94,business,trade,FURNITURE,exact
942,B. Fink & Co,95,business,trade,TEXTILES_AND_CLOTHING,exact
944,B. Hecht,95,business,trade,LEATHER_AND_SHOES,exact
947,B. Levin GmbH,95,business,industry,TEXTILES_AND_CLOTHING,exact
948,B. Levy,95,business,trade,TEXTILES_AND_CLOTHING,exact
949,B. Lewkowitz,95,business,trade,TEXTILES_AND_CLOTHING,exact
950,B. Magidson & Co,95,business,trade,TEXTILES_AND_CLOTHING,exact
952,B. Roos & Co,96,business,trade,CHEMICALS_AND_PHARMACEUTICALS,exact
953,B. Rosenberg & Co,96,business,industry,TEXTILES_AND_CLOTHING,exact
954,"B. Schreiber, in Firma  Frauenstolz",96,business,,TEXTILES_AND_CLOTHING,exact
957,B. Sulmann & Co,96,business,trade,CHEMICALS_AND_PHARMACEUTICALS,exact
960,B. Wolff,96,business,trade,TEXTILES_AND_CLOTHING,exact
961,B. Zacharek,97,business,,TEXTILES_AND_CLOTHING,exact
962,B. Zander & Co,97,business,trade,LEATHER_AND_SHOES,exact
964,BETEHA Berliner Textil-Handelsgesellschaft Anton Lankes & Co,97,business,trade,TEXTILES_AND_CLOTHING,exact
965,Bach & Mahlow,97,business,industry,MACHINES_AND_VEHICLES,exact
966,Bachborg-Reisen,97,business,,TRANSPORTATION,exact
967,Bacher & Leon,97,business,trade,TEXTILES_AND_CLOTHING,exact
968,Bachmann & Loewenstein,97,business,trade,TEXTILES_AND_CLOTHING,exact
969,Bachmann & Wolffheim,97,business,handicraft,TEXTILES_AND_CLOTHING,exact
970,Bachsaal,97,business,,,exact
971,"Badasch, Max",98,business,,,exact
972,Baden Grundstücksgesellschaft mbH,98,business,trade,REAL_ESTATE,exact
974,Baer & Salomon,98,business,industry,LEATHER_AND_SHOES,exact
975,Baer & Stein Metallwaren-Fabrik AG,98,business,industry,METALS_AND_METAL_GOODS,exact
976,Baermann & Schuster,98,business,trade,TEXTILES_AND_CLOTHING,exact
977,"Baerwald, Vertreter d. Firma Singer",98,business,,MACHINES_AND_VEHICLES,exact
979,Bahnpaketverkehr GmbH,98,business,services,TRANSPORTATION,exact
980,Ballnath & Stensch,98,business,industry,ELECTRICAL_GOODS,exact
981,Barber & Schönberg,100,business,trade,TEXTILES_AND_CLOTHING,exact
983,Barconia Schaufensterplakate - Dekorationspapiere Erna Rosenberg,100,business,trade,PAPER_AND_PAPER_GOODS,exact
984,Bardinet AG,100,business,trade,FOOD_AND_BEVERAGES,exact
985,Barenblatt & Co,100,business,trade,TEXTILES_AND_CLOTHING,exact
986,Barmat,100,business,,,exact
989,Baruch & Co GmbH,100,business,trade,TEXTILES_AND_CLOTHING,exact
991,Ballo & Schoepe,99,business,,CONSTRUCTION,exact
993,Bandvertrieb GmbH,99,business,trade,TEXTILES_AND_CLOTHING,exact
994,Bank für Montanindustrie AG,99,business,trade,BANKS_AND_INSURANCE,exact
995,Bankcommandite Lowinsky & Co,99,business,trade,BANKS_AND_INSURANCE,exact
998,Bankkommandite Gebrüder Oppler,99,business,trade,BANKS_AND_INSURANCE,exact
999,Bankkommandite H. Kahnheimer & Co,99,business,trade,BANKS_AND_INSURANCE,exact
1000,Bankkommanditgesellschaft Wilhelm Goldberg,99,business,trade,BANKS_AND_INSURANCE,exact
1001,Baruch Bibo,101,business,trade,BOOKS_AND_ART,exact
1002,Baruch Herbst,101,business,trade,FOOD_AND_BEVERAGES,exact
1005,Baruch Nebenzahl,101,business,trade,FOOD_AND_BEVERAGES,exact
1006,Basch & Co,101,business,trade,TEXTILES_AND_CLOTHING,exact
1007,Basel & Höfer,101,business,industry,TEXTILES_AND_CLOTHING,exact
1008,Basel & Höfer GmbH,101,business,trade,TEXTILES_AND_CLOTHING,exact
1009,Bassinger & Co,101,business,trade,REAL_ESTATE,exact
1010,Bau- und Bodengesellschaft Wannsee mbH,101,business,trade,REAL_ESTATE,exact
1011,Baugeschäft Berger & Co,102,business,,CONSTRUCTION,exact
1013,Baugesellschaft Zentrum GmbH,102,business,services,REAL_ESTATE,exact
1014,Bauhandel Baumaterialien-Großhandelsgesellschaft mbH,102,business,trade,CONSTRUCTION_MATERIALS_AND_FUEL,exact
1015,Baum & Lowinsky,102,business,trade,TEXTILES_AND_CLOTHING,exact
1017,Baumann & Falkenthal,102,business,trade,TEXTILES_AND_CLOTHING,exact
1020,Bavaria-Apotheke Clara Schubring,102,business,trade,PHARMACIES,exact
1021,"Befema, Berliner Feder-Matratzen-Fabrik Hermann Cohn",104,business,industry,TEXTILES_AND_CLOTHING,exact
1022,Beha Kurt Bernstein und Leo Hahn,104,business,,CONSTRUCTION,exact
1023,"Behrend, Emil",104,business,,FOOD_AND_BEVERAGES,exact
1024,"Behrend, Leopold",104,business,,TEXTILES_AND_CLOTHING,exact
1025,Behrendt & Bernstein,104,business,trade,TEXTILES_AND_CLOTHING,exact
1026,Behrendt & Co,104,business,trade,TEXTILES_AND_CLOTHING,exact
1027,Behrendt & Co Immobilien und Vermietungen,104,business,trade,REAL_ESTATE,exact
1028,Behrendt GmbH,104,business,trade,TEXTILES_AND_CLOTHING,exact
1029,Behrens & Baumann,104,business,industry,TEXTILES_AND_CLOTHING,exact
1032,Bayerisches Viertel Grundstücks-AG,103,business,trade,REAL_ESTATE,exact
1034,Be-Ha-We Berliner Herrenwäsche Fabrikationsgesellschaft mbH,103,business,industry,TEXTILES_AND_CLOTHING,exact
1035,Becher & Berlowitz,103,business,trade,FOOD_AND_BEVERAGES,exact
1036,Bechhold & Co KG,103,business,trade,BANKS_AND_INSURANCE,exact
1037,"Becker, Damenmoden",103,business,,,exact
1038,Beckert & Lefson Graphische Anstalt GmbH,103,business,industry,PUBLISHING_AND_PRINTING,exact
1039,Bedarfsartikel-Gesellschaft Bacharach & Co,103,business,trade,OTHER,exact
1040,Beerenblum Abraham,103,business,,,exact
1041,Bekleidung für Stadt und Land GmbH,105,business,industry,TEXTILES_AND_CLOTHING,exact
1042,Bekleidung für Werktätige Be Ha We Wilhelm Scholem,105,business,trade,TEXTILES_AND_CLOTHING,exact
1043,Bekleidungshaus B. Baer Sohn & Co GmbH,105,business,industry,TEXTILES_AND_CLOTHING,exact
1044,Bekleidungshaus GmbH,105,business,trade,DEPARTMENT_STORES,exact
1045,Bekleidungsvertrieb Peca Pitzela & Cash,105,business,trade,TEXTILES_AND_CLOTHING,exact
1046,Bekleidungswerke AG vorm. Thalheimer und J. & S. Marx Zweigniederlassung Berlin,105,business,industry,TEXTILES_AND_CLOTHING,exact
1048,Beleuchtungsgegenstände und Metallwarenfabrikation Rosenstock & Säbel,105,business,industry,ELECTRICAL_GOODS,exact
1049,Beleuchtungshaus des Westens Wilhelm Philippi,105,business,trade,ELECTRICAL_GOODS,exact
1050,Bella Link,105,business,,TEXTILES_AND_CLOTHING,exact
1053,Bellerstein & Wahren GmbH,106,business,services,REAL_ESTATE,exact
1054,Bellevue-Apotheke Dr. Georg Herzberg,106,business,trade,PHARMACIES,exact
1056,Belmona Uhrenfabrik GmbH,106,business,,,exact
1057,Ben Fett Filmproduktion und Vertrieb Inh. Benzion Fett,106,business,industry,PHOTOGRAPHY_AND_FILM,exact
1060,Bender-Immobilien Bruno Bender,106,business,trade,REAL_ESTATE,exact
1061,"Bendit, Paula, geb. Schwersenz",107,business,,MACHINES_AND_VEHICLES,exact
1063,Benedict Schwarzer,107,business,trade,TEXTILES_AND_CLOTHING,exact
1066,Benjamin Ehrlich,107,business,trade,JEWELRY_AND_PRECIOUS_METALS,exact
1068,Benjamin Harz,107,business,industry,PUBLISHING_AND_PRINTING,exact
1069,Benjamin Kristeller,107,business,trade,LEATHER_AND_SHOES,exact
1070,Benjamin Reicher,107,business,,TEXTILES_AND_CLOTHING,exact
1071,Benjamin Wagner,108,business,industry,TEXTILES_AND_CLOTHING,exact
1072,Benno Balah,108,business,,,exact
1073,Benno Belgard,108,business,trade,FOOD_AND_BEVERAGES,exact
1074,Benno Citroen,108,business,trade,TEXTILES_AND_CLOTHING,exact
1075,Benno Eisenstädt,108,business,trade,LEATHER_AND_SHOES,exact
1077,Benno Fiegel AG,108,business,trade,FOOD_AND_BEVERAGES,exact
1078,Benno Forchheimer,108,business,trade,FURNITURE,exact
1080,Benno Gleitzmann,108,business,trade,OTHER,exact
1081,Benno Glogauer,109,business,trade,TEXTILES_AND_CLOTHING,exact
1085,Benno Huldschinsky,109,business,trade,TEXTILES_AND_CLOTHING,exact
1086,Benno Kahn Fleisch- und Wurstwaren engros,109,business,trade,FOOD_AND_BEVERAGES,exact
1087,Benno Lachmann,109,business,,TEXTILES_AND_CLOTHING,exact
1088,Benno Laskowicz,109,business,trade,METALS_AND_METAL_GOODS,exact
1091,Benno Lobsenzer,110,business,trade,LEATHER_AND_SHOES,exact
1094,Benno Mendel,110,business,trade,FOOD_AND_BEVERAGES,exact
1095,Benno Menschel,110,business,industry,TEXTILES_AND_CLOTHING,exact
1096,Benno Meyer Ledermöbel-Fabrik,110,business,industry,FURNITURE,exact
1097,Benno Nordon,110,business,trade,TEXTILES_AND_CLOTHING,exact
1098,Benno Putziger,110,business,,ELECTRICAL_GOODS,exact
1099,Benno Salomon,110,business,trade,TEXTILES_AND_CLOTHING,exact
1103,Benno Silber & Co,111,business,trade,FOOD_AND_BEVERAGES,exact
1108,Benno Stahl & Sohn,111,business,trade,REAL_ESTATE,exact
1109,Benno Stahl und Sohn GmbH,111,business,trade,BANKS_AND_INSURANCE,exact
1111,Benno Walter & Co,112,business,industry,TEXTILES_AND_CLOTHING,exact
1112,Benno Wohlgemuth,112,business,,FOOD_AND_BEVERAGES,exact
1114,Benno Wormser,112,business,trade,BANKS_AND_INSURANCE,exact
1116,Berdach & Co,112,business,trade,BANKS_AND_INSURANCE,exact
1117,Berend & Co,112,business,trade,OTHER,exact
1118,"Berendt, Klara Sara",112,business,,PUBLISHING_AND_PRINTING,exact
1119,Berg & Co,112,business,handicraft,FURNITURE,exact
1120,Berg & Möller Jugendliche Konfektion,112,business,trade,TEXTILES_AND_CLOTHING,exact
1121,Berg am Zoo Helene u. Arthur Berg,113,business,services,RESTAURANTS,exact
1122,Berg's Restaurant Helene und Arthur Berg,113,business,services,RESTAURANTS,exact
1123,Berg-Apotheke Walter Schindler,113,business,trade,PHARMACIES,exact
1124,Bergas & Held,113,business,trade,PAPER_AND_PAPER_GOODS,exact
1125,Berger & Co,113,business,trade,TEXTILES_AND_CLOTHING,exact
1129,"Berger, Walter",113,business,,CONSTRUCTION,exact
1132,"Bergmann, Hermann Jakob",114,business,,TEXTILES_AND_CLOTHING,exact
1134,Berkowitz & Kühnen Textilrohstoffe GmbH,114,business,trade,TEXTILES_AND_CLOTHING,exact
1138,Berlin-Märkische Textilgesellschaft mbH,114,business,industry,TEXTILES_AND_CLOTHING,exact
1139,Berlin-Schöneberger Hausgrundstücks-Gesellschaft mbH,114,business,services,REAL_ESTATE,exact
1140,Berlin-Suhler Waffen- und Fahrzeugwerke Simson & Co,114,business,industry,MACHINES_AND_VEHICLES,exact_ambiguous_2
1141,Berliner Electro-Mechanische Werkstatt Moritz Mottek,116,business,industry,ELECTRICAL_GOODS,exact
1142,Berliner Electro-Plated Waren-Fabrik GmbH,116,business,industry,HOUSEHOLD_GOODS,exact
1143,Berliner Electro-Plated-Waren-Fabrik Siegmar Lewy,116,business,trade,HOUSEHOLD_GOODS,exact
1144,Berliner Export Company Dr. Herrmann & Co KG,116,business,trade,OTHER,exact
1145,Berliner Familienvermögen-Verwaltungs-GmbH,116,business,services,BANKS_AND_INSURANCE,exact
1146,Berliner Finanzierungs- und Handelsgesellschaft mbH,116,business,trade,BANKS_AND_INSURANCE,exact
1147,Berliner Fleisch-Centrale Neumann & Jacobsohn,116,business,trade,FOOD_AND_BEVERAGES,exact
1151,Berlin-Suhler Waffen- und Fahrzeugwerke Simson & Co,115,business,industry,MACHINES_AND_VEHICLES,exact_ambiguous_2
1152,Berliner & Jubelski,115,business,trade,TEXTILES_AND_CLOTHING,exact
1153,Berliner Bank-Institut Joseph Goldschmidt & Co,115,business,trade,BANKS_AND_INSURANCE,exact
1155,Berliner Bettenhaus Franz Schlesinger,115,business,trade,FURNITURE,exact
1158,Berliner Ceresin-Fabrik Graab & Kranich GmbH,115,business,industry,CHEMICALS_AND_PHARMACEUTICALS,exact
1160,Berliner Corset-Fabrik W. & G. Neumann,115,business,industry,TEXTILES_AND_CLOTHING,exact
1161,Berliner Gummimäntel-Fabrik GmbH,117,business,industry,TEXTILES_AND_CLOTHING,exact
1162,Berliner Handels-Gesellschaft,117,business,trade,BANKS_AND_INSURANCE,exact
1163,Berliner Hermannmühle Berthold Rotholz,117,business,trade,FOOD_AND_BEVERAGES,exact
1165,Berliner Holz- und Metallwarenfabrikation GmbH,117,business,industry,METALS_AND_METAL_GOODS,exact
1166,Berliner Holzbearbeitungs- und Lagereigesellschaft mbH,117,business,trade,CONSTRUCTION_MATERIALS_AND_FUEL,exact
1169,Berliner Juwelen Verkaufsstelle Sally Loewenstein,117,business,trade,JEWELRY_AND_PRECIOUS_METALS,exact
1171,Berliner Plan- u. Decken-Fabrik Siegfried Lewin,120,business,trade,HOUSEHOLD_GOODS,exact
1172,Berliner Plan- und Decken Vertrieb Lewin & Co,120,business,trade,TEXTILES_AND_CLOTHING,exact
1174,Berliner Präzisions-Werkzeug- und Maschinenfabrik Fleck & Co,120,business,industry,MACHINES_AND_VEHICLES,exact
1177,Berliner Schirm-Fabrik Eugen Lichtenstein,120,business,industry,TEXTILES_AND_CLOTHING,exact
1178,Berliner Schirm-Manufactur Lichtenstein & Co,120,business,industry,TEXTILES_AND_CLOTHING,exact
1179,Berliner Schlüsselverwahrungs-GmbH,120,business,services,OTHER,exact
1180,Berliner Schneiderei Artikel Simon Lilienfeld,120,business,trade,TEXTILES_AND_CLOTHING,exact
1181,Berliner Makronenfabrik Abraham Marcus,119,business,industry,FOOD_AND_BEVERAGES,exact
1182,Berliner Markisen- und Zelte-Fabrik Kajet & Haack,119,business,industry,FURNITURE,exact
1183,Berliner Mazzoth Fabrik Brüder Herzog,119,business,industry,FOOD_AND_BEVERAGES,exact
1185,Berliner Metallwaren- und Blankschraubenfabrik GmbH,119,business,trade,METALS_AND_METAL_GOODS,exact
1187,Berliner Nutzholz Handlung Erich Graetz,119,business,trade,CONSTRUCTION_MATERIALS_AND_FUEL,exact
1188,Berliner Papier-Versand Richard Löbl & Co,119,business,trade,PAPER_AND_PAPER_GOODS,exact
1189,Berliner Papierwaren Vertrieb Alfred Baer & Co,119,business,trade,PAPER_AND_PAPER_GOODS,exact
1190,Berliner Photo-Großhandlung Block & Co,119,business,industry,PHOTOGRAPHY_AND_FILM,exact
1192,Berliner Kaufhaus Adolf Stein,118,business,trade,DEPARTMENT_STORES,exact
1194,Berliner Knopfmanufaktur Tietz & Co GmbH,118,business,industry,TEXTILES_AND_CLOTHING,exact
1195,Berliner Krawattenfabrik Herz GmbH,118,business,industry,TEXTILES_AND_CLOTHING,exact
1196,Berliner Leder- und Sportbekleidungs-Fabrikation Adolf Margulis,118,business,industry,LEATHER_AND_SHOES,exact
1198,Berliner Lombard Anstalt GmbH,118,business,services,REAL_ESTATE,exact
1199,Berliner Lombard-Anstalt AG,118,business,,BANKS_AND_INSURANCE,exact
1201,Berliner Schuhvertrieb,121,business,,,exact
1203,Berliner Seifen- und Sodawerke AG,121,business,industry,CHEMICALS_AND_PHARMACEUTICALS,exact
1204,Berliner Silberwarenfabrik Adolf Kander,121,business,industry,METALS_AND_METAL_GOODS,exact
1205,Berliner Tageblatt Rudolf Mosse,121,business,industry,PUBLISHING_AND_PRINTING,exact
1206,"Berliner Tapisserie-Fabrik Sprinz, Happ & Co",121,business,industry,TEXTILES_AND_CLOTHING,exact
1207,Berliner Velvetfabrik M. Mengers & Söhne AG,121,business,industry,TEXTILES_AND_CLOTHING,exact
1209,Berliner Walkextrakt- und Fettfabrik GmbH,121,business,industry,FOOD_AND_BEVERAGES,exact
1212,Berlt & Silberstein,123,business,trade,TEXTILES_AND_CLOTHING,exact
1213,Bernath Sportmoden Egon Bernath,123,business,trade,TEXTILES_AND_CLOTHING,exact
1214,Bernet & Fraenkel,123,business,trade,TEXTILES_AND_CLOTHING,exact
1215,Bernhard Ahrndsen GmbH,123,business,industry,TEXTILES_AND_CLOTHING,exact
1216,Bernhard Altmann,123,business,industry,TEXTILES_AND_CLOTHING,exact
1217,Bernhard Angreß & Co,123,business,industry,PAPER_AND_PAPER_GOODS,exact
1219,Bernhard B. Simon,123,business,industry,METALS_AND_METAL_GOODS,exact
1222,Berliner West-Drogerie Parfümerie am Zoo Apotheker Heinrich Growald,122,business,trade,CHEMICALS_AND_PHARMACEUTICALS,exact
1223,Berliner Wäschefabrik Liepmann & Rieß,122,business,industry,TEXTILES_AND_CLOTHING,exact
1224,Berliner Zinkschmelzerei Josef Ury,122,business,trade,METALS_AND_METAL_GOODS,exact
1225,Berliner Zuckerwaren & Confitüren-Fabrik Sigmund Meyersohn,122,business,industry,FOOD_AND_BEVERAGES,exact
1228,Berlinische Boden-Gesellschaft,122,business,trade,REAL_ESTATE,exact
1229,Berlinische Bodencredit-AG,122,business,trade,BANKS_AND_INSURANCE,exact
1232,Bernhard Feiler,125,business,trade,TEXTILES_AND_CLOTHING,exact
1233,Bernhard Fliegel,125,business,trade,TEXTILES_AND_CLOTHING,exact
1235,Bernhard Friedler Tabakwarengroßhandlung,125,business,trade,FOOD_AND_BEVERAGES,exact
1236,Bernhard Förster,125,business,,CONSTRUCTION,exact
1237,Bernhard Grzymisch,125,business,trade,JEWELRY_AND_PRECIOUS_METALS,exact
1239,Bernhard Hirsch Herrenkleiderfabrik,125,business,industry,TEXTILES_AND_CLOTHING,exact
1240,Bernhard Hirschowitz,125,business,trade,FURNITURE,exact
1241,Bernhard Jacobsohn,126,business,trade,TEXTILES_AND_CLOTHING,exact
1242,Bernhard Jacobus,126,business,trade,TEXTILES_AND_CLOTHING,exact
1244,Bernhard Krieger,126,business,trade,FOOD_AND_BEVERAGES,exact
1247,Bernhard Lazarus Söhne,126,business,trade,LEATHER_AND_SHOES,exact
1248,Bernhard Leon,126,business,trade,TEXTILES_AND_CLOTHING,exact
1249,Bernhard Lewy,126,business,trade,TEXTILES_AND_CLOTHING,exact
1250,Bernhard Lewy Schneider Artikel,126,business,trade,TEXTILES_AND_CLOTHING,exact
1252,Bernhard Brauer,124,business,trade,LEATHER_AND_SHOES,exact
1258,Bernhard Cohn & Comp,124,business,trade,FOOD_AND_BEVERAGES,exact
1261,Bernhard Loewenberg,127,business,,,exact
1262,Bernhard Loewenthal,127,business,trade,BANKS_AND_INSURANCE,exact
1263,Bernhard Löwinsohn,127,business,trade,TEXTILES_AND_CLOTHING,exact
1266,"Bernhard Rosenbaum, Oekonom des Logenhauses",127,business,,RESTAURANTS,exact
1267,Bernhard Rosenstein,127,business,trade,LEATHER_AND_SHOES,exact
1269,Bernhard Roth Großschlächterei,127,business,industry,FOOD_AND_BEVERAGES,exact
1270,Bernhard Roßbach,127,business,,TEXTILES_AND_CLOTHING,exact
1272,"Bernhard Schumann, Eisdiele",128,business,,,exact
1274,Bernhard Tannenbaum,128,business,trade,MACHINES_AND_VEHICLES,exact
1275,Bernhard Ungar,128,business,,TEXTILES_AND_CLOTHING,exact
1277,Bernhard Wollenberg ZN Charlottenburg,128,business,trade,CONSTRUCTION_MATERIALS_AND_FUEL,exact
1278,Bernhard Wunderlich,128,business,trade,FOOD_AND_BEVERAGES,exact
1279,Bernhard Wunderlich GmbH,128,business,trade,FOOD_AND_BEVERAGES,exact
1280,Bernhard Wyan,128,business,trade,TEXTILES_AND_CLOTHING,exact
1281,Bernhardine Rosenberg,129,business,trade,TEXTILES_AND_CLOTHING,exact
1282,Bernhardt Lippmann,129,business,,,exact
1284,Bernstein & Baer,129,business,trade,FOOD_AND_BEVERAGES,exact
1285,Bernstein & Co,129,business,trade,BANKS_AND_INSURANCE,exact
1286,Bernstein & Comp. Specialgeschäft für Nähmaschinen und Fahrräder,129,business,trade,MACHINES_AND_VEHICLES,exact
1287,Bernstein & Krause,129,business,trade,CHEMICALS_AND_PHARMACEUTICALS,exact
1289,Bernstein & Schoenberger GmbH,129,business,,,exact
1292,Berolina Lederhandel GmbH,130,business,trade,LEATHER_AND_SHOES,exact
1293,Berolinum Privat-Pflegeheilanstalt,130,business,,,exact
1294,"Beroma, Meyer's Backmassen, Fabrik GmbH",130,business,industry,FOOD_AND_BEVERAGES,exact
1295,"Berqua Fabrikation von Puderquasten und einschlägiger Luxusartikel, GmbH",130,business,industry,CHEMICALS_AND_PHARMACEUTICALS,exact
1296,"Bersak, Paula",130,business,,TEXTILES_AND_CLOTHING,exact
1297,Berta Bernstein,130,business,trade,PAPER_AND_PAPER_GOODS,exact
1298,Berta Wollsteiner,130,business,,TEXTILES_AND_CLOTHING,exact
1299,Berth. Fließer,130,business,,FOOD_AND_BEVERAGES,exact
1301,Bertha Gessert,131,business,,,exact
1302,Bertha Herz,131,business,trade,FOOD_AND_BEVERAGES,exact
1303,Bertha Joachimsthal Spezial-Fabrikation für Zahnpasta und kosmetische Artikel für den tägl. Bedarf,131,business,industry,CHEMICALS_AND_PHARMACEUTICALS,exact
1305,Berthold Apelbaum,131,business,trade,BANKS_AND_INSURANCE,exact
1306,Berthold Baumgarten,131,business,trade,BANKS_AND_INSURANCE,exact
1310,"Berthold Cohn, GmbH",131,business,trade,FOOD_AND_BEVERAGES,exact
1312,Berthold Hammel,132,business,industry,TEXTILES_AND_CLOTHING,exact
1317,Berthold Levy,132,business,industry,PUBLISHING_AND_PRINTING,exact
1318,Berthold Metz,132,business,trade,FOOD_AND_BEVERAGES,exact
1319,Berthold Metzger,132,business,trade,TEXTILES_AND_CLOTHING,exact
1320,Berthold Neumann,132,business,trade,FURNITURE,exact
1321,Berthold Oppenheimer,133,business,trade,BANKS_AND_INSURANCE,exact
1323,Berthold Pommer,133,business,,FOOD_AND_BEVERAGES,exact
1325,Berthold Schweriner,133,business,trade,TEXTILES_AND_CLOTHING,exact
1326,Berthold Wreschner,133,business,trade,FURNITURE,exact
1327,Berthold Zinn,133,business,trade,FURNITURE,exact
1329,Berventulo Bewetterungs-GmbH,133,business,industry,CONSTRUCTION_MATERIALS_AND_FUEL,exact
1330,"Berventulo, Dr. Ing. Max Berlowitz",133,business,industry,ELECTRICAL_GOODS,exact
1331,Betty Vogel,136,business,industry,TEXTILES_AND_CLOTHING,exact
1335,Bewässerungsgesellschaft Palästina mbH,136,business,services,OTHER,exact
1336,"Biabag, Bau- und Industriebeteiligungs-AG",136,business,services,REAL_ESTATE,exact
1337,Bialek Schuh Dawid Bialek & Co,136,business,trade,LEATHER_AND_SHOES,exact
1338,Bialer & Co,136,business,trade,TEXTILES_AND_CLOTHING,exact
1339,Biberfeld & Meyer,136,business,trade,METALS_AND_METAL_GOODS,exact
1342,"Betty Baran, Wäsche- und Baumwollwaren engros",135,business,trade,TEXTILES_AND_CLOTHING,exact
1346,Betty Hutschnecker,135,business,,TEXTILES_AND_CLOTHING,exact
1348,Betty Leyser,135,business,,TEXTILES_AND_CLOTHING,exact
1349,Betty Rothholz,135,business,,,exact
1350,Betty Rubensohn,135,business,,FOOD_AND_BEVERAGES,exact
1351,Beton- und Tiefbau-Gesellschaft Mast mbH,134,business,,CONSTRUCTION,exact
1352,Betriebs-Revision GmbH,134,business,services,OTHER,exact
1353,Betriebsgesellschaft mbH der Carl Cohn AG,134,business,trade,TEXTILES_AND_CLOTHING,exact
1354,Betriebswerkstätte Ceo Czarlinski und Ott Fabrikation jugendlicher Kleider,134,business,industry,TEXTILES_AND_CLOTHING,exact
1355,Betriebswerkstätte Osten Wilhelm Rubinstein,134,business,trade,TEXTILES_AND_CLOTHING,exact
1356,"Bett, Simon & Co",134,business,trade,BANKS_AND_INSURANCE,exact
1357,Betten-Hühn,134,business,,FURNITURE,exact
1358,Bettenfabrik Strohmandel,134,business,,TEXTILES_AND_CLOTHING,exact
1359,Bettenhaus Georg Loewenhard,134,business,trade,FURNITURE,exact
1360,Bettenhaus Pincuss,134,business,,FURNITURE,exact
1362,Bibo & Jackier,137,business,trade,TEXTILES_AND_CLOTHING,exact
1363,"Bieber, Freundlich & Co",137,business,trade,TEXTILES_AND_CLOTHING,exact
1364,Biedermann & Mamlok,137,business,trade,TEXTILES_AND_CLOTHING,exact
1365,"Biek, Eugen",137,business,,HOUSEHOLD_GOODS,exact
1366,Bielschowsky & Hirsch,137,business,trade,FOOD_AND_BEVERAGES,exact
1367,"Bielschowsky, Erich",137,business,,BANKS_AND_INSURANCE,exact
1368,Bierhaus 3 Inh. Alfred Lipke,137,business,services,RESTAURANTS,exact
1370,"Bihag, Versicherungsbüro für Industrie, Handel und Gewerbe, Dr. Walter Mundt & Co",137,business,trade,BANKS_AND_INSURANCE,exact
1375,Bleibtreu Maier & Co,139,business,trade,BANKS_AND_INSURANCE,exact
1376,Bleichrode Heyl & Co,139,business,trade,TEXTILES_AND_CLOTHING,exact
1378,Blima Gingold,139,business,,,exact
1379,Blinden-Bürstenwerkstätte Friedenau Moritz Rosenzweig,139,business,industry,HOUSEHOLD_GOODS,exact
1380,Blindenwerkstatt Blindewa E. Langenkamp GmbH,139,business,trade,HOUSEHOLD_GOODS,exact
1381,Bildungsverein deutscher Juden,138,business,,,exact
1383,Birenhak & Mandel Herren- und Sport-Bekleidung,138,business,trade,TEXTILES_AND_CLOTHING,exact
1385,Birkle & Thomer,138,business,handicraft,PHOTOGRAPHY_AND_FILM,exact
1386,"Birnbaum, Kulik & Co, GmbH",138,business,industry,TEXTILES_AND_CLOTHING,exact
1387,Bismarck-Apotheke Inhaber Apotheker Arthur Hurtig,138,business,trade,PHARMACIES,exact
1388,"Blach, Siegfried",138,business,,,exact
1391,Blindenwerkstatt Süd-West Gebr. Goldstein,140,business,industry,HOUSEHOLD_GOODS,exact
1392,Blitz Möbel- und Warenvertrieb Max Grebler,140,business,trade,FURNITURE,exact
1394,"Bloch, Hans",140,business,,TEXTILES_AND_CLOTHING,exact
1395,Block & Simon,140,business,trade,TEXTILES_AND_CLOTHING,exact
1397,Blondine Straus,140,business,trade,TEXTILES_AND_CLOTHING,exact
1398,"Bluhm, Margarete",140,business,,BANKS_AND_INSURANCE,exact
1401,Blumenthal,142,business,,,exact
1404,Blusen Beer Erich Beer,142,business,trade,TEXTILES_AND_CLOTHING,exact
1405,Blusen-Pracht GmbH,142,business,trade,TEXTILES_AND_CLOTHING,exact
1407,Boas Weißbarth,142,business,industry,TEXTILES_AND_CLOTHING,exact
1410,"Bock, Lotte",142,business,,,exact
1413,Blumenfeld & Co GmbH,141,business,industry,TEXTILES_AND_CLOTHING,exact
1414,Blumenfeld & Feilchenfeld,141,business,industry,TEXTILES_AND_CLOTHING,exact
1416,Blumenhaus Gerson,141,business,,,exact
1418,"Blumenreich, Artur",141,business,,,exact
1420,Blumenstein,141,business,,,exact
1421,Bodengesellschaft Berlin-Lankwitz mbH,143,business,trade,REAL_ESTATE,exact
1422,Bodengesellschaft Saarbrückerstraße AG,143,business,trade,REAL_ESTATE,exact
1423,Bodenstein & Alexander,143,business,industry,TEXTILES_AND_CLOTHING,exact
1425,Boehm & Reitzenbaum,143,business,trade,BANKS_AND_INSURANCE,exact
1426,Boiler und Heizungschlangen-Reservoire Beha,143,business,handicraft,CONSTRUCTION,exact
1427,Boll & Spier,143,business,trade,TEXTILES_AND_CLOTHING,exact
1428,Bonbon u. Schokoladen-Fabrik Paul Cissarz,143,business,industry,FOOD_AND_BEVERAGES,exact
1429,Bondy & Sinasohn,143,business,trade,FOOD_AND_BEVERAGES,exact
1432,Bostanjoglo Zigaretten- und Tabakfabrik AG,145,business,trade,FOOD_AND_BEVERAGES,exact
1433,Both & Hertz,145,business,trade,TEXTILES_AND_CLOTHING,exact
1434,Bottina Schuhgesellschaft mbH,145,business,trade,LEATHER_AND_SHOES,exact
1436,"Bradt, Hirschfeld & Co",145,business,trade,TEXTILES_AND_CLOTHING,exact
1438,Bragus Handelsgesellschaft mbH,145,business,trade,CONSTRUCTION_MATERIALS_AND_FUEL,exact
1440,Brainos GmbH,145,business,trade,FOOD_AND_BEVERAGES,exact
1441,Bootshausgesellschaft Wendenschloß GmbH,144,business,,TRANSPORTATION,exact
1444,"Borchardt, Selma",144,business,,TEXTILES_AND_CLOTHING,exact
1445,Borger & Co,144,business,trade,FOOD_AND_BEVERAGES,exact
1446,Borger & Joffe,144,business,trade,TEXTILES_AND_CLOTHING,exact
1447,Boris Rensin,144,business,trade,FOOD_AND_BEVERAGES,exact
1448,Borrina Hausverwaltungsgesellschaft mbH,144,business,services,REAL_ESTATE,exact
1449,Borussia Apotheke Dr. Max Dehmel Nachfolger,144,business,trade,PHARMACIES,exact
1450,Bostanjoglo GmbH,144,business,trade,FOOD_AND_BEVERAGES,exact
1453,Brandenburgische Spargelbau- und Verwertungsgesellschaft mbH,146,business,,,exact
1455,Brandler & Borger,146,business,trade,TEXTILES_AND_CLOTHING,exact
1456,Brandler & Borger GmbH,146,business,trade,TEXTILES_AND_CLOTHING,exact
1458,Brandt & Wittig,146,business,trade,PAPER_AND_PAPER_GOODS,exact
1459,"Brandt, Rudner & Co",146,business,industry,TEXTILES_AND_CLOTHING,exact
1460,Brandus'sche Verlagsbuchhandlung Martin Brandus,146,business,industry,PUBLISHING_AND_PRINTING,exact
1461,Brenner & Nathan,148,business,trade,TEXTILES_AND_CLOTHING,exact
1462,Brennstoffvertrieb Südost (Wilhelm Urban) GmbH,148,business,trade,CONSTRUCTION_MATERIALS_AND_FUEL,exact
1464,Bresser & Apelbaum,148,business,trade,TEXTILES_AND_CLOTHING,exact
1465,Briefmarkenhandlung Julius Hirsch,148,business,trade,BOOKS_AND_ART,exact
1466,Briefumschlagfabrik Bach & Co GmbH,148,business,trade,PAPER_AND_PAPER_GOODS,exact
1467,Briese & Löpert in Liqu.,148,business,trade,TEXTILES_AND_CLOTHING,exact
1468,Brill & Cassel,148,business,trade,JEWELRY_AND_PRECIOUS_METALS,exact
1469,Brillen-Kaiser,148,business,,PHARMACIES,exact
1470,Brillling & Kortstock,148,business,trade,FOOD_AND_BEVERAGES,exact
1471,Brann & Wolff Metallwaarenfabrik,147,business,industry,METALS_AND_METAL_GOODS,exact
1474,Brauerei Friedrich Mönnig vorm. Oskar Walter,147,business,industry,FOOD_AND_BEVERAGES,exact
1475,Braun & Co,147,business,trade,BANKS_AND_INSURANCE,exact
1476,Braun & Co GmbH,147,business,trade,USED_GOODS,exact
1479,Brawas Brandenburgische Wasserspar-GmbH,147,business,handicraft,CONSTRUCTION,exact
1480,Brenn- und Baumaterialien-Handlung Wilhelm Pieckenhagen Nachfolger GmbH,147,business,trade,CONSTRUCTION_MATERIALS_AND_FUEL,exact
1481,Brunhilde Dorloff,150,business,,CONSTRUCTION_MATERIALS_AND_FUEL,exact
1484,Bruno Bernstein,150,business,,TEXTILES_AND_CLOTHING,exact
1487,Bruno Eichner,150,business,trade,JEWELRY_AND_PRECIOUS_METALS,exact
1488,Bruno Fuchs,150,business,trade,TEXTILES_AND_CLOTHING,exact
1489,Bruno Georgi,150,business,trade,ELECTRICAL_GOODS,exact
1490,Bruno Hellinger,150,business,trade,BANKS_AND_INSURANCE,exact
1491,Brinitzer & Co,149,business,industry,TEXTILES_AND_CLOTHING,exact
1492,Briske & Prohl,149,business,industry,CONSTRUCTION,exact
1498,Bronzewarenfabrik Robert Sachs,149,business,trade,METALS_AND_METAL_GOODS,exact
1499,Bruck & Loewenstein,149,business,industry,TEXTILES_AND_CLOTHING,exact
1500,Brum & Co Damenmäntel,149,business,trade,TEXTILES_AND_CLOTHING,exact
1501,"Brück, Alma",153,business,,TEXTILES_AND_CLOTHING,exact
1502,"Brückner, Lampe & Co AG",153,business,,,exact
1503,Brüder Asriel & Farchy,153,business,trade,TEXTILES_AND_CLOTHING,exact
1505,Brüder Feige,153,business,industry,TEXTILES_AND_CLOTHING,exact
1506,Brüder Samek,153,business,trade,TEXTILES_AND_CLOTHING,exact
1507,Brüder Wolff,153,business,industry,TEXTILES_AND_CLOTHING,exact
1508,Brühl & Norden,153,business,trade,TEXTILES_AND_CLOTHING,exact
1510,Brüstra Grunderwerbs-AG,153,business,services,REAL_ESTATE,exact
1511,Bruno Meyer,152,business,trade,BANKS_AND_INSURANCE,exact
1512,Bruno Neumann,152,business,trade,TEXTILES_AND_CLOTHING,exact
1513,Bruno Philippi,152,business,trade,TEXTILES_AND_CLOTHING,exact
1515,Bruno Rawack,152,business,trade,TEXTILES_AND_CLOTHING,exact
1517,Bruno Simsohn,152,business,trade,CONSTRUCTION_MATERIALS_AND_FUEL,exact
1518,Bruno Wohlgemuth,152,business,,,exact
1519,Bruno Zehden,152,business,trade,TEXTILES_AND_CLOTHING,exact
1520,"Bry, Herzberg & Co GmbH",152,business,industry,TEXTILES_AND_CLOTHING,exact
1521,Bruno Herzberg,151,business,trade,FOOD_AND_BEVERAGES,exact
1523,Bruno Juhnke Lichtspielbetriebe,151,business,services,RESTAURANTS,exact
1524,Bruno Kantorowicz,151,business,,REAL_ESTATE,exact
1526,Bruno Kuttner,151,business,trade,BANKS_AND_INSURANCE,exact
1527,Bruno Lasnitzki Schuhwaren,151,business,trade,LEATHER_AND_SHOES,exact
1530,Bruno Löwenberg,151,business,services,OTHER,exact
1531,Buchbinderei Schneebaum,154,business,,PUBLISHING_AND_PRINTING,exact
1532,Buchdruckerei Viktoria GmbH,154,business,industry,PUBLISHING_AND_PRINTING,exact
1533,Buchdruckerei Wilhelma R. Saling & Co.,154,business,industry,PUBLISHING_AND_PRINTING,exact
1534,Buchhandlung Jenny Neumann,154,business,trade,BOOKS_AND_ART,exact
1535,Buchhandlung Kedem Blumstein und Bronstein,154,business,trade,BOOKS_AND_ART,exact
1536,Buchhandlung Richard Kronheim,154,business,trade,BOOKS_AND_ART,exact
1537,Buchhandlung Rubin Maß,154,business,trade,BOOKS_AND_ART,exact
1538,Buchhandlung am Zoo Fritz Ring,154,business,trade,BOOKS_AND_ART,exact
1539,Buchladen Bayerischer Platz Benedict Lachmann Buchhandlung und Verlag,154,business,trade,BOOKS_AND_ART,exact
1540,Buchthal & Jacobson,154,business,industry,TEXTILES_AND_CLOTHING,exact
1543,Buntstoff GmbH,155,business,handicraft,TEXTILES_AND_CLOTHING,exact
1544,Burchardy & Ziegler,155,business,trade,TEXTILES_AND_CLOTHING,exact
1547,Burger & Brand,155,business,trade,TEXTILES_AND_CLOTHING,exact
1549,"Burstyn, Frea",155,business,,REAL_ESTATE,exact
1550,"Busse, Vilma",155,business,,RESTAURANTS,exact
1551,Butter Nordstern GmbH,156,business,trade,FOOD_AND_BEVERAGES,exact
1552,Byk & Ephraimson GmbH,156,business,industry,TEXTILES_AND_CLOTHING,exact
1553,Byk-Guldenwerke Chemische Fabrik AG,156,business,,,exact
1554,Béla Friedmann,156,business,trade,JEWELRY_AND_PRECIOUS_METALS,exact
1559,Böhm & Solms GmbH,156,business,industry,TEXTILES_AND_CLOTHING,exact
1560,"Böhm, Caminer & Co KG",156,business,trade,METALS_AND_METAL_GOODS,exact
1561,"Böhm, Erich",157,business,,PAPER_AND_PAPER_GOODS,exact
1562,"Böhm, Max",157,business,,LEATHER_AND_SHOES,exact
1563,Bötzow-Bräustübl GmbH,157,business,services,RESTAURANTS,exact
1566,Bürobedarfshaus Biberfeld,157,business,,,exact
1568,Bürola Gesellschaft für Büromittellieferung mbH,157,business,trade,PAPER_AND_PAPER_GOODS,exact
1569,Büromöbel Carl Bader,157,business,trade,FURNITURE,exact
1570,Büromöbel Oranien Max Hirschhorn,157,business,trade,FURNITURE,exact
1571,Büropa Bürobedarf und Papier Handelsgesellschaft mbH,158,business,trade,PAPER_AND_PAPER_GOODS,exact
1572,Büxenstein & Co,158,business,trade,TEXTILES_AND_CLOTHING,exact
1575,C. Becker & Co GmbH,158,business,trade,CONSTRUCTION_MATERIALS_AND_FUEL,exact
1576,C. Borinski & Co,158,business,trade,LEATHER_AND_SHOES,exact
1577,C. G. Strohbach,158,business,trade,TEXTILES_AND_CLOTHING,exact
1578,C. Gordon & Co,158,business,industry,TEXTILES_AND_CLOTHING,exact
1580,C. H. Kretschmar in Liquid.,158,business,trade,BANKS_AND_INSURANCE,exact
1581,C. H. Mewis,159,business,trade,TEXTILES_AND_CLOTHING,exact
1583,C. J. Quandt-Pianos-Verkaufs-GmbH,159,business,industry,FURNITURE,exact
1586,C. Marcuse & Co,159,business,trade,TEXTILES_AND_CLOTHING,exact
1588,C. Neumann & Co,159,business,industry,TEXTILES_AND_CLOTHING,exact
1590,C. Riese,159,business,industry,TEXTILES_AND_CLOTHING,exact
1591,C. Schiesser,160,business,,FOOD_AND_BEVERAGES,exact
1592,C. Schönlicht,160,business,trade,BANKS_AND_INSURANCE,exact
1593,C. Spaltmann & Co,160,business,trade,BANKS_AND_INSURANCE,exact
1595,C. Wolfenstein & Co,160,business,industry,TEXTILES_AND_CLOTHING,exact
1596,C. Zender,160,business,trade,TEXTILES_AND_CLOTHING,exact
1597,C. Zutraun & Co,160,business,trade,OTHER,exact
1598,C. u. G. Müller Speisefett GmbH,160,business,trade,FOOD_AND_BEVERAGES,exact
1600,Caesar Alexander,160,business,trade,USED_GOODS,exact
1601,Caesar Krucz Metallwarenfabrik,161,business,industry,METALS_AND_METAL_GOODS,exact
1602,Café Braun GmbH,161,business,services,RESTAURANTS,exact
1603,Café Kurfürstendamm Marta Meyerhof,161,business,services,RESTAURANTS,exact
1604,Café Kutschera Karl Kutschera,161,business,services,RESTAURANTS,exact
1606,Café Scala GmbH,161,business,services,RESTAURANTS,exact
1607,Café Treffpunkt GmbH,161,business,services,RESTAURANTS,exact
1608,Café des Westens GmbH,161,business,services,RESTAURANTS,exact
1610,Cahn & Sommer,161,business,industry,TEXTILES_AND_CLOTHING,exact
1612,Camnitzer & Feld,162,business,trade,DEPARTMENT_STORES,exact
1613,Careel Parfumerien Korngut & Hescheles,162,business,trade,CHEMICALS_AND_PHARMACEUTICALS,exact
1614,"Carl Abraham, in Firma Joseph Behrendt",162,business,,JEWELRY_AND_PRECIOUS_METALS,exact
1615,Carl Badrian,162,business,industry,PAPER_AND_PAPER_GOODS,exact
1617,Carl Bauermeister,162,business,industry,FOOD_AND_BEVERAGES,exact
1619,Carl Bendix,162,business,trade,METALS_AND_METAL_GOODS,exact
1620,Carl Berkowitz & Co Fabrik elektr. Apparate,162,business,trade,ELECTRICAL_GOODS,exact
1621,Carl Bernstein,163,business,handicraft,CONSTRUCTION,exact
1622,Carl Böhm,163,business,industry,FURNITURE,exact
1623,Carl Cahn,163,business,trade,BANKS_AND_INSURANCE,exact
1624,Carl Cohn & Co Schuhgroßhandel GmbH,163,business,trade,LEATHER_AND_SHOES,exact
1625,Carl Cohn AG,163,business,trade,TEXTILES_AND_CLOTHING,exact
1626,Carl Cohn jr.,163,business,trade,TEXTILES_AND_CLOTHING,exact
1628,Carl Engel,163,business,trade,TEXTILES_AND_CLOTHING,exact
1629,Carl Engel & Co,163,business,trade,TEXTILES_AND_CLOTHING,exact
1630,Carl Ernst & Co Nachf.,163,business,trade,PAPER_AND_PAPER_GOODS,exact
1631,Carl Pohl,166,business,trade,OTHER,exact
1632,Carl Raehmer Nchflg.,166,business,trade,TEXTILES_AND_CLOTHING,exact
1633,Carl Schuhmann,166,business,,JEWELRY_AND_PRECIOUS_METALS,exact
1634,Carl Schulz Berliner Eisenmöbel-Fabrik GmbH,166,business,industry,FURNITURE,exact
1635,Carl Schulz Erste Berliner Eisen-Möbel-Fabrik,166,business,industry,FURNITURE,exact
1636,Carl Walther Steinitz,166,business,trade,BANKS_AND_INSURANCE,exact
1637,Carl Weil,166,business,industry,TEXTILES_AND_CLOTHING,exact
1638,Carl Wittenberg Herren-Ausstattungs-Geschäft,166,business,trade,TEXTILES_AND_CLOTHING,exact
1639,Carl Zellner,166,business,,CONSTRUCTION,exact
1641,Carl Kriener,165,business,trade,TEXTILES_AND_CLOTHING,exact
1643,Carl Mosheim,165,business,trade,BANKS_AND_INSURANCE,exact
1644,Carl Nadelmann,165,business,trade,FOOD_AND_BEVERAGES,exact
1646,Carl Oelsner,165,business,trade,OTHER,exact
1647,Carl Oppenheim,165,business,industry,TEXTILES_AND_CLOTHING,exact
1649,Carl Pantiel,165,business,trade,TEXTILES_AND_CLOTHING,exact
1650,Carl Pick Nachfolger,165,business,trade,PAPER_AND_PAPER_GOODS,exact
1654,Carl Guttfreund,164,business,trade,BANKS_AND_INSURANCE,exact
1655,Carl Hausdorf,164,business,trade,TEXTILES_AND_CLOTHING,exact
1657,Carl Himmelweit,164,business,industry,TEXTILES_AND_CLOTHING,exact
1658,Carl Jander,164,business,trade,TEXTILES_AND_CLOTHING,exact
1659,Carl Kisch,164,business,industry,MACHINES_AND_VEHICLES,exact
1660,Carl Koppenheim vormals Paul Siebeling,164,business,trade,TEXTILES_AND_CLOTHING,exact
1661,Carlsbader Fein Bäckerei Moritz Dobrin,167,business,industry,FOOD_AND_BEVERAGES,exact
1662,Carlsbader Feinbäckerei,167,business,,FOOD_AND_BEVERAGES,exact
1663,Carmen Echtermeier,167,business,,CHEMICALS_AND_PHARMACEUTICALS,exact
1664,Caro & Rosenhain,167,business,trade,TEXTILES_AND_CLOTHING,exact
1665,Carsch & Co,167,business,trade,BANKS_AND_INSURANCE,exact
1667,Caspar Coper,167,business,trade,TEXTILES_AND_CLOTHING,exact
1668,Caspar Markwald,167,business,trade,TEXTILES_AND_CLOTHING,exact
1669,Casparius & Silberstein,167,business,trade,LEATHER_AND_SHOES,exact
1670,Caucasische Handelsgesellschaft mbH,167,business,trade,CONSTRUCTION_MATERIALS_AND_FUEL,exact
1671,Cecilien-Bad,168,business,,,exact
1672,Cellaro Luxuskarten-Fabrik GmbH,168,business,industry,PAPER_AND_PAPER_GOODS,exact
1673,Cellon Chemische Fabrik GmbH,168,business,industry,CHEMICALS_AND_PHARMACEUTICALS,exact
1674,"Cellon-Werke, Dr. Arthur Eichengrün",168,business,industry,CHEMICALS_AND_PHARMACEUTICALS,exact
1677,Central-Bureau techn. Neuheiten Philipp Burger,168,business,,CONSTRUCTION,exact
1679,Centralfilm Fett & Co GmbH,168,business,trade,PHOTOGRAPHY_AND_FILM,exact
1680,Centralleihhaus 63,168,business,,,exact
1681,Cereales Kommanditgesellschaft F. Ettich & Co,169,business,trade,FOOD_AND_BEVERAGES,exact
1682,Ceres-Assekuranz AG,169,business,trade,BANKS_AND_INSURANCE,exact
1686,Ch. Berkmann & Co,169,business,trade,FOOD_AND_BEVERAGES,exact
1689,Ch. Ehrlich & Co,169,business,trade,FOOD_AND_BEVERAGES,exact
1691,Ch. Kraschkowski,170,business,,TEXTILES_AND_CLOTHING,exact
1692,Ch. Monetta,170,business,,JEWELRY_AND_PRECIOUS_METALS,exact
1693,Ch. Regenwetter,170,business,,,exact
1695,Ch. Rosenheck,170,business,,PUBLISHING_AND_PRINTING,exact
1696,Chaim Bindel,170,business,trade,TEXTILES_AND_CLOTHING,exact
1697,Chaim Both,170,business,trade,TEXTILES_AND_CLOTHING,exact
1699,Chaim Federgrün,170,business,trade,TEXTILES_AND_CLOTHING,exact
1702,Chaim Kantorowitz,171,business,trade,FOOD_AND_BEVERAGES,exact
1703,Chaim Karp,171,business,trade,FOOD_AND_BEVERAGES,exact
1708,Chaim Wahrhaftig Schuhwaren Engros,171,business,trade,LEATHER_AND_SHOES,exact
1709,Chaim Zupan,171,business,,,exact
1710,Chamois & Leder Import und Export S. Schneller GmbH,171,business,trade,LEATHER_AND_SHOES,exact
1712,Charles Gingold Export,172,business,trade,OTHER,exact
1714,Charlie Friedenthal,172,business,trade,TEXTILES_AND_CLOTHING,exact
1715,Charlotte Kroner Zum Zauberkönig,172,business,trade,OTHER,exact
1718,Charlottenburger Lombard-GmbH,172,business,trade,BANKS_AND_INSURANCE,exact
1719,Charlottenburger Papierwaren GmbH,172,business,industry,PAPER_AND_PAPER_GOODS,exact
1722,Charlottenburger Wasser- und Industriewerke AG,173,business,services,OTHER,exact
1723,Charlottenburger Westend-Apotheke am Spandauer Berg Ella Handschuhmacher,173,business,trade,PHARMACIES,exact
1724,Chaskel Felsenbach,173,business,trade,FOOD_AND_BEVERAGES,exact
1726,Chemipan Laboratorium chemo-therapeutischer Präparate GmbH,173,business,industry,CHEMICALS_AND_PHARMACEUTICALS,exact
1727,Chemisch-Technischer Industriebedarf Dipl.-Ing. Erwin Reichmann,173,business,trade,CHEMICALS_AND_PHARMACEUTICALS,exact
1729,Chemisch-pharmazeutische Fabrik Ruko Dr. Rudolf Kohn,173,business,industry,CHEMICALS_AND_PHARMACEUTICALS,exact
1730,Chemisch-wissenschaftliches Laboratorium Dr. Fraenkel u. Dr. Landau,173,business,industry,CHEMICALS_AND_PHARMACEUTICALS,exact
1731,Chemische Fabrik Apotheker Weiß GmbH,174,business,industry,CHEMICALS_AND_PHARMACEUTICALS,exact
1732,Chemische Fabrik Dr. Hans Sachse & Scheidt GmbH,174,business,industry,CHEMICALS_AND_PHARMACEUTICALS,exact
1733,Chemische Fabrik Dr. Seidel & Co GmbH,174,business,industry,CHEMICALS_AND_PHARMACEUTICALS,exact
1734,Chemische Fabrik Hermann & Adolf Lubszynski,174,business,industry,CHEMICALS_AND_PHARMACEUTICALS,exact
1735,Chemische Fabrik Jacobus GmbH,174,business,industry,CHEMICALS_AND_PHARMACEUTICALS,exact
1736,Chemische Fabrik Kebbel GmbH,174,business,industry,CHEMICALS_AND_PHARMACEUTICALS,exact
1737,Chemische Fabrikation Jacart GmbH,174,business,industry,CHEMICALS_AND_PHARMACEUTICALS,exact
1738,Chemische Fabriken Dr. Joachim Wiernik & Co AG,174,business,industry,CHEMICALS_AND_PHARMACEUTICALS,exact
1739,Chemische Rohmaterialien Gesellschaft S. Rund & Co mbH,174,business,trade,CHEMICALS_AND_PHARMACEUTICALS,exact
1740,Chemische Werke Zimmer & Co,174,business,industry,CHEMICALS_AND_PHARMACEUTICALS,exact
1743,Chemisches Laboratorium Paul Raphael,175,business,industry,CHEMICALS_AND_PHARMACEUTICALS,exact
1744,Chemophot Herstellung photochemischer Erzeugnisse Max Silberberg,175,business,industry,CHEMICALS_AND_PHARMACEUTICALS,exact
1746,Chiel Goldmann,175,business,trade,TEXTILES_AND_CLOTHING,exact
1748,Chlorator,175,business,industry,MACHINES_AND_VEHICLES,exact
1749,Chlorator-GmbH,175,business,industry,CHEMICALS_AND_PHARMACEUTICALS,exact
1750,Chr. Rösler,175,business,trade,FOOD_AND_BEVERAGES,exact
1751,Christian Ehlermann GmbH,176,business,trade,TEXTILES_AND_CLOTHING,exact
1752,Chronos Zeitschriften GmbH,176,business,industry,PUBLISHING_AND_PRINTING,exact
1753,Cigaretten Fabrik Bravour Dunje & Söhne,176,business,industry,FOOD_AND_BEVERAGES,exact
1756,Cigarettenfabrik Kraj GmbH,176,business,industry,FOOD_AND_BEVERAGES,exact
1759,Cigarettenpapier-Manufaktur Max Mayer,176,business,industry,FOOD_AND_BEVERAGES,exact
1761,Cigarrenhaus Groß-Berlin Passow u. Neimann,177,business,trade,FOOD_AND_BEVERAGES,exact
1763,Cilly Goldschmidt,177,business,,TEXTILES_AND_CLOTHING,exact
1764,Cilly Hamburger,177,business,,,exact
1765,Cilly Stillmann,177,business,,,exact
1766,Cine-Allianz Tonfilm Produktionsgesellschaft mbH,177,business,industry,PHOTOGRAPHY_AND_FILM,exact
1769,City-Cafébetriebsgesellschaft mbH,177,business,services,RESTAURANTS,exact
1770,Claire Badrian Lady-Wäsche,177,business,industry,TEXTILES_AND_CLOTHING,exact
1771,Claire Schott,178,business,,TEXTILES_AND_CLOTHING,exact
1773,Clara Golsch,178,business,trade,TEXTILES_AND_CLOTHING,exact
1774,"Clara Landau, Bibliophile Bücherstube GmbH",178,business,trade,PUBLISHING_AND_PRINTING,exact
1775,Clara Loewenheim,178,business,,PUBLISHING_AND_PRINTING,exact
1776,Clara Nansen,178,business,trade,TEXTILES_AND_CLOTHING,exact
1777,Clara Oppenheim,178,business,,TEXTILES_AND_CLOTHING,exact
1778,Clara Riemer,178,business,trade,JEWELRY_AND_PRECIOUS_METALS,exact
1779,Claudia Altin Parfümerie-Vertretung-Engros-Export-Import,178,business,trade,CHEMICALS_AND_PHARMACEUTICALS,exact
1781,Club-Magazin Ernstein & Co,179,business,handicraft,HOUSEHOLD_GOODS,exact
1782,Cohen & Behar,179,business,trade,FURNITURE,exact
1783,Cohen & Kempe,179,business,trade,TEXTILES_AND_CLOTHING,exact
1784,Cohn,179,business,,,exact
1785,Cohn & Bernstein,179,business,trade,BANKS_AND_INSURANCE,exact
1786,Cohn & Eichel,179,business,industry,TEXTILES_AND_CLOTHING,exact
1787,Cohn & Rosenbaum AG,179,business,trade,TEXTILES_AND_CLOTHING,exact
1789,Cohn Johanna,179,business,,,exact
1790,"Cohn, Edmund (oder Eduard)",179,business,,,exact
1791,"Cohn, Gertrud",180,business,,,exact
1792,"Cohn, Hoffmeister & Schramm",180,business,trade,CONSTRUCTION_MATERIALS_AND_FUEL,exact
1794,"Cohn, Walder & Co",180,business,trade,TEXTILES_AND_CLOTHING,exact
1795,Cohnreich & Blumenthal GmbH,180,business,trade,TEXTILES_AND_CLOTHING,exact
1796,Cohnreich & Neiß GmbH,180,business,industry,TEXTILES_AND_CLOTHING,exact
1798,Colemann GmbH Fabrik chemisch-technischer Produkte,180,business,industry,CHEMICALS_AND_PHARMACEUTICALS,exact
1799,Collin & Eisenhardt,180,business,trade,OTHER,exact
1800,Collin & Heilborn,180,business,industry,TEXTILES_AND_CLOTHING,exact
1804,Cona Kaffeemaschinen-Gesellschaft mbH,181,business,trade,MACHINES_AND_VEHICLES,exact
1805,Concordia-Apotheke Dr. Max Haase Inhaber Theodor Kauf,181,business,trade,PHARMACIES,exact
1806,Conditorei Schneider,181,business,,FOOD_AND_BEVERAGES,exact
1808,Confektionsgesellschaft Fischbein & Mendel mbH,181,business,industry,TEXTILES_AND_CLOTHING,exact
1809,Confektionshaus Osten Salo Kainer,181,business,trade,TEXTILES_AND_CLOTHING,exact
1810,Conrad & Heymann,181,business,trade,TEXTILES_AND_CLOTHING,exact
1811,Conrad Cohn,182,business,trade,BANKS_AND_INSURANCE,exact
1812,Conrad Czarlinski & Co,182,business,trade,FOOD_AND_BEVERAGES,exact
1815,Conrad Igel,182,business,trade,CHEMICALS_AND_PHARMACEUTICALS,exact
1816,Conrad Moses,182,business,trade,FOOD_AND_BEVERAGES,exact
1817,Conrad Schayer & Co,182,business,trade,FOOD_AND_BEVERAGES,exact
1818,Conrad Tack & Cie. AG,182,business,trade,LEATHER_AND_SHOES,exact
1819,Continental-Armaturen-Fabrik Gustav Salomon,182,business,industry,MACHINES_AND_VEHICLES,exact
1820,Continentale Papierwaren-Werke Büttner & Seidel GmbH,182,business,industry,PAPER_AND_PAPER_GOODS,exact
1822,Cornelia Hausverwaltungs- und Grunderwerbsaktiengesellschaft,183,business,services,REAL_ESTATE,exact
1823,Cornelius Rohn,183,business,,LEATHER_AND_SHOES,exact
1825,Corona Atelier für Reklamekunst Max Jacoby,183,business,handicraft,OTHER,exact
1826,Correx Gesellschaft für Kinotechnik mbH,183,business,trade,MACHINES_AND_VEHICLES,exact
1827,Coty Alleinvertrieb für Deutschland GmbH,183,business,trade,OTHER,exact
1829,Credithaus Union Hellmuth Philipp,183,business,trade,FURNITURE,exact
1830,Crescendo Theaterverlag GmbH,183,business,industry,PUBLISHING_AND_PRINTING,exact
1831,Croner & Selinger,184,business,industry,CHEMICALS_AND_PHARMACEUTICALS,exact
1832,"Croner, Rosenthaler & Co",184,business,trade,FOOD_AND_BEVERAGES,exact
1834,Curt A. Loepert & Co GmbH,184,business,trade,TEXTILES_AND_CLOTHING,exact
1835,Curt Egon Kochmann,184,business,industry,TEXTILES_AND_CLOTHING,exact
1839,Curt Harwitz,184,business,trade,BANKS_AND_INSURANCE,exact
1841,Curt Lehmann,185,business,trade,BANKS_AND_INSURANCE,exact
1844,Curt Rosenbaum,185,business,trade,OTHER,exact
1846,Curt Schwarzer & Co,185,business,trade,CONSTRUCTION_MATERIALS_AND_FUEL,exact
1847,Curty Modesalon Kurt Levin,185,business,trade,TEXTILES_AND_CLOTHING,exact
1849,Czollek & Geballe,185,business,trade,FOOD_AND_BEVERAGES,exact
1851,Cäcilien-Apotheke Dr. Georg F. Kuntze,186,business,trade,PHARMACIES,exact
1852,Cäsar Hirsch,186,business,trade,OTHER,exact
1854,D. & M. Levy,186,business,trade,LEATHER_AND_SHOES,exact
1855,D. & M. Lewy Bankgeschäft,186,business,trade,BANKS_AND_INSURANCE,exact
1856,D. Abraham & Co,186,business,,,exact
1857,D. Arndt,186,business,industry,TEXTILES_AND_CLOTHING,exact
1858,D. Benas jr.,186,business,trade,FOOD_AND_BEVERAGES,exact
1859,D. Coundé AG,186,business,industry,TEXTILES_AND_CLOTHING,exact
1860,D. Coundé Vertriebs-GmbH,186,business,trade,CHEMICALS_AND_PHARMACEUTICALS,exact
1861,D. Croner,187,business,trade,TEXTILES_AND_CLOTHING,exact
1862,D. Czollack,187,business,,FURNITURE,exact
1863,D. Herz,187,business,trade,TEXTILES_AND_CLOTHING,exact
1864,D. J. Asriel & Co,187,business,trade,TEXTILES_AND_CLOTHING,exact
1865,D. J. Weiner & Co Bürobedarf-Schreibwaren-Vertrieb und Export,187,business,trade,PAPER_AND_PAPER_GOODS,exact
1866,D. J. Weiner & Co Schreibmaschinen-Vertriebsgesellschaft mbH,187,business,trade,MACHINES_AND_VEHICLES,exact
1867,D. L. Haim & Co GmbH,187,business,trade,FURNITURE,exact
1868,D. Levin,187,business,trade,TEXTILES_AND_CLOTHING,exact
1869,D. Lewinsky Nachfolger Inhaber Georg Anker,187,business,industry,TEXTILES_AND_CLOTHING,exact
1870,D. Lichtenstein jr.,187,business,industry,TEXTILES_AND_CLOTHING,exact
1871,D. Meier,188,business,industry,FURNITURE,exact
1873,D. Ryczywol,188,business,trade,FOOD_AND_BEVERAGES,exact
1874,D. S. Diamant,188,business,,,exact
1877,D. Woythaler,188,business,industry,FOOD_AND_BEVERAGES,exact
1878,D. Wurzel & Co,188,business,industry,TEXTILES_AND_CLOTHING,exact
1879,Dachpix Gesellschaft Klemann & Co GmbH,188,business,,CONSTRUCTION,exact
1880,Dagobert Holtz,188,business,trade,TEXTILES_AND_CLOTHING,exact
1882,Dagobert Lisser,189,business,trade,FOOD_AND_BEVERAGES,exact
1884,"Dagobert Meyhardt, Dekorationsbedarf, Großhandel und Fabrikation",189,business,industry,CONSTRUCTION,exact
1885,Dagobert Spiegel,189,business,trade,OTHER,exact
1887,Dagobert Weinstock Burschenconfection,189,business,trade,TEXTILES_AND_CLOTHING,exact
1888,Dakma Dampfkessel und Kraftmaschinen GmbH,189,business,industry,MACHINES_AND_VEHICLES,exact
1889,Dako Herstellung von Damenbekleidung GmbH,189,business,industry,TEXTILES_AND_CLOTHING,exact
1890,Dalemo Das Lebende Modell Robert Wertheim,189,business,trade,OTHER,exact
1891,Dambitsch & Mottek,190,business,trade,TEXTILES_AND_CLOTHING,exact
1892,Damen Konfektion Gebrüder Neumann,190,business,trade,TEXTILES_AND_CLOTHING,exact
1895,Damen-Sportmäntel Rekord GmbH,190,business,industry,TEXTILES_AND_CLOTHING,exact
1896,Damenconfektion Vertriebsgesellschaft mbH,190,business,industry,TEXTILES_AND_CLOTHING,exact
1897,"Damenmodehaus Stein im Hofe, GmbH",190,business,trade,TEXTILES_AND_CLOTHING,exact
1898,Damenmoden Joachim Erdmann,190,business,trade,TEXTILES_AND_CLOTHING,exact
1900,Damenmäntel-Fabrikation Bruntsch,190,business,,,exact
1901,Dampf-Marzipanmassen-Fabrik Germania Otto Wölfert & Co GmbH,191,business,industry,FOOD_AND_BEVERAGES,exact
1902,Dampfbrotfabrik Wilhelma Michael Herzog,191,business,industry,FOOD_AND_BEVERAGES,exact
1903,Dampfschmalzsiederei Edmund Haase GmbH,191,business,industry,TEXTILES_AND_CLOTHING,exact
1904,Dampfwäscherei Berner Land Brasch & Co,191,business,services,TEXTILES_AND_CLOTHING,exact
1907,Dampfziegelei Bergenhorst AG,191,business,,CONSTRUCTION,exact
1908,Danico Feinseifenfabrik GmbH,191,business,industry,CHEMICALS_AND_PHARMACEUTICALS,exact
1909,Daniel Haase,191,business,trade,TEXTILES_AND_CLOTHING,exact
1910,Daniel Huttner,191,business,,,exact
1912,Daniel Lachmann,192,business,trade,TEXTILES_AND_CLOTHING,exact
1913,Daniel Milberg,192,business,,TRANSPORTATION,exact
1915,Daniel Pinkus,192,business,,TEXTILES_AND_CLOTHING,exact
1916,Daniel Posnanski,192,business,,,exact
1918,Dannenbaum & Co,192,business,trade,TEXTILES_AND_CLOTHING,exact
1919,Dantowitz Philipp,192,business,,,exact
1921,Darag Deutsch-Amerikanische Rohstoff-Gesellschaft mbH,193,business,trade,OTHER,exact
1922,Das Jüdische Volk Verlagsgesellschaft mbH,193,business,industry,PUBLISHING_AND_PRINTING,exact
1926,David & Co,193,business,industry,FURNITURE,exact
1927,David & Ehrlich,193,business,trade,TEXTILES_AND_CLOTHING,exact
1929,David Benedik,193,business,,METALS_AND_METAL_GOODS,exact
1932,David Caspari,194,business,trade,JEWELRY_AND_PRECIOUS_METALS,exact
1933,David Epstein,194,business,,,exact
1935,David Feilchenfeld,194,business,services,OTHER,exact
1936,David Felder,194,business,trade,FURNITURE,exact
1937,David Fiks,194,business,,TEXTILES_AND_CLOTHING,exact
1941,David Henoch,195,business,industry,TEXTILES_AND_CLOTHING,exact
1943,David Hess,195,business,,PHARMACIES,exact
1944,David Joachimsmann,195,business,trade,LEATHER_AND_SHOES,exact
1946,David Kempinski,195,business,trade,TEXTILES_AND_CLOTHING,exact
1947,David Leder,195,business,trade,TEXTILES_AND_CLOTHING,exact
1949,David Owitz,195,business,trade,HOUSEHOLD_GOODS,exact
1950,David Raff,195,business,,JEWELRY_AND_PRECIOUS_METALS,exact
1951,David Rattner,196,business,trade,TEXTILES_AND_CLOTHING,exact
1952,David Rosenstock Handelsvertretungen,196,business,trade,TEXTILES_AND_CLOTHING,exact
1953,David Scherbel,196,business,handicraft,METALS_AND_METAL_GOODS,exact
1955,David Sid,196,business,trade,FURNITURE,exact
1956,David Springer Inh. Adolph Cohn,196,business,trade,BANKS_AND_INSURANCE,exact
1958,David Steinberg,196,business,trade,BANKS_AND_INSURANCE,exact
1960,David Weißbrod,196,business,,TEXTILES_AND_CLOTHING,exact
1962,David Wischnitz,197,business,,CONSTRUCTION_MATERIALS_AND_FUEL,exact
1963,David Zagorski Herren Konfektion,197,business,trade,TEXTILES_AND_CLOTHING,exact
1966,"Dawid Fainleib & Co, Rauchwaren-GmbH",197,business,trade,TEXTILES_AND_CLOTHING,exact
1967,Dea-Film GmbH,197,business,,,exact
1970,Degea AG (Auergesellschaft),197,business,industry,MACHINES_AND_VEHICLES,exact
1971,Degeka D. Goldstein & Co,198,business,trade,TEXTILES_AND_CLOTHING,exact
1972,Degrophot Deutsche Groß-Photo Gesellschaft für Werbung mbH,198,business,services,ADVERTISING,exact
1973,Deja Spezialgeschäft für Damenkonfektion Martha Jacobsohn,198,business,trade,TEXTILES_AND_CLOTHING,exact
1974,Dekla Das Kleinwarenhaus Haus Freyhan,198,business,trade,DEPARTMENT_STORES,exact
1975,Delakur Dental Laboratoriumsbedarf Kurfürst GmbH,198,business,trade,CHEMICALS_AND_PHARMACEUTICALS,exact
1976,Delbrück Schickler & Co,198,business,trade,BANKS_AND_INSURANCE,exact
1977,Delej & Co,198,business,trade,TEXTILES_AND_CLOTHING,exact
1981,Dephot GmbH Deutscher Photodienst,199,business,trade,PHOTOGRAPHY_AND_FILM,exact
1982,Der Deutsche Volkswirt GmbH,199,business,,,exact
1983,Der Eierspezialist',199,business,,FOOD_AND_BEVERAGES,exact
1985,"Der Junggeselle, Verlags-Gesellschaft mbH",199,business,industry,PUBLISHING_AND_PRINTING,exact
1986,Der Oberhemdenspezialist,199,business,,TEXTILES_AND_CLOTHING,exact
1987,Der Renovator Alex Weiß,199,business,,TEXTILES_AND_CLOTHING,exact
1988,Der Soda-Syphon GmbH,199,business,industry,FOOD_AND_BEVERAGES,exact
1990,Der deutsche Qualitäts-Schuh,199,business,,,exact
1991,Der schlichte Laden Goldschmidt-Cohn und Fischel,200,business,,,exact
1992,Derfflingerstraße 4 Grundstücksaktiengesellschaft,200,business,trade,REAL_ESTATE,exact
1994,Descopreß Vereinigte Dr. Ing. Subkis & Co und Allpreß Fabriken GmbH,200,business,trade,MACHINES_AND_VEHICLES,exact
1995,Despisa Deutsche Essenzen- und Spirituosenfabrikation Emanuel Kotzur,200,business,industry,FOOD_AND_BEVERAGES,exact
1997,Deurupo Holz- und Metallwarengesellschaft mbH,200,business,trade,CONSTRUCTION_MATERIALS_AND_FUEL,exact
1998,Deutag Deutsche Buchführungs-Steuerberatungs- und Treuhand GmbH,200,business,services,OTHER,exact
1999,Deutsch & Lachmann,200,business,industry,FURNITURE,exact
2000,"Deutsch, Elsa",200,business,,FURNITURE,exact
2001,Deutsch-Böhmische Kohlen-Handelsgesellschaft mbH,201,business,trade,CONSTRUCTION_MATERIALS_AND_FUEL,exact
2002,Deutsch-Englische Tuchhandelsgesellschaft mbH,201,business,trade,TEXTILES_AND_CLOTHING,exact
2004,Deutsch-Russische Luftverkehrs-GmbH,201,business,,,exact
2006,Deutsche Bahnspedition Schenker & Co GmbH,201,business,services,TRANSPORTATION,exact
2007,Deutsche Buch-Gemeinschaft GmbH,201,business,trade,OTHER,exact
2008,Deutsche Cassenrollen-Fabrik mbH,201,business,industry,PAPER_AND_PAPER_GOODS,exact
2010,Deutsche Effecten- und Wechsel-Bank,201,business,trade,BANKS_AND_INSURANCE,exact
2011,Deutsche Eisenbahn-Reklame GmbH,202,business,services,ADVERTISING,exact
2012,Deutsche Familien-Bekleidungsgesellschaft mbH Defaka B. G.,202,business,trade,TEXTILES_AND_CLOTHING,exact
2015,Deutsche Gasglühlicht-Auer-GmbH,202,business,industry,ELECTRICAL_GOODS,exact
2016,Deutsche Genossenschafts-Revisions- und Treuhand-AG,202,business,services,BANKS_AND_INSURANCE,exact
2017,Deutsche Genossenschafts-Revisions- und Treuhandges. m.b.H,202,business,services,BANKS_AND_INSURANCE,exact
2018,Deutsche Grammophon-AG,202,business,trade,BOOKS_AND_ART,exact
2019,Deutsche Grund- und Boden Verwertungsgesellschaft mbH,202,business,trade,REAL_ESTATE,exact
2020,Deutsche Grundbesitz-AG,202,business,trade,REAL_ESTATE,exact
2021,Deutsche Grundstücks-Bau- und Verwaltungs-GmbH,203,business,services,REAL_ESTATE,exact
2022,Deutsche Herrenmoden Max Rosner,203,business,trade,TEXTILES_AND_CLOTHING,exact
2023,Deutsche Herrenwäsche-Fabriken Dornbusch & Co Berlin-Bielefeld,203,business,industry,TEXTILES_AND_CLOTHING,exact
2024,Deutsche Herrenwäsche-Industrie GmbH,203,business,trade,TEXTILES_AND_CLOTHING,exact
2025,Deutsche Hut-Zentrale Jenny Wollstein,203,business,,TEXTILES_AND_CLOTHING,exact
2026,Deutsche Industrie AG,203,business,trade,BANKS_AND_INSURANCE,exact
2027,Deutsche Industrie-AG,203,business,trade,OTHER,exact
2028,Deutsche Kassenblock GmbH,203,business,trade,PAPER_AND_PAPER_GOODS,exact
2029,Deutsche Kohlenhandelsgesellschaft mbH,203,business,trade,CONSTRUCTION_MATERIALS_AND_FUEL,exact
2030,Deutsche Kupferhaus GmbH,203,business,,METALS_AND_METAL_GOODS,exact
2032,Deutsche Likör-Fabrik und Weinhandlung Ernst Voß,204,business,trade,FOOD_AND_BEVERAGES,exact
2033,Deutsche Länderbank AG,204,business,trade,BANKS_AND_INSURANCE,exact
2034,Deutsche Metall Industrie A. S. Auerbach,204,business,trade,METALS_AND_METAL_GOODS,exact
2035,Deutsche Metallbettstellen-Fabrik Max Mendelsohn,204,business,industry,FURNITURE,exact
2036,Deutsche Orientteppich Import Gesellschaft Ernst Philipsborn & Co,204,business,trade,FURNITURE,exact
2037,Deutsche Pelzindustrie GmbH,204,business,trade,TEXTILES_AND_CLOTHING,exact
2039,Deutsche Pharmazeutische Spezialpräparate Dephas GmbH,204,business,industry,CHEMICALS_AND_PHARMACEUTICALS,exact
2040,Deutsche Photomaton AG,204,business,trade,PHOTOGRAPHY_AND_FILM,exact
2042,Deutsche Schauspielhaus-Betriebs AG,205,business,services,RESTAURANTS,exact
2043,Deutsche Schuhkunst Simon Karpf,205,business,trade,LEATHER_AND_SHOES,exact
2044,Deutsche Sportartikel-Zeitung Neville B. Bloch & Co,205,business,industry,PUBLISHING_AND_PRINTING,exact
2045,Deutsche Taschentuch-Industrie AG,205,business,trade,TEXTILES_AND_CLOTHING,exact
2047,Deutsche Textil-Auskunftei Scherbel & Co,205,business,services,OTHER,exact
2048,Deutsche Unionbank AG,205,business,trade,BANKS_AND_INSURANCE,exact
2049,Deutsche Waren-Treuhand-AG,205,business,services,BANKS_AND_INSURANCE,exact
2050,Deutsche Werkstätten Berlin GmbH,205,business,industry,FURNITURE,exact
2052,Deutscher Bahnhandel Alfred Bernstein,206,business,trade,MACHINES_AND_VEHICLES,exact
2053,Deutscher Creditoren-Verband GmbH,206,business,trade,BANKS_AND_INSURANCE,exact
2054,Deutscher Film Zeitungsdienst GmbH,206,business,services,OTHER,exact
2057,Deutscher Modenverlag Louis Joseph,206,business,industry,PUBLISHING_AND_PRINTING,exact
2058,Deutscher Möbel-Vertrieb Becker & Co,206,business,trade,FURNITURE,exact
2059,Deutscher Schrotthandel GmbH,206,business,trade,METALS_AND_METAL_GOODS,exact
2060,Deutscher Submissionsanzeiger Georg Erb,206,business,industry,PUBLISHING_AND_PRINTING,exact
2062,Deutscher Werkfilm GmbH,207,business,trade,PHOTOGRAPHY_AND_FILM,exact
2063,Deutscher Wirtschaftsbedarf Gesellschaft zur Belieferung von Beamten und Angestellten mbH,207,business,trade,OTHER,exact
2064,Deutsches Kolonialhaus Bruno Antelmann Nachf.,207,business,trade,FOOD_AND_BEVERAGES,exact
2065,Deutsches National-Theater AG,207,business,services,RESTAURANTS,exact
2066,Deutsches Schuhwarenhaus Adolf Sommerfeld,207,business,trade,LEATHER_AND_SHOES,exact
2067,Deutsches Teppichhaus Emil Lefèvre GmbH,207,business,trade,FURNITURE,exact
2068,Deutsches Theater in Berlin GmbH,207,business,services,RESTAURANTS,exact
2069,"Deutsches Theater, Direktion Max Reinhardt",207,business,services,RESTAURANTS,exact
2073,Dlusniewski & Co,210,business,trade,TEXTILES_AND_CLOTHING,exact
2074,Dobrin & Loewenthal,210,business,trade,BANKS_AND_INSURANCE,exact
2075,Doering & Co AG,210,business,industry,CHEMICALS_AND_PHARMACEUTICALS,exact
2076,Dom-Kellerei zu Köln AG,210,business,trade,FOOD_AND_BEVERAGES,exact
2078,Domus Parva Grundstücks-AG zu Berlin,210,business,trade,REAL_ESTATE,exact
2079,Domus bona Grundstücks-AG,210,business,trade,REAL_ESTATE,exact
2080,Domus melior Grundstücks-Aktiengesellschaft zu Berlin,210,business,trade,REAL_ESTATE,exact
2081,Diana Pulik,208,business,,TEXTILES_AND_CLOTHING,exact
2082,Diana-Apotheke-Drogenhandlung Ernst J. Levy,208,business,trade,PHARMACIES,exact
2084,Dick & Goldschmidt,208,business,trade,TEXTILES_AND_CLOTHING,exact
2086,Die Bücher-Ecke Willy Cohn,208,business,trade,BOOKS_AND_ART,exact
2087,Die Heißmangel,208,business,,TEXTILES_AND_CLOTHING,exact
2088,Die Kohlenwirtschaft Verlagsgesellschaft mbH,208,business,industry,PUBLISHING_AND_PRINTING,exact
2089,"Dienemann, Hans",208,business,,,exact
2090,Dienes & Friedheim,208,business,trade,BANKS_AND_INSURANCE,exact
2091,"Dienes, Friedheim & Co",209,business,trade,BANKS_AND_INSURANCE,exact
2092,Dienstag & Co,209,business,trade,TEXTILES_AND_CLOTHING,exact
2095,Dipl.-Ing. Alfred Strauß,209,business,trade,ELECTRICAL_GOODS,exact
2098,"Dipl.-Ing. R. Schuftan, Zivil-Ingenieur",209,business,services,OTHER,exact
2099,Direktion des Theater am Nollendorfplatz GmbH,209,business,services,RESTAURANTS,exact
2101,Domus minima Grundstücks-AG,211,business,trade,REAL_ESTATE,exact
2102,Domus minor Grundstücks-AG zu Berlin,211,business,trade,REAL_ESTATE,exact
2103,Domus optima Grundstücks-AG zu Berlin,211,business,trade,REAL_ESTATE,exact
2104,Donig & Lambert,211,business,industry,FOOD_AND_BEVERAGES,exact
2105,Doppelecke Grundstücksgesellschaft mbH,211,business,trade,REAL_ESTATE,exact
2106,Doppellandhaus Dahlem GmbH,211,business,,,exact
2107,Dora Gelb Inh. Moritz Müller,211,business,trade,PAPER_AND_PAPER_GOODS,exact
2108,Dora Gerson,211,business,trade,TEXTILES_AND_CLOTHING,exact
2109,Dora Grünwurzel,211,business,trade,FOOD_AND_BEVERAGES,exact
2110,Dora Schwing,211,business,,,exact
2111,Dora Wachtel,212,business,,,exact
2112,Dorn-Verlag Grete Ullmann,212,business,industry,PUBLISHING_AND_PRINTING,exact
2113,Dorothea Holzhändler,212,business,,FOOD_AND_BEVERAGES,exact
2115,Dosack Leo,212,business,,,exact
2118,Dr. Adolf Abrahams Laboratorium,212,business,industry,CHEMICALS_AND_PHARMACEUTICALS,exact
2119,Dr. Albert Bernard Nachfolger Einhorn-Apotheke,212,business,trade,PHARMACIES,exact
2123,Dr. Apt & Co,213,business,trade,CHEMICALS_AND_PHARMACEUTICALS,exact
2124,"Dr. Aschner und Kempner, GmbH",213,business,services,BANKS_AND_INSURANCE,exact
2125,Dr. Auerbach's Apotheke Dr. Martin Auerbach,213,business,trade,PHARMACIES,exact
2126,Dr. Benedict & Co GmbH,213,business,trade,BOOKS_AND_ART,exact
2127,Dr. Bretschneider & Co,213,business,trade,CHEMICALS_AND_PHARMACEUTICALS,exact
2128,Dr. Cassirer & Co AG,213,business,industry,ELECTRICAL_GOODS,exact
2129,Dr. Dobrin & Co,213,business,industry,CHEMICALS_AND_PHARMACEUTICALS,exact
2132,Dr. Ernst Silten Fabrik chem. Pharmac. Praeparate,214,business,industry,CHEMICALS_AND_PHARMACEUTICALS,exact
2133,Dr. Fischer's Apotheke,214,business,,PHARMACIES,exact
2134,Dr. Fraenkel-Oliven,214,business,,PHARMACIES,exact
2136,Dr. Franz Josef Krall,214,business,trade,CHEMICALS_AND_PHARMACEUTICALS,exact
2138,Dr. Fritz Taussig,214,business,trade,CHEMICALS_AND_PHARMACEUTICALS,exact
2139,Dr. Georg Henning chemisch-pharmazeutisches Werk GmbH,214,business,industry,CHEMICALS_AND_PHARMACEUTICALS,exact
2140,Dr. Georg Herzberg Fabrikation pharmazeutischer Präparate,214,business,industry,CHEMICALS_AND_PHARMACEUTICALS,exact
2141,Dr. Gustav Wicke,215,business,industry,CHEMICALS_AND_PHARMACEUTICALS,exact
2142,Dr. H. Kellermann GmbH,215,business,industry,MACHINES_AND_VEHICLES,exact
2144,Dr. Hans Preiß,215,business,trade,BOOKS_AND_ART,exact
2145,Dr. Heinrich Lubowski & Co Handelsgesellschaft für chemische Produkte mbH,215,business,trade,CHEMICALS_AND_PHARMACEUTICALS,exact
2146,Dr. Herbert W. Nürnberg,215,business,trade,METALS_AND_METAL_GOODS,exact
2147,Dr. Herz,215,business,,,exact
2148,Dr. Holz GmbH,215,business,trade,BANKS_AND_INSURANCE,exact
2149,Dr. Ing. Neumann & Co,215,business,industry,CHEMICALS_AND_PHARMACEUTICALS,exact
2152,Dr. James J. Traube Spezialartikel für Kraftfahrzeuge,216,business,trade,MACHINES_AND_VEHICLES,exact
2153,Dr. Jewnin & Tebrich,216,business,industry,CHEMICALS_AND_PHARMACEUTICALS,exact
2154,Dr. Julius Spitzer & Co GmbH,216,business,,,exact
2155,"Dr. Julius Werther, Ingenieur",216,business,trade,FURNITURE,exact
2156,Dr. Kantorowicz GmbH,216,business,industry,CHEMICALS_AND_PHARMACEUTICALS,exact
2158,Dr. Ludwig Mottek,216,business,industry,CHEMICALS_AND_PHARMACEUTICALS,exact
2160,Dr. Lövinsohn & Co,216,business,industry,CHEMICALS_AND_PHARMACEUTICALS,exact
2161,Dr. Max Ascher & Co GmbH,217,business,industry,CHEMICALS_AND_PHARMACEUTICALS,exact
2162,"Dr. Max Goldschmidt, Bureau für Zeitungsausschnitte und Verlag der Wissenschaftlichen Revue",217,business,services,OTHER,exact
2163,Dr. Max Levy GmbH,217,business,trade,ELECTRICAL_GOODS,exact
2164,Dr. Max Salinger,217,business,trade,CHEMICALS_AND_PHARMACEUTICALS,exact
2165,Dr. Maß-Neumann,217,business,,,exact
2168,Dr. Otto Burchard & Co GmbH,217,business,trade,BOOKS_AND_ART,exact
2169,Dr. Pfeffermann & Co GmbH,217,business,industry,CHEMICALS_AND_PHARMACEUTICALS,exact
2170,Dr. Philipp Hirsch,217,business,industry,CHEMICALS_AND_PHARMACEUTICALS,exact
2171,Dr. Philipp Lederer,218,business,trade,JEWELRY_AND_PRECIOUS_METALS,exact
2172,Dr. R. E. Müller & Co,218,business,trade,CHEMICALS_AND_PHARMACEUTICALS,exact
2174,Dr. S. Meyer & Co GmbH,218,business,trade,CHEMICALS_AND_PHARMACEUTICALS,exact
2177,Dr. Siegfried Tikotin vorm. Brandenburgisches Assekuranz Kontor,218,business,trade,BANKS_AND_INSURANCE,exact
2178,"Dr. Speier u. von Karger, Chemische Fabrik",218,business,industry,CHEMICALS_AND_PHARMACEUTICALS,exact
2179,"Dr. Striem, Wilhelm Jacques",218,business,,ADVERTISING,exact
2180,"Dr. Toni Haber, Pension Westend",218,business,,RESTAURANTS,exact
2181,Dr. Vera Lachmann,219,business,,,exact
2182,Dr. Walter Freudenberg,219,business,trade,BOOKS_AND_ART,exact
2184,Dr. Westhoff & Co,219,business,industry,ELECTRICAL_GOODS,exact
2185,Dr. Wolff & Co Import & Export,219,business,trade,OTHER,exact
2186,Dr. jur. Ernst Meyer,219,business,trade,BANKS_AND_INSURANCE,exact
2189,Dr. med. Elfriede Ehrenreich,219,business,,,exact
2190,Dr. med. Singer & Co GmbH,219,business,trade,CHEMICALS_AND_PHARMACEUTICALS,exact
2192,Dreifuss & Co,220,business,trade,PAPER_AND_PAPER_GOODS,exact
2194,Drewes & Leyser,220,business,trade,TEXTILES_AND_CLOTHING,exact
2195,Dreßel & Ephraim,220,business,trade,TEXTILES_AND_CLOTHING,exact
2199,Drogerie Dr. Georg Peiser,220,business,trade,CHEMICALS_AND_PHARMACEUTICALS,exact
2200,Drogerie Gustav Behm,220,business,,,exact
2201,Drogerie HACO Inhaber Apotheker Hans Cohn,221,business,trade,CHEMICALS_AND_PHARMACEUTICALS,exact
2203,Drogerie Süßkind Apotheker Kurt Süßkind,221,business,trade,CHEMICALS_AND_PHARMACEUTICALS,exact
2204,Drogerie Weißes Kreuz Apotheker Hugo Cohn,221,business,trade,CHEMICALS_AND_PHARMACEUTICALS,exact
2205,"Drogerie-Mack, Versandhaus, I. Ranges (1938)",221,business,,CHEMICALS_AND_PHARMACEUTICALS,exact
2206,Droysenhaus Grundstücksgesellschaft mbH,221,business,services,REAL_ESTATE,exact
2207,Drucker & Nagler,221,business,trade,TEXTILES_AND_CLOTHING,exact
2208,Druckerei Biko Reklame Klischee-Verlag Hochhauser & Aufrecht,221,business,industry,PUBLISHING_AND_PRINTING,exact
2210,Druckschriften-Vertriebsstelle des Reichsverbandes des kreditgebenden Einzelhandels GmbH,221,business,trade,PUBLISHING_AND_PRINTING,exact
2211,Druckwerkstätte Eri GmbH,222,business,handicraft,PUBLISHING_AND_PRINTING,exact
2212,Duffag Chemisch-technisches Werk AG,222,business,industry,CHEMICALS_AND_PHARMACEUTICALS,exact
2213,Dupla GmbH zur Herstellung zahnärztlicher Prothesen und für gemeinschaftlichen Einkauf von Metallen für zahntechnischen Bedarf,222,business,industry,CHEMICALS_AND_PHARMACEUTICALS,exact
2215,"Dénes & Friedmann, AG",222,business,trade,MACHINES_AND_VEHICLES,exact
2216,Dübelwerke GmbH,222,business,industry,MACHINES_AND_VEHICLES,exact
2217,"Dünner, Philipp",222,business,,,exact
2218,E. & F. Liepmann,222,business,trade,TEXTILES_AND_CLOTHING,exact
2219,E. & H. Mannheim,222,business,industry,LEATHER_AND_SHOES,exact
2220,E. & L. Littmann,222,business,trade,TEXTILES_AND_CLOTHING,exact
2221,"E. & M. Gornitzky Parfümerien, Seifen, Haushaltungs- und Wirtschafts-Artikel",223,business,trade,CHEMICALS_AND_PHARMACEUTICALS,exact
2222,E. & M. Stern,223,business,trade,PAPER_AND_PAPER_GOODS,exact
2223,E. A. Krüger & Friedeberg,223,business,industry,ELECTRICAL_GOODS,exact
2226,E. Audorff Nachf.,223,business,trade,CHEMICALS_AND_PHARMACEUTICALS,exact
2227,"E. Bauer, Entfleckerei ""am Knie""""""",223,business,,CHEMICALS_AND_PHARMACEUTICALS,exact
2228,E. Bergmann vorm. Leo Oberwarth Nachf.,223,business,,CONSTRUCTION,exact
2229,"E. Bergmann, Stahl- und Maschinen-GmbH",223,business,industry,MACHINES_AND_VEHICLES,exact
2230,E. Besas & Co,223,business,trade,FOOD_AND_BEVERAGES,exact
2231,E. Bieber,224,business,handicraft,PHOTOGRAPHY_AND_FILM,exact
2232,E. Braun & Co,224,business,trade,TEXTILES_AND_CLOTHING,exact
2234,"E. Cohn, Haus für Web-und Manufakturwaren",224,business,,TEXTILES_AND_CLOTHING,exact
2235,E. Fabian,224,business,trade,CONSTRUCTION_MATERIALS_AND_FUEL,exact
2236,E. G. Kaufmann,224,business,trade,BANKS_AND_INSURANCE,exact
2237,E. Heynemann & Co,224,business,trade,BANKS_AND_INSURANCE,exact
2238,E. Hirschfeld & Klemke,224,business,trade,TEXTILES_AND_CLOTHING,exact
2239,E. Horst & Co,224,business,trade,PAPER_AND_PAPER_GOODS,exact
2240,E. J. Meyer,224,business,trade,BANKS_AND_INSURANCE,exact
2241,E. Kobold Nfg.,225,business,,TEXTILES_AND_CLOTHING,exact
2243,E. L. Friedmann & Co,225,business,trade,BANKS_AND_INSURANCE,exact
2244,E. Landau & Co,225,business,industry,TEXTILES_AND_CLOTHING,exact
2245,E. Liebermann Inhaber Bernhard Nathan,225,business,trade,JEWELRY_AND_PRECIOUS_METALS,exact
2246,E. Lochmaier & Co Bau- und Terraingesellschaft mbH,225,business,,CONSTRUCTION,exact
2247,E. Mathews & Co,225,business,industry,TEXTILES_AND_CLOTHING,exact
2248,E. Mieschonz,225,business,,FURNITURE,exact
2249,E. Minx,225,business,,TEXTILES_AND_CLOTHING,exact
2251,E. Richter & Co,226,business,industry,PUBLISHING_AND_PRINTING,exact
2252,E. Rothe,226,business,trade,TEXTILES_AND_CLOTHING,exact
2253,E. Skiba,226,business,,TEXTILES_AND_CLOTHING,exact
2254,E. Tusche & Co,226,business,trade,CHEMICALS_AND_PHARMACEUTICALS,exact
2255,E. Volkmar & Co,226,business,industry,TEXTILES_AND_CLOTHING,exact
2256,E. Wetzlar & Co,226,business,trade,OTHER,exact
2257,"E. Witte's Apotheke, Julius Hirschberg",226,business,trade,PHARMACIES,exact
2258,E. Wolff & Sohn,226,business,trade,FURNITURE,exact
2259,E. Wulff & Cie,226,business,trade,OTHER,exact
2260,E. de la Sauce & Kloß,226,business,industry,METALS_AND_METAL_GOODS,exact
2262,Ebro Erste Berliner Dampf-Roßhaarspinnerei AG,227,business,industry,TEXTILES_AND_CLOTHING,exact
2263,Echt & Bogner,227,business,trade,TEXTILES_AND_CLOTHING,exact
2264,Eckstein Arthur,227,business,,,exact
2265,Ed. Capelle,227,business,industry,TEXTILES_AND_CLOTHING,exact
2266,Ed. Freystadt & Westmann,227,business,trade,TEXTILES_AND_CLOTHING,exact
2267,Ed. Lachmann in Liq.,227,business,industry,METALS_AND_METAL_GOODS,exact
2269,"Edel & Dobrin, Spirituosen und Weinhandlung GmbH",227,business,trade,FOOD_AND_BEVERAGES,exact
2270,Edelhof GmbH,227,business,,,exact
2271,Edelstahl-GmbH,228,business,trade,METALS_AND_METAL_GOODS,exact
2272,Eden Verlag GmbH,228,business,industry,PUBLISHING_AND_PRINTING,exact
2273,Edgar Caro,228,business,,,exact
2275,Edgar Ritterband,228,business,,,exact
2276,"Edgar Sandmann, Fabrikation von Blusen und Kleidern",228,business,industry,TEXTILES_AND_CLOTHING,exact
2277,Edgar Sußmann,228,business,trade,FOOD_AND_BEVERAGES,exact
2279,Edith Grand,228,business,trade,CHEMICALS_AND_PHARMACEUTICALS,exact
2281,Edition Karl Brüll,229,business,industry,PUBLISHING_AND_PRINTING,exact
2282,Edler & Co,229,business,trade,TEXTILES_AND_CLOTHING,exact
2283,Edmund Ascher & Co,229,business,trade,TEXTILES_AND_CLOTHING,exact
2284,Edmund Kahn,229,business,industry,TEXTILES_AND_CLOTHING,exact
2285,Edmund Leon,229,business,trade,TEXTILES_AND_CLOTHING,exact
2287,Edmund Reich,229,business,trade,FOOD_AND_BEVERAGES,exact
2288,Edmund Weinmann Vermögensverwaltung,229,business,trade,BANKS_AND_INSURANCE,exact
2290,Eduard Biek,229,business,trade,MACHINES_AND_VEHICLES,exact
2292,Eduard Cohn jr.,230,business,trade,TEXTILES_AND_CLOTHING,exact
2293,Eduard Gans,230,business,trade,BANKS_AND_INSURANCE,exact
2294,Eduard Glaesemann,230,business,industry,FOOD_AND_BEVERAGES,exact
2296,Eduard Goldacker Nachf. (Inh. Gusowski und van Groenenbergh) GmbH,230,business,trade,FOOD_AND_BEVERAGES,exact
2297,Eduard Growald,230,business,trade,TEXTILES_AND_CLOTHING,exact
2298,Eduard Hartwig,230,business,,PHARMACIES,exact
2301,Eduard Kugelmann,231,business,trade,BANKS_AND_INSURANCE,exact
2302,Eduard Lichtenstein,231,business,trade,TEXTILES_AND_CLOTHING,exact
2303,Eduard Manes,231,business,trade,TEXTILES_AND_CLOTHING,exact
2304,Eduard Moskowitz,231,business,,TRANSPORTATION,exact
2305,Eduard Naumann,231,business,industry,TEXTILES_AND_CLOTHING,exact
2307,Eduard Segall,231,business,trade,TEXTILES_AND_CLOTHING,exact
2308,Eduard Süßkind KG,231,business,industry,FOOD_AND_BEVERAGES,exact
2309,Eduard Wassermann,231,business,trade,FOOD_AND_BEVERAGES,exact
2310,Eduard Weißenstein,231,business,,TEXTILES_AND_CLOTHING,exact
2311,Edvard M. Ruben,232,business,trade,BOOKS_AND_ART,exact
2313,Edwin Rosenthal GmbH,232,business,industry,TEXTILES_AND_CLOTHING,exact
2314,Edwin Rothschild,232,business,,MACHINES_AND_VEHICLES,exact
2315,Efim Fuhrmann,232,business,trade,OTHER,exact
2316,Egers & Engel,232,business,trade,METALS_AND_METAL_GOODS,exact
2317,Egon Berlin,232,business,trade,FOOD_AND_BEVERAGES,exact
2319,Eheyco-Werkstatt Ernst Katzenstein,232,business,industry,FURNITURE,exact
2320,Ehrenberger,232,business,,,exact
2322,Eichel & Co,233,business,trade,TEXTILES_AND_CLOTHING,exact
2323,Eichenwald & Co,233,business,industry,TEXTILES_AND_CLOTHING,exact
2324,"Eichholz & Loeser, Zweigniederlassung Berlin",233,business,trade,FOOD_AND_BEVERAGES,exact
2325,Eigenhaus GmbH,233,business,,CONSTRUCTION,exact
2326,Eigenhausbauten für Stadt und Land GmbH,233,business,,CONSTRUCTION,exact
2328,Einfamilienhaus Mein Eigen AG,233,business,,REAL_ESTATE,exact
2329,Einfamilienhaus Rothenburg AG,233,business,,,exact
2331,"Einkaufszentrale J. Schocken Söhne, GmbH, Zweigniederlassung Berlin",234,business,trade,DEPARTMENT_STORES,exact
2332,Einsteins Corsetspezialhaus für starke Damen GmbH,234,business,trade,TEXTILES_AND_CLOTHING,exact
2334,Eischleb & Neuwahl,234,business,,MACHINES_AND_VEHICLES,exact
2335,Eisdiele Kohn,234,business,,,exact
2337,Eisen & Co,234,business,trade,FOOD_AND_BEVERAGES,exact
2338,Eisen- und Stückblech-Handelsgesellschaft mbH,234,business,trade,METALS_AND_METAL_GOODS,exact
2340,Eisenberg & Arndt,234,business,industry,TEXTILES_AND_CLOTHING,exact
2341,Eisenberg & Fraenkel,235,business,trade,FOOD_AND_BEVERAGES,exact
2345,Eisenschmidt's Buch- und Landkartenhandlung,235,business,trade,BOOKS_AND_ART,exact
2347,Eisladen der Senta Reibach-Ruß,235,business,,,exact_ambiguous_2
2348,Eisner & Ehrmann,235,business,trade,TEXTILES_AND_CLOTHING,exact
2349,Eisner & Kirchheim GmbH,235,business,trade,TEXTILES_AND_CLOTHING,exact
2350,Eisner & Meisl AG,235,business,trade,TEXTILES_AND_CLOTHING,exact
2351,Eiswerke & Kühlhallen am Alexanderplatz Nathan Lindenberger,236,business,industry,MACHINES_AND_VEHICLES,exact
2352,Eizenschmidt & Co,236,business,industry,TEXTILES_AND_CLOTHING,exact
2354,Elektro-Galvanisator Willy Kutzsch,236,business,industry,METALS_AND_METAL_GOODS,exact
2355,Elektro-Galvanisator-GmbH,236,business,industry,METALS_AND_METAL_GOODS,exact
2358,Elektro-Großhandlung Georg Heidemann,236,business,trade,ELECTRICAL_GOODS,exact
2361,Elektromotoren-Werke Hermann Gradenwitz,237,business,trade,ELECTRICAL_GOODS,exact
2362,"Eleonore, Grundstücksgesellschaft mbH",237,business,trade,REAL_ESTATE,exact
2363,Elfriede Loew,237,business,,,exact
2366,Elias Gehler,237,business,trade,FOOD_AND_BEVERAGES,exact
2367,Elias Glaser,237,business,,,exact
2368,Elias Leo Bermann,237,business,,METALS_AND_METAL_GOODS,exact
2369,Elias Mandelbrod,237,business,,TEXTILES_AND_CLOTHING,exact
2376,Elie Salzmann,238,business,trade,FOOD_AND_BEVERAGES,exact
2377,Elisabeth Alexandra Levy,238,business,,JEWELRY_AND_PRECIOUS_METALS,exact
2379,Elisabeth Goldschmidt Damenkonfektion,238,business,trade,TEXTILES_AND_CLOTHING,exact
2381,Elise Kietzmann Inhaber Ascher und Lietke,239,business,trade,TEXTILES_AND_CLOTHING,exact
2382,Elise Koh,239,business,trade,TEXTILES_AND_CLOTHING,exact
2383,Elise Zickel Nchf.,239,business,industry,TEXTILES_AND_CLOTHING,exact
2384,Elite Wäscheversand Tony Jacob Nachfolger Bernhard Speyer,239,business,trade,TEXTILES_AND_CLOTHING,exact
2385,"Elite-Wäscherei ""Heißrolle""""""",239,business,,TEXTILES_AND_CLOTHING,exact
2387,Ella Herrlich,239,business,,TEXTILES_AND_CLOTHING,exact
2388,"Ella Lehmann GmbH, vorm. Conrad & Rogozinski",239,business,,,exact
2389,Ella Miermeister,239,business,trade,TEXTILES_AND_CLOTHING,exact
2393,Ellen Richter-Film GmbH,240,business,industry,PHOTOGRAPHY_AND_FILM,exact
2394,Elli Cahn,240,business,,PHOTOGRAPHY_AND_FILM,exact
2395,Elli Fink,240,business,,,exact
2396,Elli Kohls,240,business,,,exact
2398,Elliot's Herrenausstattungen Berthold Elliot,240,business,trade,TEXTILES_AND_CLOTHING,exact
2399,Ellson & Co,240,business,trade,PAPER_AND_PAPER_GOODS,exact
2400,Elly Cols,240,business,,,exact
2401,Elsa Jeretzky,241,business,,TEXTILES_AND_CLOTHING,exact
2402,Elsa Liedke,241,business,,FOOD_AND_BEVERAGES,exact
2405,Elsbeth Zacharias,241,business,,,exact
2406,Else Behrend,241,business,,,exact
2410,Else Katzenellenbogen,241,business,trade,OTHER,exact
2411,Else Levy,242,business,trade,TEXTILES_AND_CLOTHING,exact
2412,Else Lubranczyk,242,business,,TEXTILES_AND_CLOTHING,exact
2415,Else Weinstock,242,business,industry,TEXTILES_AND_CLOTHING,exact
2418,Elysium Lichtspiele GmbH,242,business,services,RESTAURANTS,exact
2420,Emanuel & Co,242,business,trade,TEXTILES_AND_CLOTHING,exact
2421,Emanuel Cohn-Reisner,243,business,industry,TEXTILES_AND_CLOTHING,exact
2422,Emanuel Friedlaender & Comp.,243,business,trade,CONSTRUCTION_MATERIALS_AND_FUEL,exact
2423,Emanuel Goldberg,243,business,trade,HOUSEHOLD_GOODS,exact
2425,Emanuel Japhet,243,business,trade,PAPER_AND_PAPER_GOODS,exact
2426,Emanuel Kunst,243,business,trade,TEXTILES_AND_CLOTHING,exact
2427,Emanuel M. Meyer,243,business,trade,OTHER,exact
2428,Emanuel Mohnblatt,243,business,trade,TEXTILES_AND_CLOTHING,exact
2429,Emanuel Moor,243,business,trade,TEXTILES_AND_CLOTHING,exact
2431,Emanuel Reich,244,business,trade,PAPER_AND_PAPER_GOODS,exact
2432,Emanuel Wolf,244,business,trade,TEXTILES_AND_CLOTHING,exact
2433,Emanuel Zeller,244,business,trade,TEXTILES_AND_CLOTHING,exact
2434,Embeco Moderne Backfischkonfektion GmbH,244,business,industry,TEXTILES_AND_CLOTHING,exact
2436,"Emco, Herrenwäsche, Inhaber Martin Cohn",244,business,trade,TEXTILES_AND_CLOTHING,exact
2437,Emerich C. Kellermann,244,business,trade,TEXTILES_AND_CLOTHING,exact
2439,Emil Ascher,244,business,industry,TEXTILES_AND_CLOTHING,exact
2444,Emil Bremler,245,business,trade,TEXTILES_AND_CLOTHING,exact
2445,Emil Brock,245,business,trade,TEXTILES_AND_CLOTHING,exact
2446,Emil Camnitzer,245,business,trade,TEXTILES_AND_CLOTHING,exact
2447,Emil Cohen,245,business,trade,OTHER,exact
2448,Emil Dammann & Co,245,business,trade,BANKS_AND_INSURANCE,exact
2449,Emil Elkan,245,business,trade,TEXTILES_AND_CLOTHING,exact
2451,Emil Flater,246,business,trade,OTHER,exact
2454,Emil Gallewski,246,business,trade,LEATHER_AND_SHOES,exact
2455,Emil Gerstle & Co,246,business,industry,TEXTILES_AND_CLOTHING,exact
2456,Emil Gobitz,246,business,trade,FOOD_AND_BEVERAGES,exact
2457,Emil Grand,246,business,trade,TRANSPORTATION,exact
2458,Emil Grünberg,246,business,trade,FOOD_AND_BEVERAGES,exact
2462,Emil Israelski,247,business,trade,TEXTILES_AND_CLOTHING,exact
2463,Emil Jacob,247,business,trade,BANKS_AND_INSURANCE,exact
2464,Emil Jacobsohn,247,business,trade,PAPER_AND_PAPER_GOODS,exact
2465,Emil Jacoby AG gegr. 1872,247,business,trade,LEATHER_AND_SHOES,exact
2466,Emil Janklowitz,247,business,trade,TEXTILES_AND_CLOTHING,exact
2467,Emil Joseph Modewaaren,247,business,trade,TEXTILES_AND_CLOTHING,exact
2468,Emil Kauf,247,business,trade,TEXTILES_AND_CLOTHING,exact
2472,"Emil Köster, Deutsche Beamten-Einkaufs-AG, Zweigniederlassung Berlin",248,business,industry,TEXTILES_AND_CLOTHING,exact
2473,Emil Lange,248,business,trade,TEXTILES_AND_CLOTHING,exact
2474,Emil Lemke Kisten- und Holzwoll-GmbH,248,business,trade,CONSTRUCTION_MATERIALS_AND_FUEL,exact
2475,Emil Lipmann,248,business,trade,BANKS_AND_INSURANCE,exact
2476,Emil Loeser,248,business,industry,TEXTILES_AND_CLOTHING,exact
2478,Emil Loewenthal Metallhandlung,248,business,trade,METALS_AND_METAL_GOODS,exact
2479,Emil Löwenberg,248,business,trade,BANKS_AND_INSURANCE,exact
2480,Emil Mandel,248,business,trade,LEATHER_AND_SHOES,exact
2481,Emil Marx,249,business,trade,TEXTILES_AND_CLOTHING,exact
2482,Emil Mendel Vertretungen,249,business,trade,OTHER,exact
2483,Emil Münz & Comp.,249,business,trade,FOOD_AND_BEVERAGES,exact
2486,Emil Pick & Co,249,business,industry,TEXTILES_AND_CLOTHING,exact
2487,Emil Plessner & Sohn,249,business,trade,FOOD_AND_BEVERAGES,exact
2489,Emil Romann,249,business,trade,PAPER_AND_PAPER_GOODS,exact
2490,Emil Schein Blusen- und Kleider-Gesellschaft mbH,249,business,industry,TEXTILES_AND_CLOTHING,exact
2492,Emil Schönmann,250,business,trade,LEATHER_AND_SHOES,exact
2493,Emil Siedner,250,business,trade,TEXTILES_AND_CLOTHING,exact
2494,Emil Streisand,250,business,industry,PUBLISHING_AND_PRINTING,exact
2497,Emil W. Hinrichsen,250,business,trade,OTHER,exact
2498,Emil Weinwurm,250,business,trade,MACHINES_AND_VEHICLES,exact
2501,Emma Bernstein-Schönfeld,251,business,,,exact
2502,"Emma Bette, Bud & Lachmann & Co Damen- und Kindermoden GmbH",251,business,industry,TEXTILES_AND_CLOTHING,exact
2503,Emma Samter,251,business,trade,TEXTILES_AND_CLOTHING,exact
2504,Emmanuel Weiss (Emmanuel Weiß),251,business,,TEXTILES_AND_CLOTHING,exact
2506,Emmo Lewy,251,business,trade,BANKS_AND_INSURANCE,exact
2509,Empedon-Compagnie Paul Maschke,251,business,industry,CHEMICALS_AND_PHARMACEUTICALS,exact
2510,En-Te Grundstücks-Erwerbsgesellschaft mbH,251,business,trade,REAL_ESTATE,exact
2513,Engelhardt-Brauerei AG,252,business,industry,FOOD_AND_BEVERAGES,exact
2515,Englische Textilwaren Dinermann & Co GmbH,252,business,trade,TEXTILES_AND_CLOTHING,exact
2516,Ensoplatten Importgesellschaft mbH,252,business,trade,CONSTRUCTION_MATERIALS_AND_FUEL,exact
2518,Enver Bey Zigarettenfabrik GmbH,252,business,industry,FOOD_AND_BEVERAGES,exact
2519,Epa AG,252,business,trade,OTHER,exact
2520,Ephraimson & Neumann,252,business,trade,TEXTILES_AND_CLOTHING,exact
2521,Epstein & Baruchsohn GmbH,253,business,trade,TEXTILES_AND_CLOTHING,exact
2524,Erber & Co,253,business,trade,TEXTILES_AND_CLOTHING,exact
2525,Erber & Sohn,253,business,trade,TEXTILES_AND_CLOTHING,exact
2527,Erhard Schlawig,253,business,,TEXTILES_AND_CLOTHING,exact
2528,Erholungsheim Neubabelsberg,253,business,,RESTAURANTS,exact
2529,Erich A. Cohn,253,business,trade,BANKS_AND_INSURANCE,exact
2530,Erich A. Michaelis,253,business,trade,BANKS_AND_INSURANCE,exact
2531,Erich Adler GmbH,254,business,trade,CONSTRUCTION_MATERIALS_AND_FUEL,exact
2533,Erich Bonwitt,254,business,trade,CHEMICALS_AND_PHARMACEUTICALS,exact
2534,Erich Brauer,254,business,trade,PAPER_AND_PAPER_GOODS,exact
2535,Erich Cohn,254,business,trade,PAPER_AND_PAPER_GOODS,exact
2538,Erich Felix Import Kommission Obst Gemüse Südfrüchte,254,business,trade,FOOD_AND_BEVERAGES,exact
2540,Erich Friedländer,254,business,industry,PUBLISHING_AND_PRINTING,exact
2541,Erich Goldschmidt Beleuchtungskörper,255,business,industry,ELECTRICAL_GOODS,exact
2542,Erich Goldstein,255,business,trade,FURNITURE,exact
2544,Erich Hausmann,255,business,trade,TEXTILES_AND_CLOTHING,exact
2546,Erich Instrator,255,business,,TEXTILES_AND_CLOTHING,exact
2547,Erich J. Kaufmann,255,business,trade,BANKS_AND_INSURANCE,exact
2548,Erich Jacks,255,business,trade,METALS_AND_METAL_GOODS,exact
2549,Erich Jacoby,255,business,industry,ELECTRICAL_GOODS,exact
2551,Erich Kiwi,256,business,industry,TEXTILES_AND_CLOTHING,exact
2553,Erich Levit,256,business,,TEXTILES_AND_CLOTHING,exact
2554,Erich Liebach & Co,256,business,trade,CONSTRUCTION_MATERIALS_AND_FUEL,exact
2555,Erich Loewenstein,256,business,trade,FURNITURE,exact
2556,Erich Loewenthal & Co,256,business,industry,TEXTILES_AND_CLOTHING,exact
2558,Erich Mottek,256,business,trade,BANKS_AND_INSURANCE,exact
2559,Erich Neumann & Co,256,business,industry,TEXTILES_AND_CLOTHING,exact
2560,Erich Oling & Co,256,business,industry,TEXTILES_AND_CLOTHING,exact
2563,Erich Rosam,257,business,industry,METALS_AND_METAL_GOODS,exact
2565,Erich Saenger,257,business,trade,TEXTILES_AND_CLOTHING,exact
2566,Erich Samulon,257,business,,,exact
2567,Erich Schneider,257,business,trade,FURNITURE,exact
2568,Erich Schön,257,business,services,TRANSPORTATION,exact
2570,Erich Verständig,257,business,industry,TEXTILES_AND_CLOTHING,exact
2571,Erich Vogel Damenputz-Großhandlung,258,business,trade,TEXTILES_AND_CLOTHING,exact
2572,Erich Wechselmann,258,business,trade,REAL_ESTATE,exact
2573,Erich Wolff,258,business,trade,CONSTRUCTION_MATERIALS_AND_FUEL,exact
2574,Erich Wolfsohn KG,258,business,trade,TEXTILES_AND_CLOTHING,exact
2576,Erna Auerbach,258,business,industry,TEXTILES_AND_CLOTHING,exact
2578,Erna Cohn,258,business,,,exact
2580,Erna Fidélmann,258,business,,,exact
2581,Erna Gongolla,259,business,,,exact
2582,Erna Helborn,259,business,,TEXTILES_AND_CLOTHING,exact
2584,Erna Silbermann,259,business,,,exact
2585,Ernestine Jacks,259,business,trade,MACHINES_AND_VEHICLES,exact
2587,Ernst Behr,259,business,trade,BANKS_AND_INSURANCE,exact
2588,Ernst Beier,259,business,trade,FOOD_AND_BEVERAGES,exact
2589,Ernst Bergemann,259,business,trade,CONSTRUCTION_MATERIALS_AND_FUEL,exact
2590,Ernst Bernhard,259,business,trade,TEXTILES_AND_CLOTHING,exact
2592,Ernst Cahn,260,business,trade,OTHER,exact
2594,Ernst Caspari Autovermietung,260,business,services,TRANSPORTATION,exact
2595,Ernst Cohn Getreide - Futtermittel,260,business,trade,FOOD_AND_BEVERAGES,exact
2597,Ernst Egeling & Co,260,business,trade,ELECTRICAL_GOODS,exact
2598,Ernst Fischer Fahrstuhlbau,260,business,industry,MACHINES_AND_VEHICLES,exact
2600,Ernst Gallewski,260,business,trade,FOOD_AND_BEVERAGES,exact
2601,"Ernst Goldstücker, Export Commission & Agentur",261,business,trade,OTHER,exact
2602,Ernst Gossow Nachf.,261,business,handicraft,CONSTRUCTION,exact
2603,Ernst Grüneberg,261,business,trade,FOOD_AND_BEVERAGES,exact
2606,Ernst Hamburg,261,business,trade,BANKS_AND_INSURANCE,exact
2608,Ernst Herrnberg,261,business,trade,FOOD_AND_BEVERAGES,exact
2609,Ernst Hertz,261,business,trade,TEXTILES_AND_CLOTHING,exact
2610,Ernst Herzberg,261,business,trade,TEXTILES_AND_CLOTHING,exact
2611,Ernst Herzfeld,262,business,trade,TEXTILES_AND_CLOTHING,exact
2612,Ernst Hesse,262,business,trade,PUBLISHING_AND_PRINTING,exact
2613,Ernst Heydemann,262,business,trade,FOOD_AND_BEVERAGES,exact
2614,Ernst Hirsch,262,business,trade,TEXTILES_AND_CLOTHING,exact
2615,Ernst Hirschel,262,business,industry,TEXTILES_AND_CLOTHING,exact
2616,Ernst Hoffmandt,262,business,,TRANSPORTATION,exact
2617,Ernst Ißler,262,business,trade,BANKS_AND_INSURANCE,exact
2618,Ernst Jacob AG,262,business,,,exact
2619,Ernst Jacoby,262,business,trade,BANKS_AND_INSURANCE,exact
2621,Ernst Knopf,263,business,trade,BANKS_AND_INSURANCE,exact
2622,Ernst Lindenberg Finanzierungen,263,business,trade,BANKS_AND_INSURANCE,exact
2623,Ernst Loepert,263,business,trade,TEXTILES_AND_CLOTHING,exact
2624,Ernst Loewenstein,263,business,,PHARMACIES,exact
2626,Ernst M. Hirschberg,263,business,trade,BANKS_AND_INSURANCE,exact
2627,Ernst Marcuse,263,business,,,exact
2629,Ernst Mendershausen,263,business,industry,TEXTILES_AND_CLOTHING,exact
2630,Ernst Meyerhof,263,business,trade,BANKS_AND_INSURANCE,exact
2631,Ernst Moser & Co,264,business,trade,BANKS_AND_INSURANCE,exact
2633,Ernst Naumann & Sander,264,business,trade,TEXTILES_AND_CLOTHING,exact
2634,Ernst Neufeld,264,business,trade,LEATHER_AND_SHOES,exact
2635,Ernst Nußbaum Kleider,264,business,trade,TEXTILES_AND_CLOTHING,exact
2636,Ernst Plachta,264,business,industry,TEXTILES_AND_CLOTHING,exact
2640,Ernst Rosenberg & Co GmbH,264,business,trade,OTHER,exact
2641,Ernst Schlesinger Zigarren- und Tabak-Fabrik,265,business,industry,FOOD_AND_BEVERAGES,exact
2642,Ernst Schotte & Co,265,business,industry,PUBLISHING_AND_PRINTING,exact
2645,Ernst Seelig,265,business,trade,FOOD_AND_BEVERAGES,exact
2646,Ernst Seidelmann,265,business,trade,CONSTRUCTION_MATERIALS_AND_FUEL,exact
2647,Ernst Sochaczewer,265,business,trade,FOOD_AND_BEVERAGES,exact
2648,Ernst Sommer & Co,265,business,trade,ADVERTISING,exact
2649,Ernst Spiegel,265,business,,,exact
2651,Ernst Tell Fabrik chemisch-pharmazeutischer Präparate,266,business,industry,CHEMICALS_AND_PHARMACEUTICALS,exact
2652,Ernst Wallheimer,266,business,trade,BANKS_AND_INSURANCE,exact
2656,Erste Berliner Spezial-Kopier-Druckerei Max Brodek,266,business,industry,PUBLISHING_AND_PRINTING,exact
2657,Erste Ostpreußische Bettfedernfabrik Jakob Klimowski,266,business,trade,FURNITURE,exact
2658,Erste Rixdorfer Glühkörper-Fabrik Alschweig & Co,266,business,industry,ELECTRICAL_GOODS,exact
2659,"Erstes Wernesgrüner Pilsner, Generalvertrieb Otto Weil",266,business,trade,FOOD_AND_BEVERAGES,exact
2660,Erwin Feder KG,266,business,industry,TEXTILES_AND_CLOTHING,exact
2661,Erwin Fränkel,267,business,trade,BANKS_AND_INSURANCE,exact
2662,Erwin Grünfeld,267,business,industry,TEXTILES_AND_CLOTHING,exact
2663,Erwin Heidemann,267,business,trade,BANKS_AND_INSURANCE,exact
2665,Erwin Jacobsohn,267,business,industry,TEXTILES_AND_CLOTHING,exact
2666,Erwin Leibke,267,business,trade,TEXTILES_AND_CLOTHING,exact
2667,Erwin Lindenstrauß,267,business,trade,BANKS_AND_INSURANCE,exact
2668,Erwin Lindenstrauß Schuhwaren,267,business,trade,LEATHER_AND_SHOES,exact
2670,Erwin Spicker,267,business,trade,TEXTILES_AND_CLOTHING,exact
2671,Erwin Taussik,268,business,trade,PAPER_AND_PAPER_GOODS,exact
2673,Erze und Metalle Hirsch AG,268,business,trade,METALS_AND_METAL_GOODS,exact
2674,Erzmetall Gesellschaft für Bergbau- und Hüttenbetrieb mbH,268,business,services,REAL_ESTATE,exact
2675,Esmarch-Apotheke Walter Siegmund,268,business,trade,PHARMACIES,exact
2676,Essig- u. Mostrich-Fabrik Nordring Hugo Jacobsohn & Co,268,business,trade,FOOD_AND_BEVERAGES,exact
2677,Esther Nadel,268,business,,,exact
2680,Eterna Billard-Gesellschaft Flörsheimer & Co,268,business,trade,HOUSEHOLD_GOODS,exact
2681,Etika Maschinenbau GmbH,269,business,industry,MACHINES_AND_VEHICLES,exact
2682,Ettingers Schuhwarenhaus Salomon Ettinger,269,business,trade,LEATHER_AND_SHOES,exact
2684,Eugen Brasch,269,business,trade,TEXTILES_AND_CLOTHING,exact
2686,Eugen Courant,269,business,trade,MACHINES_AND_VEHICLES,exact
2687,Eugen Engel,269,business,trade,OTHER,exact
2688,Eugen Folkmar,269,business,services,OTHER,exact
2689,Eugen Freudenthal,269,business,trade,LEATHER_AND_SHOES,exact
2690,Eugen Freund,269,business,trade,TEXTILES_AND_CLOTHING,exact
2691,"Eugen Friedmann, Bankgeschäft",270,business,trade,BANKS_AND_INSURANCE,exact
2692,Eugen Groß,270,business,trade,TEXTILES_AND_CLOTHING,exact
2695,Eugen Hamburger,270,business,trade,BANKS_AND_INSURANCE,exact
2696,Eugen Heilmann,270,business,trade,BANKS_AND_INSURANCE,exact
2697,Eugen Herzberg,270,business,trade,OTHER,exact
2699,Eugen Kohn,270,business,,,exact
2702,Eugen Neustadt,271,business,trade,TEXTILES_AND_CLOTHING,exact
2703,Eugen Oppenheimer,271,business,trade,FOOD_AND_BEVERAGES,exact
2704,Eugen Perau,271,business,trade,JEWELRY_AND_PRECIOUS_METALS,exact
2705,Eugen Prokesz,271,business,,TEXTILES_AND_CLOTHING,exact
2706,Eugen Rosenberg,271,business,trade,FOOD_AND_BEVERAGES,exact
2709,Eugen Schereck Versicherungsgeschäft,271,business,trade,BANKS_AND_INSURANCE,exact
2710,Eugen Schüler,271,business,industry,TEXTILES_AND_CLOTHING,exact
2711,Eugen Szanti,272,business,trade,FOOD_AND_BEVERAGES,exact
2712,Eugen Wendriner & Sohn,272,business,,,exact
2714,Eugen Wolff jun.,272,business,trade,CONSTRUCTION_MATERIALS_AND_FUEL,exact
2716,Euklides Kleineisen-Handelsgesellschaft mbH,272,business,trade,METALS_AND_METAL_GOODS,exact
2720,Eva Hildebrandt,272,business,,,exact
2721,Eva Jacks,273,business,,,exact
2724,Everdry Trikot-Cahn GmbH,273,business,industry,TEXTILES_AND_CLOTHING,exact
2726,Ewald Buck,273,business,trade,METALS_AND_METAL_GOODS,exact
2727,Ewald Exiner,273,business,trade,TEXTILES_AND_CLOTHING,exact
2728,Ewald Handwein,273,business,trade,METALS_AND_METAL_GOODS,exact
2730,Ewer Buchhandlung GmbH,273,business,trade,BOOKS_AND_ART,exact
2732,Excelsior Lichtspielhaus GmbH,274,business,services,RESTAURANTS,exact
2733,Exiner & Ehrenfried,274,business,trade,TEXTILES_AND_CLOTHING,exact
2735,Export Bau- und Handelsgesellschaft mbH,274,business,trade,REAL_ESTATE,exact
2736,Export Gasglühlicht GmbH,274,business,trade,ELECTRICAL_GOODS,exact
2738,F. & E. Durra GmbH,274,business,industry,HOUSEHOLD_GOODS,exact
2739,F. & M. Grunwald,274,business,trade,TEXTILES_AND_CLOTHING,exact
2741,F. & O. Export Lumber Co GmbH,275,business,industry,CONSTRUCTION_MATERIALS_AND_FUEL,exact
2743,F. C. Reincke & Co GmbH,275,business,trade,CONSTRUCTION,exact
2745,F. Goldstein & Co,275,business,services,TRANSPORTATION,exact
2748,F. Israel (Helios-Wäscherei),275,business,,TEXTILES_AND_CLOTHING,exact
2749,F. Kayser & Co,275,business,trade,PAPER_AND_PAPER_GOODS,exact
2750,F. Klag & Co,275,business,trade,FOOD_AND_BEVERAGES,exact
2751,F. Löbenstein,276,business,,TEXTILES_AND_CLOTHING,exact
2754,F. O. Schultz,276,business,trade,FOOD_AND_BEVERAGES,exact
2755,F. Paul Schulze,276,business,trade,PAPER_AND_PAPER_GOODS,exact
2756,F. Posener & Co,276,business,trade,TEXTILES_AND_CLOTHING,exact
2757,F. Rawitscher,276,business,trade,TEXTILES_AND_CLOTHING,exact
2758,F. Reichelt AG vormals Contor chemischer Präparate,276,business,industry,CHEMICALS_AND_PHARMACEUTICALS,exact
2759,F. Ruschin & Co,276,business,industry,METALS_AND_METAL_GOODS,exact
2760,F. S. Scheier KG,276,business,trade,CONSTRUCTION_MATERIALS_AND_FUEL,exact
2761,F. Salomon,277,business,,,exact
2762,F. Seckel & Co,277,business,industry,MACHINES_AND_VEHICLES,exact
2763,F. Story & Co,277,business,trade,JEWELRY_AND_PRECIOUS_METALS,exact
2764,F. Tausk,277,business,trade,FURNITURE,exact
2765,F. V. Grünfeld,277,business,trade,TEXTILES_AND_CLOTHING,exact
2766,F. W. Bechtold & Nöthling,277,business,trade,FOOD_AND_BEVERAGES,exact
2767,F. W. J. Gesellschaft zur Förderung wirtschaftlicher Interessen von in Deutschland wohnhaften oder wohnhaft gewesenen Juden mbH,277,business,trade,BANKS_AND_INSURANCE,exact
2770,Fa. Hausverwaltungen und Hypotheken GmbH,277,business,,REAL_ESTATE,exact
2771,Fa. Luckenwalderstraße 7 Grundstücksges. mbH,278,business,,REAL_ESTATE,exact
2773,Fa. Transvaalstr. 16 GmbH,278,business,,REAL_ESTATE,exact
2774,Fa. Zionskirchstr. 11 Grundstücksges. mbH,278,business,,REAL_ESTATE,exact
2776,Fabian & Hrich,278,business,,TEXTILES_AND_CLOTHING,exact
2777,Fabian Lachmann,278,business,trade,METALS_AND_METAL_GOODS,exact
2780,Fabrik elektrischer Maschinen und Apparate Dr. Max Levy,278,business,industry,MACHINES_AND_VEHICLES,exact
2781,Falik Simon,280,business,,,exact
2783,Falkenstein,280,business,,,exact
2784,Falkenstein & Jacoby,280,business,trade,FOOD_AND_BEVERAGES,exact
2785,"Falkenstein, Elsbeth",280,business,,HOUSEHOLD_GOODS,exact
2787,Fanny Schwarz Damenhüte GmbH,280,business,industry,TEXTILES_AND_CLOTHING,exact
2790,Fantasie Jersey Confection Jacques J. Rosenthal,280,business,trade,TEXTILES_AND_CLOTHING,exact
2791,Fabrikate Erster Gardinen-Webereien Sally Israelski,279,business,trade,TEXTILES_AND_CLOTHING,exact
2792,Fabrikationsgesellschaft für Beleuchtungsgegenstände Guggenheim & Co mbH,279,business,industry,ELECTRICAL_GOODS,exact
2793,Fahrradhaus Alka Alfred Kaphan,279,business,trade,MACHINES_AND_VEHICLES,exact
2794,Fahrradhaus Nordring Ing. Markus Rosenkranz,279,business,trade,MACHINES_AND_VEHICLES,exact
2796,Fahrschule Theel,279,business,,,exact
2798,Fahrzeugdienst Fritz Wertheim,279,business,trade,MACHINES_AND_VEHICLES,exact
2801,Farmey GmbH Großhandelshaus pharmazeutischer und kosmetischer Spezialitäten und Parfümerie,281,business,trade,CHEMICALS_AND_PHARMACEUTICALS,exact
2802,Faust & Co,281,business,trade,JEWELRY_AND_PRECIOUS_METALS,exact
2803,Favorit-Verlag Georg Lehmann,281,business,industry,PUBLISHING_AND_PRINTING,exact
2805,Federverlag Dr. Max Hirschfeld,281,business,industry,PUBLISHING_AND_PRINTING,exact
2806,Fedor Feit,281,business,,CONSTRUCTION,exact
2808,Fedor Schweitzer & Co,281,business,industry,CONSTRUCTION_MATERIALS_AND_FUEL,exact
2809,Fehrecke,281,business,,TEXTILES_AND_CLOTHING,exact
2810,Feibusch & Co,281,business,industry,TEXTILES_AND_CLOTHING,exact
2811,Feibusch & Co Damenhüte,282,business,trade,TEXTILES_AND_CLOTHING,exact
2812,Feig & Wolff,282,business,trade,METALS_AND_METAL_GOODS,exact
2813,Feige Goldschneider,282,business,trade,FURNITURE,exact
2814,Feige-KG,282,business,industry,TEXTILES_AND_CLOTHING,exact
2815,Feinberg & Meyer,282,business,trade,TEXTILES_AND_CLOTHING,exact
2817,Feinbäckerei M. Klingbeil,282,business,,FOOD_AND_BEVERAGES,exact
2820,Feinkost Pförtner,282,business,,FOOD_AND_BEVERAGES,exact
2822,Feinkost Uhland,283,business,,FOOD_AND_BEVERAGES,exact
2823,Feinkost-Meyer,283,business,,FOOD_AND_BEVERAGES,exact
2824,Feiwel Metzger,283,business,trade,TEXTILES_AND_CLOTHING,exact
2825,Feld & Goldschmidt,283,business,trade,TEXTILES_AND_CLOTHING,exact
2826,Feldheim & Goldstein,283,business,industry,TEXTILES_AND_CLOTHING,exact
2829,Felix Bütow,283,business,trade,LEATHER_AND_SHOES,exact
2830,Felix Calmon,283,business,trade,TEXTILES_AND_CLOTHING,exact
2832,Felix Engel,284,business,trade,TEXTILES_AND_CLOTHING,exact
2833,Felix Flater,284,business,trade,BANKS_AND_INSURANCE,exact
2834,Felix Fleischer,284,business,trade,FURNITURE,exact
2835,Felix Freund,284,business,handicraft,PUBLISHING_AND_PRINTING,exact
2837,Felix Goldschmidt,284,business,handicraft,METALS_AND_METAL_GOODS,exact
2838,Felix Gottlieb,284,business,trade,TEXTILES_AND_CLOTHING,exact
2839,Felix Hammerstein,284,business,trade,OTHER,exact
2840,Felix Hoppe Apparate- und Maschinenbau,284,business,industry,MACHINES_AND_VEHICLES,exact
2842,Felix Isaack,285,business,,FOOD_AND_BEVERAGES,exact
2843,"Felix Isaak, Weinkeller",285,business,,,exact
2844,Felix J. Horwitz,285,business,trade,BANKS_AND_INSURANCE,exact
2845,Felix Joachimssohn,285,business,,ELECTRICAL_GOODS,exact
2849,Felix Lande,285,business,trade,TEXTILES_AND_CLOTHING,exact
2850,Felix Levin,285,business,,HOUSEHOLD_GOODS,exact
2851,Felix Lewin Damenmäntel,286,business,trade,TEXTILES_AND_CLOTHING,exact
2852,Felix Meyerhof,286,business,trade,BANKS_AND_INSURANCE,exact
2854,Felix Philippson,286,business,trade,TEXTILES_AND_CLOTHING,exact
2856,Felix Rosenthal,286,business,trade,TEXTILES_AND_CLOTHING,exact
2857,Felix Salomonis,286,business,trade,FURNITURE,exact
2858,Felix Schachnow,286,business,industry,TEXTILES_AND_CLOTHING,exact
2859,Felix Schleier,286,business,trade,FOOD_AND_BEVERAGES,exact
2861,Felix Schreiber,287,business,trade,JEWELRY_AND_PRECIOUS_METALS,exact
2862,Felix Silber,287,business,trade,TEXTILES_AND_CLOTHING,exact
2863,Felix Simon,287,business,trade,TEXTILES_AND_CLOTHING,exact
2864,Felix Sygmontowicz,287,business,,TEXTILES_AND_CLOTHING,exact
2865,Felix Wasservogel,287,business,,,exact
2867,Felix Würzburg,287,business,trade,REAL_ESTATE,exact
2868,"Felix Zimmt, in Firma M. Leschnik",287,business,,PHOTOGRAPHY_AND_FILM,exact
2872,Femina Damenmoden GmbH,288,business,trade,TEXTILES_AND_CLOTHING,exact
2873,Fendler & Gersten,288,business,trade,HOUSEHOLD_GOODS,exact
2875,Fenster & Stenger,288,business,trade,FURNITURE,exact
2876,Feodor Lehmann,288,business,trade,BANKS_AND_INSURANCE,exact
2877,Ferd. Bick,288,business,trade,TEXTILES_AND_CLOTHING,exact
2878,Ferd. Schach & Co,288,business,industry,LEATHER_AND_SHOES,exact
2879,Ferd. W. Müller GmbH,288,business,trade,FOOD_AND_BEVERAGES,exact
2881,Ferdinand Grünebaum,289,business,trade,LEATHER_AND_SHOES,exact
2883,Ferdinand Meyer,289,business,trade,BANKS_AND_INSURANCE,exact
2884,Ferdinand Nußbaum,289,business,trade,TEXTILES_AND_CLOTHING,exact
2886,Ferdinand Weil,289,business,trade,JEWELRY_AND_PRECIOUS_METALS,exact
2887,Ferdy Seligmann,289,business,,,exact
2889,Ferienheim Zernsee GmbH,289,business,services,RESTAURANTS,exact
2890,Fernbach & Heidenfeld,289,business,industry,CHEMICALS_AND_PHARMACEUTICALS,exact
2891,"Fernbach, Gustav",290,business,,,exact
2892,Feuchtwanger & Co GmbH,290,business,industry,CHEMICALS_AND_PHARMACEUTICALS,exact
2893,Feuchtwanger & Obermann,290,business,trade,CHEMICALS_AND_PHARMACEUTICALS,exact
2896,Fichtenberg Apotheke Wilhelm Ph. Wachsmann,290,business,trade,PHARMACIES,exact
2897,"Filigo, Fabrik pharm. u. chem. techn. Praeparate Julius Philippsthal",290,business,industry,CHEMICALS_AND_PHARMACEUTICALS,exact
2899,Finkelstein & Byk,290,business,trade,TEXTILES_AND_CLOTHING,exact
2901,Firma Salberg,291,business,,,exact
2902,Fischbein & Mendel,291,business,trade,TEXTILES_AND_CLOTHING,exact
2903,Fischer & Chrambach & Co,291,business,trade,CONSTRUCTION_MATERIALS_AND_FUEL,exact
2904,Fischer & Fränkel,291,business,trade,TEXTILES_AND_CLOTHING,exact
2905,Fischer & Unger,291,business,trade,TEXTILES_AND_CLOTHING,exact
2907,Fischer Hochschild GmbH,291,business,industry,FOOD_AND_BEVERAGES,exact
2908,"Fischer, Erich",291,business,,,exact
2909,Fischer-Druck GmbH,291,business,industry,PUBLISHING_AND_PRINTING,exact
2910,Flatow & Gerson-Prager,291,business,industry,TEXTILES_AND_CLOTHING,exact
2911,Flatow & Priemer,292,business,trade,FURNITURE,exact
2912,"Flatow, Hermann",292,business,,TEXTILES_AND_CLOTHING,exact
2915,Fleckfort-Institut,292,business,,CHEMICALS_AND_PHARMACEUTICALS,exact
2916,Flemming & Schade,292,business,,CONSTRUCTION_MATERIALS_AND_FUEL,exact
2919,Fließer & Rosenthal,292,business,trade,TEXTILES_AND_CLOTHING,exact
2922,Flora Apotheke Paul Fürst,293,business,trade,PHARMACIES,exact
2923,Flora-Apotheke Dr. phil Moritz Goeldner,293,business,trade,PHARMACIES,exact
2925,Florida Grundstücksverwertungsgesellschaft mbH,293,business,trade,REAL_ESTATE,exact
2926,Foerder & Stein,293,business,trade,TEXTILES_AND_CLOTHING,exact
2927,Fondant-Masse-Spezialfabrik Fritz Blumenreich,293,business,industry,FOOD_AND_BEVERAGES,exact
2928,Fondsmakler Hermann Rosenberg,293,business,trade,BANKS_AND_INSURANCE,exact
2932,"Forst-Apotheke, W. Blevers ( W. Rievers)",294,business,,PHARMACIES,exact
2933,Forstinger Holzverwertungs-GmbH,294,business,trade,CONSTRUCTION_MATERIALS_AND_FUEL,exact
2934,Fortuna Apotheke Bernhard Goldmann Fabrik pharmazeutischer Präparate,294,business,trade,PHARMACIES,exact
2935,Fortuna-Apotheke Max Lippold,294,business,trade,PHARMACIES,exact
2936,"Fortuna-Drogerie, Georg Laufer",294,business,,CHEMICALS_AND_PHARMACEUTICALS,exact
2937,Forum Lichtspieltheater-Betriebs-GmbH,294,business,services,RESTAURANTS,exact
2938,Foto-Binder GmbH,294,business,,,exact
2943,Fraenkel & Simon,295,business,trade,FOOD_AND_BEVERAGES,exact
2944,Fraenkel & Stroh,295,business,industry,PUBLISHING_AND_PRINTING,exact
2945,"Fraenkel, Gertrud",295,business,,REAL_ESTATE,exact
2947,Fraenkl & Co,295,business,trade,HOUSEHOLD_GOODS,exact
2948,Frahan Grundstücksgesellschaft mbH,295,business,trade,REAL_ESTATE,exact
2950,Frank & Co Fell- & Rauchwaren-GmbH,295,business,trade,TEXTILES_AND_CLOTHING,exact
2951,Frank & Co Metallhandlung,296,business,trade,METALS_AND_METAL_GOODS,exact
2953,"Frank, Sperling & Co",296,business,industry,TEXTILES_AND_CLOTHING,exact
2954,Franken & Ehrenstein,296,business,trade,TEXTILES_AND_CLOTHING,exact
2955,Franken & Woreczek,296,business,trade,TEXTILES_AND_CLOTHING,exact
2956,Frankenschwerth & Blank,296,business,trade,TEXTILES_AND_CLOTHING,exact
2957,Frankenstein u. Sohn,296,business,handicraft,TEXTILES_AND_CLOTHING,exact
2958,Frankfurter Apotheke Adolf Herrfarth,296,business,trade,PHARMACIES,exact
2961,Franz Bernhard,297,business,trade,TEXTILES_AND_CLOTHING,exact
2962,Franz Calvary,297,business,trade,BANKS_AND_INSURANCE,exact
2964,Franz Fei & Noack,297,business,industry,TEXTILES_AND_CLOTHING,exact
2965,"Franz Hirsch, Berlin",297,business,,,exact
2966,Franz Hoffstaedt,297,business,trade,TEXTILES_AND_CLOTHING,exact
2967,Franz Landsberger,297,business,trade,BANKS_AND_INSURANCE,exact
2968,Franz Lehmann,297,business,trade,FURNITURE,exact
2970,Franz Loewenstein,297,business,handicraft,METALS_AND_METAL_GOODS,exact
2971,Franz M. Prager,298,business,trade,OTHER,exact
2973,Franz Mettner GmbH,298,business,trade,TEXTILES_AND_CLOTHING,exact
2974,Franz Münsterberger,298,business,trade,FOOD_AND_BEVERAGES,exact
2975,Franz Ochotzki,298,business,,FURNITURE,exact
2976,Franz Pawlik,298,business,,LEATHER_AND_SHOES,exact
2978,Franz Rosenthal,298,business,industry,PUBLISHING_AND_PRINTING,exact
2979,Franz Rubinstein,298,business,trade,BANKS_AND_INSURANCE,exact
2985,Franziska Leyser,299,business,trade,TEXTILES_AND_CLOTHING,exact
2986,Franziska Rager,299,business,trade,TEXTILES_AND_CLOTHING,exact
2987,Frau Elise Bock GmbH,299,business,trade,CHEMICALS_AND_PHARMACEUTICALS,exact
2989,Freiheit Annoucen-Expedition GmbH,299,business,services,ADVERTISING,exact
2991,Freitag & Co,300,business,trade,TEXTILES_AND_CLOTHING,exact
2994,Freund & Loewe,300,business,trade,TEXTILES_AND_CLOTHING,exact
2996,Frey & Reppen,300,business,trade,BANKS_AND_INSURANCE,exact
2998,Fridolin Grundstücks-GmbH,300,business,trade,REAL_ESTATE,exact
3000,Frieda Lemmé Inh. Lotte Löwenstein,300,business,trade,TEXTILES_AND_CLOTHING,exact
3001,Frieda Locher-Adam,301,business,,PHARMACIES,exact
3004,Frieda Oppenheimer,301,business,,TEXTILES_AND_CLOTHING,exact
3005,Frieda Rattner Tabakwaren-Großhandel,301,business,trade,FOOD_AND_BEVERAGES,exact
3006,Frieda Schewelow Tabakwaren,301,business,trade,FOOD_AND_BEVERAGES,exact
3008,Frieda Warschauer,301,business,trade,TEXTILES_AND_CLOTHING,exact
3011,Friediger-Kaffee GmbH,302,business,trade,FOOD_AND_BEVERAGES,exact
3012,Friedlaender & Grunwald,302,business,industry,TEXTILES_AND_CLOTHING,exact
3013,Friedlaender & Oliven,302,business,trade,OTHER,exact
3014,Friedlaender & van der Wyk,302,business,industry,TEXTILES_AND_CLOTHING,exact
3015,Friedländer & Blumenreich,302,business,trade,BANKS_AND_INSURANCE,exact
3016,Friedländer & Hamm,302,business,trade,FOOD_AND_BEVERAGES,exact
3017,Friedländer & Zaduck,302,business,trade,TEXTILES_AND_CLOTHING,exact
3018,Friedmann & Co,302,business,trade,TEXTILES_AND_CLOTHING,exact
3019,Friedmann & Co. Gummimäntelfabrikation,302,business,industry,TEXTILES_AND_CLOTHING,exact
3020,Friedmann & Süßkind,302,business,trade,TEXTILES_AND_CLOTHING,exact
3023,Friedrich C. Reiser & Co AG,303,business,industry,CHEMICALS_AND_PHARMACEUTICALS,exact
3026,Friedrich Jacob,303,business,,,exact
3027,Friedrich Knoller,303,business,trade,HOUSEHOLD_GOODS,exact
3028,Friedrich L. Kappel,303,business,trade,BANKS_AND_INSURANCE,exact
3029,Friedrich Marx Bankkommissionsgeschäft,303,business,trade,BANKS_AND_INSURANCE,exact
3031,"Friedrich Rotholz, Ing.",304,business,,MACHINES_AND_VEHICLES,exact
3032,Friedrich Schlicht,304,business,trade,BANKS_AND_INSURANCE,exact
3033,Friedrich Spitz GmbH,304,business,industry,TEXTILES_AND_CLOTHING,exact
3034,Friedrich Steinrück,304,business,industry,MACHINES_AND_VEHICLES,exact
3035,Friedrich Süßmann,304,business,trade,BANKS_AND_INSURANCE,exact
3037,Friedrich Wilhelm Maas & Co GmbH,304,business,industry,LEATHER_AND_SHOES,exact
3039,"Friedrich Zwiebel, Ingenieur für Electro- Tonfilm- & Störschutzapparatebau",304,business,trade,ELECTRICAL_GOODS,exact
3040,Friedrich-Wilhelmstädtische Apotheke Willy Koplowitz,304,business,trade,PHARMACIES,exact
3042,Frimeta Dörfler Partiewarenhandel,305,business,trade,TEXTILES_AND_CLOTHING,exact
3043,Frischauer & Comp,305,business,industry,CHEMICALS_AND_PHARMACEUTICALS,exact
3044,Frischmann Möbelhandlung GmbH,305,business,trade,FURNITURE,exact
3045,Friseur Fischel,305,business,,,exact
3049,Fritz Arnfeld,305,business,trade,TEXTILES_AND_CLOTHING,exact
3050,Fritz Bloch & Co,305,business,trade,TEXTILES_AND_CLOTHING,exact
3051,Fritz Brandmann,306,business,trade,JEWELRY_AND_PRECIOUS_METALS,exact
3052,Fritz Böhm,306,business,trade,LEATHER_AND_SHOES,exact
3054,Fritz Choyke,306,business,trade,FOOD_AND_BEVERAGES,exact
3057,Fritz Degginger,306,business,trade,TEXTILES_AND_CLOTHING,exact
3059,Fritz Elkan,306,business,trade,REAL_ESTATE,exact
3060,Fritz Fink,306,business,trade,TEXTILES_AND_CLOTHING,exact
3062,Fritz Frank,307,business,trade,BANKS_AND_INSURANCE,exact
3063,Fritz G. Samland,307,business,trade,BANKS_AND_INSURANCE,exact
3064,Fritz Greiner,307,business,trade,OTHER,exact
3065,Fritz Gutmann,307,business,trade,FOOD_AND_BEVERAGES,exact
3066,Fritz H. Weinberg,307,business,trade,BANKS_AND_INSURANCE,exact
3069,Fritz Hamburger,307,business,trade,PAPER_AND_PAPER_GOODS,exact
3071,Fritz Heller,308,business,trade,FOOD_AND_BEVERAGES,exact
3073,Fritz Kalisch GmbH,308,business,industry,MACHINES_AND_VEHICLES,exact
3074,Fritz Katzenstein,308,business,trade,JEWELRY_AND_PRECIOUS_METALS,exact
3075,Fritz Kauffmann,308,business,trade,OTHER,exact
3077,Fritz Koch,308,business,trade,TEXTILES_AND_CLOTHING,exact
3078,Fritz Kripke GmbH,308,business,industry,CHEMICALS_AND_PHARMACEUTICALS,exact
3079,Fritz Kronheim (Gebr. Sommerfeld),308,business,,,exact
3080,Fritz Lesser,308,business,trade,METALS_AND_METAL_GOODS,exact
3081,Fritz Lindenbaum,309,business,trade,FOOD_AND_BEVERAGES,exact
3082,Fritz M. Nassauer,309,business,trade,BANKS_AND_INSURANCE,exact
3084,Fritz Marcus,309,business,trade,CONSTRUCTION_MATERIALS_AND_FUEL,exact
3085,Fritz Marx,309,business,trade,BANKS_AND_INSURANCE,exact
3086,Fritz Matern Kohlenhandels-GmbH,309,business,trade,CONSTRUCTION_MATERIALS_AND_FUEL,exact
3088,Fritz Michaelis,309,business,trade,BANKS_AND_INSURANCE,exact
3090,Fritz P. Bormann,309,business,,,exact
3091,Fritz Papendorf,310,business,,,exact
3092,Fritz Pflaum,310,business,trade,TEXTILES_AND_CLOTHING,exact
3093,Fritz Preuß,310,business,industry,TEXTILES_AND_CLOTHING,exact
3094,Fritz Reisner,310,business,trade,BANKS_AND_INSURANCE,exact
3096,Fritz Rollenhagen Nachf.,310,business,trade,FOOD_AND_BEVERAGES,exact
3097,Fritz Rosenberg,310,business,trade,BOOKS_AND_ART,exact
3098,Fritz Rosenberg & Co,310,business,trade,TEXTILES_AND_CLOTHING,exact
3102,Fritz Rothmann,311,business,trade,BOOKS_AND_ART,exact
3104,Fritz Saalfeld,311,business,trade,BANKS_AND_INSURANCE,exact
3105,Fritz Schwerin,311,business,trade,BANKS_AND_INSURANCE,exact
3106,Fritz Singer,311,business,trade,TEXTILES_AND_CLOTHING,exact
3107,Fritz Stoehr,311,business,trade,FURNITURE,exact
3110,Fritz Weil & Co,311,business,trade,TEXTILES_AND_CLOTHING,exact
3114,Frojem Wohlmann Futterstoffe und Schneiderartikel,312,business,trade,TEXTILES_AND_CLOTHING,exact
3115,Fromm & Brandenburg,312,business,trade,CHEMICALS_AND_PHARMACEUTICALS,exact
3116,"Fromm, Dora",312,business,,FOOD_AND_BEVERAGES,exact
3118,"Frommann, Ernst",312,business,,CHEMICALS_AND_PHARMACEUTICALS,exact
3119,Fromms Act Julius Fromm Gummiwerke,312,business,industry,CHEMICALS_AND_PHARMACEUTICALS,exact
3120,Fromms Brothers,312,business,trade,CHEMICALS_AND_PHARMACEUTICALS,exact
3122,Fränkels Hausdienst,313,business,,CONSTRUCTION,exact
3123,Fränkische Weinhandels-Gesellschaft Rothstein & Co,313,business,trade,FOOD_AND_BEVERAGES,exact
3124,Fröhlich & Kohnke,313,business,trade,TEXTILES_AND_CLOTHING,exact
3126,Fuchs-Schuhe Fritz Fuchs,313,business,trade,LEATHER_AND_SHOES,exact
3127,Fulgo Export GmbH,313,business,trade,OTHER,exact
3128,Fundus GmbH,313,business,trade,PHOTOGRAPHY_AND_FILM,exact
3130,Fuß & Sydower,313,business,trade,TEXTILES_AND_CLOTHING,exact
3131,Fürst & Hoeft,314,business,industry,LEATHER_AND_SHOES,exact
3132,"Fürst, William",314,business,,,exact
3134,G. Bendix,314,business,trade,TEXTILES_AND_CLOTHING,exact
3136,G. Bodanszky,314,business,,TEXTILES_AND_CLOTHING,exact
3137,G. Bredt & Co GmbH,314,business,trade,METALS_AND_METAL_GOODS,exact
3138,G. E. Handmann Nachflg. Hugo Hopp,314,business,trade,FURNITURE,exact
3140,G. Feibisch AG,314,business,industry,FURNITURE,exact
3141,"G. Fränkel (früher behördl. Dolmetscher, ehem. Prokurist)",315,business,,,exact
3142,G. Hencke Nachf.,315,business,trade,PAPER_AND_PAPER_GOODS,exact
3145,G. Krantz & Co,315,business,trade,MACHINES_AND_VEHICLES,exact
3147,G. Loewenberg & Co,315,business,trade,BANKS_AND_INSURANCE,exact
3148,G. Meyer & Co,315,business,trade,JEWELRY_AND_PRECIOUS_METALS,exact
3151,G. Weil & Co,316,business,trade,FOOD_AND_BEVERAGES,exact
3154,Gabriel Hirsch,316,business,industry,TEXTILES_AND_CLOTHING,exact
3155,Gabriel Popper,316,business,trade,TEXTILES_AND_CLOTHING,exact
3158,Galerie Alfred Flechtheim GmbH,316,business,trade,BOOKS_AND_ART,exact
3160,Galerie Heinrich Thannhauser,316,business,trade,BOOKS_AND_ART,exact
3161,Gallinger & Nenke,317,business,trade,TEXTILES_AND_CLOTHING,exact
3163,Gambrinus Kurt Sahlmann & Co,317,business,industry,MACHINES_AND_VEHICLES,exact
3164,Ganz Modelle Inhaber Erich und Lucie Ganz,317,business,trade,TEXTILES_AND_CLOTHING,exact
3165,Garbaty Zigarrenfabrik GmbH,317,business,trade,FOOD_AND_BEVERAGES,exact
3166,Garbáty Cigarettenfabrik GmbH,317,business,industry,FOOD_AND_BEVERAGES,exact
3167,Garbáty Cigarettenfabrik KG,317,business,industry,FOOD_AND_BEVERAGES,exact
3168,Gardinenfabrik Georg Berliner,317,business,industry,TEXTILES_AND_CLOTHING,exact
3169,Gardinenhaus Neukölln Leopold Levy,317,business,trade,FURNITURE,exact
3170,Gardinenhaus Schönhorn,317,business,,TEXTILES_AND_CLOTHING,exact
3171,Garson,318,business,,,exact
3172,Gartenstadt Pinnow und Antonienhof GmbH,318,business,,REAL_ESTATE,exact
3178,Gea's Ausstattungshaus Abrahamowicz & Gottschall,318,business,trade,FURNITURE,exact
3179,Gebhardt & Co,318,business,trade,MACHINES_AND_VEHICLES,exact
3180,Gebr. Abramczyk,318,business,trade,TEXTILES_AND_CLOTHING,exact
3182,Gebr. Arnhold,319,business,trade,BANKS_AND_INSURANCE,exact
3184,Gebr. Barasch,319,business,trade,OTHER,exact
3185,Gebr. Becker Inh. Max Franke,319,business,trade,TEXTILES_AND_CLOTHING,exact
3186,Gebr. Berglas Mechanische Kammgarnwebereien AG,319,business,industry,TEXTILES_AND_CLOTHING,exact
3188,Gebr. Besas GmbH,319,business,industry,TEXTILES_AND_CLOTHING,exact
3189,Gebr. Blumann & Grünberg,319,business,,CONSTRUCTION,exact
3191,Gebr. Broh,320,business,trade,TEXTILES_AND_CLOTHING,exact
3193,Gebr. Böhm GmbH,320,business,,CHEMICALS_AND_PHARMACEUTICALS,exact
3198,Gebr. Elkeles,320,business,trade,CONSTRUCTION_MATERIALS_AND_FUEL,exact
3199,Gebr. Emmerich,320,business,trade,PAPER_AND_PAPER_GOODS,exact
3200,Gebr. Feisenberger,320,business,trade,CHEMICALS_AND_PHARMACEUTICALS,exact
3202,Gebr. Freudenheim,321,business,trade,CONSTRUCTION_MATERIALS_AND_FUEL,exact
3203,Gebr. Friedländer,321,business,industry,JEWELRY_AND_PRECIOUS_METALS,exact
3205,Gebr. Friedmann Elektromotoren,321,business,handicraft,MACHINES_AND_VEHICLES,exact
3206,Gebr. Fuchs Herrenkleiderfabrik,321,business,industry,TEXTILES_AND_CLOTHING,exact
3207,Gebr. Gattel,321,business,industry,TEXTILES_AND_CLOTHING,exact
3208,Gebr. Giesemann,321,business,trade,FOOD_AND_BEVERAGES,exact
3211,Gebr. Grumach AG,322,business,industry,TEXTILES_AND_CLOTHING,exact
3212,Gebr. Grünthal,322,business,trade,TEXTILES_AND_CLOTHING,exact
3213,Gebr. Gumpert,322,business,trade,FOOD_AND_BEVERAGES,exact
3214,Gebr. Heinemann,322,business,trade,TEXTILES_AND_CLOTHING,exact
3218,Gebr. Hiller,322,business,trade,TEXTILES_AND_CLOTHING,exact
3219,Gebr. Horn,322,business,trade,TEXTILES_AND_CLOTHING,exact
3220,Gebr. J. & M. Friedlaender,322,business,trade,TEXTILES_AND_CLOTHING,exact
3221,"Gebr. Jaroslawsky, Dental-Depot",323,business,trade,CHEMICALS_AND_PHARMACEUTICALS,exact
3222,Gebr. Joachimsthal GmbH,323,business,trade,TEXTILES_AND_CLOTHING,exact
3223,Gebr. Jüdel,323,business,trade,FURNITURE,exact
3224,Gebr. Jüttner,323,business,industry,TEXTILES_AND_CLOTHING,exact
3225,Gebr. Kahane,323,business,trade,TEXTILES_AND_CLOTHING,exact
3227,Gebr. Kaßner und Robert Seelisch,323,business,,,exact
3228,Gebr. Kempe,323,business,trade,TEXTILES_AND_CLOTHING,exact
3229,Gebr. Kindermann,323,business,industry,ADVERTISING,exact
3230,Gebr. Kleinmann,323,business,industry,METALS_AND_METAL_GOODS,exact
3231,Gebr. Kleinmann GmbH,324,business,industry,TEXTILES_AND_CLOTHING,exact
3232,Gebr. Ladenburger,324,business,trade,TEXTILES_AND_CLOTHING,exact
3233,Gebr. Levysohn,324,business,trade,MACHINES_AND_VEHICLES,exact
3235,Gebr. Lewy Blusen u. Kleider,324,business,trade,TEXTILES_AND_CLOTHING,exact
3237,Gebr. Manes,324,business,trade,TEXTILES_AND_CLOTHING,exact
3241,Gebr. Morris,325,business,trade,HOUSEHOLD_GOODS,exact
3242,Gebr. Nadel,325,business,trade,TEXTILES_AND_CLOTHING,exact
3243,Gebr. Nathan,325,business,trade,HOUSEHOLD_GOODS,exact
3244,Gebr. Nußbaum Tabakwaren- Groß- und Einzelhandel,325,business,trade,FOOD_AND_BEVERAGES,exact
3245,Gebr. Philippi,325,business,trade,TEXTILES_AND_CLOTHING,exact
3246,Gebr. Preschel Herrenkleider-Fabrik,325,business,trade,TEXTILES_AND_CLOTHING,exact
3247,Gebr. Pulvermacher,325,business,trade,CONSTRUCTION_MATERIALS_AND_FUEL,exact
3248,Gebr. Raphaelsohn GmbH,325,business,trade,CONSTRUCTION_MATERIALS_AND_FUEL,exact
3249,Gebr. Rawack,325,business,trade,FOOD_AND_BEVERAGES,exact
3250,Gebr. Riebenfeld,325,business,trade,MACHINES_AND_VEHICLES,exact
3252,Gebr. Ring,326,business,industry,TEXTILES_AND_CLOTHING,exact
3254,"Gebr. Rosenberg, Holzgroßhandlung",326,business,trade,CONSTRUCTION_MATERIALS_AND_FUEL,exact
3257,Gebr. Rozenbaum Lederwarenfabrikation,326,business,industry,LEATHER_AND_SHOES,exact
3258,Gebr. Ruß,326,business,industry,TEXTILES_AND_CLOTHING,exact
3259,Gebr. S. & E. Schmukler,326,business,industry,TEXTILES_AND_CLOTHING,exact
3260,Gebr. Schachmann,326,business,trade,HOUSEHOLD_GOODS,exact
3261,Gebr. Schefftel Seifenfabrik,327,business,industry,CHEMICALS_AND_PHARMACEUTICALS,exact
3263,Gebr. Schiffmann GmbH,327,business,industry,PAPER_AND_PAPER_GOODS,exact
3264,Gebr. Schlochauer,327,business,trade,TEXTILES_AND_CLOTHING,exact
3265,Gebr. Schmidt Feine Pelzwaren,327,business,handicraft,TEXTILES_AND_CLOTHING,exact
3266,Gebr. Segal,327,business,trade,TEXTILES_AND_CLOTHING,exact
3267,Gebr. Sollinger,327,business,trade,TEXTILES_AND_CLOTHING,exact
3268,Gebr. Sommerfeld,327,business,trade,TEXTILES_AND_CLOTHING,exact
3270,Gebr. Stein,327,business,trade,JEWELRY_AND_PRECIOUS_METALS,exact
3271,Gebr. Taus,328,business,trade,TEXTILES_AND_CLOTHING,exact
3272,Gebr. Tietz,328,business,trade,TEXTILES_AND_CLOTHING,exact
3273,Gebr. Ullendorf,328,business,trade,TEXTILES_AND_CLOTHING,exact
3274,Gebr. Weigert,328,business,trade,FOOD_AND_BEVERAGES,exact
3276,Gebr. Windmüller,328,business,trade,BANKS_AND_INSURANCE,exact
3277,Gebr. Witt,328,business,trade,TEXTILES_AND_CLOTHING,exact
3278,Gebr. Wolffsohn GmbH,328,business,industry,PUBLISHING_AND_PRINTING,exact
3279,Gebr. Wreschner,328,business,trade,TEXTILES_AND_CLOTHING,exact
3280,Gebr. Wulff,328,business,industry,METALS_AND_METAL_GOODS,exact
3281,Gebr. Zerenze,329,business,trade,MACHINES_AND_VEHICLES,exact
3284,Gebrüder Abrahamsohn,329,business,trade,BANKS_AND_INSURANCE,exact
3285,Gebrüder Alfandary GmbH,329,business,trade,FURNITURE,exact
3287,Gebrüder Altschul & Sinzheimer,329,business,industry,TEXTILES_AND_CLOTHING,exact
3289,Gebrüder Arons,329,business,trade,BANKS_AND_INSURANCE,exact
3290,Gebrüder Ascher,329,business,trade,TEXTILES_AND_CLOTHING,exact
3291,Gebrüder Aschheim,330,business,trade,TEXTILES_AND_CLOTHING,exact
3293,Gebrüder Berdach,330,business,trade,BANKS_AND_INSURANCE,exact
3294,Gebrüder Berglas Mechanische Kammgarnweberei,330,business,trade,TEXTILES_AND_CLOTHING,exact
3295,Gebrüder Blumenthal,330,business,industry,HOUSEHOLD_GOODS,exact
3296,Gebrüder Brandt,330,business,trade,TEXTILES_AND_CLOTHING,exact
3297,Gebrüder Bratt GmbH,330,business,trade,HOUSEHOLD_GOODS,exact
3300,Gebrüder Brock Bankgeschäft,330,business,trade,BANKS_AND_INSURANCE,exact
3301,Gebrüder Cerf GmbH,331,business,trade,TEXTILES_AND_CLOTHING,exact
3302,Gebrüder Droller,331,business,industry,TEXTILES_AND_CLOTHING,exact
3303,Gebrüder E. & S. Bing GmbH,331,business,trade,TEXTILES_AND_CLOTHING,exact
3304,Gebrüder Edelstein,331,business,trade,TEXTILES_AND_CLOTHING,exact
3305,Gebrüder F. & M. Simon,331,business,industry,TEXTILES_AND_CLOTHING,exact
3306,Gebrüder Feige,331,business,trade,TEXTILES_AND_CLOTHING,exact
3307,Gebrüder Fleischer,331,business,trade,LEATHER_AND_SHOES,exact
3308,Gebrüder Friede,331,business,trade,TEXTILES_AND_CLOTHING,exact
3310,Gebrüder Ginsberg,331,business,trade,BANKS_AND_INSURANCE,exact
3311,Gebrüder Ginsburg,332,business,trade,CHEMICALS_AND_PHARMACEUTICALS,exact
3313,Gebrüder Haar,332,business,trade,TEXTILES_AND_CLOTHING,exact
3314,Gebrüder Hammerschlag,332,business,industry,TEXTILES_AND_CLOTHING,exact
3316,Gebrüder Helft,332,business,trade,PAPER_AND_PAPER_GOODS,exact
3318,Gebrüder Herzheim GmbH,332,business,industry,PAPER_AND_PAPER_GOODS,exact
3319,Gebrüder Hirschfeld KG,332,business,trade,BANKS_AND_INSURANCE,exact
3321,Gebrüder Hoffmann,333,business,trade,TEXTILES_AND_CLOTHING,exact
3322,Gebrüder Hollaender,333,business,trade,TEXTILES_AND_CLOTHING,exact
3324,Gebrüder Josefowitz GmbH,333,business,trade,CHEMICALS_AND_PHARMACEUTICALS,exact
3325,Gebrüder Karantbeiwel GmbH,333,business,trade,TEXTILES_AND_CLOTHING,exact
3326,Gebrüder Kassner,333,business,trade,FURNITURE,exact
3329,Gebrüder Kristeller,333,business,trade,TEXTILES_AND_CLOTHING,exact
3330,Gebrüder Kroner,333,business,industry,CHEMICALS_AND_PHARMACEUTICALS,exact
3332,Gebrüder Lamm,334,business,trade,TEXTILES_AND_CLOTHING,exact
3334,Gebrüder Lewandowski GmbH,334,business,trade,TEXTILES_AND_CLOTHING,exact
3335,Gebrüder Loewenberg GmbH,334,business,trade,TEXTILES_AND_CLOTHING,exact
3336,"Gebrüder Luft, Viehhandelsgesellschaft",334,business,trade,FOOD_AND_BEVERAGES,exact
3337,Gebrüder Manheimer,334,business,trade,TEXTILES_AND_CLOTHING,exact
3338,Gebrüder Marx,334,business,trade,FOOD_AND_BEVERAGES,exact
3339,Gebrüder May,334,business,industry,TEXTILES_AND_CLOTHING,exact
3341,Gebrüder Mendelsohn Blusen in Liqu.,335,business,trade,TEXTILES_AND_CLOTHING,exact
3342,Gebrüder Mendelsohn Damenkleider AG,335,business,trade,TEXTILES_AND_CLOTHING,exact
3343,Gebrüder Moses,335,business,industry,TEXTILES_AND_CLOTHING,exact
3344,Gebrüder Mosse,335,business,trade,TEXTILES_AND_CLOTHING,exact
3347,Gebrüder Noah,335,business,trade,FOOD_AND_BEVERAGES,exact
3348,Gebrüder Oppler,335,business,trade,TEXTILES_AND_CLOTHING,exact
3350,Gebrüder Pincus,335,business,trade,TEXTILES_AND_CLOTHING,exact
3351,Gebrüder Pinczower,336,business,industry,METALS_AND_METAL_GOODS,exact
3352,Gebrüder Putzrath,336,business,industry,TEXTILES_AND_CLOTHING,exact
3355,Gebrüder Raphael,336,business,trade,TEXTILES_AND_CLOTHING,exact
3356,Gebrüder Reifenberg,336,business,trade,TEXTILES_AND_CLOTHING,exact
3357,Gebrüder Rubenzik Fischgroßhandlung,336,business,trade,FOOD_AND_BEVERAGES,exact
3358,Gebrüder Samosch,336,business,industry,TEXTILES_AND_CLOTHING,exact
3360,Gebrüder Schickler,336,business,trade,BANKS_AND_INSURANCE,exact
3361,Gebrüder Schimmel & Co,337,business,trade,TEXTILES_AND_CLOTHING,exact
3362,Gebrüder Schmuckler,337,business,trade,FOOD_AND_BEVERAGES,exact
3363,Gebrüder Schnitzer,337,business,handicraft,PUBLISHING_AND_PRINTING,exact
3364,Gebrüder Schönfeld,337,business,industry,TEXTILES_AND_CLOTHING,exact
3366,Gebrüder Senft,337,business,trade,FURNITURE,exact
3367,Gebrüder Siedner Holz - Engros - Geschäft,337,business,trade,CONSTRUCTION_MATERIALS_AND_FUEL,exact
3369,Gebrüder Simon Textil-AG,337,business,trade,TEXTILES_AND_CLOTHING,exact
3370,Gebrüder Stub,337,business,trade,METALS_AND_METAL_GOODS,exact
3371,Gebrüder Veit & Co,338,business,trade,BANKS_AND_INSURANCE,exact
3372,Gebrüder Wagner,338,business,industry,TEXTILES_AND_CLOTHING,exact
3373,Gebrüder Weinberger GmbH,338,business,trade,FOOD_AND_BEVERAGES,exact
3374,Gebrüder Weinberger i. Liqu.,338,business,trade,FOOD_AND_BEVERAGES,exact
3376,Gebrüder Wolfermann,338,business,industry,FOOD_AND_BEVERAGES,exact
3377,Gebrüder Zehden,338,business,trade,TEXTILES_AND_CLOTHING,exact
3378,"Geflügel-Import, GmbH",338,business,trade,FOOD_AND_BEVERAGES,exact
3379,Geflügel-Mastanstalt Wriezen GmbH,338,business,industry,FOOD_AND_BEVERAGES,exact
3381,Gehrin-Lüster GmbH,339,business,industry,TEXTILES_AND_CLOTHING,exact
3383,Geka Geschäfts- und Kontorhaus AG,339,business,services,REAL_ESTATE,exact
3384,Geka Schaufensterdekorationsatelier GmbH,339,business,handicraft,ADVERTISING,exact
3385,Gelatine-Kapsel-Fabrik Apotheker Gotthilf GmbH,339,business,industry,FOOD_AND_BEVERAGES,exact
3386,Gelefa Gewinde-Lehren GmbH,339,business,industry,TEXTILES_AND_CLOTHING,exact
3387,"Gellert, Oskar",339,business,,LEATHER_AND_SHOES,exact
3388,Gemino Gesellschaft für Mineralöle mbH,339,business,trade,CONSTRUCTION_MATERIALS_AND_FUEL,exact
3389,Genossenschafts-Treuhandgesellschaft mbH,339,business,trade,BANKS_AND_INSURANCE,exact
3391,Georg A. Samter Kunstauktionshaus,340,business,trade,BOOKS_AND_ART,exact
3393,Georg Anton,340,business,industry,TEXTILES_AND_CLOTHING,exact
3396,Georg Bick,340,business,trade,TEXTILES_AND_CLOTHING,exact
3397,Georg Blumenfeld & Co,340,business,trade,BANKS_AND_INSURANCE,exact
3398,Georg Brach,340,business,trade,BANKS_AND_INSURANCE,exact
3399,Georg Bratzke,340,business,trade,TEXTILES_AND_CLOTHING,exact
3401,Georg Buschendorf,341,business,,MACHINES_AND_VEHICLES,exact
3402,Georg Bütow,341,business,,FOOD_AND_BEVERAGES,exact
3403,Georg Cassel,341,business,industry,TEXTILES_AND_CLOTHING,exact
3404,Georg Cohn,341,business,trade,TEXTILES_AND_CLOTHING,exact
3405,Georg Cohn GmbH,341,business,trade,LEATHER_AND_SHOES,exact
3406,Georg Czapski,341,business,trade,HOUSEHOLD_GOODS,exact
3409,Georg Ehrenhaus,341,business,trade,FOOD_AND_BEVERAGES,exact
3410,Georg Eichelgrün,341,business,trade,TEXTILES_AND_CLOTHING,exact
3411,Georg Eppenstein & Co,342,business,trade,FOOD_AND_BEVERAGES,exact
3412,Georg Erich Jakszt,342,business,industry,CHEMICALS_AND_PHARMACEUTICALS,exact
3414,Georg Flach & Engel,342,business,trade,TEXTILES_AND_CLOTHING,exact
3416,Georg Fromberg & Co,342,business,trade,BANKS_AND_INSURANCE,exact
3417,Georg Gappe Leder-Agentur & Commission,342,business,trade,LEATHER_AND_SHOES,exact
3418,Georg Gassenheimer,342,business,trade,MACHINES_AND_VEHICLES,exact
3419,Georg Gießel,342,business,,CONSTRUCTION_MATERIALS_AND_FUEL,exact
3420,Georg Gindin,342,business,,TEXTILES_AND_CLOTHING,exact
3421,Georg Glaser,343,business,trade,FOOD_AND_BEVERAGES,exact
3422,Georg Grünbaum Holzmakler,343,business,trade,CONSTRUCTION_MATERIALS_AND_FUEL,exact
3423,Georg Hamburger,343,business,trade,TEXTILES_AND_CLOTHING,exact
3424,Georg Hamel,343,business,trade,FOOD_AND_BEVERAGES,exact
3425,Georg Held,343,business,trade,CHEMICALS_AND_PHARMACEUTICALS,exact
3426,Georg Herrmann Eisen- und Maschinenhandlung,343,business,trade,MACHINES_AND_VEHICLES,exact
3427,Georg Heskel,343,business,trade,TEXTILES_AND_CLOTHING,exact
3429,Georg Israel,343,business,trade,TEXTILES_AND_CLOTHING,exact
3430,Georg Israel & Co,343,business,trade,FURNITURE,exact
3431,Georg Israel Metalle,344,business,,,exact
3433,Georg Jacobi,344,business,trade,TEXTILES_AND_CLOTHING,exact
3436,Georg Jacobsohn & Co,344,business,handicraft,CONSTRUCTION,exact
3438,Georg Jonas,344,business,trade,BANKS_AND_INSURANCE,exact
3439,Georg Kaphan,344,business,,ADVERTISING,exact
3442,Georg Kurzinsky & Co,345,business,trade,BANKS_AND_INSURANCE,exact
3443,Georg Leffkowitz,345,business,trade,TEXTILES_AND_CLOTHING,exact
3444,Georg Lemke & Co,345,business,industry,FOOD_AND_BEVERAGES,exact
3445,Georg Levy,345,business,trade,TEXTILES_AND_CLOTHING,exact
3446,Georg Levy & Sohn,345,business,trade,FURNITURE,exact
3447,Georg Lewinson,345,business,trade,BANKS_AND_INSURANCE,exact
3448,Georg Loewe Spitzen,345,business,trade,TEXTILES_AND_CLOTHING,exact
3450,Georg Loewenstein,345,business,trade,TEXTILES_AND_CLOTHING,exact
3451,Georg Mamroth,346,business,trade,CONSTRUCTION_MATERIALS_AND_FUEL,exact
3453,Georg Meseritz,346,business,trade,TEXTILES_AND_CLOTHING,exact
3454,Georg Michaelis,346,business,trade,BANKS_AND_INSURANCE,exact
3456,Georg Moses Agenturen,346,business,trade,OTHER,exact
3457,Georg Neumann Bank- u. Commissionsgeschäft,346,business,trade,BANKS_AND_INSURANCE,exact
3458,Georg Neustadt & Carl Wolff,346,business,trade,TEXTILES_AND_CLOTHING,exact
3459,Georg Neustadt Furniere und Hölzer,346,business,trade,CONSTRUCTION_MATERIALS_AND_FUEL,exact
3460,Georg Paechter GmbH,346,business,industry,TEXTILES_AND_CLOTHING,exact
3461,Georg Perl,347,business,trade,TEXTILES_AND_CLOTHING,exact
3462,Georg Philippsborn,347,business,trade,TEXTILES_AND_CLOTHING,exact
3463,Georg Pintus,347,business,industry,PUBLISHING_AND_PRINTING,exact
3464,"Georg Platzmann, in Firma R. Platzmann",347,business,,PHOTOGRAPHY_AND_FILM,exact
3465,Georg Proskauer,347,business,trade,LEATHER_AND_SHOES,exact
3466,Georg Rachmiel,347,business,trade,FURNITURE,exact
3467,Georg Reissner,347,business,trade,FOOD_AND_BEVERAGES,exact
3468,Georg Rosenberg,347,business,trade,TEXTILES_AND_CLOTHING,exact
3469,Georg Rosenberger,347,business,industry,TEXTILES_AND_CLOTHING,exact
3470,Georg Salinger GmbH,347,business,industry,TEXTILES_AND_CLOTHING,exact
3471,Georg Salomonsen,348,business,trade,METALS_AND_METAL_GOODS,exact
3472,Georg Schaefer,348,business,trade,TEXTILES_AND_CLOTHING,exact
3473,Georg Schleyer,348,business,trade,TEXTILES_AND_CLOTHING,exact
3475,Georg Schnitzler,348,business,trade,LEATHER_AND_SHOES,exact
3477,Georg Segall,348,business,trade,TEXTILES_AND_CLOTHING,exact
3478,Georg Sehmsdorf,348,business,trade,FOOD_AND_BEVERAGES,exact
3479,Georg Seidentopf & Co,348,business,trade,LEATHER_AND_SHOES,exact
3480,Georg Selbiger,348,business,trade,FOOD_AND_BEVERAGES,exact
3481,Georg Silberstein Schneiderartikel-Spezialgeschäft,349,business,trade,TEXTILES_AND_CLOTHING,exact
3482,Georg Simon,349,business,trade,JEWELRY_AND_PRECIOUS_METALS,exact
3483,Georg Stein,349,business,trade,JEWELRY_AND_PRECIOUS_METALS,exact
3485,Georg Stilke,349,business,industry,PUBLISHING_AND_PRINTING,exact
3486,Georg Süßkind,349,business,trade,BANKS_AND_INSURANCE,exact
3487,Georg Tepper & Co Radio-Fabrikation und Export,349,business,industry,MACHINES_AND_VEHICLES,exact
3488,Georg Tichauer,349,business,,,exact
3491,Georg Wangenheim,350,business,trade,TEXTILES_AND_CLOTHING,exact
3492,Georg Wedell,350,business,trade,CONSTRUCTION_MATERIALS_AND_FUEL,exact
3494,Georg Weihse,350,business,trade,CONSTRUCTION_MATERIALS_AND_FUEL,exact
3495,Georg Wiener,350,business,trade,TEXTILES_AND_CLOTHING,exact
3497,Georg Wischnitz Bergwerks- und Hüttenprodukte,350,business,trade,CONSTRUCTION_MATERIALS_AND_FUEL,exact
3499,Georg Wolken,350,business,,LEATHER_AND_SHOES,exact
3501,Georg Zacharias & Co und Hermann Anders,351,business,,TEXTILES_AND_CLOTHING,exact
3502,George Broche,351,business,trade,FOOD_AND_BEVERAGES,exact
3503,George Gottschalkson GmbH,351,business,trade,LEATHER_AND_SHOES,exact
3508,Gerhard Gerson,351,business,trade,TEXTILES_AND_CLOTHING,exact
3509,Gerhard J. Cohn,351,business,trade,BANKS_AND_INSURANCE,exact
3511,Gerhard Neumann,352,business,trade,FOOD_AND_BEVERAGES,exact
3514,Gerhard Winter,352,business,industry,TEXTILES_AND_CLOTHING,exact
3516,Gerichter & Co,352,business,trade,TEXTILES_AND_CLOTHING,exact
3518,Germania-Palast-Lichtspiele GmbH,352,business,services,RESTAURANTS,exact
3519,Germaniamühle Sommerguth & Aschner KG,352,business,industry,FOOD_AND_BEVERAGES,exact
3523,Gerson Deutsch,353,business,services,TRANSPORTATION,exact
3524,Gerson Krotowski,353,business,trade,TEXTILES_AND_CLOTHING,exact
3525,"Gerson, Hilde",353,business,,TEXTILES_AND_CLOTHING,exact
3528,Gertrud Adler,353,business,trade,TEXTILES_AND_CLOTHING,exact
3530,Gertrud Isenburg,353,business,trade,TEXTILES_AND_CLOTHING,exact
3531,Gertrud Landsberger,354,business,handicraft,TEXTILES_AND_CLOTHING,exact
3532,Gertrud Meiseles geb. Grund,354,business,trade,TEXTILES_AND_CLOTHING,exact
3535,Gertrud Saloschin,354,business,,TEXTILES_AND_CLOTHING,exact
3536,Gertrud Sobotker,354,business,trade,TEXTILES_AND_CLOTHING,exact
3538,Ges. für Karpfenhandel mbH,354,business,,,exact
3540,Geschw. Hoffmann,354,business,,,exact
3541,Geschw. Holzheim,355,business,,TEXTILES_AND_CLOTHING,exact
3543,Geschw. Lippmansohn,355,business,,TEXTILES_AND_CLOTHING,exact
3545,Geschw. Sauer,355,business,trade,TEXTILES_AND_CLOTHING,exact
3546,"Geschwister Gutmann GmbH, Zweigniederlassung Berlin",355,business,trade,TEXTILES_AND_CLOTHING,exact
3549,Geschwister Neumann,355,business,,TEXTILES_AND_CLOTHING,exact
3552,Geschäftshaus Alexanderplatz GmbH,356,business,services,REAL_ESTATE,exact
3553,Gesellschaft für Betreuung von Vermögensrechten   Borussia-Brauerei AG,356,business,trade,BANKS_AND_INSURANCE,exact
3554,Gesellschaft für Chemikalien und Fabrikbedarf mbH,356,business,trade,CHEMICALS_AND_PHARMACEUTICALS,exact
3555,Gesellschaft für Elektrometallurgie Dr. Paul Grünfeld,356,business,industry,ELECTRICAL_GOODS,exact
3557,Gesellschaft für Feldbahnindustrie Smoschewer (oder Smoschever) & Co.,356,business,,MACHINES_AND_VEHICLES,exact
3559,Gesellschaft für Hausratsverwaltung und -verwertung für Mitglieder der jüdischen Gemeinden Deutschlands GmbH,356,business,trade,USED_GOODS,exact
3560,Gesellschaft für Immobiliarbeteiligungen mbH,356,business,trade,REAL_ESTATE,exact
3561,"Gesellschaft für Kreditprüfung, GmbH",357,business,trade,BANKS_AND_INSURANCE,exact
3562,"Gesellschaft für Metalle, Erze und Hüttenerzeugnisse mbH",357,business,trade,METALS_AND_METAL_GOODS,exact
3564,Gesellschaft für Textilveredelung Getevau mbH,357,business,trade,TEXTILES_AND_CLOTHING,exact
3568,Gesellschaft für elektrische Isolierungen GmbH,357,business,industry,ELECTRICAL_GOODS,exact
3569,Gesellschaft für elektrische Unternehmungen - Ludw. Loewe & Co AG,357,business,trade,ELECTRICAL_GOODS,exact
3572,Gestetner AG,358,business,trade,MACHINES_AND_VEHICLES,exact
3575,Getreide-Industrie & Commission AG,358,business,trade,FOOD_AND_BEVERAGES,exact
3576,Getreide-Verwertung AG,358,business,,,exact
3577,Geva Gesellschaft für die Verwertung von Baustoffen und Baugeräten mbH,358,business,trade,CONSTRUCTION_MATERIALS_AND_FUEL,exact
3578,Gewa Gebrüder Wachtel,358,business,trade,TEXTILES_AND_CLOTHING,exact
3579,Gewa Gebrüder Wachtel GmbH,358,business,trade,TEXTILES_AND_CLOTHING,exact
3580,Gewerbefleiß Werkstätten für Massenbedarf Simon Rector,358,business,handicraft,OTHER,exact
3581,Glade & Freyer,360,business,industry,TEXTILES_AND_CLOTHING,exact
3583,Glas und Spiegel GmbH,360,business,,CONSTRUCTION,exact
3584,Glas- und Steingut-Vertriebsgesellschaft mbH,360,business,trade,HOUSEHOLD_GOODS,exact
3585,Glaser & Weiß,360,business,trade,HOUSEHOLD_GOODS,exact
3586,"Glaser, Else",360,business,,RESTAURANTS,exact
3587,Glaserfeld & Wolfsohn,360,business,trade,BANKS_AND_INSURANCE,exact
3588,Glashüttenwerk Elisabethhütte Dr. Ernst Martin GmbH,360,business,industry,HOUSEHOLD_GOODS,exact
3589,"Glass, Adolf",360,business,,,exact
3590,Glaß & Graetz,360,business,trade,TEXTILES_AND_CLOTHING,exact
3591,Globus Schreib- und Rechenmaschinen-Vertrieb Maurus Löwy,361,business,trade,MACHINES_AND_VEHICLES,exact
3592,Globus-Kamm-Company,361,business,trade,HOUSEHOLD_GOODS,exact
3593,Glogauer,361,business,,,exact
3595,Gläser & Co,361,business,trade,CONSTRUCTION_MATERIALS_AND_FUEL,exact
3596,Glückmann & Jochnowicz Rohprodukten,361,business,trade,TEXTILES_AND_CLOTHING,exact
3597,Glücksohn & Co Bankgeschäft,361,business,trade,BANKS_AND_INSURANCE,exact
3598,Glühlampen-Vertrieb Union Josef Panofsky,361,business,trade,ELECTRICAL_GOODS,exact
3599,GmbH zur Beschaffung von Büroräumen,361,business,services,OTHER,exact
3601,Gg. Rüdinger,359,business,,MACHINES_AND_VEHICLES,exact
3603,Gier,359,business,,,exact
3604,Giesenow & Co,359,business,trade,TEXTILES_AND_CLOTHING,exact
3606,Gilmanoff,359,business,,FOOD_AND_BEVERAGES,exact
3608,Ginnow & Schlesinger,359,business,trade,OTHER,exact
3609,Ginsberg Leon,359,business,,,exact
3610,Ginsburg & Co GmbH,359,business,services,REAL_ESTATE,exact
3612,Gotthilf Rosenbaum,364,business,industry,TEXTILES_AND_CLOTHING,exact
3613,Gotthold Rosen,364,business,trade,BANKS_AND_INSURANCE,exact
3614,Gottlieb Blumenthal,364,business,trade,TEXTILES_AND_CLOTHING,exact
3615,Gottlieb Sladkus,364,business,,TEXTILES_AND_CLOTHING,exact
3616,Gottlieb Weiß,364,business,trade,TEXTILES_AND_CLOTHING,exact
3618,Gottschalk & Laske,364,business,industry,TEXTILES_AND_CLOTHING,exact
3619,Grace Beauty Grace Stein,364,business,trade,CHEMICALS_AND_PHARMACEUTICALS,exact
3620,"Gradt's Apotheke und Drogenhandlung, Chemisches Institut",364,business,trade,PHARMACIES,exact
3621,Goldbad,362,business,,,exact
3622,Goldberg & Co,362,business,trade,TEXTILES_AND_CLOTHING,exact
3623,Goldberg & Sander GmbH,362,business,industry,TEXTILES_AND_CLOTHING,exact
3625,Golde Vogler,362,business,,,exact
3626,Goldenberg & Co GmbH,362,business,,,exact
3628,Goldmann & Kuttner GmbH,362,business,industry,TEXTILES_AND_CLOTHING,exact
3629,Goldmann & Löw GmbH,362,business,trade,TEXTILES_AND_CLOTHING,exact
3630,Goldschmidt & Schwabe,362,business,trade,ELECTRICAL_GOODS,exact
3631,Goldschmidt & Schwersenzer,363,business,trade,FOOD_AND_BEVERAGES,exact
3632,Goldschmiede Grützmacher,363,business,,JEWELRY_AND_PRECIOUS_METALS,exact
3634,Goldwaaren Industrie Belmonte & Co.,363,business,trade,JEWELRY_AND_PRECIOUS_METALS,exact
3635,Gomperts & Co,363,business,trade,MACHINES_AND_VEHICLES,exact
3636,Gorbatschow Liköre J. Kramer & Co,363,business,trade,FOOD_AND_BEVERAGES,exact
3637,Gornita Seifen-Vertrieb Edith Gornitzky,363,business,trade,CHEMICALS_AND_PHARMACEUTICALS,exact
3638,Gorodecki & Will,363,business,trade,HOUSEHOLD_GOODS,exact
3639,Gorselanczyk & Co GmbH,363,business,trade,TEXTILES_AND_CLOTHING,exact
3640,Gottfried Wolffs Schuhwarenhaus Inh. Julius Goldschmidt,363,business,trade,LEATHER_AND_SHOES,exact
3642,Graf von der Pahlen-Eckau GmbH,365,business,trade,FOOD_AND_BEVERAGES,exact
3643,Grammophon Spezialhaus GmbH,365,business,trade,ELECTRICAL_GOODS,exact
3644,Graphische Gesellschaft Richard Labisch GmbH,365,business,industry,PUBLISHING_AND_PRINTING,exact
3645,Graphische Kunstanstalt Arnold Weylandt GmbH,365,business,handicraft,PUBLISHING_AND_PRINTING,exact
3647,Graphischer Metallhandel Ernst Friedlaender,365,business,trade,METALS_AND_METAL_GOODS,exact
3649,Graumann & Stern,365,business,industry,TEXTILES_AND_CLOTHING,exact
3650,Graumann & Stern KGaA,365,business,trade,TEXTILES_AND_CLOTHING,exact
3651,Grodka & Co,367,business,trade,PAPER_AND_PAPER_GOODS,exact
3652,Grohag Großhandelsgesellschaft mbH,367,business,trade,DEPARTMENT_STORES,exact
3653,"Grotex, Großhandels-Textilgesellschaft mbH",367,business,trade,TEXTILES_AND_CLOTHING,exact
3655,Groß,367,business,,,exact_ambiguous_2
3656,Groß,367,business,,,exact_ambiguous_2
3657,Groß & Grischmann,367,business,trade,TEXTILES_AND_CLOTHING,exact
3658,Groß-Berliner Wäsche-Fabrikation Georg Mamlok,367,business,industry,TEXTILES_AND_CLOTHING,exact
3659,Groß-Berliner Wäsche-Vertrieb Hettmann & Feder,367,business,trade,TEXTILES_AND_CLOTHING,exact
3661,Greizer Kammgarnweberei Gebrüder Berglas GmbH,366,business,handicraft,TEXTILES_AND_CLOTHING,exact
3662,Grete Neumann & Co Modelle,366,business,trade,TEXTILES_AND_CLOTHING,exact
3663,Grete Romatzki GmbH,366,business,trade,TEXTILES_AND_CLOTHING,exact
3664,Gretzschel & Co,366,business,trade,MACHINES_AND_VEHICLES,exact
3665,Greve & Hanff GmbH,366,business,industry,TEXTILES_AND_CLOTHING,exact
3666,Grieben-Verlag Albert Goldschmidt,366,business,industry,PUBLISHING_AND_PRINTING,exact
3667,Grieben-Verlag GmbH,366,business,industry,PUBLISHING_AND_PRINTING,exact
3668,Grip-Fix Comp. GmbH,366,business,trade,CHEMICALS_AND_PHARMACEUTICALS,exact
3669,Grith Schuhsalon Moritz Kimmel,366,business,trade,LEATHER_AND_SHOES,exact
3670,Grobema Groß-Berliner-Maschinenfabrik Ovschy Rewitsch,366,business,industry,MACHINES_AND_VEHICLES,exact
3671,Großbeerener Kunstmühle Arthur Mendel & Co,368,business,industry,FOOD_AND_BEVERAGES,exact
3673,Großhandels-AG für Getreide und Mühlenfabrikate,368,business,trade,FOOD_AND_BEVERAGES,exact
3674,Großhandlung für Elektro-Material Ludwig Orenstein,368,business,trade,ELECTRICAL_GOODS,exact
3677,Großwäscherei Riebe,368,business,,TEXTILES_AND_CLOTHING,exact
3681,Grunauer und Freudenberg,369,business,trade,TEXTILES_AND_CLOTHING,exact
3682,Grundkreditschutz GmbH,369,business,services,OTHER,exact
3684,Grundstücks-AG Beusselturm,369,business,services,REAL_ESTATE,exact
3687,Grundstücksgesellschaft Goßlerstraße 25 mbH,369,business,trade,REAL_ESTATE,exact
3688,Grundstücksgesellschaft Hans GmbH,369,business,trade,REAL_ESTATE,exact
3689,Grundstücksgesellschaft Lotte GmbH,369,business,trade,REAL_ESTATE,exact
3692,Grundstücksgesellschaft Windhoff mbH,370,business,trade,REAL_ESTATE,exact
3693,Grundstücksverwaltungsgesellschaft Berlinerstr. 56/57 zu Neukölln mbH,370,business,,REAL_ESTATE,exact
3694,Grundstücksverwaltungsgesellschaft Ost-West GmbH,370,business,trade,FURNITURE,exact
3696,Grundstücksverwertungsgesellschaft Phantasus mbH,370,business,trade,REAL_ESTATE,exact
3698,Grün & Zöllner,370,business,trade,TEXTILES_AND_CLOTHING,exact
3699,Grünauer Apotheke und Drogerie Apotheker Max Salinger,370,business,trade,PHARMACIES,exact
3701,Grünberg & Heine,371,business,trade,TEXTILES_AND_CLOTHING,exact
3702,"Grünberg, Frieda geb. Hauke",371,business,,TEXTILES_AND_CLOTHING,exact
3703,"Grünberg, Wolff & Co",371,business,industry,TEXTILES_AND_CLOTHING,exact
3704,Gründlich,371,business,,HOUSEHOLD_GOODS,exact
3706,Grünfeld'sche Grundstücksverwaltungsgesellschaft mbH (G.G.G.),371,business,services,REAL_ESTATE,exact
3707,Grünthal & Co GmbH,371,business,trade,TEXTILES_AND_CLOTHING,exact
3708,Grünthal & Wolff GmbH,371,business,industry,TEXTILES_AND_CLOTHING,exact
3709,"Grünthal, Sorensohn & Co",371,business,trade,TEXTILES_AND_CLOTHING,exact
3710,"Grünthal, Wolff & Co",371,business,trade,TEXTILES_AND_CLOTHING,exact
3711,Gu-Bi-Sch Gut-Billig-Schnell Bügel-Anstalten Abraham Rachmann,372,business,services,TEXTILES_AND_CLOTHING,exact
3714,Gummi- u. Asbest-Gesellschaft Engl & Co,372,business,trade,CONSTRUCTION_MATERIALS_AND_FUEL,exact
3716,Gumpert-Back-Import GmbH,372,business,trade,FOOD_AND_BEVERAGES,exact
3717,Gurau-Friedrichs GmbH,372,business,industry,TEXTILES_AND_CLOTHING,exact
3718,Gust. Salinger,372,business,trade,FOOD_AND_BEVERAGES,exact
3720,Gustav A. Zaché,372,business,trade,CONSTRUCTION_MATERIALS_AND_FUEL,exact
3721,"Gustav Adolf Apotheke und Drogenhandlung, Fabrik chem.pharm.kosmet. Präparate und Versandgeschäft; Generaldepot der Dr. Barsikow'schen Hefe-Präparate Curt Treitel",373,business,trade,PHARMACIES,exact
3722,Gustav Amigo,373,business,trade,MACHINES_AND_VEHICLES,exact
3723,Gustav Bach,373,business,trade,FURNITURE,exact
3725,Gustav Becker,373,business,trade,CHEMICALS_AND_PHARMACEUTICALS,exact
3727,Gustav Blumenfeld,373,business,trade,TEXTILES_AND_CLOTHING,exact
3729,Gustav Ehrenberg,373,business,trade,TEXTILES_AND_CLOTHING,exact
3730,Gustav Eisenstädt,373,business,trade,TEXTILES_AND_CLOTHING,exact
3731,Gustav Flater Nfg.,374,business,trade,TEXTILES_AND_CLOTHING,exact
3732,Gustav Freund,374,business,services,OTHER,exact
3734,Gustav Georg Sommerfeld,374,business,,FOOD_AND_BEVERAGES,exact
3735,Gustav Grützmacher & Co,374,business,industry,TEXTILES_AND_CLOTHING,exact
3736,Gustav Haase,374,business,industry,FOOD_AND_BEVERAGES,exact
3737,Gustav Haase Nchfg.,374,business,trade,FOOD_AND_BEVERAGES,exact
3738,Gustav Hamel & Co,374,business,trade,TEXTILES_AND_CLOTHING,exact
3739,Gustav Heilborn,374,business,trade,TEXTILES_AND_CLOTHING,exact
3740,"Gustav Herzig, GmbH",374,business,,,exact
3741,Gustav Kristeller,376,business,trade,LEATHER_AND_SHOES,exact
3742,Gustav Kronheim,376,business,,TEXTILES_AND_CLOTHING,exact
3745,Gustav Lazarus,376,business,,FOOD_AND_BEVERAGES,exact
3746,Gustav Lemmel,376,business,,HOUSEHOLD_GOODS,exact
3747,Gustav Leske,376,business,,CONSTRUCTION,exact
3749,Gustav Levy,376,business,trade,FOOD_AND_BEVERAGES,exact_ambiguous_2
3751,Gustav Hirsch,375,business,trade,TEXTILES_AND_CLOTHING,exact
3752,Gustav Huhn,375,business,industry,METALS_AND_METAL_GOODS,exact
3753,Gustav I. Berger,375,business,industry,TEXTILES_AND_CLOTHING,exact
3755,Gustav Jacobi,375,business,trade,DEPARTMENT_STORES,exact
3756,Gustav Jacobowitz,375,business,trade,TEXTILES_AND_CLOTHING,exact
3758,Gustav Kamnitzer,375,business,trade,FOOD_AND_BEVERAGES,exact
3759,Gustav Klempin,375,business,,TRANSPORTATION,exact
3760,Gustav Kochmann,375,business,trade,METALS_AND_METAL_GOODS,exact
3761,Gustav Liebler (Liebier),377,business,,HOUSEHOLD_GOODS,exact
3762,Gustav Lieblich,377,business,,CONSTRUCTION_MATERIALS_AND_FUEL,exact
3763,Gustav Loebel,377,business,trade,TEXTILES_AND_CLOTHING,exact
3764,Gustav Loewen Nachf.,377,business,trade,BANKS_AND_INSURANCE,exact
3765,Gustav Loseynski,377,business,,TEXTILES_AND_CLOTHING,exact
3766,Gustav Lustig,377,business,trade,FURNITURE,exact
3767,Gustav Lyon,377,business,industry,PUBLISHING_AND_PRINTING,exact
3768,Gustav Lyon Stiftung GmbH,377,business,services,BANKS_AND_INSURANCE,exact
3770,Gustav Mandel,377,business,industry,PUBLISHING_AND_PRINTING,exact
3772,Gustav Meyerhof,378,business,trade,TEXTILES_AND_CLOTHING,exact
3773,Gustav Nathan,378,business,trade,TEXTILES_AND_CLOTHING,exact
3774,Gustav Nathan & Co,378,business,trade,TEXTILES_AND_CLOTHING,exact
3775,Gustav Nossek,378,business,trade,TEXTILES_AND_CLOTHING,exact
3776,Gustav Nölter AG,378,business,trade,FOOD_AND_BEVERAGES,exact
3777,Gustav Pflaumer GmbH,378,business,industry,TEXTILES_AND_CLOTHING,exact
3778,Gustav Prytek,378,business,trade,FOOD_AND_BEVERAGES,exact
3781,Gustav Salomon,379,business,trade,CHEMICALS_AND_PHARMACEUTICALS,exact
3785,Gustav Speyer,379,business,trade,TEXTILES_AND_CLOTHING,exact
3787,Gustav Urbach & Dr. Sittig,379,business,trade,FOOD_AND_BEVERAGES,exact
3788,Gustav Walz & Co.,379,business,trade,FOOD_AND_BEVERAGES,exact
3789,Gustav Wolff Söhne elektrotechnische Artikel GmbH,379,business,trade,ELECTRICAL_GOODS,exact
3790,Gustav Zacharias,379,business,trade,TEXTILES_AND_CLOTHING,exact
3792,Guthmann & Co GmbH,380,business,trade,FOOD_AND_BEVERAGES,exact
3793,"Gutkind & Co, GmbH",380,business,services,TRANSPORTATION,exact
3794,Gutmann & Heinsfurter,380,business,trade,BANKS_AND_INSURANCE,exact
3795,Gutmann & Meyer Nchf. Inh. Siegfried Hirschberg,380,business,industry,PAPER_AND_PAPER_GOODS,exact
3796,Gutmann & Möller,380,business,trade,ELECTRICAL_GOODS,exact
3798,"Gutmann, Martin",380,business,,,exact
3799,Guttenberg & Strauß Komm. Ges.,380,business,trade,JEWELRY_AND_PRECIOUS_METALS,exact
3800,Guttentag & Goldschmidt,380,business,trade,BANKS_AND_INSURANCE,exact
3801,Guttstadt & Simon,381,business,trade,CHEMICALS_AND_PHARMACEUTICALS,exact
3803,Géza Papp,381,business,,LEATHER_AND_SHOES,exact
3809,Günther Salomon-Salter,381,business,,PUBLISHING_AND_PRINTING,exact
3810,Güter-Sammelverkehr-GmbH,381,business,services,TRANSPORTATION,exact
3812,H. & A. Rotholz,382,business,trade,FOOD_AND_BEVERAGES,exact
3817,H. & L. Cendrowicz,382,business,trade,TEXTILES_AND_CLOTHING,exact
3818,H. & M. Jacobsohn,382,business,trade,TEXTILES_AND_CLOTHING,exact
3819,H. & M. Lewent,382,business,industry,FURNITURE,exact
3822,H. Bindiger,383,business,,PUBLISHING_AND_PRINTING,exact
3823,H. Blachmann,383,business,,CONSTRUCTION_MATERIALS_AND_FUEL,exact
3824,H. Bloch & Co,383,business,trade,TEXTILES_AND_CLOTHING,exact
3825,H. Donath & Co,383,business,industry,TEXTILES_AND_CLOTHING,exact
3828,H. Falk & Co,383,business,services,OTHER,exact
3829,H. Feigenbaum & Co,383,business,industry,METALS_AND_METAL_GOODS,exact
3832,H. Frost & Söhne,384,business,industry,METALS_AND_METAL_GOODS,exact
3835,H. Geduldig & Sohn,384,business,trade,TEXTILES_AND_CLOTHING,exact
3837,H. Hahner Nflgr.,384,business,industry,FURNITURE,exact
3841,H. Kurniker,386,business,trade,FOOD_AND_BEVERAGES,exact
3842,H. Leiser Nachf.,386,business,trade,LEATHER_AND_SHOES,exact
3843,H. Lipke,386,business,industry,FURNITURE,exact
3844,H. Lippmann,386,business,trade,METALS_AND_METAL_GOODS,exact
3845,H. Littmann,386,business,trade,LEATHER_AND_SHOES,exact
3846,H. M. Dobrin & Sohn,386,business,handicraft,PUBLISHING_AND_PRINTING,exact
3848,H. Marzynski,386,business,trade,TEXTILES_AND_CLOTHING,exact
3849,H. Meyer & Co Speditionsgeschäft,386,business,services,TRANSPORTATION,exact
3851,H. Herzberg,385,business,industry,CONSTRUCTION_MATERIALS_AND_FUEL,exact
3852,H. Heß Nachf.,385,business,industry,METALS_AND_METAL_GOODS,exact
3855,H. Joseph & Co,385,business,trade,DEPARTMENT_STORES,exact
3856,H. Kantorowicz & Co,385,business,trade,TEXTILES_AND_CLOTHING,exact
3857,H. Keilus & Co,385,business,trade,OTHER,exact
3858,H. Kersken jr. GmbH,385,business,services,TRANSPORTATION,exact
3859,H. Klopstock & Co,385,business,industry,TEXTILES_AND_CLOTHING,exact
3861,H. Nachmann,387,business,trade,DEPARTMENT_STORES,exact
3862,H. Neumann & Co Damenhutfabrikation,387,business,industry,TEXTILES_AND_CLOTHING,exact
3863,H. Nußbaum,387,business,trade,TEXTILES_AND_CLOTHING,exact
3865,H. Pein,387,business,trade,METALS_AND_METAL_GOODS,exact
3866,H. Preetzmann,387,business,,FOOD_AND_BEVERAGES,exact
3867,H. Rosenbaum,387,business,trade,TEXTILES_AND_CLOTHING,exact
3869,H. Ruben Filiale Berlin,387,business,industry,TEXTILES_AND_CLOTHING,exact
3870,H. S. Cramer,387,business,trade,FOOD_AND_BEVERAGES,exact
3871,H. Schlesinger Wäschefabrik,388,business,trade,TEXTILES_AND_CLOTHING,exact
3872,H. Schnitzer & Co,388,business,industry,TEXTILES_AND_CLOTHING,exact
3873,H. Schoyer,388,business,trade,METALS_AND_METAL_GOODS,exact
3874,H. Schöndorf & Co,388,business,trade,FURNITURE,exact
3875,H. Sonntag ( weibl.),388,business,,RESTAURANTS,exact
3876,H. Sternberg jr.,388,business,industry,TEXTILES_AND_CLOTHING,exact
3877,H. Unger,388,business,trade,CHEMICALS_AND_PHARMACEUTICALS,exact
3879,H. Wallet,388,business,trade,FOOD_AND_BEVERAGES,exact
3880,H. Wernery,388,business,,FOOD_AND_BEVERAGES,exact
3881,H. Wilhelm Abel junior GmbH,389,business,trade,MACHINES_AND_VEHICLES,exact
3882,H. Wittkowsky,389,business,trade,FOOD_AND_BEVERAGES,exact
3883,H. Wolff & Co,389,business,trade,FURNITURE,exact
3885,H. Wolff jr. & Co KG,389,business,trade,TEXTILES_AND_CLOTHING,exact
3886,H. u. P. Kunst- und Ausstattungsgesellschaft mbH,389,business,trade,FURNITURE,exact
3888,Haar & Klein,389,business,trade,TEXTILES_AND_CLOTHING,exact
3889,Haarspinnerei- und Zurichterei GmbH,389,business,industry,TEXTILES_AND_CLOTHING,exact
3890,Haase & Meyer,389,business,trade,METALS_AND_METAL_GOODS,exact
3892,Hackescher Hof Grundstücks-GmbH,390,business,trade,REAL_ESTATE,exact
3893,Hael-Werkstätten für künstlerische Keramik GmbH,390,business,handicraft,HOUSEHOLD_GOODS,exact
3895,Hagen & Co KG,390,business,trade,BANKS_AND_INSURANCE,exact
3896,Hahn & Langer,390,business,industry,TEXTILES_AND_CLOTHING,exact
3897,Hahn'sches Kleiderwerk GmbH,390,business,industry,TEXTILES_AND_CLOTHING,exact
3899,Hahnsche Werke AG,390,business,trade,METALS_AND_METAL_GOODS,exact
3901,Haim C.Vitalis,391,business,trade,LEATHER_AND_SHOES,exact
3904,Halpert & Comp.,391,business,trade,FURNITURE,exact
3905,Hamarro Grunderwerbs-AG,391,business,trade,REAL_ESTATE,exact
3906,Hambre Hamburg-Bremer Zigarrenvertrieb GmbH,391,business,trade,FOOD_AND_BEVERAGES,exact
3907,Hamburger & Co GmbH,391,business,trade,MACHINES_AND_VEHICLES,exact
3909,Hammonia-Reiniger-Werk GmbH,391,business,industry,CHEMICALS_AND_PHARMACEUTICALS,exact
3910,Hand in Hand Grunderwerbs- und Verwertungs GmbH,391,business,trade,REAL_ESTATE,exact
3911,Hand in Hand Grundstückserwerbs- und Verwertungsgesellschaft mbH,392,business,,,exact
3913,Handbügelei Pasteur,392,business,,TEXTILES_AND_CLOTHING,exact
3915,Handelsaktiengesellschaft Atlantic,392,business,services,REAL_ESTATE,exact
3918,Handelsstätte Alexanderplatz GmbH,392,business,trade,OTHER,exact
3919,Handelsvertretung Siegfried Hamburger,392,business,trade,OTHER,exact
3920,"Handelsvertretung, Tabakwaren, Isidor Lubliner",392,business,trade,FOOD_AND_BEVERAGES,exact
3921,Handstickereiwerke AG,393,business,industry,TEXTILES_AND_CLOTHING,exact
3922,Handwein Außenreklame Max Handwein,393,business,services,OTHER,exact
3924,Hanewacker & Co GmbH,393,business,industry,PUBLISHING_AND_PRINTING,exact
3925,Hanke & Braunspon (Inh. M. Kindar),393,business,,,exact
3926,Hanna Bernhardt,393,business,,ADVERTISING,exact
3927,Hanna Büchler,393,business,,PUBLISHING_AND_PRINTING,exact
3929,Hanna Löwenstein,393,business,,TEXTILES_AND_CLOTHING,exact
3930,Hanni Grünthal,393,business,trade,TEXTILES_AND_CLOTHING,exact
3931,Hanns Dispeker,394,business,trade,BANKS_AND_INSURANCE,exact
3932,Hans Alexander,394,business,trade,TEXTILES_AND_CLOTHING,exact
3934,Hans Behrendt & Co,394,business,trade,FOOD_AND_BEVERAGES,exact
3935,Hans Bernhard,394,business,trade,TEXTILES_AND_CLOTHING,exact
3937,Hans Bibo,394,business,,,exact
3939,Hans Brandt,394,business,trade,TEXTILES_AND_CLOTHING,exact
3940,Hans Cohn,394,business,trade,METALS_AND_METAL_GOODS,exact
3941,Hans Cohn Fondsmakler,395,business,trade,BANKS_AND_INSURANCE,exact
3942,Hans Cohnheim,395,business,trade,BANKS_AND_INSURANCE,exact
3945,Hans Eugen Spiegler,395,business,,LEATHER_AND_SHOES,exact
3946,Hans Friedmann & Co,395,business,trade,BANKS_AND_INSURANCE,exact
3947,Hans Fürstenwalde Hypotheken und Grundbesitz,395,business,trade,REAL_ESTATE,exact
3948,Hans Goldfreund,395,business,,JEWELRY_AND_PRECIOUS_METALS,exact
3950,Hans Gost & Co,395,business,trade,BOOKS_AND_ART,exact
3951,Hans Gost & Co GmbH,396,business,industry,FURNITURE,exact
3952,Hans Graetzer,396,business,trade,METALS_AND_METAL_GOODS,exact
3953,Hans Gumpel & Co,396,business,trade,BANKS_AND_INSURANCE,exact
3954,Hans Gundermann,396,business,trade,HOUSEHOLD_GOODS,exact
3955,Hans H. Rothschild,396,business,trade,CONSTRUCTION_MATERIALS_AND_FUEL,exact
3956,Hans Hahn,396,business,trade,REAL_ESTATE,exact
3957,Hans Hambaum,396,business,,FURNITURE,exact
3958,Hans Hauptz,396,business,,BOOKS_AND_ART,exact
3959,Hans Jacob Bornstein,396,business,,FOOD_AND_BEVERAGES,exact
3960,Hans Joseph & Co,396,business,trade,DEPARTMENT_STORES,exact
3962,Hans Katzenellenbogen,397,business,trade,HOUSEHOLD_GOODS,exact
3963,Hans Kaufmann,397,business,trade,BANKS_AND_INSURANCE,exact
3964,Hans Kirstein,397,business,trade,BANKS_AND_INSURANCE,exact
3968,Hans Latz,397,business,trade,METALS_AND_METAL_GOODS,exact
3969,Hans Lehmann,397,business,trade,BANKS_AND_INSURANCE,exact
3970,Hans Lesser,397,business,trade,BOOKS_AND_ART,exact
3971,Hans Lippmann,398,business,trade,BANKS_AND_INSURANCE,exact
3972,Hans Lippmann Spinnerei-Erzeugnisse GmbH,398,business,trade,TEXTILES_AND_CLOTHING,exact
3973,Hans Loepert,398,business,industry,TEXTILES_AND_CLOTHING,exact
3974,Hans Ludwig Automobile,398,business,trade,MACHINES_AND_VEHICLES,exact
3975,Hans Max Samuel Kirstein,398,business,,,exact
3977,Hans Merten,398,business,trade,LEATHER_AND_SHOES,exact
3978,"Hans Nathan, Dipl. Ing.",398,business,,CONSTRUCTION,exact
3981,Hans Reiff,399,business,trade,FOOD_AND_BEVERAGES,exact
3983,Hans Sachs,399,business,trade,BANKS_AND_INSURANCE,exact
3985,Hans Schottlaender & Co,399,business,trade,OTHER,exact
3986,Hans Schwarz,399,business,trade,BANKS_AND_INSURANCE,exact
3987,Hans Segall,399,business,trade,HOUSEHOLD_GOODS,exact
3988,Hans Seliger,399,business,trade,TEXTILES_AND_CLOTHING,exact
3989,Hans Stein,399,business,trade,TEXTILES_AND_CLOTHING,exact
3991,Hans Traube,400,business,trade,BANKS_AND_INSURANCE,exact
3994,Hans Wall,400,business,trade,CONSTRUCTION_MATERIALS_AND_FUEL,exact
3995,Hans Wendriner Export,400,business,trade,OTHER,exact
3997,Hans Wolffsohn & Co,400,business,industry,FURNITURE,exact
3998,Hansa Bazar Max Grundland,400,business,trade,TEXTILES_AND_CLOTHING,exact
3999,Hansa Mechanische Trikotwaren- und Wäschefabrik GmbH,400,business,industry,TEXTILES_AND_CLOTHING,exact
4000,Hansa Mützenfabrik Cukierman & Co KG,400,business,industry,TEXTILES_AND_CLOTHING,exact
