id,title,verdict,field_with_diff,dataset_value,source_value,confidence_score,notes
business_00001,AG für Brennstoffvergasung,MATCH,(all),,,1.0,exact
business_00002,AG für Eigentumschutz,FIELD_DIFF,original_address,"Luisenstr. 31, Berlin","Luisenstr. 31b, Berlin",0.65,address_differs
business_00003,AG für Finanzierungen Commercium,MATCH,(all),,,1.0,exact
business_00004,AG für Finanzierungen am Grundstücksmarkt,MATCH,(all),,,1.0,exact
business_00005,AG für Geschäfts- und Industriebauten,MATCH,(all),,,1.0,exact
business_00006,AG für Grundkredit,MATCH,(all),,,1.0,exact
business_00007,AG für Grundstücksbeteiligungen,MATCH,(all),,,1.0,exact
business_00008,AG für Grundstücksverwaltung und Außenhandel,MATCH,(all),,,1.0,exact
business_00009,AG für Handel und Grundbesitz,MATCH,(all),,,1.0,exact
business_00010,AG für Konsortialbeteiligung,MATCH,(all),,,1.0,exact
business_00011,A. Velisch & Hochgesang,MATCH,(all),,,1.0,exact
business_00012,A. Wagner & Co GmbH,MATCH,(all),,,1.0,exact
business_00013,A. Wertheim GmbH,FIELD_DIFF,original_address,"und 132/137, Berlin","Leipziger Str. 126/130 und 132/137, Berlin",0.65,address_differs
business_00014,A. Wertheim Special-Verkauf GmbH,MATCH,(all),,,1.0,exact
business_00015,A. Woitke,MATCH,(all),,,1.0,exact
business_00016,A. Wolff & Co Textil-Gelegenheitskäufe KG,MATCH,(all),,,1.0,exact
business_00017,A. Zuntz sel. Wwe.,MATCH,(all),,,1.0,exact
business_00018,AG Adler für chemische Industrie,MATCH,(all),,,1.0,exact
business_00019,AG Johannes Jeserich,MATCH,(all),,,1.0,exact
business_00020,AG für Biervertrieb,FIELD_DIFF,original_address,"Möckernstraße 118, Berlin","Tempelhofer Ufer 32, Berlin Möckernstraße 118, Berlin",0.65,address_differs
business_00021,AG für Landwirtschaft und Industrie,FIELD_DIFF,original_address,"Landgrafenstr. 18, Berlin","Landgrafenstr. 18a, Berlin",0.65,address_differs
business_00022,AG für metallurgische Produkte,MATCH,(all),,,1.0,exact
business_00023,AMBI Lagerei und Handel-GmbH,MATCH,(all),,,1.0,exact
business_00024,Abels Schokolade GmbH,MATCH,(all),,,1.0,exact
business_00025,Abr. Schmidt,MATCH,(all),,,1.0,exact
business_00026,Abraham Antmann,MATCH,(all),,,1.0,exact
business_00027,Abraham Auser,MATCH,(all),,,1.0,exact
business_00028,Abraham Ball,MATCH,(all),,,1.0,exact
business_00029,Abraham Berenblum,MATCH,(all),,,1.0,exact
business_00030,Abraham Brettschneider,MATCH,(all),,,1.0,exact
business_00031,Abraham E. Schimmel,MATCH,(all),,,1.0,exact
business_00032,Abraham Ebel,MATCH,(all),,,1.0,exact
business_00033,Abraham Feder,MATCH,(all),,,1.0,exact
business_00034,Abraham Friedberg,MATCH,(all),,,1.0,exact
business_00035,Abraham Frommer,MATCH,(all),,,1.0,exact
business_00036,Abraham Glitzenstein,MATCH,(all),,,1.0,exact
business_00037,Abraham Herschaft,MATCH,(all),,,1.0,exact
business_00038,Abraham J. Grebler,MATCH,(all),,,1.0,exact
business_00039,Abraham Joost,MATCH,(all),,,1.0,exact
business_00040,Abraham Liß,MATCH,(all),,,1.0,exact
business_00041,Abraham Pfeffer,MATCH,(all),,,1.0,exact
business_00042,Abraham Pommeranz,MATCH,(all),,,1.0,exact
business_00043,Abraham Schaul,MATCH,(all),,,1.0,exact
business_00044,Abraham Schlesinger,MATCH,(all),,,1.0,exact
business_00045,Abraham Schäfer,MATCH,(all),,,1.0,exact
business_00046,Abraham Stein,MATCH,(all),,,1.0,exact
business_00047,Abraham Stock,MATCH,(all),,,1.0,exact
business_00048,Abraham Weber,MATCH,(all),,,1.0,exact
business_00049,Abraham Weingold,FIELD_DIFF,original_address,"enburger Str. 75, Berlin","Weißenburger Str. 75, Berlin",0.65,address_differs
business_00050,Abraham Wreschner,MATCH,(all),,,1.0,exact
business_00051,Abraham Zucker,MATCH,(all),,,1.0,exact
business_00052,"Abraham, Ludwig",MATCH,(all),,,1.0,exact
business_00053,"Abraham, Ralph",MATCH,(all),,,1.0,exact
business_00054,Abrahamowsky & Wagner,MATCH,(all),,,1.0,exact
business_00055,Abram Dreisiuk,MATCH,(all),,,1.0,exact
business_00056,Abram Salwe,MATCH,(all),,,1.0,exact
business_00057,Abé Ringer & Co,MATCH,(all),,,1.0,exact
business_00058,Achtentuch & Grünberg,MATCH,(all),,,1.0,exact
business_00059,Achterberg & Co Kunst- und Offsetdruckerei GmbH,MATCH,(all),,,1.0,exact
business_00060,Acker und Wald GmbH,MATCH,(all),,,1.0,exact
business_00061,Ad. Goldschmidt,FIELD_DIFF,original_address,"Friedrichstr. 45, Berlin","Neue Friedrichstr. 45, Berlin",0.65,address_differs
business_00062,Adalbert Friedland,MATCH,(all),,,1.0,exact
business_00063,Adalbert Trobach & Co Nachf.,MATCH,(all),,,1.0,exact
business_00064,Adalbert-Apotheke Walter Jacoby,MATCH,(all),,,1.0,exact
business_00065,Adam & Philipsohn,MATCH,(all),,,1.0,exact
business_00066,Adam's Cigarrenfabriken,MATCH,(all),,,1.0,exact
business_00067,Adebek Auskunftei GmbH,MATCH,(all),,,1.0,exact
business_00068,Adedap Julius Gold,MATCH,(all),,,1.0,exact
business_00069,Adele Brody,MATCH,(all),,,1.0,exact
business_00070,"Ader, Rosa, geb. Weinberg",MATCH,(all),,,1.0,exact
business_00071,Adler,MATCH,(all),,,1.0,exact
business_00072,Adler & Baranski,FIELD_DIFF,original_address,"Charlottenstr. 22, Berlin","Charlottenstr. 22a, Berlin",0.65,address_differs
business_00073,Adler & Oppenheimer AG,FIELD_DIFF,original_address,"Friedrichstr. 2, Berlin","Neue Friedrichstr. 2, Berlin",0.65,address_differs
business_00074,Adler & Oppenheimer GmbH,MATCH,(all),,,1.0,exact
business_00075,Adler Apotheke am Weddingplatz Dr. Ludwig Busse,MATCH,(all),,,1.0,exact
business_00076,Adler-Apotheke Dr. Arnold Voß Hohenschönhausen,MATCH,(all),,,1.0,exact
business_00077,Adler-Apotheke Siegfried Schaefer,MATCH,(all),,,1.0,exact
business_00078,Adler-Apotheke Zehlendorf Dr. Georg Plack,MATCH,(all),,,1.0,exact
business_00079,"Adler-Drogerie, Herbert Weiß",MATCH,(all),,,1.0,exact
business_00080,Adler-Leuchten Josef Adler,MATCH,(all),,,1.0,exact
business_00081,Adler-Maschinenfabrik Karl Frühling,MATCH,(all),,,1.0,exact
business_00082,Admiral Apotheke Siegfried Fink,MATCH,(all),,,1.0,exact
business_00083,Adolf A. Stern,MATCH,(all),,,1.0,exact
business_00084,Adolf A. Weinberg,MATCH,(all),,,1.0,exact
business_00085,Adolf Alpern,MATCH,(all),,,1.0,exact
business_00086,Adolf Apfelbaum,MATCH,(all),,,1.0,exact
business_00087,"Adolf Aufrecht, Juwelier, Goldwaren- & Juwelengeschäft",MATCH,(all),,,1.0,exact
business_00088,Adolf Auser & Co,MATCH,(all),,,1.0,exact
business_00089,Adolf Badt,MATCH,(all),,,1.0,exact
business_00090,Adolf Baermann,MATCH,(all),,,1.0,exact
business_00091,Adolf Ballan,MATCH,(all),,,1.0,exact
business_00092,Adolf Becker,FIELD_DIFF,original_address,"Oberwallstr. 20, Berlin","Oberwallstr. 20a, Berlin",0.65,address_differs
business_00093,Adolf Bergmann Metallwarenfabrik,MATCH,(all),,,1.0,exact
business_00094,Adolf Bernstein,MATCH,(all),,,1.0,exact
business_00095,Adolf Biberfeld,MATCH,(all),,,1.0,exact
business_00096,Adolf Bielschowski,MATCH,(all),,,1.0,exact
business_00097,Adolf Bloch,MATCH,(all),,,1.0,exact
business_00098,Adolf Boese,MATCH,(all),,,1.0,exact
business_00099,Adolf Brieger,MATCH,(all),,,1.0,exact
business_00100,Adolf Brill,FIELD_DIFF,original_address,"Wittelsbacherstr. 28, Berlin","Wittelsbacherstr. 28a, Berlin",0.65,address_differs
business_00101,Adolf Brotzen,MATCH,(all),,,1.0,exact
business_00102,Adolf Bruck,MATCH,(all),,,1.0,exact
business_00103,Adolf Brünn Nachf.,MATCH,(all),,,1.0,exact
business_00104,Adolf Cohn Agentur und Commission,FIELD_DIFF,original_address,"Jakobstr. 81/82, Berlin","Alte Jakobstr. 81/82, Berlin",0.65,address_differs
business_00105,Adolf Cohn Agenturgeschäft,MATCH,(all),,,1.0,exact
business_00106,Adolf Cohn Architekt & Baugeschäft,MATCH,(all),,,1.0,exact
business_00107,Adolf Cohn jr.,FIELD_DIFF,original_address,"e Frankfurter Str. 144, Berlin","Große Frankfurter Str. 144, Berlin",0.65,address_differs
business_00108,Adolf Dannemann,MATCH,(all),,,1.0,exact
business_00109,Adolf David,MATCH,(all),,,1.0,exact
business_00110,Adolf Dresler,MATCH,(all),,,1.0,exact
business_00111,Adolf Elias,MATCH,(all),,,1.0,exact
business_00112,Adolf Ephraim,MATCH,(all),,,1.0,exact
business_00113,Adolf Feinberg,MATCH,(all),,,1.0,exact
business_00114,Adolf Fertig,MATCH,(all),,,1.0,exact
business_00115,Adolf Fraenkel & Co,MATCH,(all),,,1.0,exact
business_00116,Adolf Frankenstein,MATCH,(all),,,1.0,exact
business_00117,Adolf Friedmann,MATCH,(all),,,1.0,exact
business_00118,Adolf Fuchs,MATCH,(all),,,1.0,exact
business_00119,Adolf Förster,MATCH,(all),,,1.0,exact
business_00120,Adolf Fürst,MATCH,(all),,,1.0,exact
business_00121,Adolf Gabriel,MATCH,(all),,,1.0,exact
business_00122,Adolf Galanty,MATCH,(all),,,1.0,exact
business_00123,Adolf Gehr,FIELD_DIFF,original_address,"Hausvogteiplatz 11, Berlin","Hausvogteiplatz 11a, Berlin",0.65,address_differs
business_00124,Adolf Gerber (Schuhhaus Gerber),MATCH,(all),,,1.0,exact
business_00125,Adolf Goldberg,MATCH,(all),,,1.0,exact
business_00126,Adolf Grünstein,FIELD_DIFF,original_address,"Prinzenstr. 34, Berlin","Prinzenstr. 34 I, Berlin",0.65,address_differs
business_00127,Adolf H. Neumann,FIELD_DIFF,original_address,"Burgstr. 25, Berlin","Burgstr. 25 (Börse), Berlin",0.65,address_differs
business_00128,Adolf Hanau,MATCH,(all),,,1.0,exact
business_00129,Adolf Heidemann,MATCH,(all),,,1.0,exact
business_00130,Adolf Heinau,MATCH,(all),,,1.0,exact
business_00131,Adolf Herbst,MATCH,(all),,,1.0,exact
business_00132,Adolf Himmelweit,MATCH,(all),,,1.0,exact
business_00133,Adolf Hirsch,MATCH,(all),,,1.0,exact
business_00134,Adolf Hirschfeld,MATCH,(all),,,1.0,exact
business_00135,Adolf Hirschfeldt,MATCH,(all),,,1.0,exact
business_00136,Adolf Hochwald,MATCH,(all),,,1.0,exact
business_00137,Adolf Hojda,MATCH,(all),,,1.0,exact
business_00138,Adolf Hollaender,MATCH,(all),,,1.0,exact
business_00139,Adolf Illgen Sächsische Möbelfabrik,MATCH,(all),,,1.0,exact
business_00140,Adolf Jurmann Großhandlung Elektrotechnischer Bedarfsartikel,MATCH,(all),,,1.0,exact
business_00141,Adolf Kahn,MATCH,(all),,,1.0,exact
business_00142,Adolf Kaplan,MATCH,(all),,,1.0,exact
business_00143,Adolf Kempler,MATCH,(all),,,1.0,exact
business_00144,Adolf Kessel,MATCH,(all),,,1.0,exact
business_00145,Adolf Kolatacz,FIELD_DIFF,original_address,"enburger Str. 72, Berlin","Weißenburger Str. 72, Berlin",0.65,address_differs
business_00146,"Adolf Kosterlitz, Materialwaren",MATCH,(all),,,1.0,exact
business_00147,Adolf Krause,MATCH,(all),,,1.0,exact
business_00148,Adolf Kreisel,MATCH,(all),,,1.0,exact
business_00149,Adolf Kreutzberger Inhaber Joseph Danziger,MATCH,(all),,,1.0,exact
business_00150,Adolf Kuba,MATCH,(all),,,1.0,exact
business_00151,Adolf Kuttner,MATCH,(all),,,1.0,exact
business_00152,Adolf Lacher,MATCH,(all),,,1.0,exact
business_00153,Adolf Lemchen & Günther,MATCH,(all),,,1.0,exact
business_00154,Adolf Lent,MATCH,(all),,,1.0,exact
business_00155,Adolf Levy,MATCH,(all),,,1.0,exact
business_00156,Adolf Lewin Uhrmacher und Juwelier GmbH,MATCH,(all),,,1.0,exact
business_00157,Adolf Lewinsohn,MATCH,(all),,,1.0,exact
business_00158,Adolf Lieser,MATCH,(all),,,1.0,exact
business_00159,Adolf Lipschitz,MATCH,(all),,,1.0,exact
business_00160,Adolf Loebmann,MATCH,(all),,,1.0,exact
business_00161,"Adolf Löbl Obst, Gemüse und Südfrüchte",MATCH,(all),,,1.0,exact
business_00162,Adolf Löwenstern,MATCH,(all),,,1.0,exact
business_00163,Adolf Maaß Fabrik antiseptischer Artikel,FIELD_DIFF,original_address,"Jakobstr. 129, Berlin","Alte Jakobstr. 129, Berlin",0.65,address_differs
business_00164,Adolf Marcus,MATCH,(all),,,1.0,exact
business_00165,Adolf Marienthal,MATCH,(all),,,1.0,exact
business_00166,Adolf Meyer Mützenfabrication,MATCH,(all),,,1.0,exact
business_00167,Adolf Meyer jr.,MATCH,(all),,,1.0,exact
business_00168,Adolf Münz,MATCH,(all),,,1.0,exact
business_00169,Adolf Neumann Engros-Haus für Futterstoffe & Schneiderartikel,FIELD_DIFF,original_address,"Brückenstr. 5, Berlin","Brückenstr. 5b, Berlin",0.65,address_differs
business_00170,Adolf Pelz,MATCH,(all),,,1.0,exact
business_00171,Adolf Pergamenter,MATCH,(all),,,1.0,exact
business_00172,Adolf Peters,MATCH,(all),,,1.0,exact
business_00173,"Adolf Petrikowski, in Firma Peteko",MATCH,(all),,,1.0,exact
business_00174,Adolf Petrowsky,MATCH,(all),,,1.0,exact
business_00175,Adolf Praiß,MATCH,(all),,,1.0,exact
business_00176,Adolf Preiß,FIELD_DIFF,original_address,"Jakobstr. 6, Berlin","Neue Jakobstr. 6/ 8, Berlin",0.65,address_differs
business_00177,Adolf Privin,MATCH,(all),,,1.0,exact
business_00178,Adolf Rewald,MATCH,(all),,,1.0,exact
business_00179,Adolf Rosenau & Co,MATCH,(all),,,1.0,exact
business_00180,Adolf Rosentreter,MATCH,(all),,,1.0,exact
business_00181,Adolf Rosenzweig,MATCH,(all),,,1.0,exact
business_00182,Adolf Rothenberg,FIELD_DIFF,original_address,"Bismarckstr. 10, Berlin","Bismarckstr. 10 I, Berlin",0.65,address_differs
business_00183,Adolf Rothschild,MATCH,(all),,,1.0,exact
business_00184,Adolf Roß,MATCH,(all),,,1.0,exact
business_00185,Adolf Sachs & Co,MATCH,(all),,,1.0,exact
business_00186,Adolf Salz & Co GmbH,MATCH,(all),,,1.0,exact
business_00187,Adolf Sandheim,MATCH,(all),,,1.0,exact
business_00188,Adolf Schimmel,MATCH,(all),,,1.0,exact
business_00189,Adolf Schneider Koks und Kohlen engros,MATCH,(all),,,1.0,exact
business_00190,Adolf Schrubski,FIELD_DIFF,original_address,"Albrechtstr. 53, Berlin","Albrechtstr. 53b, Berlin",0.65,address_differs
business_00191,Adolf Schubert,MATCH,(all),,,1.0,exact
business_00192,Adolf Sommerfeld,MATCH,(all),,,1.0,exact
business_00193,Adolf Sommerfeld Bauausführung,MATCH,(all),,,1.0,exact
business_00194,Adolf Stern Eisen- und Metallgroßhandlung,MATCH,(all),,,1.0,exact
business_00195,Adolf Stern jr.,MATCH,(all),,,1.0,exact
business_00196,"Adolf Stern, Reg. Baumeister a.D.",MATCH,(all),,,1.0,exact
business_00197,Adolf Strahl,MATCH,(all),,,1.0,exact
business_00198,Adolf Stängel,MATCH,(all),,,1.0,exact
business_00199,Adolf Tannenbaum,MATCH,(all),,,1.0,exact
business_00200,Adolf Tauber,MATCH,(all),,,1.0,exact
business_00201,Adolf Tichauer,MATCH,(all),,,1.0,exact
business_00202,Adolf Traube,MATCH,(all),,,1.0,exact
business_00203,Adolf Wagner & Co,MATCH,(all),,,1.0,exact
business_00204,Adolf Weil & Orbach,MATCH,(all),,,1.0,exact
business_00205,Adolf Weinberg,MATCH,(all),,,1.0,exact
business_00206,Adolf Weininger,MATCH,(all),,,1.0,exact
business_00207,Adolf Weißmann & Co,MATCH,(all),,,1.0,exact
business_00208,Adolf Wittkowski,MATCH,(all),,,1.0,exact
business_00209,Adolf Wolff,MATCH,(all),,,1.0,exact
business_00210,Adolf Wolffsky,MATCH,(all),,,1.0,exact
business_00211,Adolf Zumpe senior GmbH,FIELD_DIFF,original_address,"Jakobstr. 9, Berlin","Alte Jakobstr. 9, Berlin",0.65,address_differs
business_00212,Adolph Asch Söhne,MATCH,(all),,,1.0,exact
business_00213,Adolph Bromberg,MATCH,(all),,,1.0,exact
business_00214,Adolph Burchardt Soehne,MATCH,(all),,,1.0,exact
business_00215,Adolph Danziger,MATCH,(all),,,1.0,exact
business_00216,Adolph Fürstner,FIELD_DIFF,original_address,"Viktoriastr. 34, Berlin","Viktoriastr. 34a, Berlin",0.65,address_differs
business_00217,Adolph Greiffenhagen,MATCH,(all),,,1.0,exact
business_00218,Adolph Kirchner,MATCH,(all),,,1.0,exact
business_00219,Adolph Koppel,MATCH,(all),,,1.0,exact
business_00220,Adolph Kraft Nachfolger,MATCH,(all),,,1.0,exact
business_00221,Adolph Lewin,MATCH,(all),,,1.0,exact
business_00222,Adolph Lewin Farbspritzerei,MATCH,(all),,,1.0,exact
business_00223,Adolph Lewinski,MATCH,(all),,,1.0,exact
business_00224,Adolph Maas & Co,MATCH,(all),,,1.0,exact
business_00225,Adolph Rehfeldt & Leo Rehfeldt,MATCH,(all),,,1.0,exact
business_00226,Adolph Salinger,MATCH,(all),,,1.0,exact
business_00227,Adrema Export GmbH,MATCH,(all),,,1.0,exact
business_00228,Adrema Maschinenbau-GmbH,MATCH,(all),,,1.0,exact
business_00229,Adrema-Verwaltungsgesellschaft mbH,MATCH,(all),,,1.0,exact
business_00230,"Adriane Fabrikation chemischer und kosmetischer Artikel, GmbH",MATCH,(all),,,1.0,exact
business_00231,Adrut-Verlag Berger und Lubowski,MATCH,(all),,,1.0,exact
business_00232,Aerozon-Fabrik G. & B. Sternberg,MATCH,(all),,,1.0,exact
business_00233,Aesculap-Apotheke Erich Jacobowitz,MATCH,(all),,,1.0,exact
business_00234,Aetz- und Emaillierwerk Schilder-Fischer GmbH,MATCH,(all),,,1.0,exact
business_00235,Agenturfirma Julius Lichtstern,MATCH,(all),,,1.0,exact
business_00236,Agil Schweißverfahren GmbH,MATCH,(all),,,1.0,exact
business_00237,Agil Techn. Apparate Neumann & Co,MATCH,(all),,,1.0,exact
business_00238,Ago Grundstücks-AG,MATCH,(all),,,1.0,exact
business_00239,Ahage Allgemeine Hotelgesellschaft mbH,MATCH,(all),,,1.0,exact
business_00240,Ahasver Grundstücks-Verwaltungs- und Verwertungs-AG,MATCH,(all),,,1.0,exact
business_00241,Ahders & Basch AG,MATCH,(all),,,1.0,exact
business_00242,"Ahlfeld, Georg",MATCH,(all),,,1.0,exact
business_00243,"Ahrends, Edmund",MATCH,(all),,,1.0,exact
business_00244,Aisik Futtermann,MATCH,(all),,,1.0,exact
business_00245,Ajanoth Hebräischer Verlag GmbH,MATCH,(all),,,1.0,exact
business_00246,Aktiengesellschaft Lignose,MATCH,(all),,,1.0,exact
business_00247,Alb. Aronheim jun.,MATCH,(all),,,1.0,exact
business_00248,Alb. B. Schlesinger,MATCH,(all),,,1.0,exact
business_00249,Albert & Bruno Fischer,MATCH,(all),,,1.0,exact
business_00250,Albert A. Levy,MATCH,(all),,,1.0,exact
business_00251,Albert Alexander,MATCH,(all),,,1.0,exact
business_00252,Albert Asch,MATCH,(all),,,1.0,exact
business_00253,Albert Aschheim Tuch- und Seiden-Manufaktur,MATCH,(all),,,1.0,exact
business_00254,Albert Becher,MATCH,(all),,,1.0,exact
business_00255,Albert Bein,MATCH,(all),,,1.0,exact
business_00256,Albert Bloch,MATCH,(all),,,1.0,exact
business_00257,Albert Blumenthal,MATCH,(all),,,1.0,exact
business_00258,Albert Bondi,MATCH,(all),,,1.0,exact
business_00259,Albert Brasch Damenmäntelfabrik,MATCH,(all),,,1.0,exact
business_00260,Albert Brasch Holzhandlung,MATCH,(all),,,1.0,exact
business_00261,Albert Brody,MATCH,(all),,,1.0,exact
business_00262,Albert Carl & Co GmbH,MATCH,(all),,,1.0,exact
business_00263,Albert Coppermann,MATCH,(all),,,1.0,exact
business_00264,Albert David,MATCH,(all),,,1.0,exact
business_00265,Albert Deutz,MATCH,(all),,,1.0,exact
business_00266,Albert Dzialoszynski & Co in Liqu.,MATCH,(all),,,1.0,exact
business_00267,Albert Falkenburger,MATCH,(all),,,1.0,exact
business_00268,Albert Feldblum,MATCH,(all),,,1.0,exact
business_00269,Albert Friedländer,MATCH,(all),,,1.0,exact
business_00270,Albert Gleiser Möbelfabrik-AG,MATCH,(all),,,1.0,exact
business_00271,Albert Gleiser Möbelhaus GmbH,MATCH,(all),,,1.0,exact
business_00272,Albert Goldberg,MATCH,(all),,,1.0,exact
business_00273,Albert Gottheimer GmbH,MATCH,(all),,,1.0,exact
business_00274,Albert Graetz,MATCH,(all),,,1.0,exact
business_00275,Albert Grundei Wäsche-Verleih,MATCH,(all),,,1.0,exact
business_00276,Albert Grünpeter,MATCH,(all),,,1.0,exact
business_00277,Albert Götzel,MATCH,(all),,,1.0,exact
business_00278,"Albert Hahn, Röhren-Walzwerk",MATCH,(all),,,1.0,exact
business_00279,"Albert Heimann, Bureau für Hypotheken- und Immobilienverkehr",MATCH,(all),,,1.0,exact
business_00280,Albert Herlitz,MATCH,(all),,,1.0,exact
business_00281,Albert Hübner Nachflgr.,MATCH,(all),,,1.0,exact
business_00282,Albert Joel KG,MATCH,(all),,,1.0,exact
business_00283,Albert Joel junior,MATCH,(all),,,1.0,exact
business_00284,Albert Kaatz,MATCH,(all),,,1.0,exact
business_00285,Albert Kasulke,MATCH,(all),,,1.0,exact
business_00286,"Albert Kaufmann, Sachverständiger der Handelskammer",MATCH,(all),,,1.0,exact
business_00287,Albert Kerwitz,MATCH,(all),,,1.0,exact
business_00288,Albert Krotoschin,MATCH,(all),,,1.0,exact
business_00289,Albert Labus AG,MATCH,(all),,,1.0,exact
business_00290,Albert Levy,MATCH,(all),,,1.0,exact
business_00291,Albert Lipschütz,FIELD_DIFF,original_address,"Friedrichstr. 38/49, Berlin","Neue Friedrichstr. 38/49, Berlin",0.65,address_differs
business_00292,Albert Loewenson,MATCH,(all),,,1.0,exact
business_00293,Albert Loewenthal,MATCH,(all),,,1.0,exact
business_00294,Albert Maier u. Co Fabrik für Knabenkleidung,MATCH,(all),,,1.0,exact
business_00295,"Albert Marx, 50 Jahre alt",MATCH,(all),,,1.0,exact
business_00296,Albert Mautner,MATCH,(all),,,1.0,exact
business_00297,Albert Mendel AG,MATCH,(all),,,1.0,exact
business_00298,Albert Meyer,MATCH,(all),,,1.0,exact
business_00299,"Albert Meyer, Getreide",MATCH,(all),,,1.0,exact
business_00300,Albert Moses,MATCH,(all),,,1.0,exact
business_00301,Albert Neumann,MATCH,(all),,,1.0,exact
business_00302,Albert Raddant,MATCH,(all),,,1.0,exact
business_00303,Albert Reimann Kunstwerkstätten Schule Reimann,MATCH,(all),,,1.0,exact
business_00304,Albert Rieß,MATCH,(all),,,1.0,exact
business_00305,Albert Rosenhain Exportgesellschaft mbH,MATCH,(all),,,1.0,exact
business_00306,Albert Rosenhain GmbH,MATCH,(all),,,1.0,exact
business_00307,Albert Rosenthal & Co,MATCH,(all),,,1.0,exact
business_00308,Albert Schön,MATCH,(all),,,1.0,exact
business_00309,Albert Stahl Getreide & Futtermittel,MATCH,(all),,,1.0,exact
business_00310,Albert Stern,MATCH,(all),,,1.0,exact
business_00311,Albert Sternglanz Apotheker Chemische u. Pharmazeutische Produkte,MATCH,(all),,,1.0,exact
business_00312,Albert Stolzmann,MATCH,(all),,,1.0,exact
business_00313,Albert Treuherz,MATCH,(all),,,1.0,exact
business_00314,Albert Unger,MATCH,(all),,,1.0,exact
business_00315,Albert Wallach,MATCH,(all),,,1.0,exact
business_00316,Albert Wisniewski,FIELD_DIFF,original_address,"( Trade ) Eingetragen im Handelsregister/ Gründung 1928 Erloschen 1939 Potsdamer Str. 82d, Berlin","Potsdamer Str. 82d, Berlin",0.65,address_differs
business_00317,Alberti Schallplatten Vertriebs-GmbH,MATCH,(all),,,1.0,exact
business_00318,Albina Grundstücks-Erwerbsgesellschaft mbH,MATCH,(all),,,1.0,exact
business_00319,Albinus & Co Automobil-Betriebs-Gesellschaft,MATCH,(all),,,1.0,exact
business_00320,Albogran F. du Bois-Reymond & Salz,FIELD_DIFF,original_address,"Kantstr. 8, Berlin","Neue Kantstr. 8, Berlin",0.65,address_differs
business_00321,Alboldt & Co GmbH,MATCH,(all),,,1.0,exact
business_00322,Albrecht Dürer-Apotheke und Drogenhandlung Adolf Mockrauer,MATCH,(all),,,1.0,exact
business_00323,Albrechtsdorfer Holzverwertungsgesellschaft mbH,MATCH,(all),,,1.0,exact
business_00324,Albrechtshof Lichtspiele GmbH,FIELD_DIFF,original_address,"Albrechtstr. 1, Berlin","Albrechtstr. 1a, Berlin",0.65,address_differs
business_00325,Albula Grundstücksgesellschaft mbH,MATCH,(all),,,1.0,exact
business_00326,Alcophor. GmbH,MATCH,(all),,,1.0,exact
business_00327,Aldemag Allgemeine Deutsche Margarine-AG,FIELD_DIFF,original_address,"Kreuzbergstr. 30, Berlin","Kreuzbergstr. 30, Berlin St.-Wolfgang-Str. 1, Berlin",0.65,address_differs
business_00328,Aldenta Allgemeine Dental Co GmbH,MATCH,(all),,,1.0,exact
business_00329,Aldus Druck GmbH,MATCH,(all),,,1.0,exact
business_00330,Alebi Allgemeine Lebensmittel-Importgesellschaft mbH,MATCH,(all),,,1.0,exact
business_00331,Alessinwerke Chemische Fabrik GmbH,MATCH,(all),,,1.0,exact
business_00332,Alex Birnbaum,MATCH,(all),,,1.0,exact
business_00333,Alex Eisenstädt,MATCH,(all),,,1.0,exact
business_00334,Alex Elsoffer,MATCH,(all),,,1.0,exact
business_00335,Alex Flatow,MATCH,(all),,,1.0,exact
business_00336,Alex Goldmann,FIELD_DIFF,original_address,"Grünstr. 39, Berlin","Neue Grünstr. 39, Berlin",0.65,address_differs
business_00337,Alex Hiller & Co,MATCH,(all),,,1.0,exact
business_00338,Alex Hirsch,FIELD_DIFF,original_address,"Wilhelmstr. 1, Berlin","Verlängerte Wilhelmstr. 1, Berlin",0.65,address_differs
business_00339,Alex Pander,MATCH,(all),,,1.0,exact
business_00340,Alex Sternau,MATCH,(all),,,1.0,exact
business_00341,Alex Zimmt,MATCH,(all),,,1.0,exact
business_00342,Alex. Mandelbaum,MATCH,(all),,,1.0,exact
business_00343,Alexander & Co,FIELD_DIFF,original_address,"enburger Str. 46, Berlin","Weißenburger Str. 46, Berlin",0.65,address_differs
business_00344,Alexander & Messow,MATCH,(all),,,1.0,exact
business_00345,Alexander Beitsch,MATCH,(all),,,1.0,exact
business_00346,Alexander Bukofzer Weingroßhandlung und Herstellung von Spirituosen und Säften,MATCH,(all),,,1.0,exact
business_00347,Alexander Conitzer,MATCH,(all),,,1.0,exact
business_00348,Alexander Elbert,MATCH,(all),,,1.0,exact
business_00349,Alexander Grundstücksgesellschaft m.b.H,MATCH,(all),,,1.0,exact
business_00350,Alexander Gutkind,MATCH,(all),,,1.0,exact
business_00351,Alexander Heinrich,MATCH,(all),,,1.0,exact
business_00352,Alexander Hermers,MATCH,(all),,,1.0,exact
business_00353,Alexander Herzfeld,MATCH,(all),,,1.0,exact
business_00354,Alexander Herzog,MATCH,(all),,,1.0,exact
business_00355,Alexander Hiller Konfektion,FIELD_DIFF,original_address,"Charlottenstr. 32, Berlin","Charlottenstr. 32a, Berlin",0.65,address_differs
business_00356,Alexander Jacoby & Co,MATCH,(all),,,1.0,exact
business_00357,Alexander Krawetz,MATCH,(all),,,1.0,exact
business_00358,Alexander Kremener & Co,MATCH,(all),,,1.0,exact
business_00359,Alexander Ledermann,MATCH,(all),,,1.0,exact
business_00360,Alexander Levy,MATCH,(all),,,1.0,exact
business_00361,Alexander Neißer,MATCH,(all),,,1.0,exact
business_00362,Alexander Riesenburger,MATCH,(all),,,1.0,exact
business_00363,Alexander Rosenau,MATCH,(all),,,1.0,exact
business_00364,Alexander Rosenberg KG,MATCH,(all),,,1.0,exact
business_00365,Alexander Stern,MATCH,(all),,,1.0,exact
business_00366,Alexander und Raphael KG,MATCH,(all),,,1.0,exact
business_00367,"Alexander, Georg",MATCH,(all),,,1.0,exact
business_00368,"Alexander, Rolf",MATCH,(all),,,1.0,exact
business_00369,"Alexander, Siegfried",MATCH,(all),,,1.0,exact
business_00370,Alexander-Apotheke Leopold Scheyer,MATCH,(all),,,1.0,exact
business_00371,Alexander-Drogerie Apotheker Israel Abraham,MATCH,(all),,,1.0,exact
business_00372,Alexanderbasar GmbH,MATCH,(all),,,1.0,exact
business_00373,Alfons Goldstein,MATCH,(all),,,1.0,exact
business_00374,Alfons Hopp,MATCH,(all),,,1.0,exact
business_00375,Alfons Jacobsohn,MATCH,(all),,,1.0,exact
business_00376,Alfons Lewin,MATCH,(all),,,1.0,exact
business_00377,Alfons Salingré,MATCH,(all),,,1.0,exact
business_00378,Alfons Spitzer,MATCH,(all),,,1.0,exact
business_00379,Alfons Tausk,MATCH,(all),,,1.0,exact
business_00380,Alfr. Hamburger,MATCH,(all),,,1.0,exact
business_00381,Alfred Abraham,MATCH,(all),,,1.0,exact
business_00382,Alfred Abrahamsohn,MATCH,(all),,,1.0,exact
business_00383,Alfred Alexander,MATCH,(all),,,1.0,exact
business_00384,Alfred Arnsfeld,FIELD_DIFF,original_address,"Burgstr. 25, Berlin","Burgstr. 25 (Börse), Berlin",0.65,address_differs
business_00385,Alfred Auerbach vorm. J. Auerbach,MATCH,(all),,,1.0,exact
business_00386,Alfred Baer,MATCH,(all),,,1.0,exact
business_00387,Alfred Basch & Kestel GmbH,MATCH,(all),,,1.0,exact
business_00388,Alfred Becker,MATCH,(all),,,1.0,exact
business_00389,Alfred Benedykt,MATCH,(all),,,1.0,exact
business_00390,Alfred Boehm,FIELD_DIFF,original_address,"Hausvogteiplatz 11, Berlin","Hausvogteiplatz 11a, Berlin",0.65,address_differs
business_00391,Alfred Bornstein,MATCH,(all),,,1.0,exact
business_00392,Alfred Bornstein Bankkommission,MATCH,(all),,,1.0,exact
business_00393,Alfred Brandt & Co,MATCH,(all),,,1.0,exact
business_00394,Alfred Brüll,MATCH,(all),,,1.0,exact
business_00395,Alfred Buxbaum,MATCH,(all),,,1.0,exact
business_00396,Alfred Cohn,MATCH,(all),,,1.0,exact
business_00397,Alfred Cohn (Rembrandt-Atelier Alfred Cohn),MATCH,(all),,,1.0,exact
business_00398,Alfred Cohn Sortimentsgeschäft,MATCH,(all),,,1.0,exact
business_00399,Alfred Cohn Wäsche-Confection,MATCH,(all),,,1.0,exact
business_00400,Alfred Danziger & Co,MATCH,(all),,,1.0,exact
business_00401,Alfred Dienstfertig & Co,MATCH,(all),,,1.0,exact
business_00402,Alfred Dreifuß,MATCH,(all),,,1.0,exact
business_00403,Alfred Dreyfuss,FIELD_DIFF,original_address,"Leipziger Str. 94, Berlin","Leipziger Str. 94 (Schöneberg/Haus), Berlin",0.65,address_differs
business_00404,Alfred Drucker,MATCH,(all),,,1.0,exact
business_00405,Alfred Ehrlich,MATCH,(all),,,1.0,exact
business_00406,Alfred Elkan,MATCH,(all),,,1.0,exact
business_00407,Alfred Ellinger,MATCH,(all),,,1.0,exact
business_00408,Alfred Ephraim,MATCH,(all),,,1.0,exact
business_00409,Alfred F. Meyer,MATCH,(all),,,1.0,exact
business_00410,Alfred Feibusch,MATCH,(all),,,1.0,exact
business_00411,Alfred Heller vorm. Hugo Müller,MATCH,(all),,,1.0,exact
business_00412,Alfred Herz,MATCH,(all),,,1.0,exact
business_00413,Alfred Hirsch,FIELD_DIFF,original_address,"Ilmenaustr. 2, Berlin","Ilmenaustr. 2a, Berlin",0.65,address_differs
business_00414,Alfred Hirsch & Co,MATCH,(all),,,1.0,exact
business_00415,Alfred Hurwitz,MATCH,(all),,,1.0,exact
business_00416,Alfred Höxter,MATCH,(all),,,1.0,exact
business_00417,Alfred J. Stern,MATCH,(all),,,1.0,exact
business_00418,"Alfred Jacobsohn, Licht und Kraft",MATCH,(all),,,1.0,exact
business_00419,Alfred Jaffe,MATCH,(all),,,1.0,exact
business_00420,Alfred Jakubowski,MATCH,(all),,,1.0,exact
business_00421,Alfred Flatow,MATCH,(all),,,1.0,exact
business_00422,Alfred Frank,MATCH,(all),,,1.0,exact
business_00423,Alfred Freund & Co,MATCH,(all),,,1.0,exact
business_00424,Alfred Fuld-Traumann,MATCH,(all),,,1.0,exact
business_00425,Alfred Georg Heymann,MATCH,(all),,,1.0,exact
business_00426,Alfred Gude & Co Chemische Fabrik GmbH,MATCH,(all),,,1.0,exact
business_00427,Alfred H. Hieronymus,MATCH,(all),,,1.0,exact
business_00428,Alfred Hartbrodt,MATCH,(all),,,1.0,exact_ambiguous_2
business_00429,Alfred Hartbrodt,FIELD_DIFF,original_address,"Kurfürstendamm 96, Berlin","Königstr. 19, Berlin",0.65,address_differs
business_00429,Alfred Hartbrodt,FIELD_DIFF,startDate,1927,1933,0.6,founding year mismatch
business_00429,Alfred Hartbrodt,FIELD_DIFF,endDate,1939,1938,0.6,closing/takeover year mismatch
business_00430,Alfred Heilbronn,MATCH,(all),,,1.0,exact
business_00431,Alfred M. Cohn,MATCH,(all),,,1.0,exact
business_00432,Alfred Marcus,MATCH,(all),,,1.0,exact
business_00433,Alfred Marcus & Co,MATCH,(all),,,1.0,exact
business_00434,Alfred May,MATCH,(all),,,1.0,exact
business_00435,Alfred Mayer,MATCH,(all),,,1.0,exact
business_00436,Alfred Meseritz,FIELD_DIFF,original_address,"( Trade ) Eingetragen im Handelsregister/ Gründung 1910 Erloschen 1940 Neuenburger Str. 1a, Berlin","Neuenburger Str. 1a, Berlin",0.65,address_differs
business_00437,Alfred Meyer,MATCH,(all),,,1.0,exact
business_00438,Alfred Meyersberg,MATCH,(all),,,1.0,exact
business_00439,Alfred Mokrauer,MATCH,(all),,,1.0,exact
business_00440,Alfred Nachmann,MATCH,(all),,,1.0,exact
business_00441,Alfred Jany Schokoladen-Großhandlung,MATCH,(all),,,1.0,exact
business_00442,Alfred Karg Verwaltungsgesellschaft für Grundbesitz mbH,MATCH,(all),,,1.0,exact
business_00443,"Alfred Karg, Grundstücks-GmbH",MATCH,(all),,,1.0,exact
business_00444,Alfred Katzenstein,MATCH,(all),,,1.0,exact
business_00445,Alfred Keßler & Max Silbermann,MATCH,(all),,,1.0,exact
business_00446,Alfred Knopf Getreide & Futtermittel en gros,MATCH,(all),,,1.0,exact
business_00447,Alfred Koh,MATCH,(all),,,1.0,exact
business_00448,Alfred Krawitz,MATCH,(all),,,1.0,exact
business_00449,Alfred Kronheim & Co,MATCH,(all),,,1.0,exact
business_00450,Alfred Laski & Co Tabakwarengroßhandlung,MATCH,(all),,,1.0,exact
business_00451,Alfred Leiser,FIELD_DIFF,original_address,"und 79, Berlin","Martin-Luther-Str. 27 und 79, Berlin",0.65,address_differs
business_00452,Alfred Levy,MATCH,(all),,,1.0,exact
business_00453,Alfred Lewandowski & Co,MATCH,(all),,,1.0,exact
business_00454,Alfred Litten,MATCH,(all),,,1.0,exact
business_00455,Alfred Lobatz,MATCH,(all),,,1.0,exact
business_00456,Alfred Loewe,FIELD_DIFF,original_address,"Jägerstr. 5, Berlin","Kleine Jägerstr. 5, Berlin",0.65,address_differs
business_00457,Alfred Loewenberg & Co,MATCH,(all),,,1.0,exact
business_00458,"Alfred Loewenthal Buchdruckerei, Kunstanstalt & Plakatfabrik",MATCH,(all),,,1.0,exact
business_00459,Alfred Luft,MATCH,(all),,,1.0,exact
business_00460,Alfred M. Caher,MATCH,(all),,,1.0,exact
business_00461,Alfred Rosendahl,MATCH,(all),,,1.0,exact
business_00462,Alfred Rosenthal,MATCH,(all),,,1.0,exact
business_00463,"Alfred Sachs, Ingenieur",MATCH,(all),,,1.0,exact
business_00464,Alfred Sawady,MATCH,(all),,,1.0,exact
business_00465,Alfred Schapiro,MATCH,(all),,,1.0,exact
business_00466,Alfred Scherk Möbel-Engros-Agentur,FIELD_DIFF,original_address,"Jakobstr. 6, Berlin","Neue Jakobstr. 6, Berlin",0.65,address_differs
business_00467,Alfred Schmoller & Co,MATCH,(all),,,1.0,exact
business_00468,Alfred Schwarzkopf,MATCH,(all),,,1.0,exact
business_00469,"Alfred Schönberg, Bahnen für Schmal- und Normalspur",MATCH,(all),,,1.0,exact
business_00470,Alfred Seligmann,MATCH,(all),,,1.0,exact
business_00471,Alfred Nathusius KG,MATCH,(all),,,1.0,exact
business_00472,Alfred Nawroth & Co,MATCH,(all),,,1.0,exact
business_00473,Alfred Neustadt,FIELD_DIFF,original_address,"Burgstr. 25, Berlin","Burgstr. 25 (Börse), Berlin",0.65,address_differs
business_00474,Alfred Oschitzki,MATCH,(all),,,1.0,exact
business_00475,Alfred Peiser,MATCH,(all),,,1.0,exact
business_00476,Alfred Popper Lederfabrik,MATCH,(all),,,1.0,exact
business_00477,Alfred Preusser Nachflg.,MATCH,(all),,,1.0,exact
business_00478,Alfred Pulvermacher & Co,FIELD_DIFF,original_address,"Winterfeldtstr. 22, Berlin","Neue Winterfeldtstr. 22, Berlin",0.65,address_differs
business_00479,Alfred Reiß GmbH,MATCH,(all),,,1.0,exact
business_00480,Alfred Rosenberg,MATCH,(all),,,1.0,exact
business_00481,Alfred Seligsohn,MATCH,(all),,,1.0,exact
business_00482,Alfred Speyer,MATCH,(all),,,1.0,exact
business_00483,"Alfred Stahl, Architekt, Atelier für vornehme Wohnungseinrichtungen",MATCH,(all),,,1.0,exact
business_00484,Alfred Stein,MATCH,(all),,,1.0,exact
business_00485,Alfred Stern & Co,MATCH,(all),,,1.0,exact
business_00486,Alfred Stern GmbH,MATCH,(all),,,1.0,exact
business_00487,Alfred Sulke,MATCH,(all),,,1.0,exact
business_00488,Alfred Süßmann,MATCH,(all),,,1.0,exact
business_00489,Alfred Teutsch,MATCH,(all),,,1.0,exact
business_00490,Alfred Weinberg,MATCH,(all),,,1.0,exact
business_00491,Alfred Weinstok,MATCH,(all),,,1.0,exact
business_00492,Alfred Weiß,MATCH,(all),,,1.0,exact
business_00493,Alfred Wolfsohn,MATCH,(all),,,1.0,exact
business_00494,Alfred Zentler AG,FIELD_DIFF,original_address,"Friedrichstr. 38/40, Berlin","Neue Friedrichstr. 38/40, Berlin",0.65,address_differs
business_00495,Alfred Zielenziger,MATCH,(all),,,1.0,exact
business_00496,Ali-Bar Betriebsgesellschaft mbH,MATCH,(all),,,1.0,exact
business_00497,"Alice Glaser, in Firma Chemnitzer Strumpf",MATCH,(all),,,1.0,exact
business_00498,Alice Jolles,MATCH,(all),,,1.0,exact
business_00499,Alice Kappler,MATCH,(all),,,1.0,exact
business_00500,Alice Lewin,MATCH,(all),,,1.0,exact
business_00501,Allgemeine Gesellschaft für Bauausführungen mbH,MATCH,(all),,,1.0,exact
business_00502,Allgemeine Grund- und Bau-GmbH,FIELD_DIFF,original_address,"Friedrichstr. 103, Berlin","Friedrichstr. 103 III, Berlin",0.65,address_differs
business_00503,Allgemeine Häuserbau-Actien-Gesellschaft von 1872 Adolf Sommerfeld,MATCH,(all),,,1.0,exact
business_00504,Allgemeine Immobilien-GmbH,MATCH,(all),,,1.0,exact
business_00505,Allgemeine Rauchwaren Handelsgesellschaft mbH H. Wolff Junior,MATCH,(all),,,1.0,exact
business_00506,Allgemeine Staubvergasungs-GmbH,MATCH,(all),,,1.0,exact
business_00507,"Allgemeine Staubvergasungs-GmbH, Geschäftsf. Frl. Lichtenberg",MATCH,(all),,,1.0,exact
business_00508,Allgemeine Treuhand-Stelle für die jüdische Auswanderung GmbH,MATCH,(all),,,1.0,exact
business_00509,Alligator Lederwaren KG Adolf Schmidt & Co,MATCH,(all),,,1.0,exact
business_00510,Alma Hirschfeld,MATCH,(all),,,1.0,exact
business_00511,Alice Matzdorff,MATCH,(all),,,1.0,exact
business_00512,Alice Oelsner,MATCH,(all),,,1.0,exact
business_00513,Alice Weißblum,MATCH,(all),,,1.0,exact
business_00514,Alima Luxusschuhe Chaskiel Szydlowski,MATCH,(all),,,1.0,exact
business_00515,"Alkan, Heumann & Co GmbH",MATCH,(all),,,1.0,exact
business_00516,Alkazar Tanzpalast GmbH,MATCH,(all),,,1.0,exact
business_00517,Allegro Theaterverlag GmbH,MATCH,(all),,,1.0,exact
business_00518,Allerhand & Katz,MATCH,(all),,,1.0,exact
business_00519,Alles für die Dame Wanda Spiegel,MATCH,(all),,,1.0,exact
business_00520,Allgemeine Börsenzeitung Mylius Löwenstern,MATCH,(all),,,1.0,exact
business_00521,Alma Loewenstein,MATCH,(all),,,1.0,exact
business_00522,"Alma Polajewer, in Firma Wäsche-Verleih ""Propre""""""",MATCH,(all),,,1.0,exact
business_00523,Almana Kleider Alfred Manasse,MATCH,(all),,,1.0,exact
business_00524,Almerfa-Geschäftsbücherfabrik Alfred Meyer Nachfolger,MATCH,(all),,,1.0,exact
business_00525,"Almus, Alfred",MATCH,(all),,,1.0,exact
business_00526,Alois Adler,MATCH,(all),,,1.0,exact
business_00527,Alpex-Gesellschaft Fabrik kosmetischer Präparate Katz u. Berent,FIELD_DIFF,original_address,"Gerichtstr. 27, Berlin","Gerichtstr. 27, Berlin Elisabethstr. 36, Berlin",0.65,address_differs
business_00528,Alphons Bernstein,MATCH,(all),,,1.0,exact
business_00529,Alpo-Leder-Company GmbH,MATCH,(all),,,1.0,exact
business_00530,Alt-Berlin Grundstücksverwertungsgesellschaft mbH,MATCH,(all),,,1.0,exact
business_00531,Amandus Graetz,MATCH,(all),,,1.0,exact
business_00532,"Ambasch, Leon",MATCH,(all),,,1.0,exact
business_00533,Ambi Eigene Versicherungs GmbH,FIELD_DIFF,original_address,"Berliner-Damm , Berlin","Groß-Berliner-Damm , Berlin",0.65,address_differs
business_00534,Ambi Maschinenbau AG,FIELD_DIFF,original_address,"Tor 3, Berlin","Sturmvogelstr. Tor 3, Berlin",0.65,address_differs
business_00535,Ambi Verwaltung AG,MATCH,(all),,,1.0,exact
business_00536,Ambi Waggon- und Apparatebau AG,MATCH,(all),,,1.0,exact
business_00537,Ambros Wäscherei,MATCH,(all),,,1.0,exact
business_00538,Amelie Gorny,MATCH,(all),,,1.0,exact
business_00539,Amerikanische Corset-Mode Valfer & Co,MATCH,(all),,,1.0,exact
business_00540,Anacker & Falk,MATCH,(all),,,1.0,exact
business_00541,Altaba Hut-Gesellschaft mbH,MATCH,(all),,,1.0,exact
business_00542,Altenheim Friedrichshagen GmbH,MATCH,(all),,,1.0,exact
business_00543,Alter Abramowitz,MATCH,(all),,,1.0,exact
business_00544,Altkunst GmbH,MATCH,(all),,,1.0,exact
business_00545,Altmann & Gerson,MATCH,(all),,,1.0,exact
business_00546,Altschul & Sinzheimer,MATCH,(all),,,1.0,exact
business_00547,Altstädtische Apotheke Inh. Apotheker Berthold Kremm,MATCH,(all),,,1.0,exact
business_00548,Alwin Ilius,MATCH,(all),,,1.0,exact
business_00549,Amalie Fiedler,MATCH,(all),,,1.0,exact
business_00550,Amalien-Apotheke und Drogenhandlung Hugo Lehnsen,MATCH,(all),,,1.0,exact
business_00551,Andreas-Club Gebrüder Marcus,MATCH,(all),,,1.0,exact
business_00552,Andreas-Club Hans Marcus,MATCH,(all),,,1.0,exact
business_00553,Andreas-Drogerie,MATCH,(all),,,1.0,exact
business_00554,Anghouli & Sohn,MATCH,(all),,,1.0,exact
business_00555,Anghuli,MATCH,(all),,,1.0,exact
business_00556,Anikst & Co Warenvertriebsgesellschaft mbH,MATCH,(all),,,1.0,exact
business_00557,Anko Gamaschen GmbH,MATCH,(all),,,1.0,exact
business_00558,Anna Baran,MATCH,(all),,,1.0,exact
business_00559,Anna Bornstein,MATCH,(all),,,1.0,exact
business_00560,Anna Hahn,MATCH,(all),,,1.0,exact
business_00561,Anna Haller,MATCH,(all),,,1.0,exact
business_00562,Anna Heppner,MATCH,(all),,,1.0,exact
business_00563,Anna Hornik,MATCH,(all),,,1.0,exact
business_00564,Anna Jaffé,MATCH,(all),,,1.0,exact
business_00565,Anna Koritzer,MATCH,(all),,,1.0,exact
business_00566,Anna Michalewsky,MATCH,(all),,,1.0,exact
business_00567,Anna Planitz,MATCH,(all),,,1.0,exact
business_00568,Anna Streit,MATCH,(all),,,1.0,exact
business_00569,Anna Wagner Neuheitenvertrieb,MATCH,(all),,,1.0,exact
business_00570,Anni Wolff,MATCH,(all),,,1.0,exact
business_00571,Annie Rawitzer,MATCH,(all),,,1.0,exact
business_00572,"Annoncen-Expedition Jacques Albachary, GmbH",MATCH,(all),,,1.0,exact
business_00573,Annoncen-GmbH,MATCH,(all),,,1.0,exact
business_00574,Anschel & Co GmbH,MATCH,(all),,,1.0,exact
business_00575,Anschel Kellsohn Leder und Lederwaren,MATCH,(all),,,1.0,exact
business_00576,Anselm Perlstein,MATCH,(all),,,1.0,exact
business_00577,Anso Apparatebau GmbH,MATCH,(all),,,1.0,exact
business_00578,Anspach & Sohn,MATCH,(all),,,1.0,exact
business_00579,Antike Wohnräume GmbH,MATCH,(all),,,1.0,exact
business_00580,Antiquariat Altmann GmbH,MATCH,(all),,,1.0,exact
business_00581,Antiquitäten GmbH,MATCH,(all),,,1.0,exact
business_00582,Antivenerin GmbH,MATCH,(all),,,1.0,exact
business_00583,Anton & Alfred Lehmann AG,MATCH,(all),,,1.0,exact
business_00584,Anton Bretzel,MATCH,(all),,,1.0,exact
business_00585,Anton Honcek,MATCH,(all),,,1.0,exact
business_00586,Anton Keller & Co,MATCH,(all),,,1.0,exact
business_00587,Anton Meenen,FIELD_DIFF,original_address,"Charlottenstr. 32, Berlin","Charlottenstr. 32a, Berlin",0.65,address_differs
business_00588,Anton Meyer,MATCH,(all),,,1.0,exact
business_00589,Anton Nathan,MATCH,(all),,,1.0,exact
business_00590,Anton Nathusius,MATCH,(all),,,1.0,exact
business_00591,Anton Schlesinger,MATCH,(all),,,1.0,exact
business_00592,Anton Stratmann Kaiser Barbarossa Apotheke,MATCH,(all),,,1.0,exact
business_00593,Anton Straßburger,MATCH,(all),,,1.0,exact
business_00594,Anton Wulf,MATCH,(all),,,1.0,exact
business_00595,Apisdorf u. Co Tabak und Zigarettenfabrik GmbH,MATCH,(all),,,1.0,exact
business_00596,Apollo Wäsche-Verleih-Anstalt Dampfwäscherei Julius Moser,MATCH,(all),,,1.0,exact
business_00597,Apotecker & Günzburger,MATCH,(all),,,1.0,exact
business_00598,Apotheke Dahlem-Dorf Martin Manheim,MATCH,(all),,,1.0,exact
business_00599,Apotheke am Arminiusplatz Theodor Behusch,MATCH,(all),,,1.0,exact
business_00600,Apotheke am Hermannplatz Bruno Wolfsohn,MATCH,(all),,,1.0,exact
business_00601,Apotheke am Zoo Georg Kromolowski,MATCH,(all),,,1.0,exact
business_00602,Apotheke u. Drogenhandlung zum gekrönten schwarzen Adler Hugo Loebinger,MATCH,(all),,,1.0,exact
business_00603,Apotheke z. König Salomo Nathan Bermann Homöopathische Central Apotheke,MATCH,(all),,,1.0,exact
business_00604,Apotheke zum Eisernen Kreuz und Drogenhandlung Julius Friedländer,MATCH,(all),,,1.0,exact
business_00605,Apotheke zum goldenen Anker Ludwig Suckerow,MATCH,(all),,,1.0,exact
business_00606,Apotheke zum goldenen Hirsch Dr. Siegbert Meyer,MATCH,(all),,,1.0,exact
business_00607,Apotheker Alex Ettinger Roland Drogerie,MATCH,(all),,,1.0,exact
business_00608,Apotheker Egon Lustig,MATCH,(all),,,1.0,exact
business_00609,Apotheker Franz Koenigsberger GmbH,MATCH,(all),,,1.0,exact
business_00610,Apotheker Max Chaskel Diana-Drogerie,FIELD_DIFF,original_address,"Levetzowstr. 11, Berlin","Levetzowstr. 11a, Berlin",0.65,address_differs
business_00611,Apotheker Rosenberg,MATCH,(all),,,1.0,exact
business_00612,Apparate-Bau- und Vertriebsgesellschaft System Reisz GmbH,MATCH,(all),,,1.0,exact
business_00613,Apt Eisenhandel GmbH,MATCH,(all),,,1.0,exact
business_00614,Aquatite AG,MATCH,(all),,,1.0,exact
business_00615,Arbeiterhemden-Vertriebs-GmbH,MATCH,(all),,,1.0,exact
business_00616,Arcadia Verlag GmbH,MATCH,(all),,,1.0,exact
business_00617,Arcopharm Vertriebsgesellschaft pharmazeutischer Präparate mbH,MATCH,(all),,,1.0,exact
business_00618,Arena-Schuh- und Gamaschenfabrik Kurt Wolfsohn,MATCH,(all),,,1.0,exact
business_00619,Argus GmbH,MATCH,(all),,,1.0,exact
business_00620,Aristola Walter Losch Radio- und Sprechmaschinen Großhandlung,MATCH,(all),,,1.0,exact
business_00621,Arkady Chentow,MATCH,(all),,,1.0,exact
business_00622,Armand Wolfsohn,FIELD_DIFF,original_address,"Friedrichstr. 49, Berlin","Neue Friedrichstr. 49, Berlin",0.65,address_differs
business_00623,Armin Katz,MATCH,(all),,,1.0,exact
business_00624,Arndt & Medina Vertrieb patentierter Neuheiten,MATCH,(all),,,1.0,exact
business_00625,Arnhold'sche Vermögensverwaltung GmbH,MATCH,(all),,,1.0,exact
business_00626,Arno Kikoler,MATCH,(all),,,1.0,exact
business_00627,Arno Raßner,MATCH,(all),,,1.0,exact
business_00628,Arno Siegfeld,MATCH,(all),,,1.0,exact
business_00629,Arnold A. May,MATCH,(all),,,1.0,exact
business_00630,Arnold Ascher,MATCH,(all),,,1.0,exact
business_00631,Arnold Bachrach,MATCH,(all),,,1.0,exact
business_00632,Arnold Becker,FIELD_DIFF,original_address,"Burgstr. 25, Berlin","Burgstr. 25 (Börse), Berlin",0.65,address_differs
business_00633,Arnold Dreifuß,MATCH,(all),,,1.0,exact
business_00634,Arnold Fischer,MATCH,(all),,,1.0,exact
business_00635,"Arnold Fleischer, Damen-Mäntel",MATCH,(all),,,1.0,exact
business_00636,Arnold Friedler,MATCH,(all),,,1.0,exact
business_00637,Arnold Frischmann,MATCH,(all),,,1.0,exact
business_00638,Arnold Goldmann,MATCH,(all),,,1.0,exact
business_00639,Arnold Gutkind,MATCH,(all),,,1.0,exact
business_00640,Arnold Heller,MATCH,(all),,,1.0,exact
business_00641,Arnold Lichtenstein,MATCH,(all),,,1.0,exact
business_00642,Arnold Lippmann Inh. David Lippmann,MATCH,(all),,,1.0,exact
business_00643,Arnold Mamlock,MATCH,(all),,,1.0,exact
business_00644,Arnold Moses,MATCH,(all),,,1.0,exact
business_00645,Arnold Müller,MATCH,(all),,,1.0,exact
business_00646,Arnold Müller & Co GmbH,MATCH,(all),,,1.0,exact
business_00647,Arnold Naftaniel,MATCH,(all),,,1.0,exact
business_00648,Arnold Obersky AG,FIELD_DIFF,original_address,"Jakobstr. 77, Berlin","Alte Jakobstr. 77c, Berlin",0.65,address_differs
business_00649,Arnold Obersky GmbH Mieder- und Wäschefabrik,FIELD_DIFF,original_address,"Jakobstr. 77, Berlin","Alte Jakobstr. 77, Berlin",0.65,address_differs
business_00650,Arnold Ritzewoller,MATCH,(all),,,1.0,exact
business_00651,Arnold Schächter,MATCH,(all),,,1.0,exact
business_00652,Arnold Türk,FIELD_DIFF,original_address,"Külzerstr. 1, Berlin","Külzerstr. 1a, Berlin",0.65,address_differs
business_00653,Arnold Wangenheim,MATCH,(all),,,1.0,exact
business_00654,Aron & Co GmbH,MATCH,(all),,,1.0,exact
business_00655,Aron Bercovici,MATCH,(all),,,1.0,exact
business_00656,Aron Elektrizitäts-GmbH,MATCH,(all),,,1.0,exact_ambiguous_2
business_00657,Aron Elektrizitäts-GmbH,FIELD_DIFF,startDate,1917,1933,0.6,founding year mismatch
business_00658,Aron Glaser,MATCH,(all),,,1.0,exact
business_00659,Aron Hirsch & Sohn,MATCH,(all),,,1.0,exact
business_00660,Aron Hirschfeld,MATCH,(all),,,1.0,exact
business_00661,Aron Hoffmann,MATCH,(all),,,1.0,exact
business_00662,Aron Katz Söhne,MATCH,(all),,,1.0,exact
business_00663,Aron Robak,MATCH,(all),,,1.0,exact
business_00664,Aron Roschanski,MATCH,(all),,,1.0,exact
business_00665,Aron Rosenberg,MATCH,(all),,,1.0,exact
business_00666,Aron Salomon,MATCH,(all),,,1.0,exact
business_00667,"Aron, George",MATCH,(all),,,1.0,exact
business_00668,Aronheim & Horwitz,MATCH,(all),,,1.0,exact
business_00669,Aronwerke Elektrizitäts-AG,MATCH,(all),,,1.0,exact
business_00670,Arsa Textil- und Wirkwarengesellschaft mbH,FIELD_DIFF,original_address,"Königstr. 12, Berlin","Neue Königstr. 12, Berlin",0.65,address_differs
business_00671,Arthur Abraham,FIELD_DIFF,original_address,"Friedrichstr. 22, Berlin","Neue Friedrichstr. 22a, Berlin",0.65,address_differs
business_00672,Arthur Abrahamsohn,FIELD_DIFF,original_address,"Friedrichstr. 53/56, Berlin","Neue Friedrichstr. 53/56, Berlin",0.65,address_differs
business_00673,Arthur Ascher,MATCH,(all),,,1.0,exact
business_00674,Arthur Auerhann,MATCH,(all),,,1.0,exact
business_00675,Arthur Behrendt Nachf. GmbH,MATCH,(all),,,1.0,exact
business_00676,Arthur Bohne,MATCH,(all),,,1.0,exact
business_00677,Arthur Bry,MATCH,(all),,,1.0,exact
business_00678,Arthur Buchholz,MATCH,(all),,,1.0,exact
business_00679,Arthur Cassirer Großbuchhandlung und Kleinkunsterzeugnisse,MATCH,(all),,,1.0,exact
business_00680,Arthur Citron,MATCH,(all),,,1.0,exact
business_00681,Arthur Hirschberg,FIELD_DIFF,original_address,"( Trade ) Eingetragen im Handelsregister/ Gründung 1934 Erloschen 1939 Ostbahnhof , Berlin","Ostbahnhof , Berlin",0.65,address_differs
business_00682,Arthur Hirschfeld & Co,MATCH,(all),,,1.0,exact
business_00683,Arthur Jachmann,MATCH,(all),,,1.0,exact
business_00684,Arthur Jacobi,FIELD_DIFF,original_address,"Saarlandstr. 65, Berlin","Königgrätzer Str. (Saarlandstr.) 65, Berlin",0.65,address_differs
business_00685,Arthur Jacoby GmbH,MATCH,(all),,,1.0,exact
business_00686,Arthur Karger,MATCH,(all),,,1.0,exact
business_00687,Arthur Katzenellenbogen & Co GmbH,MATCH,(all),,,1.0,exact
business_00688,Arthur Kiewe,MATCH,(all),,,1.0,exact
business_00689,Arthur Klein,MATCH,(all),,,1.0,exact
business_00690,"Arthur Knopf, Blusenknopf",MATCH,(all),,,1.0,exact
business_00691,"Arthur Geibel, Diplom-Kaufmann",MATCH,(all),,,1.0,exact
business_00692,Arthur Geisler,MATCH,(all),,,1.0,exact
business_00693,Arthur Goetz & Otto Müller GmbH,MATCH,(all),,,1.0,exact
business_00694,Arthur Goetz GmbH,MATCH,(all),,,1.0,exact
business_00695,Arthur Goldberg Edelmetalle,FIELD_DIFF,original_address,"Elisabethufer 43, Berlin","Elisabethufer 43a, Berlin",0.65,address_differs
business_00696,Arthur Grimisch (Arthur Grzymisch),MATCH,(all),,,1.0,exact
business_00697,Arthur Hanff,MATCH,(all),,,1.0,exact
business_00698,Arthur Hannes,MATCH,(all),,,1.0,exact
business_00699,Arthur Heymann,MATCH,(all),,,1.0,exact
business_00700,Arthur Hirsch,MATCH,(all),,,1.0,exact
business_00701,Arthur Dahlheim Gemälde Salons vereinigter Künstler,MATCH,(all),,,1.0,exact
business_00702,Arthur Ernsthal,MATCH,(all),,,1.0,exact
business_00703,Arthur Fabian,MATCH,(all),,,1.0,exact
business_00704,Arthur Fabian & Co,MATCH,(all),,,1.0,exact
business_00705,Arthur Fabian & Co KG in Liquidation,MATCH,(all),,,1.0,exact
business_00706,Arthur Fabisch Fabrikation feiner Seifen und Parfümerien GmbH,MATCH,(all),,,1.0,exact
business_00707,Arthur Fischer,MATCH,(all),,,1.0,exact
business_00708,Arthur Friedmann,FIELD_DIFF,original_address,"Friedrichstr. 59, Berlin","Neue Friedrichstr. 59, Berlin",0.65,address_differs
business_00709,Arthur Fuß,MATCH,(all),,,1.0,exact
business_00710,Arthur Gadiel,MATCH,(all),,,1.0,exact
business_00711,Arthur Mannheim,MATCH,(all),,,1.0,exact
business_00712,Arthur Marcus,MATCH,(all),,,1.0,exact
business_00713,Arthur Marcuse,MATCH,(all),,,1.0,exact
business_00714,Arthur Maschler,MATCH,(all),,,1.0,exact
business_00715,Arthur Meißner,MATCH,(all),,,1.0,exact
business_00716,Arthur Meyer,MATCH,(all),,,1.0,exact
business_00717,Arthur Moral,MATCH,(all),,,1.0,exact
business_00718,Arthur Moses,MATCH,(all),,,1.0,exact
business_00719,"Arthur Myrants, Ingenieur",MATCH,(all),,,1.0,exact
business_00720,Arthur Oelsner,MATCH,(all),,,1.0,exact
business_00721,Arthur Peck,MATCH,(all),,,1.0,exact
business_00722,Arthur Rainowitz,FIELD_DIFF,original_address,"( Trade ) Eingetragen im Handelsregister/ Gründung 1922 Erloschen 1938 Nonnendammallee 93a, Berlin","Nonnendammallee 93a, Berlin",0.65,address_differs
business_00723,Arthur Rautenberg & Co,MATCH,(all),,,1.0,exact
business_00724,Arthur Rehn & Co,MATCH,(all),,,1.0,exact
business_00725,Arthur Rotholz,MATCH,(all),,,1.0,exact
business_00726,Arthur Rund,FIELD_DIFF,original_address,"Grünstr. 31, Berlin","Neue Grünstr. 31, Berlin",0.65,address_differs
business_00727,Arthur Saalfeld Möbel-Fabrikation & Lager aus Werkstätten Berliner Tischlermeister,FIELD_DIFF,original_address,"Paul-Singer-Str. 77, Berlin","Paul-Singer-Str. (Grüner Weg - Brauner Weg) 77, Berlin",0.65,address_differs
business_00728,Arthur Salomon,MATCH,(all),,,1.0,exact
business_00729,"Arthur Salomon, Damenwäsche-Fabrikation",MATCH,(all),,,1.0,exact
business_00730,Arthur Salzmann,MATCH,(all),,,1.0,exact
business_00731,Arthur Kosterlitz,MATCH,(all),,,1.0,exact
business_00732,Arthur Lacher,MATCH,(all),,,1.0,exact
business_00733,Arthur Lehmann & Co,MATCH,(all),,,1.0,exact
business_00734,Arthur Leidert,MATCH,(all),,,1.0,exact
business_00735,Arthur Lewin,MATCH,(all),,,1.0,exact
business_00736,Arthur Leyser,FIELD_DIFF,original_address,"e Frankfurter Str. 55, Berlin","Große Frankfurter Str. 55, Berlin",0.65,address_differs
business_00737,Arthur Leyser Herren Confection,MATCH,(all),,,1.0,exact
business_00738,Arthur Lichtenstein,MATCH,(all),,,1.0,exact
business_00739,Arthur M. Rewald,MATCH,(all),,,1.0,exact
business_00740,Arthur Maass ( Arthur Maaß),MATCH,(all),,,1.0,exact
business_00741,Arthur Wasservogel GmbH,MATCH,(all),,,1.0,exact
business_00742,Arthur Weisselborn,MATCH,(all),,,1.0,exact
business_00743,Arthur Weißler,MATCH,(all),,,1.0,exact
business_00744,Arthur Wittekind,MATCH,(all),,,1.0,exact
business_00745,Arthur Wolff & Katz,MATCH,(all),,,1.0,exact
business_00746,Arthur Wollsteiner,MATCH,(all),,,1.0,exact
business_00747,Arthur Z. Levy,MATCH,(all),,,1.0,exact
business_00748,Arthur Zerkowski GmbH,MATCH,(all),,,1.0,exact
business_00749,Arthur Zirker,MATCH,(all),,,1.0,exact
business_00750,Artiphon-Record Herrmann Eisner GmbH,MATCH,(all),,,1.0,exact
business_00751,Artur Bander,MATCH,(all),,,1.0,exact
business_00752,Artur Blumenthal,FIELD_DIFF,original_address,"e Frankfurter Str. 53, Berlin","Große Frankfurter Str. 53, Berlin",0.65,address_differs
business_00753,Artur Caesar Behrendt,MATCH,(all),,,1.0,exact
business_00754,Artur Calmon,MATCH,(all),,,1.0,exact
business_00755,Artur Fraenkel & Co,MATCH,(all),,,1.0,exact
business_00756,Artur Friede,MATCH,(all),,,1.0,exact
business_00757,Artur Kreisberg,FIELD_DIFF,original_address,"Friedrichstr. 22, Berlin","Neue Friedrichstr. 22, Berlin",0.65,address_differs
business_00758,"Artur Okonski, Schuhgroßhandlung",FIELD_DIFF,original_address,"Friedrichstr. 65/66, Berlin","Neue Friedrichstr. 65/66, Berlin",0.65,address_differs
business_00759,Artur Rabow,MATCH,(all),,,1.0,exact
business_00760,Artur Schoenherz,MATCH,(all),,,1.0,exact
business_00761,Arthur Samulon,MATCH,(all),,,1.0,exact
business_00762,Arthur Samulon Grundstücks GmbH,MATCH,(all),,,1.0,exact
business_00763,Arthur Schindler,MATCH,(all),,,1.0,exact
business_00764,Arthur Scholem,MATCH,(all),,,1.0,exact
business_00765,Arthur Schuftan,MATCH,(all),,,1.0,exact
business_00766,Arthur Schwarzer,MATCH,(all),,,1.0,exact
business_00767,Arthur Seldis,MATCH,(all),,,1.0,exact
business_00768,Arthur Simonsohn,MATCH,(all),,,1.0,exact
business_00769,Arthur Sommerfeld,MATCH,(all),,,1.0,exact
business_00770,Arthur Tobinski,MATCH,(all),,,1.0,exact
business_00771,Ary Doctor,MATCH,(all),,,1.0,exact
business_00772,"Asch, Elsbeth geb. Schmoll",MATCH,(all),,,1.0,exact
business_00773,Ascher GmbH,MATCH,(all),,,1.0,exact
business_00774,Ascher Meisner,MATCH,(all),,,1.0,exact
business_00775,Aschheim & Poetsch,MATCH,(all),,,1.0,exact
business_00776,Asco Cigaretten und Tabakwarenvertrieb Sally Cohn,MATCH,(all),,,1.0,exact
business_00777,Askanische Apotheke Wilhelm Sachs,MATCH,(all),,,1.0,exact
business_00778,Ast & Rupprecht,MATCH,(all),,,1.0,exact
business_00779,Astoria Grundstücksgesellschaft mbH,MATCH,(all),,,1.0,exact
business_00780,Astria Herrenkleidung GmbH,FIELD_DIFF,original_address,"Hardenbergstr. 20, Berlin","Hardenbergstr. 20a/e, Berlin",0.65,address_differs
business_00781,Atlas-Verlag Dr. Alterthum & Co,MATCH,(all),,,1.0,exact
business_00782,Atlas-Verlag GmbH,MATCH,(all),,,1.0,exact
business_00783,"Atlasz, Arnold",MATCH,(all),,,1.0,exact
business_00784,Atomiseur Gesellschaft für rationelle Zahn- und Mundpflege mbH,MATCH,(all),,,1.0,exact
business_00785,Atrax GmbH,FIELD_DIFF,original_address,"Bellevuestr. 6, Berlin","Bellevuestr. 6a, Berlin",0.65,address_differs
business_00786,Audiowerk D. S. Loewe GmbH,MATCH,(all),,,1.0,exact
business_00787,Auerbach & Nachmann,MATCH,(all),,,1.0,exact
business_00788,Auerbach & Steinitz,MATCH,(all),,,1.0,exact
business_00789,"Auerbach, Marie",MATCH,(all),,,1.0,exact
business_00790,August Benjamin Blusenfabrikation,MATCH,(all),,,1.0,exact
business_00791,Astroline-GmbH,MATCH,(all),,,1.0,exact
business_00792,Atelier Arzt,MATCH,(all),,,1.0,exact
business_00793,Atelier Hano,MATCH,(all),,,1.0,exact
business_00794,Atelier Pein-Baruch Frau Emma Baruch,MATCH,(all),,,1.0,exact
business_00795,"Atelier Werbesim, Kurt Simonsohn",MATCH,(all),,,1.0,exact
business_00796,Atelier für Kunstgewerbe AKG,MATCH,(all),,,1.0,exact
business_00797,Atlanta-Medica GmbH,MATCH,(all),,,1.0,exact
business_00798,Atlantic-Lichtspiele Leopold Guttmann,MATCH,(all),,,1.0,exact
business_00799,Atlantis-Film GmbH,MATCH,(all),,,1.0,exact
business_00800,Atlas GmbH,MATCH,(all),,,1.0,exact
business_00801,Autodienst Ehrenhaus,MATCH,(all),,,1.0,exact
business_00802,Autogen Gasaccumulator AG,MATCH,(all),,,1.0,exact
business_00803,Autogena Schweißindustrielle GmbH,MATCH,(all),,,1.0,exact
business_00804,Autohaus Bismarckstraße Muck & Pohle,MATCH,(all),,,1.0,exact
business_00805,Automaten-Restaurant Alexanderplatz Benno Einfeld,MATCH,(all),,,1.0,exact
business_00806,Automaten-Restaurant West GmbH,MATCH,(all),,,1.0,exact
business_00807,Autopol Chem. Fabrikation T. Fleischer & Co,MATCH,(all),,,1.0,exact
business_00808,Autoreifen Magazin,MATCH,(all),,,1.0,exact
business_00809,"Awia Steppdecken-Fabrikation, GmbH",MATCH,(all),,,1.0,exact
business_00810,B. & E. Sachs,MATCH,(all),,,1.0,exact
business_00811,Auguste Hennig,MATCH,(all),,,1.0,exact
business_00812,"Auguste Viktoria Apotheke, Rehwald & Weiß",MATCH,(all),,,1.0,exact
business_00813,Auguste Zyka,MATCH,(all),,,1.0,exact
business_00814,Auktionshaus am Reichskanzlerplatz GmbH,MATCH,(all),,,1.0,exact
business_00815,"Ausschnitt, Textilien",MATCH,(all),,,1.0,exact
business_00816,Austrocknungsgesellschaft Erfolg mbH,MATCH,(all),,,1.0,exact
business_00817,Auto-Haus Chausseestraße 31 GmbH,MATCH,(all),,,1.0,exact
business_00818,Auto-Karfunkel,MATCH,(all),,,1.0,exact
business_00819,Auto-Product GmbH,MATCH,(all),,,1.0,exact
business_00820,Autobereifung Rudolf Herzlinger,MATCH,(all),,,1.0,exact
business_00821,August Brünell,MATCH,(all),,,1.0,exact
business_00822,August Burg,MATCH,(all),,,1.0,exact
business_00823,"August Franz, vormals Leo Raphael",MATCH,(all),,,1.0,exact
business_00824,August Knoche-Wallwitz GmbH,FIELD_DIFF,original_address,"Landgrafenstr. 18, Berlin","Landgrafenstr. 18a, Berlin",0.65,address_differs
business_00825,August Kuhnen,FIELD_DIFF,original_address,"5, Berlin","Lennéstr. 5, Berlin",0.65,address_differs
business_00826,August Lucas,MATCH,(all),,,1.0,exact
business_00827,August Rosenfeld,MATCH,(all),,,1.0,exact
business_00828,August Schlothauer Nachfg. GmbH,FIELD_DIFF,original_address,"( Trade ) Eingetragen im Handelsregister/ Gründung 1935 Besitzübernahme 1938 Urbanhafen , Berlin","Urbanhafen , Berlin",0.65,address_differs
business_00829,Augusta Hausverwaltungs- und Grunderwerbs-AG,MATCH,(all),,,1.0,exact
business_00830,Auguste Braß,MATCH,(all),,,1.0,exact
business_00831,B. & J. Barkowsky,MATCH,(all),,,1.0,exact
business_00832,B. & J. Moses,MATCH,(all),,,1.0,exact
business_00833,B. & L. Weinstein,MATCH,(all),,,1.0,exact
business_00834,B. Ambach jr.,FIELD_DIFF,original_address,"( Trade ) Eingetragen im Handelsregister/ Gründung 1937 Erloschen 1940 Keine Angabe , Berlin","Keine Angabe , Berlin",0.65,address_differs
business_00835,B. B. Berufs-Bekleidung Waldstein & Co,MATCH,(all),,,1.0,exact
business_00836,"B. Bud, Vertreter",MATCH,(all),,,1.0,exact
business_00837,B. Duschner & Co,MATCH,(all),,,1.0,exact
business_00838,B. E. G. Berliner Einheitspreis-GmbH,MATCH,(all),,,1.0,exact
business_00839,B. Emanuel & Co,MATCH,(all),,,1.0,exact
business_00840,B. Feder,MATCH,(all),,,1.0,exact
business_00841,B. Ferester & Co,MATCH,(all),,,1.0,exact
business_00842,B. Fink & Co,MATCH,(all),,,1.0,exact
business_00843,B. Goldberg,MATCH,(all),,,1.0,exact
business_00844,B. Hecht,MATCH,(all),,,1.0,exact
business_00845,B. Jonassohn,MATCH,(all),,,1.0,exact
business_00846,B. Lachotzki GmbH,MATCH,(all),,,1.0,exact
business_00847,B. Levin GmbH,MATCH,(all),,,1.0,exact
business_00848,B. Levy,MATCH,(all),,,1.0,exact
business_00849,B. Lewkowitz,MATCH,(all),,,1.0,exact
business_00850,B. Magidson & Co,MATCH,(all),,,1.0,exact
business_00851,B. Mendelsohn & Co,MATCH,(all),,,1.0,exact
business_00852,B. Roos & Co,FIELD_DIFF,original_address,"Schadowstr. 1, Berlin","Schadowstr. 1b, Berlin",0.65,address_differs
business_00853,B. Rosenberg & Co,MATCH,(all),,,1.0,exact
business_00854,"B. Schreiber, in Firma  Frauenstolz",MATCH,(all),,,1.0,exact
business_00855,B. Seiden & Co,FIELD_DIFF,original_address,"Saarlandstr. 56, Berlin","Königgrätzer Str. (Saarlandstr.) 56, Berlin",0.65,address_differs
business_00856,B. Sommerfeld,MATCH,(all),,,1.0,exact
business_00857,B. Sulmann & Co,MATCH,(all),,,1.0,exact
business_00858,B. Szycmann,MATCH,(all),,,1.0,exact
business_00859,B. Wiener Gesellschaft mbH,MATCH,(all),,,1.0,exact
business_00860,B. Wolff,MATCH,(all),,,1.0,exact
business_00861,B. Zacharek,MATCH,(all),,,1.0,exact
business_00862,B. Zander & Co,MATCH,(all),,,1.0,exact
business_00863,B.R.C. Helvetia e.V.,MATCH,(all),,,1.0,exact
business_00864,BETEHA Berliner Textil-Handelsgesellschaft Anton Lankes & Co,MATCH,(all),,,1.0,exact
business_00865,Bach & Mahlow,MATCH,(all),,,1.0,exact
business_00866,Bachborg-Reisen,MATCH,(all),,,1.0,exact
business_00867,Bacher & Leon,FIELD_DIFF,original_address,"Taubenstr. 23, Berlin","Taubenstr. 23a, Berlin",0.65,address_differs
business_00868,Bachmann & Loewenstein,MATCH,(all),,,1.0,exact
business_00869,Bachmann & Wolffheim,MATCH,(all),,,1.0,exact
business_00870,Bachsaal,MATCH,(all),,,1.0,exact
business_00871,"Badasch, Max",MATCH,(all),,,1.0,exact
business_00872,Baden Grundstücksgesellschaft mbH,MATCH,(all),,,1.0,exact
business_00873,Baer & Hanff,MATCH,(all),,,1.0,exact
business_00874,Baer & Salomon,MATCH,(all),,,1.0,exact
business_00875,Baer & Stein Metallwaren-Fabrik AG,MATCH,(all),,,1.0,exact
business_00876,Baermann & Schuster,MATCH,(all),,,1.0,exact
business_00877,"Baerwald, Vertreter d. Firma Singer",MATCH,(all),,,1.0,exact
business_00878,Bahn-Bau- und Maschinenbedarf-AG,MATCH,(all),,,1.0,exact
business_00879,Bahnpaketverkehr GmbH,MATCH,(all),,,1.0,exact
business_00880,Ballnath & Stensch,MATCH,(all),,,1.0,exact
business_00881,Barber & Schönberg,MATCH,(all),,,1.0,exact
business_00882,Barbetrieb Rane,MATCH,(all),,,1.0,exact
business_00883,Barconia Schaufensterplakate - Dekorationspapiere Erna Rosenberg,MATCH,(all),,,1.0,exact
business_00884,Bardinet AG,MATCH,(all),,,1.0,exact
business_00885,Barenblatt & Co,MATCH,(all),,,1.0,exact
business_00886,Barmat,MATCH,(all),,,1.0,exact
business_00887,Baron & Co,MATCH,(all),,,1.0,exact
business_00888,Bartels Apotheke Alfred Bartels Inhaber Richard Neitzke,MATCH,(all),,,1.0,exact
business_00889,Baruch & Co GmbH,FIELD_DIFF,original_address,"Stuttgarter Platz 1, Berlin","Stuttgarter Platz 1a, Berlin",0.65,address_differs
business_00890,Baruch & Meyer,MATCH,(all),,,1.0,exact
business_00891,Ballo & Schoepe,MATCH,(all),,,1.0,exact
business_00892,Bandelin & Wertheim Radium Licht OHG,MATCH,(all),,,1.0,exact
business_00893,Bandvertrieb GmbH,MATCH,(all),,,1.0,exact
business_00894,Bank für Montanindustrie AG,MATCH,(all),,,1.0,exact
business_00895,Bankcommandite Lowinsky & Co,MATCH,(all),,,1.0,exact
business_00896,Bankhaus Franz Wolf & Co KG,MATCH,(all),,,1.0,exact
business_00897,Bankier & Hecht,MATCH,(all),,,1.0,exact
business_00898,Bankkommandite Gebrüder Oppler,MATCH,(all),,,1.0,exact
business_00899,Bankkommandite H. Kahnheimer & Co,MATCH,(all),,,1.0,exact
business_00900,Bankkommanditgesellschaft Wilhelm Goldberg,MATCH,(all),,,1.0,exact
business_00901,Baruch Bibo,MATCH,(all),,,1.0,exact
business_00902,Baruch Herbst,MATCH,(all),,,1.0,exact
business_00903,Baruch Markus Reich,FIELD_DIFF,original_address,"burger Str. 10, Berlin","Straßburger Str. 10, Berlin",0.65,address_differs
business_00904,Baruch May,MATCH,(all),,,1.0,exact
business_00905,Baruch Nebenzahl,MATCH,(all),,,1.0,exact
business_00906,Basch & Co,MATCH,(all),,,1.0,exact
business_00907,Basel & Höfer,MATCH,(all),,,1.0,exact
business_00908,Basel & Höfer GmbH,MATCH,(all),,,1.0,exact
business_00909,Bassinger & Co,MATCH,(all),,,1.0,exact
business_00910,Bau- und Bodengesellschaft Wannsee mbH,MATCH,(all),,,1.0,exact
business_00911,Baugeschäft Berger & Co,MATCH,(all),,,1.0,exact
business_00912,Baugeschäft Salomon & Co GmbH,MATCH,(all),,,1.0,exact
business_00913,Baugesellschaft Zentrum GmbH,MATCH,(all),,,1.0,exact
business_00914,Bauhandel Baumaterialien-Großhandelsgesellschaft mbH,MATCH,(all),,,1.0,exact
business_00915,Baum & Lowinsky,MATCH,(all),,,1.0,exact
business_00916,"Baum, Minna",MATCH,(all),,,1.0,exact
business_00917,Baumann & Falkenthal,MATCH,(all),,,1.0,exact
business_00918,Baumel,MATCH,(all),,,1.0,exact
business_00919,Baustoffbetrieb des Westens,MATCH,(all),,,1.0,exact
business_00920,Bavaria-Apotheke Clara Schubring,MATCH,(all),,,1.0,exact
business_00921,"Befema, Berliner Feder-Matratzen-Fabrik Hermann Cohn",FIELD_DIFF,original_address,"Koppenstr. 31, Berlin","Koppenstr. 31, Berlin Krautstr. 3/4, Berlin",0.65,address_differs
business_00922,Beha Kurt Bernstein und Leo Hahn,MATCH,(all),,,1.0,exact
business_00923,"Behrend, Emil",MATCH,(all),,,1.0,exact
business_00924,"Behrend, Leopold",MATCH,(all),,,1.0,exact
business_00925,Behrendt & Bernstein,FIELD_DIFF,original_address,"Taubenstr. 23, Berlin","Taubenstr. 23 II, Berlin",0.65,address_differs
business_00926,Behrendt & Co,MATCH,(all),,,1.0,exact
business_00927,Behrendt & Co Immobilien und Vermietungen,MATCH,(all),,,1.0,exact
business_00928,Behrendt GmbH,MATCH,(all),,,1.0,exact
business_00929,Behrens & Baumann,MATCH,(all),,,1.0,exact
business_00930,Bekafa Berliner Knopffabrik GmbH,MATCH,(all),,,1.0,exact
business_00931,Bayer. Regenmäntel-Industrie Würzburg Rolf Schloß,MATCH,(all),,,1.0,exact
business_00932,Bayerisches Viertel Grundstücks-AG,MATCH,(all),,,1.0,exact
business_00933,Bayreuther Apotheke Fritz Steinitz,MATCH,(all),,,1.0,exact
business_00934,Be-Ha-We Berliner Herrenwäsche Fabrikationsgesellschaft mbH,MATCH,(all),,,1.0,exact
business_00935,Becher & Berlowitz,MATCH,(all),,,1.0,exact
business_00936,Bechhold & Co KG,MATCH,(all),,,1.0,exact
business_00937,"Becker, Damenmoden",MATCH,(all),,,1.0,exact
business_00938,Beckert & Lefson Graphische Anstalt GmbH,MATCH,(all),,,1.0,exact
business_00939,Bedarfsartikel-Gesellschaft Bacharach & Co,MATCH,(all),,,1.0,exact
business_00940,Beerenblum Abraham,MATCH,(all),,,1.0,exact
business_00941,Bekleidung für Stadt und Land GmbH,MATCH,(all),,,1.0,exact
business_00942,Bekleidung für Werktätige Be Ha We Wilhelm Scholem,MATCH,(all),,,1.0,exact
business_00943,Bekleidungshaus B. Baer Sohn & Co GmbH,MATCH,(all),,,1.0,exact
business_00944,Bekleidungshaus GmbH,FIELD_DIFF,original_address,"Kurstr. 11/12, Berlin","Kleine Kurstr. 11/12, Berlin",0.65,address_differs
business_00945,Bekleidungsvertrieb Peca Pitzela & Cash,MATCH,(all),,,1.0,exact
business_00946,Bekleidungswerke AG vorm. Thalheimer und J. & S. Marx Zweigniederlassung Berlin,FIELD_DIFF,original_address,"Königstr. 61/64, Berlin","Neue Königstr. 61/64, Berlin",0.65,address_differs
business_00947,"Bekufa Berliner Kunstspeisefett- und Schmalz-Fabrikation, GmbH",MATCH,(all),,,1.0,exact
business_00948,Beleuchtungsgegenstände und Metallwarenfabrikation Rosenstock & Säbel,MATCH,(all),,,1.0,exact
business_00949,Beleuchtungshaus des Westens Wilhelm Philippi,MATCH,(all),,,1.0,exact
business_00950,Bella Link,MATCH,(all),,,1.0,exact
business_00951,Bella Schornstein-Samuel,MATCH,(all),,,1.0,exact
business_00952,Belle Alliance Apotheke zum weißen Hirsch Dr. Paul Weinreich Nachf.,MATCH,(all),,,1.0,exact
business_00953,Bellerstein & Wahren GmbH,MATCH,(all),,,1.0,exact
business_00954,Bellevue-Apotheke Dr. Georg Herzberg,MATCH,(all),,,1.0,exact
business_00955,Bellevue-Drogerie,MATCH,(all),,,1.0,exact
business_00956,Belmona Uhrenfabrik GmbH,FIELD_DIFF,original_address,"Charlottenstr. 27, Berlin","Leipziger Str. 97, Berlin Charlottenstr. 27, Berlin",0.65,address_differs
business_00957,Ben Fett Filmproduktion und Vertrieb Inh. Benzion Fett,MATCH,(all),,,1.0,exact
business_00958,Benas Levy,MATCH,(all),,,1.0,exact
business_00959,"Benda, Heinrich",MATCH,(all),,,1.0,exact
business_00960,Bender-Immobilien Bruno Bender,MATCH,(all),,,1.0,exact
business_00961,"Bendit, Paula, geb. Schwersenz",MATCH,(all),,,1.0,exact
business_00962,Bendix & Comp,MATCH,(all),,,1.0,exact
business_00963,Benedict Schwarzer,MATCH,(all),,,1.0,exact
business_00964,Benita Strauß,MATCH,(all),,,1.0,exact
business_00965,Benjamin Aron,MATCH,(all),,,1.0,exact
business_00966,Benjamin Ehrlich,MATCH,(all),,,1.0,exact
business_00967,Benjamin Goldberg,MATCH,(all),,,1.0,exact
business_00968,Benjamin Harz,FIELD_DIFF,original_address,"Platz 5, Berlin","Eyke-von-Repkow-Platz 5, Berlin",0.65,address_differs
business_00969,Benjamin Kristeller,MATCH,(all),,,1.0,exact
business_00970,Benjamin Reicher,MATCH,(all),,,1.0,exact
business_00971,Benjamin Wagner,MATCH,(all),,,1.0,exact
business_00972,Benno Balah,MATCH,(all),,,1.0,exact
business_00973,Benno Belgard,MATCH,(all),,,1.0,exact
business_00974,Benno Citroen,MATCH,(all),,,1.0,exact
business_00975,Benno Eisenstädt,MATCH,(all),,,1.0,exact
business_00976,Benno Falk Damenkonfektion,MATCH,(all),,,1.0,exact
business_00977,Benno Fiegel AG,MATCH,(all),,,1.0,exact
business_00978,Benno Forchheimer,MATCH,(all),,,1.0,exact
business_00979,Benno Freifeld,MATCH,(all),,,1.0,exact
business_00980,Benno Gleitzmann,MATCH,(all),,,1.0,exact
business_00981,Benno Glogauer,MATCH,(all),,,1.0,exact
business_00982,Benno Grodszinsky,MATCH,(all),,,1.0,exact
business_00983,Benno Halpern,MATCH,(all),,,1.0,exact
business_00984,Benno Hammer,MATCH,(all),,,1.0,exact
business_00985,Benno Huldschinsky,MATCH,(all),,,1.0,exact
business_00986,Benno Kahn Fleisch- und Wurstwaren engros,MATCH,(all),,,1.0,exact
business_00987,Benno Lachmann,MATCH,(all),,,1.0,exact
business_00988,Benno Laskowicz,MATCH,(all),,,1.0,exact
business_00989,"Benno Leeser, Düsseldorf, Zweigniederlassung Berlin",MATCH,(all),,,1.0,exact
business_00990,Benno Lobatz,MATCH,(all),,,1.0,exact
business_00991,Benno Lobsenzer,FIELD_DIFF,original_address,"Friedrichstr. 1, Berlin","Neue Friedrichstr. 1, Berlin",0.65,address_differs
business_00992,Benno Ludmer,MATCH,(all),,,1.0,exact
business_00993,Benno Markiewitz,MATCH,(all),,,1.0,exact
business_00994,Benno Mendel,MATCH,(all),,,1.0,exact
business_00995,Benno Menschel,MATCH,(all),,,1.0,exact
business_00996,Benno Meyer Ledermöbel-Fabrik,MATCH,(all),,,1.0,exact
business_00997,Benno Nordon,MATCH,(all),,,1.0,exact
business_00998,Benno Putziger,MATCH,(all),,,1.0,exact
business_00999,Benno Salomon,MATCH,(all),,,1.0,exact
business_01000,Benno Samuel,MATCH,(all),,,1.0,exact
business_01001,Benno Schmal,MATCH,(all),,,1.0,exact
business_01002,Benno Seelig,MATCH,(all),,,1.0,exact
business_01003,Benno Silber & Co,MATCH,(all),,,1.0,exact
business_01004,Benno Silberberg,MATCH,(all),,,1.0,exact
business_01005,Benno Silberbusch,MATCH,(all),,,1.0,exact
business_01006,Benno Simoni,MATCH,(all),,,1.0,exact
business_01007,Benno Sonnenfeld,MATCH,(all),,,1.0,exact
business_01008,Benno Stahl & Sohn,MATCH,(all),,,1.0,exact
business_01009,Benno Stahl und Sohn GmbH,MATCH,(all),,,1.0,exact
business_01010,Benno Tropke,MATCH,(all),,,1.0,exact
business_01011,Benno Walter & Co,MATCH,(all),,,1.0,exact
business_01012,Benno Wohlgemuth,MATCH,(all),,,1.0,exact
business_01013,Benno Wolff,MATCH,(all),,,1.0,exact
business_01014,Benno Wormser,MATCH,(all),,,1.0,exact
business_01015,Bepa-Verlag Benski & Pakuscher,MATCH,(all),,,1.0,exact
business_01016,Berdach & Co,MATCH,(all),,,1.0,exact
business_01017,Berend & Co,MATCH,(all),,,1.0,exact
business_01018,"Berendt, Klara Sara",MATCH,(all),,,1.0,exact
business_01019,Berg & Co,MATCH,(all),,,1.0,exact
business_01020,Berg & Möller Jugendliche Konfektion,MATCH,(all),,,1.0,exact
business_01021,Berg am Zoo Helene u. Arthur Berg,MATCH,(all),,,1.0,exact
business_01022,Berg's Restaurant Helene und Arthur Berg,MATCH,(all),,,1.0,exact
business_01023,Berg-Apotheke Walter Schindler,MATCH,(all),,,1.0,exact
business_01024,Bergas & Held,FIELD_DIFF,original_address,"Jakobstr. 18, Berlin","Alte Jakobstr. 18, Berlin",0.65,address_differs
business_01025,Berger & Co,MATCH,(all),,,1.0,exact
business_01026,"Berger, Eduard",MATCH,(all),,,1.0,exact
business_01027,"Berger, Irma",MATCH,(all),,,1.0,exact
business_01028,"Berger, Leopold",MATCH,(all),,,1.0,exact
business_01029,"Berger, Walter",MATCH,(all),,,1.0,exact
business_01030,Bergmann Schuhe Elsbeth Bergmann,FIELD_DIFF,original_address,"e Frankfurter Str. 131, Berlin","Große Frankfurter Str. 131, Berlin",0.65,address_differs
business_01031,"Bergmann, Gustav",MATCH,(all),,,1.0,exact
business_01032,"Bergmann, Hermann Jakob",MATCH,(all),,,1.0,exact
business_01033,Bergthal & Wurmann,MATCH,(all),,,1.0,exact
business_01034,Berkowitz & Kühnen Textilrohstoffe GmbH,FIELD_DIFF,original_address,"Platz 1, Berlin","Viktoria-Luise-Platz 1, Berlin",0.65,address_differs
business_01035,"Berkowitz, Betty",MATCH,(all),,,1.0,exact
business_01036,"Berlak, Milli",MATCH,(all),,,1.0,exact
business_01037,Berlin-Erfurter Maschinenfabrik Henry Pels & Co AG,MATCH,(all),,,1.0,exact
business_01038,Berlin-Märkische Textilgesellschaft mbH,MATCH,(all),,,1.0,exact
business_01039,Berlin-Schöneberger Hausgrundstücks-Gesellschaft mbH,MATCH,(all),,,1.0,exact
business_01040,Berlin-Suhler Waffen- und Fahrzeugwerke Simson & Co,MATCH,(all),,,1.0,exact_ambiguous_2
business_01041,Berliner Electro-Mechanische Werkstatt Moritz Mottek,MATCH,(all),,,1.0,exact
business_01042,Berliner Electro-Plated Waren-Fabrik GmbH,MATCH,(all),,,1.0,exact
business_01043,Berliner Electro-Plated-Waren-Fabrik Siegmar Lewy,MATCH,(all),,,1.0,exact
business_01044,Berliner Export Company Dr. Herrmann & Co KG,MATCH,(all),,,1.0,exact
business_01045,Berliner Familienvermögen-Verwaltungs-GmbH,MATCH,(all),,,1.0,exact
business_01046,Berliner Finanzierungs- und Handelsgesellschaft mbH,MATCH,(all),,,1.0,exact
business_01047,Berliner Fleisch-Centrale Neumann & Jacobsohn,MATCH,(all),,,1.0,exact
business_01048,Berliner Fleischwaren-Fabrik GmbH,MATCH,(all),,,1.0,exact
business_01049,Berliner Furniermesserei GmbH,FIELD_DIFF,original_address,"Berliner Furniermesserei GmbH Berliner Furniermesserei Goossens, Wennholtz & Co KG (26.02.1937) Berliner Furniermesserei GmbH construction materials and fuel",", Oberschönau",0.65,address_differs
business_01050,Berliner Gebäudegesellschaft mbH,MATCH,(all),,,1.0,exact
business_01051,Berlin-Suhler Waffen- und Fahrzeugwerke Simson & Co,FIELD_DIFF,startDate,1934,1901,0.6,founding year mismatch
business_01051,Berlin-Suhler Waffen- und Fahrzeugwerke Simson & Co,FIELD_DIFF,endDate,1937,1934,0.6,closing/takeover year mismatch
business_01052,Berliner & Jubelski,MATCH,(all),,,1.0,exact
business_01053,Berliner Bank-Institut Joseph Goldschmidt & Co,MATCH,(all),,,1.0,exact
business_01054,"Berliner Bazar Fr. Steiler, Inhaber Leopold Stargardter",MATCH,(all),,,1.0,exact
business_01055,Berliner Bettenhaus Franz Schlesinger,MATCH,(all),,,1.0,exact
business_01056,Berliner Bodengesellschaft mbH,MATCH,(all),,,1.0,exact
business_01057,Berliner Börsen-Berichte Herausgeber Karfunkelstein & Surel,MATCH,(all),,,1.0,exact
business_01058,Berliner Ceresin-Fabrik Graab & Kranich GmbH,MATCH,(all),,,1.0,exact
business_01059,Berliner Corset-Fabrik Frank & Herz,FIELD_DIFF,original_address,"Paul-Singer-Str. 109, Berlin","Paul-Singer-Str. (Grüner Weg - Brauner Weg) 109, Berlin",0.65,address_differs
business_01060,Berliner Corset-Fabrik W. & G. Neumann,MATCH,(all),,,1.0,exact
business_01061,Berliner Gummimäntel-Fabrik GmbH,MATCH,(all),,,1.0,exact
business_01062,Berliner Handels-Gesellschaft,MATCH,(all),,,1.0,exact
business_01063,Berliner Hermannmühle Berthold Rotholz,MATCH,(all),,,1.0,exact
business_01064,Berliner Herren- und Knabenkleider-Fabrik GmbH vormals Max Davidsohn & Co - Willy Hammerschmidt & Co,MATCH,(all),,,1.0,exact
business_01065,Berliner Holz- und Metallwarenfabrikation GmbH,FIELD_DIFF,original_address,"Grünstr. 26, Berlin","Neue Grünstr. 26, Berlin",0.65,address_differs
business_01066,Berliner Holzbearbeitungs- und Lagereigesellschaft mbH,MATCH,(all),,,1.0,exact
business_01067,Berliner Hut- und Mützenvertrieb Israel & Co,MATCH,(all),,,1.0,exact
business_01068,Berliner Industriebank KGaA,MATCH,(all),,,1.0,exact
business_01069,Berliner Juwelen Verkaufsstelle Sally Loewenstein,MATCH,(all),,,1.0,exact
business_01070,Berliner Juwelen-Leih-Haus Jacob Israelski,MATCH,(all),,,1.0,exact
business_01071,Berliner Plan- u. Decken-Fabrik Siegfried Lewin,MATCH,(all),,,1.0,exact
business_01072,Berliner Plan- und Decken Vertrieb Lewin & Co,MATCH,(all),,,1.0,exact
business_01073,Berliner Produktenspeicher Werner Reiwald,MATCH,(all),,,1.0,exact
business_01074,Berliner Präzisions-Werkzeug- und Maschinenfabrik Fleck & Co,MATCH,(all),,,1.0,exact
business_01075,Berliner Rollfuhrunternehmen GmbH,MATCH,(all),,,1.0,exact
business_01076,Berliner Rollgesellschaft mbH,FIELD_DIFF,original_address,Berliner Rollgesellschaft mbH Berliner Rollgesellschaft mbH (13.05.1932) transportation,"Reichenberger Str. , Berlin",0.65,address_differs
business_01077,Berliner Schirm-Fabrik Eugen Lichtenstein,FIELD_DIFF,original_address,"Friedrichstr. 38/39, Berlin","Neue Friedrichstr. 38/39, Berlin",0.65,address_differs
business_01078,Berliner Schirm-Manufactur Lichtenstein & Co,FIELD_DIFF,original_address,"Friedrichstr. 38/40, Berlin","Neue Friedrichstr. 38/40, Berlin",0.65,address_differs
business_01079,Berliner Schlüsselverwahrungs-GmbH,MATCH,(all),,,1.0,exact
business_01080,Berliner Schneiderei Artikel Simon Lilienfeld,MATCH,(all),,,1.0,exact
business_01081,Berliner Makronenfabrik Abraham Marcus,MATCH,(all),,,1.0,exact
business_01082,Berliner Markisen- und Zelte-Fabrik Kajet & Haack,MATCH,(all),,,1.0,exact
business_01083,Berliner Mazzoth Fabrik Brüder Herzog,MATCH,(all),,,1.0,exact
business_01084,Berliner Metallbearbeitung GmbH,MATCH,(all),,,1.0,exact
business_01085,Berliner Metallwaren- und Blankschraubenfabrik GmbH,MATCH,(all),,,1.0,exact
business_01086,Berliner Metallwaren-Fabrik Bemefa GmbH,MATCH,(all),,,1.0,exact
business_01087,Berliner Nutzholz Handlung Erich Graetz,MATCH,(all),,,1.0,exact
business_01088,Berliner Papier-Versand Richard Löbl & Co,MATCH,(all),,,1.0,exact
business_01089,Berliner Papierwaren Vertrieb Alfred Baer & Co,MATCH,(all),,,1.0,exact
business_01090,Berliner Photo-Großhandlung Block & Co,MATCH,(all),,,1.0,exact
business_01091,Berliner Jüdische Zeitung GmbH,MATCH,(all),,,1.0,exact
business_01092,Berliner Kaufhaus Adolf Stein,MATCH,(all),,,1.0,exact
business_01093,Berliner Kaufhaus Iwan Hammerschlag & Wiersch,MATCH,(all),,,1.0,exact
business_01094,Berliner Knopfmanufaktur Tietz & Co GmbH,FIELD_DIFF,original_address,"Friedrichstr. 36, Berlin","Neue Friedrichstr. 36, Berlin",0.65,address_differs
business_01095,Berliner Krawattenfabrik Herz GmbH,FIELD_DIFF,original_address,"Friedrichstr. 65/66, Berlin","Neue Friedrichstr. 65/66, Berlin",0.65,address_differs
business_01096,Berliner Leder- und Sportbekleidungs-Fabrikation Adolf Margulis,FIELD_DIFF,original_address,"Schönhauserstr. 20, Berlin","Neue Schönhauserstr. 20, Berlin",0.65,address_differs
business_01097,Berliner Logenhaus Actien-Gesellschaft,FIELD_DIFF,original_address,"Kleistraße 10, Berlin","Kleiststr. 12, Berlin",0.65,address_differs
business_01098,Berliner Lombard Anstalt GmbH,FIELD_DIFF,original_address,"Kanonierstraße 11, Berlin","Kurfürstendamm 38, Berlin",0.65,address_differs
business_01099,Berliner Lombard-Anstalt AG,MATCH,(all),,,1.0,exact
business_01100,Berliner Luffawaren Fabrik Louis Rosenberg,MATCH,(all),,,1.0,exact
business_01101,Berliner Schuhvertrieb,MATCH,(all),,,1.0,exact
business_01102,Berliner Seidenbeleuchtung Alfred Hamburger,MATCH,(all),,,1.0,exact
business_01103,Berliner Seifen- und Sodawerke AG,MATCH,(all),,,1.0,exact
business_01104,Berliner Silberwarenfabrik Adolf Kander,MATCH,(all),,,1.0,exact
business_01105,Berliner Tageblatt Rudolf Mosse,MATCH,(all),,,1.0,exact
business_01106,"Berliner Tapisserie-Fabrik Sprinz, Happ & Co",MATCH,(all),,,1.0,exact
business_01107,Berliner Velvetfabrik M. Mengers & Söhne AG,MATCH,(all),,,1.0,exact
business_01108,Berliner Victoriamühle AG,MATCH,(all),,,1.0,exact
business_01109,Berliner Walkextrakt- und Fettfabrik GmbH,MATCH,(all),,,1.0,exact
business_01110,Berliner Watteline-Fabrik GmbH,MATCH,(all),,,1.0,exact
business_01111,Berlinische Verlagsanstalt GmbH,MATCH,(all),,,1.0,exact
business_01112,Berlt & Silberstein,MATCH,(all),,,1.0,exact
business_01113,Bernath Sportmoden Egon Bernath,MATCH,(all),,,1.0,exact
business_01114,Bernet & Fraenkel,MATCH,(all),,,1.0,exact
business_01115,Bernhard Ahrndsen GmbH,MATCH,(all),,,1.0,exact
business_01116,Bernhard Altmann,MATCH,(all),,,1.0,exact
business_01117,Bernhard Angreß & Co,MATCH,(all),,,1.0,exact
business_01118,Bernhard Arenstein,MATCH,(all),,,1.0,exact
business_01119,Bernhard B. Simon,MATCH,(all),,,1.0,exact
business_01120,Bernhard Baer,MATCH,(all),,,1.0,exact
business_01121,Berliner West Buchhandlung E. Kantorowicz,MATCH,(all),,,1.0,exact
business_01122,Berliner West-Drogerie Parfümerie am Zoo Apotheker Heinrich Growald,MATCH,(all),,,1.0,exact
business_01123,Berliner Wäschefabrik Liepmann & Rieß,MATCH,(all),,,1.0,exact
business_01124,Berliner Zinkschmelzerei Josef Ury,MATCH,(all),,,1.0,exact
business_01125,Berliner Zuckerwaren & Confitüren-Fabrik Sigmund Meyersohn,MATCH,(all),,,1.0,exact
business_01126,Berliner mech. Stickerei H. Themal Nachfl.,MATCH,(all),,,1.0,exact
business_01127,Berliner Öl- und Reifenvertrieb Josef Goldberg,MATCH,(all),,,1.0,exact
business_01128,Berlinische Boden-Gesellschaft,MATCH,(all),,,1.0,exact
business_01129,Berlinische Bodencredit-AG,MATCH,(all),,,1.0,exact
business_01130,Berlinische Immobilien-Kredit-Anstalt AG,MATCH,(all),,,1.0,exact
business_01131,Bernhard Federmann,MATCH,(all),,,1.0,exact
business_01132,Bernhard Feiler,FIELD_DIFF,original_address,"Friedrichstr. 37, Berlin","Neue Friedrichstr. 37, Berlin",0.65,address_differs
business_01133,Bernhard Fliegel,MATCH,(all),,,1.0,exact
business_01134,Bernhard Francke,MATCH,(all),,,1.0,exact
business_01135,Bernhard Friedler Tabakwarengroßhandlung,FIELD_DIFF,original_address,"Pestalozzistr. 9, Berlin","Pestalozzistr. 9a, Berlin",0.65,address_differs
business_01136,Bernhard Förster,MATCH,(all),,,1.0,exact
business_01137,Bernhard Grzymisch,MATCH,(all),,,1.0,exact
business_01138,Bernhard Hadra Apotheke z. weißen Schwan Fabrik chem. pharm. Praeparate Drogen und Chemikalien en gros,MATCH,(all),,,1.0,exact
business_01139,Bernhard Hirsch Herrenkleiderfabrik,MATCH,(all),,,1.0,exact
business_01140,Bernhard Hirschowitz,MATCH,(all),,,1.0,exact
business_01141,Bernhard Jacobsohn,MATCH,(all),,,1.0,exact
business_01142,Bernhard Jacobus,MATCH,(all),,,1.0,exact
business_01143,Bernhard Kaß GmbH,MATCH,(all),,,1.0,exact
business_01144,Bernhard Krieger,MATCH,(all),,,1.0,exact
business_01145,Bernhard Krisch,MATCH,(all),,,1.0,exact
business_01146,Bernhard Krämer,MATCH,(all),,,1.0,exact
business_01147,Bernhard Lazarus Söhne,MATCH,(all),,,1.0,exact
business_01148,Bernhard Leon,MATCH,(all),,,1.0,exact
business_01149,Bernhard Lewy,MATCH,(all),,,1.0,exact
business_01150,Bernhard Lewy Schneider Artikel,FIELD_DIFF,original_address,"Platz 17, Berlin","Belle-Alliance-Platz 17, Berlin",0.65,address_differs
business_01151,Bernhard Bendit,MATCH,(all),,,1.0,exact
business_01152,Bernhard Brauer,MATCH,(all),,,1.0,exact
business_01153,Bernhard Bremmler,MATCH,(all),,,1.0,exact
business_01154,Bernhard Bromberger,MATCH,(all),,,1.0,exact
business_01155,Bernhard Bukofzer,MATCH,(all),,,1.0,exact
business_01156,"Bernhard Bukofzer, Kleiderfabrikation GmbH",MATCH,(all),,,1.0,exact
business_01157,Bernhard Cohn,MATCH,(all),,,1.0,exact
business_01158,Bernhard Cohn & Comp,MATCH,(all),,,1.0,exact
business_01159,Bernhard Coper,FIELD_DIFF,original_address,"Replowplatz 8, Berlin","Fritz-von-Replowplatz 8, Berlin",0.65,address_differs
business_01160,Bernhard Crohn,MATCH,(all),,,1.0,exact
business_01161,Bernhard Loewenberg,MATCH,(all),,,1.0,exact
business_01162,Bernhard Loewenthal,MATCH,(all),,,1.0,exact
business_01163,Bernhard Löwinsohn,MATCH,(all),,,1.0,exact
business_01164,Bernhard Nafthal,MATCH,(all),,,1.0,exact
business_01165,Bernhard Rainer,MATCH,(all),,,1.0,exact
business_01166,"Bernhard Rosenbaum, Oekonom des Logenhauses",MATCH,(all),,,1.0,exact
business_01167,Bernhard Rosenstein,MATCH,(all),,,1.0,exact
business_01168,Bernhard Roth,MATCH,(all),,,1.0,exact
business_01169,Bernhard Roth Großschlächterei,MATCH,(all),,,1.0,exact
business_01170,Bernhard Roßbach,MATCH,(all),,,1.0,exact
business_01171,Bernhard Schaul,MATCH,(all),,,1.0,exact
business_01172,"Bernhard Schumann, Eisdiele",MATCH,(all),,,1.0,exact
business_01173,Bernhard Schwersenzer,MATCH,(all),,,1.0,exact
business_01174,Bernhard Tannenbaum,MATCH,(all),,,1.0,exact
business_01175,Bernhard Ungar,MATCH,(all),,,1.0,exact
business_01176,Bernhard Wolkowitz,MATCH,(all),,,1.0,exact
business_01177,Bernhard Wollenberg ZN Charlottenburg,MATCH,(all),,,1.0,exact
business_01178,Bernhard Wunderlich,MATCH,(all),,,1.0,exact
business_01179,Bernhard Wunderlich GmbH,MATCH,(all),,,1.0,exact
business_01180,Bernhard Wyan,MATCH,(all),,,1.0,exact
business_01181,Bernhardine Rosenberg,MATCH,(all),,,1.0,exact
business_01182,Bernhardt Lippmann,MATCH,(all),,,1.0,exact
business_01183,"Bernhardt, Hans",MATCH,(all),,,1.0,exact
business_01184,Bernstein & Baer,MATCH,(all),,,1.0,exact
business_01185,Bernstein & Co,MATCH,(all),,,1.0,exact
business_01186,Bernstein & Comp. Specialgeschäft für Nähmaschinen und Fahrräder,MATCH,(all),,,1.0,exact
business_01187,Bernstein & Krause,FIELD_DIFF,original_address,"Tempelhofer Ufer 1, Berlin","Tempelhofer Ufer 1b, Berlin",0.65,address_differs
business_01188,Bernstein & Mayer,MATCH,(all),,,1.0,exact
business_01189,Bernstein & Schoenberger GmbH,MATCH,(all),,,1.0,exact
business_01190,"Bernstein, Emma",MATCH,(all),,,1.0,exact
business_01191,"Bernstein, Mylius",MATCH,(all),,,1.0,exact
business_01192,Berolina Lederhandel GmbH,MATCH,(all),,,1.0,exact
business_01193,Berolinum Privat-Pflegeheilanstalt,MATCH,(all),,,1.0,exact
business_01194,"Beroma, Meyer's Backmassen, Fabrik GmbH",MATCH,(all),,,1.0,exact
business_01195,"Berqua Fabrikation von Puderquasten und einschlägiger Luxusartikel, GmbH",MATCH,(all),,,1.0,exact
business_01196,"Bersak, Paula",MATCH,(all),,,1.0,exact
business_01197,Berta Bernstein,MATCH,(all),,,1.0,exact
business_01198,Berta Wollsteiner,MATCH,(all),,,1.0,exact
business_01199,Berth. Fließer,MATCH,(all),,,1.0,exact
business_01200,Bertha Bromberger,MATCH,(all),,,1.0,exact
business_01201,Bertha Gessert,MATCH,(all),,,1.0,exact
business_01202,Bertha Herz,MATCH,(all),,,1.0,exact
business_01203,Bertha Joachimsthal Spezial-Fabrikation für Zahnpasta und kosmetische Artikel für den tägl. Bedarf,MATCH,(all),,,1.0,exact
business_01204,Bertha Kallmann,MATCH,(all),,,1.0,exact
business_01205,Berthold Apelbaum,MATCH,(all),,,1.0,exact
business_01206,Berthold Baumgarten,MATCH,(all),,,1.0,exact
business_01207,Berthold Blumenau Futterstoffe-Ausrüstung-GmbH,MATCH,(all),,,1.0,exact
business_01208,Berthold Blumenau Webwaren-Ausrüstung,MATCH,(all),,,1.0,exact
business_01209,Berthold Blumenhein,MATCH,(all),,,1.0,exact
business_01210,"Berthold Cohn, GmbH",MATCH,(all),,,1.0,exact
business_01211,Berthold Gumpel,MATCH,(all),,,1.0,exact
business_01212,Berthold Hammel,MATCH,(all),,,1.0,exact
business_01213,Berthold Hanff,MATCH,(all),,,1.0,exact
business_01214,Berthold Hirschfeldt,MATCH,(all),,,1.0,exact
business_01215,Berthold Jetter,MATCH,(all),,,1.0,exact
business_01216,Berthold Kuttner,MATCH,(all),,,1.0,exact
business_01217,Berthold Levy,MATCH,(all),,,1.0,exact
business_01218,Berthold Metz,MATCH,(all),,,1.0,exact
business_01219,Berthold Metzger,MATCH,(all),,,1.0,exact
business_01220,Berthold Neumann,MATCH,(all),,,1.0,exact
business_01221,Berthold Oppenheimer,FIELD_DIFF,original_address,"Oberwallstr. 24, Berlin","Oberwallstr. 24a, Berlin",0.65,address_differs
business_01222,Berthold Philippson,MATCH,(all),,,1.0,exact
business_01223,Berthold Pommer,MATCH,(all),,,1.0,exact
business_01224,Berthold Rosenberg & Co,MATCH,(all),,,1.0,exact
business_01225,Berthold Schweriner,MATCH,(all),,,1.0,exact
business_01226,Berthold Wreschner,FIELD_DIFF,original_address,"Jacobstr. 11/12, Berlin","Alte Jacobstr. 11/12, Berlin",0.65,address_differs
business_01227,Berthold Zinn,MATCH,(all),,,1.0,exact
business_01228,Berufswäschefabrikation Rekord Löwenthal & Co,MATCH,(all),,,1.0,exact
business_01229,Berventulo Bewetterungs-GmbH,MATCH,(all),,,1.0,exact
business_01230,"Berventulo, Dr. Ing. Max Berlowitz",MATCH,(all),,,1.0,exact
business_01231,Betty Vogel,MATCH,(all),,,1.0,exact
business_01232,Betty Wolffsohn,MATCH,(all),,,1.0,exact
business_01233,"Beuthner, Hertha",MATCH,(all),,,1.0,exact
business_01234,"Beutler, Willi",MATCH,(all),,,1.0,exact
business_01235,Bewässerungsgesellschaft Palästina mbH,FIELD_DIFF,cleaned_address,,"Keine Angabe , Berlin",0.65,address_differs
business_01236,"Biabag, Bau- und Industriebeteiligungs-AG",MATCH,(all),,,1.0,exact
business_01237,Bialek Schuh Dawid Bialek & Co,MATCH,(all),,,1.0,exact
business_01238,Bialer & Co,FIELD_DIFF,original_address,"Friedrichstr. 38/40, Berlin","Neue Friedrichstr. 38/40, Berlin",0.65,address_differs
business_01239,Biberfeld & Meyer,MATCH,(all),,,1.0,exact
business_01240,Biberfeld & Weil,MATCH,(all),,,1.0,exact
business_01241,"Bettfedernfabriken Philipp Kohn & Sohn, Böhmisch Budweis, Zweigniederlassung Berlin",MATCH,(all),,,1.0,exact
business_01242,"Betty Baran, Wäsche- und Baumwollwaren engros",FIELD_DIFF,original_address,"Friedrichstr. 71, Berlin","Neue Friedrichstr. 71, Berlin",0.65,address_differs
business_01243,Betty Ephraim,MATCH,(all),,,1.0,exact
business_01244,Betty Fraenkel,MATCH,(all),,,1.0,exact_ambiguous_2
business_01245,Betty Fraenkel,MATCH,(all),,,1.0,exact_ambiguous_2
business_01246,Betty Hutschnecker,MATCH,(all),,,1.0,exact
business_01247,Betty Jacobsohn,MATCH,(all),,,1.0,exact
business_01248,Betty Leyser,MATCH,(all),,,1.0,exact
business_01249,Betty Rothholz,MATCH,(all),,,1.0,exact
business_01250,Betty Rubensohn,MATCH,(all),,,1.0,exact
business_01251,Beton- und Tiefbau-Gesellschaft Mast mbH,MATCH,(all),,,1.0,exact
business_01252,Betriebs-Revision GmbH,MATCH,(all),,,1.0,exact
business_01253,Betriebsgesellschaft mbH der Carl Cohn AG,MATCH,(all),,,1.0,exact
business_01254,Betriebswerkstätte Ceo Czarlinski und Ott Fabrikation jugendlicher Kleider,MATCH,(all),,,1.0,exact
business_01255,Betriebswerkstätte Osten Wilhelm Rubinstein,MATCH,(all),,,1.0,exact
business_01256,"Bett, Simon & Co",MATCH,(all),,,1.0,exact
business_01257,Betten-Hühn,MATCH,(all),,,1.0,exact
business_01258,Bettenfabrik Strohmandel,MATCH,(all),,,1.0,exact
business_01259,Bettenhaus Georg Loewenhard,MATCH,(all),,,1.0,exact
business_01260,Bettenhaus Pincuss,MATCH,(all),,,1.0,exact
business_01261,Bibertis Zigaretten-Fabrik Litwinschuk und Reutlinger offene Handelsgesellschaft,MATCH,(all),,,1.0,exact
business_01262,Bibo & Jackier,MATCH,(all),,,1.0,exact
business_01263,"Bieber, Freundlich & Co",MATCH,(all),,,1.0,exact
business_01264,Biedermann & Mamlok,MATCH,(all),,,1.0,exact
business_01265,"Biek, Eugen",MATCH,(all),,,1.0,exact
business_01266,Bielschowsky & Hirsch,MATCH,(all),,,1.0,exact
business_01267,"Bielschowsky, Erich",MATCH,(all),,,1.0,exact
business_01268,Bierhaus 3 Inh. Alfred Lipke,FIELD_DIFF,original_address,"Platz 1, Berlin","Richard-Wagner-Platz 1, Berlin",0.65,address_differs
business_01269,Bierhaus Kurfürstendamm GmbH,MATCH,(all),,,1.0,exact
business_01270,"Bihag, Versicherungsbüro für Industrie, Handel und Gewerbe, Dr. Walter Mundt & Co",MATCH,(all),,,1.0,exact
business_01271,"Blaschke, Eugen",MATCH,(all),,,1.0,exact
business_01272,Blaue Apotheke Edmund Schirokauer,MATCH,(all),,,1.0,exact
business_01273,Blaues Schuhhaus,MATCH,(all),,,1.0,exact
business_01274,"Blaut, Kurt",MATCH,(all),,,1.0,exact
business_01275,Bleibtreu Maier & Co,MATCH,(all),,,1.0,exact
business_01276,Bleichrode Heyl & Co,MATCH,(all),,,1.0,exact
business_01277,"Bleiweiß (oder Bleiweiss), Toni",MATCH,(all),,,1.0,exact
business_01278,Blima Gingold,MATCH,(all),,,1.0,exact
business_01279,Blinden-Bürstenwerkstätte Friedenau Moritz Rosenzweig,MATCH,(all),,,1.0,exact
business_01280,Blindenwerkstatt Blindewa E. Langenkamp GmbH,MATCH,(all),,,1.0,exact
business_01281,Bildungsverein deutscher Juden,MATCH,(all),,,1.0,exact
business_01282,Binnenländische Fischkonservenfabrik GmbH,MATCH,(all),,,1.0,exact
business_01283,Birenhak & Mandel Herren- und Sport-Bekleidung,MATCH,(all),,,1.0,exact
business_01284,Birenhak & Sohn,MATCH,(all),,,1.0,exact
business_01285,Birkle & Thomer,MATCH,(all),,,1.0,exact
business_01286,"Birnbaum, Kulik & Co, GmbH",MATCH,(all),,,1.0,exact
business_01287,Bismarck-Apotheke Inhaber Apotheker Arthur Hurtig,MATCH,(all),,,1.0,exact
business_01288,"Blach, Siegfried",MATCH,(all),,,1.0,exact
business_01289,"Blankenburg, Wilhelm",MATCH,(all),,,1.0,exact
business_01290,Blasbalg & Schneider,MATCH,(all),,,1.0,exact
business_01291,Blindenwerkstatt Süd-West Gebr. Goldstein,MATCH,(all),,,1.0,exact
business_01292,Blitz Möbel- und Warenvertrieb Max Grebler,MATCH,(all),,,1.0,exact
business_01293,"Bloch, Eva",MATCH,(all),,,1.0,exact
business_01294,"Bloch, Hans",MATCH,(all),,,1.0,exact
business_01295,Block & Simon,MATCH,(all),,,1.0,exact
business_01296,Blonder & Co,MATCH,(all),,,1.0,exact
business_01297,Blondine Straus,MATCH,(all),,,1.0,exact
business_01298,"Bluhm, Margarete",MATCH,(all),,,1.0,exact
business_01299,Blum & Abt,MATCH,(all),,,1.0,exact
business_01300,"Blum, Adolf",MATCH,(all),,,1.0,exact
business_01301,Blumenthal,MATCH,(all),,,1.0,exact
business_01302,"Blumenthal, Nathan",MATCH,(all),,,1.0,exact
business_01303,Blumner's Wiener Moden,MATCH,(all),,,1.0,exact
business_01304,Blusen Beer Erich Beer,MATCH,(all),,,1.0,exact
business_01305,Blusen-Pracht GmbH,MATCH,(all),,,1.0,exact
business_01306,Blusenfabrik Ernst Ritter GmbH,MATCH,(all),,,1.0,exact
business_01307,Boas Weißbarth,MATCH,(all),,,1.0,exact
business_01308,"Boas, Fritz",MATCH,(all),,,1.0,exact
business_01309,Bock & Friedlaender Versicherungshaus GmbH,MATCH,(all),,,1.0,exact
business_01310,"Bock, Lotte",MATCH,(all),,,1.0,exact
business_01311,Blumen Barisch,MATCH,(all),,,1.0,exact
business_01312,"Blumenau, Oskar",MATCH,(all),,,1.0,exact
business_01313,Blumenfeld & Co GmbH,MATCH,(all),,,1.0,exact
business_01314,Blumenfeld & Feilchenfeld,MATCH,(all),,,1.0,exact
business_01315,"Blumenfeld, Moritz",MATCH,(all),,,1.0,exact
business_01316,Blumenhaus Gerson,MATCH,(all),,,1.0,exact
business_01317,Blumenhaus Hildegard,MATCH,(all),,,1.0,exact
business_01318,"Blumenreich, Artur",MATCH,(all),,,1.0,exact
business_01319,"Blumenreich, Eugen",MATCH,(all),,,1.0,exact
business_01320,Blumenstein,MATCH,(all),,,1.0,exact
business_01321,Bodengesellschaft Berlin-Lankwitz mbH,FIELD_DIFF,original_address,"Friedrichstr. 79, Berlin","Neue Friedrichstr. 79, Berlin",0.65,address_differs
business_01322,Bodengesellschaft Saarbrückerstraße AG,MATCH,(all),,,1.0,exact
business_01323,Bodenstein & Alexander,MATCH,(all),,,1.0,exact
business_01324,Bodlaender & Co,MATCH,(all),,,1.0,exact
business_01325,Boehm & Reitzenbaum,MATCH,(all),,,1.0,exact
business_01326,Boiler und Heizungschlangen-Reservoire Beha,MATCH,(all),,,1.0,exact
business_01327,Boll & Spier,MATCH,(all),,,1.0,exact
business_01328,Bonbon u. Schokoladen-Fabrik Paul Cissarz,MATCH,(all),,,1.0,exact
business_01329,Bondy & Sinasohn,MATCH,(all),,,1.0,exact
business_01330,"Bonwitt, Else",MATCH,(all),,,1.0,exact
business_01331,Bostanjoglo OHG,MATCH,(all),,,1.0,exact
business_01332,Bostanjoglo Zigaretten- und Tabakfabrik AG,MATCH,(all),,,1.0,exact
business_01333,Both & Hertz,MATCH,(all),,,1.0,exact
business_01334,Bottina Schuhgesellschaft mbH,MATCH,(all),,,1.0,exact
business_01335,Braack & Rosenzweig,MATCH,(all),,,1.0,exact
business_01336,"Bradt, Hirschfeld & Co",MATCH,(all),,,1.0,exact
business_01337,Braduco Strickwarenfabrik Brand & Co,MATCH,(all),,,1.0,exact
business_01338,Bragus Handelsgesellschaft mbH,MATCH,(all),,,1.0,exact
business_01339,Brahn & Blumenthal,MATCH,(all),,,1.0,exact
business_01340,Brainos GmbH,MATCH,(all),,,1.0,exact
business_01341,Bootshausgesellschaft Wendenschloß GmbH,MATCH,(all),,,1.0,exact
business_01342,Borchardt & Flanzreich,FIELD_DIFF,original_address,"e Frankfurter Str. 10, Berlin","Große Frankfurter Str. 10, Berlin",0.65,address_differs
business_01343,Borchardt Likörfabrik GmbH,MATCH,(all),,,1.0,exact
business_01344,"Borchardt, Selma",MATCH,(all),,,1.0,exact
business_01345,Borger & Co,MATCH,(all),,,1.0,exact
business_01346,Borger & Joffe,MATCH,(all),,,1.0,exact
business_01347,Boris Rensin,MATCH,(all),,,1.0,exact
business_01348,Borrina Hausverwaltungsgesellschaft mbH,FIELD_DIFF,original_address,"Manteuffelstr. 64, Berlin","Manteuffelstr. 64d, Berlin",0.65,address_differs
business_01349,Borussia Apotheke Dr. Max Dehmel Nachfolger,MATCH,(all),,,1.0,exact
business_01350,Bostanjoglo GmbH,MATCH,(all),,,1.0,exact
business_01351,Brandenburgia Eiervertrieb Hans Limmer,MATCH,(all),,,1.0,exact
business_01352,Brandenburgische Kreditbeschaffungs-Gesellschaft mbH,MATCH,(all),,,1.0,exact
business_01353,Brandenburgische Spargelbau- und Verwertungsgesellschaft mbH,FIELD_DIFF,original_address,"Ebertstr. 7, Berlin","Friedrich-Ebertstr. 7, Berlin",0.65,address_differs
business_01354,Brandenburgische Treuhand AG,MATCH,(all),,,1.0,exact
business_01355,Brandler & Borger,MATCH,(all),,,1.0,exact
business_01356,Brandler & Borger GmbH,MATCH,(all),,,1.0,exact
business_01357,Brandstädter & Pufeles,MATCH,(all),,,1.0,exact
business_01358,Brandt & Wittig,MATCH,(all),,,1.0,exact
business_01359,"Brandt, Rudner & Co",MATCH,(all),,,1.0,exact
business_01360,Brandus'sche Verlagsbuchhandlung Martin Brandus,MATCH,(all),,,1.0,exact
business_01361,Brenner & Nathan,MATCH,(all),,,1.0,exact
business_01362,Brennstoffvertrieb Südost (Wilhelm Urban) GmbH,MATCH,(all),,,1.0,exact
business_01363,"Breslauer, Albert",MATCH,(all),,,1.0,exact
business_01364,Bresser & Apelbaum,MATCH,(all),,,1.0,exact
business_01365,Briefmarkenhandlung Julius Hirsch,MATCH,(all),,,1.0,exact
business_01366,Briefumschlagfabrik Bach & Co GmbH,MATCH,(all),,,1.0,exact
business_01367,Briese & Löpert in Liqu.,MATCH,(all),,,1.0,exact
business_01368,Brill & Cassel,MATCH,(all),,,1.0,exact
business_01369,Brillen-Kaiser,MATCH,(all),,,1.0,exact
business_01370,Brillling & Kortstock,MATCH,(all),,,1.0,exact
business_01371,Brann & Wolff Metallwaarenfabrik,MATCH,(all),,,1.0,exact
business_01372,Brasch & Rothenstein,MATCH,(all),,,1.0,exact
business_01373,"Brauer, Rudolf",MATCH,(all),,,1.0,exact
business_01374,Brauerei Friedrich Mönnig vorm. Oskar Walter,MATCH,(all),,,1.0,exact
business_01375,Braun & Co,MATCH,(all),,,1.0,exact
business_01376,Braun & Co GmbH,MATCH,(all),,,1.0,exact
business_01377,"Braun, Eisenwarenhändler",MATCH,(all),,,1.0,exact
business_01378,"Braun, Leo Friedrich",MATCH,(all),,,1.0,exact
business_01379,Brawas Brandenburgische Wasserspar-GmbH,MATCH,(all),,,1.0,exact
business_01380,Brenn- und Baumaterialien-Handlung Wilhelm Pieckenhagen Nachfolger GmbH,MATCH,(all),,,1.0,exact
business_01381,Brunhilde Dorloff,MATCH,(all),,,1.0,exact
business_01382,Brunn & Panke,MATCH,(all),,,1.0,exact
business_01383,Bruno Berg,MATCH,(all),,,1.0,exact
business_01384,Bruno Bernstein,MATCH,(all),,,1.0,exact
business_01385,Bruno Bohne,FIELD_DIFF,original_address,"( Trade ) Eingetragen im Handelsregister/ Gründung 1926 Erloschen 1938 Burgstr. , Berlin","Burgstr. , Berlin",0.65,address_differs
business_01386,Bruno Cassirer,MATCH,(all),,,1.0,exact
business_01387,Bruno Eichner,MATCH,(all),,,1.0,exact
business_01388,Bruno Fuchs,MATCH,(all),,,1.0,exact
business_01389,Bruno Georgi,FIELD_DIFF,original_address,"Jakobstr. 20/22, Berlin","Alte Jakobstr. 20/22, Berlin",0.65,address_differs
business_01390,Bruno Hellinger,MATCH,(all),,,1.0,exact
business_01391,Brinitzer & Co,MATCH,(all),,,1.0,exact
business_01392,Briske & Prohl,MATCH,(all),,,1.0,exact
business_01393,"Brody, Adele",MATCH,(all),,,1.0,exact
business_01394,"Broh, Louis",MATCH,(all),,,1.0,exact
business_01395,"Broh, Walther",MATCH,(all),,,1.0,exact
business_01396,Brokerhoff & Lipschütz,FIELD_DIFF,original_address,"Frommelstr. 1, Berlin","Frommelstr. 1a, Berlin",0.65,address_differs
business_01397,Broni Teichberg,MATCH,(all),,,1.0,exact
business_01398,Bronzewarenfabrik Robert Sachs,MATCH,(all),,,1.0,exact
business_01399,Bruck & Loewenstein,MATCH,(all),,,1.0,exact
business_01400,Brum & Co Damenmäntel,MATCH,(all),,,1.0,exact
business_01401,"Brück, Alma",MATCH,(all),,,1.0,exact
business_01402,"Brückner, Lampe & Co AG",MATCH,(all),,,1.0,exact
business_01403,Brüder Asriel & Farchy,MATCH,(all),,,1.0,exact
business_01404,"Brüder Bergmann, Damen- und Herrenbekleidung",MATCH,(all),,,1.0,exact
business_01405,Brüder Feige,MATCH,(all),,,1.0,exact
business_01406,Brüder Samek,MATCH,(all),,,1.0,exact
business_01407,Brüder Wolff,MATCH,(all),,,1.0,exact
business_01408,Brühl & Norden,MATCH,(all),,,1.0,exact
business_01409,"Brühl, Hedwig geb. Wasser",MATCH,(all),,,1.0,exact
business_01410,Brüstra Grunderwerbs-AG,MATCH,(all),,,1.0,exact
business_01411,Bruno Meyer,FIELD_DIFF,original_address,"Burgstr. 25, Berlin","Burgstr. 25 (Börse), Berlin",0.65,address_differs
business_01412,Bruno Neumann,MATCH,(all),,,1.0,exact
business_01413,Bruno Philippi,MATCH,(all),,,1.0,exact
business_01414,Bruno Pollack,MATCH,(all),,,1.0,exact
business_01415,Bruno Rawack,MATCH,(all),,,1.0,exact
business_01416,Bruno Reich,MATCH,(all),,,1.0,exact
business_01417,Bruno Simsohn,MATCH,(all),,,1.0,exact
business_01418,Bruno Wohlgemuth,MATCH,(all),,,1.0,exact
business_01419,Bruno Zehden,MATCH,(all),,,1.0,exact
business_01420,"Bry, Herzberg & Co GmbH",MATCH,(all),,,1.0,exact
business_01421,Bruno Herzberg,MATCH,(all),,,1.0,exact
business_01422,Bruno Jacobsohn,MATCH,(all),,,1.0,exact
business_01423,Bruno Juhnke Lichtspielbetriebe,MATCH,(all),,,1.0,exact
business_01424,Bruno Kantorowicz,MATCH,(all),,,1.0,exact
business_01425,Bruno Kaufmann,MATCH,(all),,,1.0,exact
business_01426,Bruno Kuttner,MATCH,(all),,,1.0,exact
business_01427,Bruno Lasnitzki Schuhwaren,MATCH,(all),,,1.0,exact
business_01428,Bruno Lazarus,MATCH,(all),,,1.0,exact
business_01429,Bruno Lewald,MATCH,(all),,,1.0,exact
business_01430,Bruno Löwenberg,MATCH,(all),,,1.0,exact
business_01431,Buchbinderei Schneebaum,MATCH,(all),,,1.0,exact
business_01432,Buchdruckerei Viktoria GmbH,MATCH,(all),,,1.0,exact
business_01433,Buchdruckerei Wilhelma R. Saling & Co.,MATCH,(all),,,1.0,exact
business_01434,Buchhandlung Jenny Neumann,FIELD_DIFF,original_address,"Platz 10, Berlin","Viktoria-Luise-Platz 10, Berlin",0.65,address_differs
business_01435,Buchhandlung Kedem Blumstein und Bronstein,MATCH,(all),,,1.0,exact
business_01436,Buchhandlung Richard Kronheim,MATCH,(all),,,1.0,exact
business_01437,Buchhandlung Rubin Maß,MATCH,(all),,,1.0,exact
business_01438,Buchhandlung am Zoo Fritz Ring,MATCH,(all),,,1.0,exact
business_01439,Buchladen Bayerischer Platz Benedict Lachmann Buchhandlung und Verlag,MATCH,(all),,,1.0,exact
business_01440,Buchthal & Jacobson,MATCH,(all),,,1.0,exact
business_01441,Buck & Co,MATCH,(all),,,1.0,exact
business_01442,"Buium, Oskar",MATCH,(all),,,1.0,exact
business_01443,Buntstoff GmbH,MATCH,(all),,,1.0,exact
business_01444,Burchardy & Ziegler,FIELD_DIFF,original_address,"Jakobstr. 54/55, Berlin","Alte Jakobstr. 54/55, Berlin",0.65,address_differs
business_01445,Bureau für Zeitungsausschnitte H. u. R. Gerstmann,MATCH,(all),,,1.0,exact
business_01446,"Bureaubia mbH, Gesellschaft für moderne Bureauartikel und andere Neuheiten",MATCH,(all),,,1.0,exact
business_01447,Burger & Brand,MATCH,(all),,,1.0,exact
business_01448,Burkhardt Kaffee,MATCH,(all),,,1.0,exact
business_01449,"Burstyn, Frea",MATCH,(all),,,1.0,exact
business_01450,"Busse, Vilma",MATCH,(all),,,1.0,exact
business_01451,Butter Nordstern GmbH,MATCH,(all),,,1.0,exact
business_01452,Byk & Ephraimson GmbH,MATCH,(all),,,1.0,exact
business_01453,Byk-Guldenwerke Chemische Fabrik AG,FIELD_DIFF,original_address,"Wilhelmstr. 5/6, Berlin","Neue Wilhelmstr. 5/6, Berlin",0.65,address_differs
business_01454,Béla Friedmann,MATCH,(all),,,1.0,exact
business_01455,Béla Rott,MATCH,(all),,,1.0,exact
business_01456,Béla Steingießer,MATCH,(all),,,1.0,exact
business_01457,Böhm & Bormann,MATCH,(all),,,1.0,exact
business_01458,Böhm & Co,MATCH,(all),,,1.0,exact
business_01459,Böhm & Solms GmbH,MATCH,(all),,,1.0,exact
business_01460,"Böhm, Caminer & Co KG",MATCH,(all),,,1.0,exact
business_01461,"Böhm, Erich",MATCH,(all),,,1.0,exact
business_01462,"Böhm, Max",MATCH,(all),,,1.0,exact
business_01463,Bötzow-Bräustübl GmbH,MATCH,(all),,,1.0,exact
business_01464,Bügeldienst Leon Bienstock,MATCH,(all),,,1.0,exact
business_01465,Büro Simon Presse- und Nachrichtendienst GmbH,MATCH,(all),,,1.0,exact
business_01466,Bürobedarfshaus Biberfeld,MATCH,(all),,,1.0,exact
business_01467,Bürohaus Potsdamer Straße 26a und 26b GmbH,FIELD_DIFF,original_address,"Bürohaus Potsdamer Straße 26a 62, Berlin","Potsdamer Str. 62, Berlin",0.65,address_differs
business_01468,Bürola Gesellschaft für Büromittellieferung mbH,FIELD_DIFF,original_address,"Uhlandstr. 79, Berlin","Uhlandstr. 79a, Berlin",0.65,address_differs
business_01469,Büromöbel Carl Bader,MATCH,(all),,,1.0,exact
business_01470,Büromöbel Oranien Max Hirschhorn,MATCH,(all),,,1.0,exact
business_01471,Büropa Bürobedarf und Papier Handelsgesellschaft mbH,MATCH,(all),,,1.0,exact
business_01472,Büxenstein & Co,MATCH,(all),,,1.0,exact
business_01473,C. A. Herpich Söhne,MATCH,(all),,,1.0,exact
business_01474,C. Arnholz,MATCH,(all),,,1.0,exact
business_01475,C. Becker & Co GmbH,MATCH,(all),,,1.0,exact
business_01476,C. Borinski & Co,MATCH,(all),,,1.0,exact
business_01477,C. G. Strohbach,MATCH,(all),,,1.0,exact
business_01478,C. Gordon & Co,MATCH,(all),,,1.0,exact
business_01479,C. Gregurke,MATCH,(all),,,1.0,exact
business_01480,C. H. Kretschmar in Liquid.,MATCH,(all),,,1.0,exact
business_01481,C. H. Mewis,MATCH,(all),,,1.0,exact
business_01482,C. J. Quandt,FIELD_DIFF,original_address,"Paul-Singer-Str. 50, Berlin","Paul-Singer-Str. (Grüner Weg - Brauner Weg) 50, Berlin",0.65,address_differs
business_01483,C. J. Quandt-Pianos-Verkaufs-GmbH,MATCH,(all),,,1.0,exact
business_01484,C. Leiser & Co,FIELD_DIFF,original_address,"e Frankfurter Str. 53, Berlin","Große Frankfurter Str. 53, Berlin",0.65,address_differs
business_01485,C. Malter,MATCH,(all),,,1.0,exact
business_01486,C. Marcuse & Co,FIELD_DIFF,original_address,"Königstr. 5, Berlin","Neue Königstr. 5, Berlin",0.65,address_differs
business_01487,C. N. Engelhard,MATCH,(all),,,1.0,exact
business_01488,C. Neumann & Co,MATCH,(all),,,1.0,exact
business_01489,C. Preisel,MATCH,(all),,,1.0,exact
business_01490,C. Riese,MATCH,(all),,,1.0,exact
business_01491,C. Schiesser,MATCH,(all),,,1.0,exact
business_01492,C. Schönlicht,FIELD_DIFF,original_address,"Friedrichstr. 49, Berlin","Neue Friedrichstr. 49, Berlin",0.65,address_differs
business_01493,C. Spaltmann & Co,MATCH,(all),,,1.0,exact
business_01494,C. Stenzel,FIELD_DIFF,original_address,"( Trade ) Eingetragen im Handelsregister/ Gründung 1904 Erloschen 1938 Ostbahnhof , Berlin","Ostbahnhof , Berlin",0.65,address_differs
business_01495,C. Wolfenstein & Co,MATCH,(all),,,1.0,exact
business_01496,C. Zender,MATCH,(all),,,1.0,exact
business_01497,C. Zutraun & Co,MATCH,(all),,,1.0,exact
business_01498,C. u. G. Müller Speisefett GmbH,MATCH,(all),,,1.0,exact
business_01499,Cady Wolfsfeld,MATCH,(all),,,1.0,exact
business_01500,Caesar Alexander,MATCH,(all),,,1.0,exact
business_01501,Caesar Krucz Metallwarenfabrik,MATCH,(all),,,1.0,exact
business_01502,Café Braun GmbH,MATCH,(all),,,1.0,exact
business_01503,Café Kurfürstendamm Marta Meyerhof,MATCH,(all),,,1.0,exact
business_01504,Café Kutschera Karl Kutschera,MATCH,(all),,,1.0,exact
business_01505,Café Riedel Inhaberin Gisela Herzog,MATCH,(all),,,1.0,exact
business_01506,Café Scala GmbH,MATCH,(all),,,1.0,exact
business_01507,Café Treffpunkt GmbH,MATCH,(all),,,1.0,exact
business_01508,Café des Westens GmbH,MATCH,(all),,,1.0,exact
business_01509,Café-Konditorei Trianon GmbH,MATCH,(all),,,1.0,exact
business_01510,Cahn & Sommer,MATCH,(all),,,1.0,exact
business_01511,Camnitzer & Co,MATCH,(all),,,1.0,exact
business_01512,Camnitzer & Feld,MATCH,(all),,,1.0,exact
business_01513,Careel Parfumerien Korngut & Hescheles,MATCH,(all),,,1.0,exact
business_01514,"Carl Abraham, in Firma Joseph Behrendt",MATCH,(all),,,1.0,exact
business_01515,Carl Badrian,MATCH,(all),,,1.0,exact
business_01516,"Carl Barthel, Inh. Alex Posner",MATCH,(all),,,1.0,exact
business_01517,Carl Bauermeister,MATCH,(all),,,1.0,exact
business_01518,Carl Becher,MATCH,(all),,,1.0,exact
business_01519,Carl Bendix,MATCH,(all),,,1.0,exact
business_01520,Carl Berkowitz & Co Fabrik elektr. Apparate,MATCH,(all),,,1.0,exact
business_01521,Carl Bernstein,MATCH,(all),,,1.0,exact
business_01522,Carl Böhm,MATCH,(all),,,1.0,exact
business_01523,Carl Cahn,MATCH,(all),,,1.0,exact
business_01524,Carl Cohn & Co Schuhgroßhandel GmbH,MATCH,(all),,,1.0,exact
business_01525,Carl Cohn AG,MATCH,(all),,,1.0,exact
business_01526,Carl Cohn jr.,MATCH,(all),,,1.0,exact
business_01527,Carl Eitig Zweigniederlassung Berlin,FIELD_DIFF,original_address,"4, Berlin","Lennéstr. 4, Berlin",0.65,address_differs
business_01528,Carl Engel,MATCH,(all),,,1.0,exact
business_01529,Carl Engel & Co,FIELD_DIFF,original_address,"Friedrichstr. 69, Berlin","Neue Friedrichstr. 69, Berlin",0.65,address_differs
business_01530,Carl Ernst & Co Nachf.,MATCH,(all),,,1.0,exact
business_01531,Carl Pohl,MATCH,(all),,,1.0,exact
business_01532,Carl Raehmer Nchflg.,MATCH,(all),,,1.0,exact
business_01533,Carl Schuhmann,MATCH,(all),,,1.0,exact
business_01534,Carl Schulz Berliner Eisenmöbel-Fabrik GmbH,MATCH,(all),,,1.0,exact
business_01535,Carl Schulz Erste Berliner Eisen-Möbel-Fabrik,MATCH,(all),,,1.0,exact
business_01536,Carl Walther Steinitz,MATCH,(all),,,1.0,exact
business_01537,Carl Weil,FIELD_DIFF,original_address,"Friedrichstr. 78, Berlin","Neue Friedrichstr. 78, Berlin",0.65,address_differs
business_01538,Carl Wittenberg Herren-Ausstattungs-Geschäft,MATCH,(all),,,1.0,exact
business_01539,Carl Zellner,MATCH,(all),,,1.0,exact
business_01540,Carl Zobel,MATCH,(all),,,1.0,exact
business_01541,Carl Kriener,MATCH,(all),,,1.0,exact
business_01542,Carl Markiewicz,MATCH,(all),,,1.0,exact
business_01543,Carl Mosheim,MATCH,(all),,,1.0,exact
business_01544,Carl Nadelmann,MATCH,(all),,,1.0,exact
business_01545,Carl Ockler,MATCH,(all),,,1.0,exact
business_01546,Carl Oelsner,MATCH,(all),,,1.0,exact
business_01547,Carl Oppenheim,MATCH,(all),,,1.0,exact
business_01548,Carl Oswald,MATCH,(all),,,1.0,exact
business_01549,Carl Pantiel,MATCH,(all),,,1.0,exact
business_01550,Carl Pick Nachfolger,MATCH,(all),,,1.0,exact
business_01551,Carl Förster & Co GmbH,MATCH,(all),,,1.0,exact
business_01552,Carl Glaser,MATCH,(all),,,1.0,exact
business_01553,Carl Goldberg,MATCH,(all),,,1.0,exact
business_01554,Carl Guttfreund,MATCH,(all),,,1.0,exact
business_01555,Carl Hausdorf,MATCH,(all),,,1.0,exact
business_01556,Carl Hering & Co,MATCH,(all),,,1.0,exact
business_01557,Carl Himmelweit,MATCH,(all),,,1.0,exact
business_01558,Carl Jander,MATCH,(all),,,1.0,exact
business_01559,Carl Kisch,MATCH,(all),,,1.0,exact
business_01560,Carl Koppenheim vormals Paul Siebeling,MATCH,(all),,,1.0,exact
business_01561,Carlsbader Fein Bäckerei Moritz Dobrin,FIELD_DIFF,original_address,"Alexanderstr. 14, Berlin","Alexanderstr. 14c, Berlin",0.65,address_differs
business_01562,Carlsbader Feinbäckerei,MATCH,(all),,,1.0,exact
business_01563,Carmen Echtermeier,MATCH,(all),,,1.0,exact
business_01564,Caro & Rosenhain,MATCH,(all),,,1.0,exact
business_01565,Carsch & Co,MATCH,(all),,,1.0,exact
business_01566,"Carsch, Catharina Babette",MATCH,(all),,,1.0,exact
business_01567,Caspar Coper,MATCH,(all),,,1.0,exact
business_01568,Caspar Markwald,MATCH,(all),,,1.0,exact
business_01569,Casparius & Silberstein,FIELD_DIFF,original_address,"Jakobstr. 20/22, Berlin","Alte Jakobstr. 20/22, Berlin",0.65,address_differs
business_01570,Caucasische Handelsgesellschaft mbH,MATCH,(all),,,1.0,exact
business_01571,Cecilien-Bad,MATCH,(all),,,1.0,exact
business_01572,Cellaro Luxuskarten-Fabrik GmbH,MATCH,(all),,,1.0,exact
business_01573,Cellon Chemische Fabrik GmbH,MATCH,(all),,,1.0,exact
business_01574,"Cellon-Werke, Dr. Arthur Eichengrün",MATCH,(all),,,1.0,exact
business_01575,Central Apotheke Karl Kraemer,MATCH,(all),,,1.0,exact
business_01576,Central-Apotheke Friedrichsfelde Paul Behrendt,MATCH,(all),,,1.0,exact
business_01577,Central-Bureau techn. Neuheiten Philipp Burger,MATCH,(all),,,1.0,exact
business_01578,Centrale für Melasseverwertung Alfred Lesser,MATCH,(all),,,1.0,exact
business_01579,Centralfilm Fett & Co GmbH,MATCH,(all),,,1.0,exact
business_01580,Centralleihhaus 63,MATCH,(all),,,1.0,exact
business_01581,Cereales Kommanditgesellschaft F. Ettich & Co,MATCH,(all),,,1.0,exact
business_01582,Ceres-Assekuranz AG,MATCH,(all),,,1.0,exact
business_01583,Ch. Angielzcyk,MATCH,(all),,,1.0,exact
business_01584,Ch. Anzel Herzig,MATCH,(all),,,1.0,exact
business_01585,Ch. Beer Joseph,MATCH,(all),,,1.0,exact
business_01586,Ch. Berkmann & Co,MATCH,(all),,,1.0,exact
business_01587,Ch. David Kost,FIELD_DIFF,original_address,"( Trade ) Eingetragen im Handelsregister/ Gründung 1919 Köpenicker Str. 33a, Berlin","Köpenicker Str. 33a, Berlin",0.65,address_differs
business_01588,Ch. Drecoll,MATCH,(all),,,1.0,exact
business_01589,Ch. Ehrlich & Co,FIELD_DIFF,original_address,"Kantstr. 129, Berlin","Kantstr. 129a, Berlin",0.65,address_differs
business_01590,Ch. Felix Korngold Schürzenfabrikation,MATCH,(all),,,1.0,exact
business_01591,Ch. Kraschkowski,MATCH,(all),,,1.0,exact
business_01592,Ch. Monetta,MATCH,(all),,,1.0,exact
business_01593,Ch. Regenwetter,MATCH,(all),,,1.0,exact
business_01594,Ch. Rolider,MATCH,(all),,,1.0,exact
business_01595,Ch. Rosenheck,MATCH,(all),,,1.0,exact
business_01596,Chaim Bindel,MATCH,(all),,,1.0,exact
business_01597,Chaim Both,MATCH,(all),,,1.0,exact
business_01598,Chaim Eule,MATCH,(all),,,1.0,exact
business_01599,Chaim Federgrün,FIELD_DIFF,original_address,"Roßstr. 14, Berlin","Neue Roßstr. 14, Berlin",0.65,address_differs
business_01600,Chaim Felder,MATCH,(all),,,1.0,exact
business_01601,Chaim Fischgold,MATCH,(all),,,1.0,exact
business_01602,Chaim Kantorowitz,MATCH,(all),,,1.0,exact
business_01603,Chaim Karp,MATCH,(all),,,1.0,exact
business_01604,Chaim Kestenbaum,MATCH,(all),,,1.0,exact
business_01605,Chaim Korngut,MATCH,(all),,,1.0,exact
business_01606,Chaim Krebs,MATCH,(all),,,1.0,exact
business_01607,Chaim Mingelgrün,MATCH,(all),,,1.0,exact
business_01608,Chaim Wahrhaftig Schuhwaren Engros,MATCH,(all),,,1.0,exact
business_01609,Chaim Zupan,MATCH,(all),,,1.0,exact
business_01610,Chamois & Leder Import und Export S. Schneller GmbH,MATCH,(all),,,1.0,exact
business_01611,Charl. Gosseis,MATCH,(all),,,1.0,exact
business_01612,Charles Gingold Export,MATCH,(all),,,1.0,exact
business_01613,Charles Nattenheimer,MATCH,(all),,,1.0,exact
business_01614,Charlie Friedenthal,MATCH,(all),,,1.0,exact
business_01615,Charlotte Kroner Zum Zauberkönig,MATCH,(all),,,1.0,exact
business_01616,Charlotten-Apotheke Carl Ruegenberg,MATCH,(all),,,1.0,exact
business_01617,Charlottenburger Bekleidungsgesellschaft mbH,MATCH,(all),,,1.0,exact
business_01618,Charlottenburger Lombard-GmbH,MATCH,(all),,,1.0,exact
business_01619,Charlottenburger Papierwaren GmbH,FIELD_DIFF,original_address,"Allee 4, Berlin","Kaiserin-Augusta-Allee 4, Berlin",0.65,address_differs
business_01620,Charlottenburger Schuhhaus,MATCH,(all),,,1.0,exact
business_01621,Charlottenburger Spitzenhaus Walter Pinthus GmbH,MATCH,(all),,,1.0,exact
business_01622,Charlottenburger Wasser- und Industriewerke AG,MATCH,(all),,,1.0,exact
business_01623,Charlottenburger Westend-Apotheke am Spandauer Berg Ella Handschuhmacher,MATCH,(all),,,1.0,exact
business_01624,Chaskel Felsenbach,MATCH,(all),,,1.0,exact
business_01625,Chaskel Koscher,MATCH,(all),,,1.0,exact
business_01626,Chemipan Laboratorium chemo-therapeutischer Präparate GmbH,MATCH,(all),,,1.0,exact
business_01627,Chemisch-Technischer Industriebedarf Dipl.-Ing. Erwin Reichmann,MATCH,(all),,,1.0,exact
business_01628,Chemisch-Technisches Laboratorium Dr. Fritz Elias,MATCH,(all),,,1.0,exact
business_01629,Chemisch-pharmazeutische Fabrik Ruko Dr. Rudolf Kohn,MATCH,(all),,,1.0,exact
business_01630,Chemisch-wissenschaftliches Laboratorium Dr. Fraenkel u. Dr. Landau,MATCH,(all),,,1.0,exact
business_01631,Chemische Fabrik Apotheker Weiß GmbH,MATCH,(all),,,1.0,exact
business_01632,Chemische Fabrik Dr. Hans Sachse & Scheidt GmbH,MATCH,(all),,,1.0,exact
business_01633,Chemische Fabrik Dr. Seidel & Co GmbH,FIELD_DIFF,original_address,"Industr, Berlin","Keine Angabe , Berlin",0.65,address_differs
business_01634,Chemische Fabrik Hermann & Adolf Lubszynski,MATCH,(all),,,1.0,exact
business_01635,Chemische Fabrik Jacobus GmbH,MATCH,(all),,,1.0,exact
business_01636,Chemische Fabrik Kebbel GmbH,MATCH,(all),,,1.0,exact
business_01637,Chemische Fabrikation Jacart GmbH,MATCH,(all),,,1.0,exact
business_01638,Chemische Fabriken Dr. Joachim Wiernik & Co AG,MATCH,(all),,,1.0,exact
business_01639,Chemische Rohmaterialien Gesellschaft S. Rund & Co mbH,MATCH,(all),,,1.0,exact
business_01640,Chemische Werke Zimmer & Co,MATCH,(all),,,1.0,exact
business_01641,Chemische und pharmazeutische Fabrikation Dr. Georg Henning,MATCH,(all),,,1.0,exact
business_01642,Chemisches Institut Schade & Co,MATCH,(all),,,1.0,exact
business_01643,Chemisches Laboratorium Paul Raphael,MATCH,(all),,,1.0,exact
business_01644,Chemophot Herstellung photochemischer Erzeugnisse Max Silberberg,MATCH,(all),,,1.0,exact
business_01645,Chemotherapia GmbH zur Herstellung und zum Vertriebe medizinisch-pharmazeutischer Präparate,MATCH,(all),,,1.0,exact
business_01646,Chiel Goldmann,FIELD_DIFF,original_address,"Friedrichstr. 47, Berlin","Neue Friedrichstr. 47, Berlin",0.65,address_differs
business_01647,Chil Eilenberg,MATCH,(all),,,1.0,exact
business_01648,Chlorator,MATCH,(all),,,1.0,exact
business_01649,Chlorator-GmbH,MATCH,(all),,,1.0,exact
business_01650,Chr. Rösler,MATCH,(all),,,1.0,exact
business_01651,Christian Ehlermann GmbH,MATCH,(all),,,1.0,exact
business_01652,Chronos Zeitschriften GmbH,MATCH,(all),,,1.0,exact
business_01653,Cigaretten Fabrik Bravour Dunje & Söhne,MATCH,(all),,,1.0,exact
business_01654,Cigaretten Hülsen Fabrik Helios Pinsker & Awerbuch,MATCH,(all),,,1.0,exact
business_01655,Cigarettenfabrik Corida Inhaber Adolf Scheidemann,MATCH,(all),,,1.0,exact
business_01656,Cigarettenfabrik Kraj GmbH,MATCH,(all),,,1.0,exact
business_01657,Cigarettenfabrik Phänomen J. Rochmann,MATCH,(all),,,1.0,exact
business_01658,Cigarettenfabrik Problem Szlama Rochmann in Liqu.,MATCH,(all),,,1.0,exact
business_01659,Cigarettenpapier-Manufaktur Max Mayer,MATCH,(all),,,1.0,exact
business_01660,Cigarrenhaus Bartmann,MATCH,(all),,,1.0,exact
business_01661,Cigarrenhaus Groß-Berlin Passow u. Neimann,MATCH,(all),,,1.0,exact
business_01662,Cilly Courvoisier,MATCH,(all),,,1.0,exact
business_01663,Cilly Goldschmidt,MATCH,(all),,,1.0,exact
business_01664,Cilly Hamburger,MATCH,(all),,,1.0,exact
business_01665,Cilly Stillmann,MATCH,(all),,,1.0,exact
business_01666,Cine-Allianz Tonfilm Produktionsgesellschaft mbH,MATCH,(all),,,1.0,exact
business_01667,Citographia,MATCH,(all),,,1.0,exact
business_01668,City (Meyer in der City),MATCH,(all),,,1.0,exact
business_01669,City-Cafébetriebsgesellschaft mbH,MATCH,(all),,,1.0,exact
business_01670,Claire Badrian Lady-Wäsche,MATCH,(all),,,1.0,exact
business_01671,Claire Schott,MATCH,(all),,,1.0,exact
business_01672,Clara Böhm,MATCH,(all),,,1.0,exact
business_01673,Clara Golsch,MATCH,(all),,,1.0,exact
business_01674,"Clara Landau, Bibliophile Bücherstube GmbH",MATCH,(all),,,1.0,exact
business_01675,Clara Loewenheim,MATCH,(all),,,1.0,exact
business_01676,Clara Nansen,MATCH,(all),,,1.0,exact
business_01677,Clara Oppenheim,MATCH,(all),,,1.0,exact
business_01678,Clara Riemer,FIELD_DIFF,original_address,"Friedrichstr. 153, Berlin","Friedrichstr. 153a, Berlin",0.65,address_differs
business_01679,Claudia Altin Parfümerie-Vertretung-Engros-Export-Import,MATCH,(all),,,1.0,exact
business_01680,Clemens Treibicz,MATCH,(all),,,1.0,exact
business_01681,Club-Magazin Ernstein & Co,MATCH,(all),,,1.0,exact
business_01682,Cohen & Behar,MATCH,(all),,,1.0,exact
business_01683,Cohen & Kempe,MATCH,(all),,,1.0,exact
business_01684,Cohn,MATCH,(all),,,1.0,exact
business_01685,Cohn & Bernstein,MATCH,(all),,,1.0,exact
business_01686,Cohn & Eichel,MATCH,(all),,,1.0,exact
business_01687,Cohn & Rosenbaum AG,MATCH,(all),,,1.0,exact
business_01688,Cohn & Wertheim,MATCH,(all),,,1.0,exact
business_01689,Cohn Johanna,MATCH,(all),,,1.0,exact
business_01690,"Cohn, Edmund (oder Eduard)",MATCH,(all),,,1.0,exact
business_01691,"Cohn, Gertrud",MATCH,(all),,,1.0,exact
business_01692,"Cohn, Hoffmeister & Schramm",MATCH,(all),,,1.0,exact
business_01693,"Cohn, Waldemar",MATCH,(all),,,1.0,exact
business_01694,"Cohn, Walder & Co",MATCH,(all),,,1.0,exact
business_01695,Cohnreich & Blumenthal GmbH,MATCH,(all),,,1.0,exact
business_01696,Cohnreich & Neiß GmbH,MATCH,(all),,,1.0,exact
business_01697,Cohntex Curt G. Cohn,MATCH,(all),,,1.0,exact
business_01698,Colemann GmbH Fabrik chemisch-technischer Produkte,MATCH,(all),,,1.0,exact
business_01699,Collin & Eisenhardt,MATCH,(all),,,1.0,exact
business_01700,Collin & Heilborn,MATCH,(all),,,1.0,exact
business_01701,Columbia Matratzen Stempel & Co,MATCH,(all),,,1.0,exact
business_01702,Columbus-Apparate-Vertrieb,MATCH,(all),,,1.0,exact
business_01703,Commandit Gesellschaft Dr. Rahmer & Co,MATCH,(all),,,1.0,exact
business_01704,Cona Kaffeemaschinen-Gesellschaft mbH,MATCH,(all),,,1.0,exact
business_01705,Concordia-Apotheke Dr. Max Haase Inhaber Theodor Kauf,FIELD_DIFF,cleaned_address,,"Keine Angabe , Velten",0.65,address_differs
business_01706,Conditorei Schneider,MATCH,(all),,,1.0,exact
business_01707,Condé & Co,MATCH,(all),,,1.0,exact
business_01708,Confektionsgesellschaft Fischbein & Mendel mbH,MATCH,(all),,,1.0,exact
business_01709,Confektionshaus Osten Salo Kainer,MATCH,(all),,,1.0,exact
business_01710,Conrad & Heymann,MATCH,(all),,,1.0,exact
business_01711,Conrad Cohn,MATCH,(all),,,1.0,exact
business_01712,Conrad Czarlinski & Co,MATCH,(all),,,1.0,exact
business_01713,Conrad Fließer,MATCH,(all),,,1.0,exact
business_01714,Conrad Friedländer,MATCH,(all),,,1.0,exact
business_01715,Conrad Igel,MATCH,(all),,,1.0,exact
business_01716,Conrad Moses,MATCH,(all),,,1.0,exact
business_01717,Conrad Schayer & Co,MATCH,(all),,,1.0,exact
business_01718,Conrad Tack & Cie. AG,FIELD_DIFF,original_address,"Potsdamer Str. 122a, Berlin","Potsdamer Str. 122a/b, Berlin",0.65,address_differs
business_01719,Continental-Armaturen-Fabrik Gustav Salomon,MATCH,(all),,,1.0,exact
business_01720,Continentale Papierwaren-Werke Büttner & Seidel GmbH,MATCH,(all),,,1.0,exact
business_01721,"Coriolan, Grundstücksverwertungs-GmbH",MATCH,(all),,,1.0,exact
business_01722,Cornelia Hausverwaltungs- und Grunderwerbsaktiengesellschaft,MATCH,(all),,,1.0,exact
business_01723,Cornelius Rohn,MATCH,(all),,,1.0,exact
business_01724,"Cornelius-Straße 4a Grundstücks-GmbH, z.Hd. v. Herrn E. A. K. Schönberg",MATCH,(all),,,1.0,exact
business_01725,Corona Atelier für Reklamekunst Max Jacoby,MATCH,(all),,,1.0,exact
business_01726,Correx Gesellschaft für Kinotechnik mbH,FIELD_DIFF,original_address,"Platz 9, Berlin","Belle-Alliance-Platz 9, Berlin",0.65,address_differs
business_01727,Coty Alleinvertrieb für Deutschland GmbH,MATCH,(all),,,1.0,exact
business_01728,Cravattenfabrik Schindler & Co,MATCH,(all),,,1.0,exact
business_01729,Credithaus Union Hellmuth Philipp,MATCH,(all),,,1.0,exact
business_01730,Crescendo Theaterverlag GmbH,MATCH,(all),,,1.0,exact
business_01731,Croner & Selinger,MATCH,(all),,,1.0,exact
business_01732,"Croner, Rosenthaler & Co",MATCH,(all),,,1.0,exact
business_01733,Curt A. Ehrenhaus,MATCH,(all),,,1.0,exact
business_01734,Curt A. Loepert & Co GmbH,MATCH,(all),,,1.0,exact
business_01735,Curt Egon Kochmann,MATCH,(all),,,1.0,exact
business_01736,Curt Ephraim,MATCH,(all),,,1.0,exact
business_01737,Curt Goldstein Webwarenfabrikate,MATCH,(all),,,1.0,exact
business_01738,Curt Gruenbaum,MATCH,(all),,,1.0,exact
business_01739,Curt Harwitz,MATCH,(all),,,1.0,exact
business_01740,Curt Landsberg,MATCH,(all),,,1.0,exact
business_01741,Curt Lehmann,FIELD_DIFF,original_address,"Wilhelmstr. 12/14, Berlin","Neue Wilhelmstr. 12/14, Berlin",0.65,address_differs
business_01742,Curt Loewenstamm,MATCH,(all),,,1.0,exact
business_01743,Curt Mannheim,MATCH,(all),,,1.0,exact
business_01744,Curt Rosenbaum,MATCH,(all),,,1.0,exact
business_01745,"Curt Salomon, Metalle",MATCH,(all),,,1.0,exact
business_01746,Curt Schwarzer & Co,FIELD_DIFF,original_address,"Ruhrstr. 13, Berlin","Ruhrstr. 13a, Berlin",0.65,address_differs
business_01747,Curty Modesalon Kurt Levin,MATCH,(all),,,1.0,exact
business_01748,Czempin & Aleksandrowicz,MATCH,(all),,,1.0,exact
business_01749,Czollek & Geballe,MATCH,(all),,,1.0,exact
business_01750,Cäcilie Brenner,MATCH,(all),,,1.0,exact
business_01751,Cäcilien-Apotheke Dr. Georg F. Kuntze,MATCH,(all),,,1.0,exact
business_01752,Cäsar Hirsch,MATCH,(all),,,1.0,exact
business_01753,Cäsar Luft,MATCH,(all),,,1.0,exact
business_01754,D. & M. Levy,FIELD_DIFF,original_address,"Klosterstr. 40, Berlin","Klosterstr. 40a, Berlin",0.65,address_differs
business_01755,D. & M. Lewy Bankgeschäft,MATCH,(all),,,1.0,exact
business_01756,D. Abraham & Co,MATCH,(all),,,1.0,exact
business_01757,D. Arndt,FIELD_DIFF,original_address,"Friedrichstr. 79, Berlin","Neue Friedrichstr. 79a, Berlin",0.65,address_differs
business_01758,D. Benas jr.,MATCH,(all),,,1.0,exact
business_01759,D. Coundé AG,MATCH,(all),,,1.0,exact
business_01760,D. Coundé Vertriebs-GmbH,MATCH,(all),,,1.0,exact
business_01761,D. Croner,MATCH,(all),,,1.0,exact
business_01762,D. Czollack,MATCH,(all),,,1.0,exact
business_01763,D. Herz,MATCH,(all),,,1.0,exact
business_01764,D. J. Asriel & Co,MATCH,(all),,,1.0,exact
business_01765,D. J. Weiner & Co Bürobedarf-Schreibwaren-Vertrieb und Export,MATCH,(all),,,1.0,exact
business_01766,D. J. Weiner & Co Schreibmaschinen-Vertriebsgesellschaft mbH,MATCH,(all),,,1.0,exact
business_01767,D. L. Haim & Co GmbH,MATCH,(all),,,1.0,exact
business_01768,D. Levin,MATCH,(all),,,1.0,exact
business_01769,D. Lewinsky Nachfolger Inhaber Georg Anker,MATCH,(all),,,1.0,exact
business_01770,D. Lichtenstein jr.,MATCH,(all),,,1.0,exact
business_01771,D. Meier,MATCH,(all),,,1.0,exact
business_01772,D. Pinner Söhne Nachf.,MATCH,(all),,,1.0,exact
business_01773,D. Ryczywol,MATCH,(all),,,1.0,exact
business_01774,D. S. Diamant,MATCH,(all),,,1.0,exact
business_01775,D. Segal Inh. Hermann Goldner,MATCH,(all),,,1.0,exact
business_01776,D. Traurig,MATCH,(all),,,1.0,exact
business_01777,D. Woythaler,MATCH,(all),,,1.0,exact
business_01778,D. Wurzel & Co,MATCH,(all),,,1.0,exact
business_01779,Dachpix Gesellschaft Klemann & Co GmbH,MATCH,(all),,,1.0,exact
business_01780,Dagobert Holtz,MATCH,(all),,,1.0,exact
business_01781,Dagobert Koeppler,MATCH,(all),,,1.0,exact
business_01782,Dagobert Lisser,MATCH,(all),,,1.0,exact
business_01783,Dagobert Lissner,FIELD_DIFF,original_address,"Winterfeldstr. 45, Berlin","Neue Winterfeldstr. 45, Berlin",0.65,address_differs
business_01784,"Dagobert Meyhardt, Dekorationsbedarf, Großhandel und Fabrikation",MATCH,(all),,,1.0,exact
business_01785,Dagobert Spiegel,FIELD_DIFF,original_address,"Roßstr. 1, Berlin","Neue Roßstr. 1, Berlin",0.65,address_differs
business_01786,Dagobert Wahlburg,MATCH,(all),,,1.0,exact
business_01787,Dagobert Weinstock Burschenconfection,MATCH,(all),,,1.0,exact
business_01788,Dakma Dampfkessel und Kraftmaschinen GmbH,MATCH,(all),,,1.0,exact
business_01789,Dako Herstellung von Damenbekleidung GmbH,MATCH,(all),,,1.0,exact
business_01790,Dalemo Das Lebende Modell Robert Wertheim,MATCH,(all),,,1.0,exact
business_01791,Dambitsch & Mottek,MATCH,(all),,,1.0,exact
business_01792,Damen Konfektion Gebrüder Neumann,MATCH,(all),,,1.0,exact
business_01793,Damen- und Herren-Ausstattungen Adolf Levy,MATCH,(all),,,1.0,exact
business_01794,Damen-Confection Elegant Hermann Perl,MATCH,(all),,,1.0,exact
business_01795,Damen-Sportmäntel Rekord GmbH,MATCH,(all),,,1.0,exact
business_01796,Damenconfektion Vertriebsgesellschaft mbH,MATCH,(all),,,1.0,exact
business_01797,"Damenmodehaus Stein im Hofe, GmbH",MATCH,(all),,,1.0,exact
business_01798,Damenmoden Joachim Erdmann,FIELD_DIFF,original_address,"Tauentzienstr. 18, Berlin","Tauentzienstr. 18a, Berlin",0.65,address_differs
business_01799,Damenmäntel Max Süßkind & Co GmbH,MATCH,(all),,,1.0,exact
business_01800,Damenmäntel-Fabrikation Bruntsch,MATCH,(all),,,1.0,exact
business_01801,Dampf-Marzipanmassen-Fabrik Germania Otto Wölfert & Co GmbH,MATCH,(all),,,1.0,exact
business_01802,Dampfbrotfabrik Wilhelma Michael Herzog,MATCH,(all),,,1.0,exact
business_01803,Dampfschmalzsiederei Edmund Haase GmbH,FIELD_DIFF,original_address,"Königstr. 18, Berlin","Neue Königstr. 18, Berlin",0.65,address_differs
business_01804,Dampfwäscherei Berner Land Brasch & Co,FIELD_DIFF,original_address,"Machnower Weg 9/11, Berlin","Klein-Machnower Weg 9/11, Berlin",0.65,address_differs
business_01805,Dampfwäscherei Carola,MATCH,(all),,,1.0,exact
business_01806,Dampfwäscherei Jäger Kreutzberger & Rosenberg,MATCH,(all),,,1.0,exact
business_01807,Dampfziegelei Bergenhorst AG,MATCH,(all),,,1.0,exact
business_01808,Danico Feinseifenfabrik GmbH,MATCH,(all),,,1.0,exact
business_01809,Daniel Haase,MATCH,(all),,,1.0,exact
business_01810,Daniel Huttner,MATCH,(all),,,1.0,exact
business_01811,Daniel Israelski,MATCH,(all),,,1.0,exact
business_01812,Daniel Lachmann,FIELD_DIFF,original_address,"Seydelstr. 31, Berlin","Seydelstr. 31a, Berlin",0.65,address_differs
business_01813,Daniel Milberg,MATCH,(all),,,1.0,exact
business_01814,Daniel Moses,MATCH,(all),,,1.0,exact
business_01815,Daniel Pinkus,MATCH,(all),,,1.0,exact
business_01816,Daniel Posnanski,MATCH,(all),,,1.0,exact
business_01817,"Daniel, Klara",MATCH,(all),,,1.0,exact
business_01818,Dannenbaum & Co,MATCH,(all),,,1.0,exact
business_01819,Dantowitz Philipp,MATCH,(all),,,1.0,exact
business_01820,"Danziger, Bruno",MATCH,(all),,,1.0,exact
business_01821,Darag Deutsch-Amerikanische Rohstoff-Gesellschaft mbH,MATCH,(all),,,1.0,exact
business_01822,Das Jüdische Volk Verlagsgesellschaft mbH,MATCH,(all),,,1.0,exact
business_01823,"Daurea, Loewy & Co",MATCH,(all),,,1.0,exact
business_01824,Daveg Darmverarbeitungs GmbH,MATCH,(all),,,1.0,exact
business_01825,David & Bruno Saenger,MATCH,(all),,,1.0,exact
business_01826,David & Co,FIELD_DIFF,original_address,"Friedrichstr. 44, Berlin","Neue Friedrichstr. 44, Berlin",0.65,address_differs
business_01827,David & Ehrlich,MATCH,(all),,,1.0,exact
business_01828,David Alpern,MATCH,(all),,,1.0,exact
business_01829,David Benedik,MATCH,(all),,,1.0,exact
business_01830,David Berkowitz,MATCH,(all),,,1.0,exact
business_01831,David Braunstein,MATCH,(all),,,1.0,exact
business_01832,David Caspari,MATCH,(all),,,1.0,exact
business_01833,David Epstein,MATCH,(all),,,1.0,exact
business_01834,David Farkas,MATCH,(all),,,1.0,exact
business_01835,David Feilchenfeld,MATCH,(all),,,1.0,exact
business_01836,David Felder,FIELD_DIFF,original_address,"Königstr. 39, Berlin","Neue Königstr. 39, Berlin",0.65,address_differs
business_01837,David Fiks,MATCH,(all),,,1.0,exact
business_01838,David Fischmann,FIELD_DIFF,original_address,"e Frankfurter Str. 87, Berlin","Große Frankfurter Str. 87, Berlin",0.65,address_differs
business_01839,David Goldberg,MATCH,(all),,,1.0,exact
business_01840,David Gärtner,MATCH,(all),,,1.0,exact
business_01841,David Henoch,MATCH,(all),,,1.0,exact
business_01842,David Herschkowitz,MATCH,(all),,,1.0,exact
business_01843,David Hess,MATCH,(all),,,1.0,exact
business_01844,David Joachimsmann,MATCH,(all),,,1.0,exact
business_01845,David Katz,MATCH,(all),,,1.0,exact
business_01846,David Kempinski,MATCH,(all),,,1.0,exact
business_01847,David Leder,MATCH,(all),,,1.0,exact
business_01848,David Neger,MATCH,(all),,,1.0,exact
business_01849,David Owitz,MATCH,(all),,,1.0,exact
business_01850,David Raff,MATCH,(all),,,1.0,exact
business_01851,David Rattner,MATCH,(all),,,1.0,exact
business_01852,David Rosenstock Handelsvertretungen,MATCH,(all),,,1.0,exact
business_01853,David Scherbel,MATCH,(all),,,1.0,exact
business_01854,David Schönberg,MATCH,(all),,,1.0,exact
business_01855,David Sid,MATCH,(all),,,1.0,exact
business_01856,David Springer Inh. Adolph Cohn,MATCH,(all),,,1.0,exact
business_01857,David Spritzer,MATCH,(all),,,1.0,exact
business_01858,David Steinberg,FIELD_DIFF,original_address,"Burgstr. 25, Berlin","Burgstr. 25 (Börse), Berlin",0.65,address_differs
business_01859,David Stockmann,MATCH,(all),,,1.0,exact
business_01860,David Weißbrod,MATCH,(all),,,1.0,exact
business_01861,David Winer,MATCH,(all),,,1.0,exact
business_01862,David Wischnitz,MATCH,(all),,,1.0,exact
business_01863,David Zagorski Herren Konfektion,MATCH,(all),,,1.0,exact
business_01864,David Zellermayer,FIELD_DIFF,original_address,"e Frankfurter Str. 107, Berlin","Große Frankfurter Str. 107, Berlin",0.65,address_differs
business_01865,"David, Kurt",MATCH,(all),,,1.0,exact
business_01866,"Dawid Fainleib & Co, Rauchwaren-GmbH",MATCH,(all),,,1.0,exact
business_01867,Dea-Film GmbH,MATCH,(all),,,1.0,exact
business_01868,Deco Wasch- und Scheuermittel-Vertrieb Sosnowski und Blumann,MATCH,(all),,,1.0,exact
business_01869,Defa Deutsche Export-GmbH,FIELD_DIFF,original_address,"( Trade ) Eingetragen im Handelsregister/ Gründung 1917 Erloschen 1936 Keine Angabe , Berlin","Keine Angabe , Berlin",0.65,address_differs
business_01870,Degea AG (Auergesellschaft),MATCH,(all),,,1.0,exact
business_01871,Degeka D. Goldstein & Co,FIELD_DIFF,original_address,"Brückenstr. 13, Berlin","Brückenstr. 13a, Berlin",0.65,address_differs
business_01872,Degrophot Deutsche Groß-Photo Gesellschaft für Werbung mbH,MATCH,(all),,,1.0,exact
business_01873,Deja Spezialgeschäft für Damenkonfektion Martha Jacobsohn,MATCH,(all),,,1.0,exact
business_01874,Dekla Das Kleinwarenhaus Haus Freyhan,MATCH,(all),,,1.0,exact
business_01875,Delakur Dental Laboratoriumsbedarf Kurfürst GmbH,MATCH,(all),,,1.0,exact
business_01876,Delbrück Schickler & Co,MATCH,(all),,,1.0,exact
business_01877,Delej & Co,MATCH,(all),,,1.0,exact
business_01878,Delikatessen- und Conservenfabrik Delikafag AG,MATCH,(all),,,1.0,exact
business_01879,Demo Deutscher Montanhandel GmbH,MATCH,(all),,,1.0,exact
business_01880,Dentos Dental-Depot des Ostens Emil Cohen,MATCH,(all),,,1.0,exact
business_01881,Dephot GmbH Deutscher Photodienst,MATCH,(all),,,1.0,exact
business_01882,Der Deutsche Volkswirt GmbH,MATCH,(all),,,1.0,exact
business_01883,Der Eierspezialist',MATCH,(all),,,1.0,exact
business_01884,Der Herr Geschäft feiner Herren-Moden nach Maß Julius Bergmann & Söhne,MATCH,(all),,,1.0,exact
business_01885,"Der Junggeselle, Verlags-Gesellschaft mbH",MATCH,(all),,,1.0,exact
business_01886,Der Oberhemdenspezialist,MATCH,(all),,,1.0,exact
business_01887,Der Renovator Alex Weiß,MATCH,(all),,,1.0,exact
business_01888,Der Soda-Syphon GmbH,MATCH,(all),,,1.0,exact
business_01889,Der Strumpf für Alle A. Holzmann GmbH,MATCH,(all),,,1.0,exact
business_01890,Der deutsche Qualitäts-Schuh,MATCH,(all),,,1.0,exact
business_01891,Der schlichte Laden Goldschmidt-Cohn und Fischel,MATCH,(all),,,1.0,exact
business_01892,Derfflingerstraße 4 Grundstücksaktiengesellschaft,FIELD_DIFF,original_address,"Derfflingerstraße 4, Berlin","Leipziger Str. 26, Berlin",0.65,address_differs
business_01893,"Derushag, Deutsch-Russische Handelsgesellschaft mbH",MATCH,(all),,,1.0,exact
business_01894,Descopreß Vereinigte Dr. Ing. Subkis & Co und Allpreß Fabriken GmbH,MATCH,(all),,,1.0,exact
business_01895,Despisa Deutsche Essenzen- und Spirituosenfabrikation Emanuel Kotzur,MATCH,(all),,,1.0,exact
business_01896,Dettmar Lewin,MATCH,(all),,,1.0,exact
business_01897,Deurupo Holz- und Metallwarengesellschaft mbH,MATCH,(all),,,1.0,exact
business_01898,Deutag Deutsche Buchführungs-Steuerberatungs- und Treuhand GmbH,MATCH,(all),,,1.0,exact
business_01899,Deutsch & Lachmann,MATCH,(all),,,1.0,exact
business_01900,"Deutsch, Elsa",MATCH,(all),,,1.0,exact
business_01901,Deutsch-Böhmische Kohlen-Handelsgesellschaft mbH,MATCH,(all),,,1.0,exact
business_01902,Deutsch-Englische Tuchhandelsgesellschaft mbH,MATCH,(all),,,1.0,exact
business_01903,Deutsch-Holländische Grunderwerbsgesellschaft mbH,MATCH,(all),,,1.0,exact
business_01904,Deutsch-Russische Luftverkehrs-GmbH,MATCH,(all),,,1.0,exact
business_01905,Deutsch-Russisches Transport-Comptoir Gebrüder Trojetzki,MATCH,(all),,,1.0,exact
business_01906,Deutsche Bahnspedition Schenker & Co GmbH,MATCH,(all),,,1.0,exact
business_01907,Deutsche Buch-Gemeinschaft GmbH,FIELD_DIFF,original_address,"Jacobstr. 156/157, Berlin","Alte Jacobstr. 156/157, Berlin",0.65,address_differs
business_01908,Deutsche Cassenrollen-Fabrik mbH,MATCH,(all),,,1.0,exact
business_01909,Deutsche Compagnie Heitinger & Co,MATCH,(all),,,1.0,exact
business_01910,Deutsche Effecten- und Wechsel-Bank,MATCH,(all),,,1.0,exact
business_01911,Deutsche Eisenbahn-Reklame GmbH,FIELD_DIFF,original_address,"Nordsternplatz, Berlin","Nordsternplatz k. A., Berlin",0.65,address_differs
business_01912,Deutsche Familien-Bekleidungsgesellschaft mbH Defaka B. G.,MATCH,(all),,,1.0,exact
business_01913,Deutsche Feinschleif-GmbH,MATCH,(all),,,1.0,exact
business_01914,Deutsche Gasgeräte-GmbH,MATCH,(all),,,1.0,exact
business_01915,Deutsche Gasglühlicht-Auer-GmbH,FIELD_DIFF,original_address,"Krause Ufer 24, Berlin","Fr. Krause Ufer 24, Berlin",0.65,address_differs
business_01916,Deutsche Genossenschafts-Revisions- und Treuhand-AG,MATCH,(all),,,1.0,exact
business_01917,Deutsche Genossenschafts-Revisions- und Treuhandges. m.b.H,MATCH,(all),,,1.0,exact
business_01918,Deutsche Grammophon-AG,MATCH,(all),,,1.0,exact
business_01919,Deutsche Grund- und Boden Verwertungsgesellschaft mbH,FIELD_DIFF,original_address,"Kantstraße 78, Berlin","Leipziger Str. 119/120, Berlin",0.65,address_differs
business_01920,Deutsche Grundbesitz-AG,MATCH,(all),,,1.0,exact
business_01921,Deutsche Grundstücks-Bau- und Verwaltungs-GmbH,MATCH,(all),,,1.0,exact
business_01922,Deutsche Herrenmoden Max Rosner,MATCH,(all),,,1.0,exact
business_01923,Deutsche Herrenwäsche-Fabriken Dornbusch & Co Berlin-Bielefeld,MATCH,(all),,,1.0,exact
business_01924,Deutsche Herrenwäsche-Industrie GmbH,MATCH,(all),,,1.0,exact
business_01925,Deutsche Hut-Zentrale Jenny Wollstein,MATCH,(all),,,1.0,exact
business_01926,Deutsche Industrie AG,MATCH,(all),,,1.0,exact
business_01927,Deutsche Industrie-AG,MATCH,(all),,,1.0,exact
business_01928,Deutsche Kassenblock GmbH,MATCH,(all),,,1.0,exact
business_01929,Deutsche Kohlenhandelsgesellschaft mbH,MATCH,(all),,,1.0,exact
business_01930,Deutsche Kupferhaus GmbH,MATCH,(all),,,1.0,exact
business_01931,Deutsche Leinen und Webwaren GmbH,FIELD_DIFF,original_address,"Bischofstr. 6, Berlin","Bischofstr. 6-8, Berlin",0.65,address_differs
business_01932,Deutsche Likör-Fabrik und Weinhandlung Ernst Voß,MATCH,(all),,,1.0,exact
business_01933,Deutsche Länderbank AG,MATCH,(all),,,1.0,exact
business_01934,Deutsche Metall Industrie A. S. Auerbach,MATCH,(all),,,1.0,exact
business_01935,Deutsche Metallbettstellen-Fabrik Max Mendelsohn,MATCH,(all),,,1.0,exact
business_01936,Deutsche Orientteppich Import Gesellschaft Ernst Philipsborn & Co,MATCH,(all),,,1.0,exact
business_01937,Deutsche Pelzindustrie GmbH,MATCH,(all),,,1.0,exact
business_01938,Deutsche Pharmazeutische Gesellschaft Norgine mbH,MATCH,(all),,,1.0,exact
business_01939,Deutsche Pharmazeutische Spezialpräparate Dephas GmbH,MATCH,(all),,,1.0,exact
business_01940,Deutsche Photomaton AG,MATCH,(all),,,1.0,exact
business_01941,Deutsche Revisions-Gesellschaft Wirtschafts-Treuhänder AG,MATCH,(all),,,1.0,exact
business_01942,Deutsche Schauspielhaus-Betriebs AG,MATCH,(all),,,1.0,exact
business_01943,Deutsche Schuhkunst Simon Karpf,MATCH,(all),,,1.0,exact
business_01944,Deutsche Sportartikel-Zeitung Neville B. Bloch & Co,FIELD_DIFF,original_address,"Platz 1, Berlin","Viktoria-Luise-Platz 1, Berlin",0.65,address_differs
business_01945,Deutsche Taschentuch-Industrie AG,MATCH,(all),,,1.0,exact
business_01946,Deutsche Taschentuch-Industrie Behrendt Müller & Co,MATCH,(all),,,1.0,exact
business_01947,Deutsche Textil-Auskunftei Scherbel & Co,MATCH,(all),,,1.0,exact
business_01948,Deutsche Unionbank AG,MATCH,(all),,,1.0,exact
business_01949,Deutsche Waren-Treuhand-AG,MATCH,(all),,,1.0,exact
business_01950,Deutsche Werkstätten Berlin GmbH,MATCH,(all),,,1.0,exact
business_01951,Deutsche Wäsche Elsabe Julius Bernstein,MATCH,(all),,,1.0,exact
business_01952,Deutscher Bahnhandel Alfred Bernstein,MATCH,(all),,,1.0,exact
business_01953,Deutscher Creditoren-Verband GmbH,MATCH,(all),,,1.0,exact
business_01954,Deutscher Film Zeitungsdienst GmbH,MATCH,(all),,,1.0,exact
business_01955,Deutscher Hut-Vertrieb GmbH,MATCH,(all),,,1.0,exact
business_01956,Deutscher Lozon Vertrieb Gerhard Lagro,MATCH,(all),,,1.0,exact
business_01957,Deutscher Modenverlag Louis Joseph,MATCH,(all),,,1.0,exact
business_01958,Deutscher Möbel-Vertrieb Becker & Co,MATCH,(all),,,1.0,exact
business_01959,Deutscher Schrotthandel GmbH,MATCH,(all),,,1.0,exact
business_01960,Deutscher Submissionsanzeiger Georg Erb,MATCH,(all),,,1.0,exact
business_01961,Deutscher Textilwaren Versand (Deutex) GmbH,MATCH,(all),,,1.0,exact
business_01962,Deutscher Werkfilm GmbH,FIELD_DIFF,original_address,"( Trade ) Eingetragen im Handelsregister/ Gründung 1925 Erloschen 1934 Potsdamer Str. 119b, Berlin","Potsdamer Str. 119b, Berlin",0.65,address_differs
business_01963,Deutscher Wirtschaftsbedarf Gesellschaft zur Belieferung von Beamten und Angestellten mbH,MATCH,(all),,,1.0,exact
business_01964,Deutsches Kolonialhaus Bruno Antelmann Nachf.,MATCH,(all),,,1.0,exact
business_01965,Deutsches National-Theater AG,MATCH,(all),,,1.0,exact
business_01966,Deutsches Schuhwarenhaus Adolf Sommerfeld,MATCH,(all),,,1.0,exact
business_01967,Deutsches Teppichhaus Emil Lefèvre GmbH,MATCH,(all),,,1.0,exact
business_01968,Deutsches Theater in Berlin GmbH,FIELD_DIFF,original_address,"Schumannstr. 13, Berlin","Schumannstr. 13a, Berlin",0.65,address_differs
business_01969,"Deutsches Theater, Direktion Max Reinhardt",FIELD_DIFF,original_address,"Schumannstr. 13, Berlin","Schumannstr. 13a, Berlin",0.65,address_differs
business_01970,Diaetei Berlin Georg Cohn,MATCH,(all),,,1.0,exact
business_01971,Diät-Friedemann,MATCH,(all),,,1.0,exact
business_01972,Diätspeisewirtschaft Friedemann,MATCH,(all),,,1.0,exact
business_01973,Dlusniewski & Co,MATCH,(all),,,1.0,exact
business_01974,Dobrin & Loewenthal,MATCH,(all),,,1.0,exact
business_01975,Doering & Co AG,MATCH,(all),,,1.0,exact
business_01976,Dom-Kellerei zu Köln AG,MATCH,(all),,,1.0,exact
business_01977,Domus Häusergesellschaft mbH,MATCH,(all),,,1.0,exact
business_01978,Domus Parva Grundstücks-AG zu Berlin,MATCH,(all),,,1.0,exact
business_01979,Domus bona Grundstücks-AG,MATCH,(all),,,1.0,exact
business_01980,Domus melior Grundstücks-Aktiengesellschaft zu Berlin,MATCH,(all),,,1.0,exact
business_01981,Diana Pulik,MATCH,(all),,,1.0,exact
business_01982,Diana-Apotheke-Drogenhandlung Ernst J. Levy,MATCH,(all),,,1.0,exact
business_01983,Dichterherzog,MATCH,(all),,,1.0,exact
business_01984,Dick & Goldschmidt,MATCH,(all),,,1.0,exact
business_01985,Die Buchlese Zeitschriftenvertrieb GmbH,MATCH,(all),,,1.0,exact
business_01986,Die Bücher-Ecke Willy Cohn,MATCH,(all),,,1.0,exact
business_01987,Die Heißmangel,MATCH,(all),,,1.0,exact
business_01988,Die Kohlenwirtschaft Verlagsgesellschaft mbH,MATCH,(all),,,1.0,exact
business_01989,"Dienemann, Hans",MATCH,(all),,,1.0,exact
business_01990,Dienes & Friedheim,MATCH,(all),,,1.0,exact
business_01991,"Dienes, Friedheim & Co",MATCH,(all),,,1.0,exact
business_01992,Dienstag & Co,MATCH,(all),,,1.0,exact
business_01993,Dietrich Staub & Böhm,MATCH,(all),,,1.0,exact
business_01994,Dipl. Ing. Alexander Schönwald Maschinen- und Apparatefabrik,MATCH,(all),,,1.0,exact
business_01995,Dipl.-Ing. Alfred Strauß,MATCH,(all),,,1.0,exact
business_01996,Dipl.-Ing. M. Lossos & Co,FIELD_DIFF,original_address,"( Trade ) Eingetragen im Handelsregister/ Gründung 1935 Erloschen 1938 Freisinger Str. 5a, Berlin","Freisinger Str. 5a, Berlin",0.65,address_differs
business_01997,Dipl.-Ing. Max Freundlich & Co Ingenieurbüro,MATCH,(all),,,1.0,exact
business_01998,"Dipl.-Ing. R. Schuftan, Zivil-Ingenieur",MATCH,(all),,,1.0,exact
business_01999,Direktion des Theater am Nollendorfplatz GmbH,MATCH,(all),,,1.0,exact
business_02000,Dita Stern,MATCH,(all),,,1.0,exact
business_02001,Domus minima Grundstücks-AG,MATCH,(all),,,1.0,exact
business_02002,Domus minor Grundstücks-AG zu Berlin,MATCH,(all),,,1.0,exact
business_02003,Domus optima Grundstücks-AG zu Berlin,MATCH,(all),,,1.0,exact
business_02004,Donig & Lambert,MATCH,(all),,,1.0,exact
business_02005,Doppelecke Grundstücksgesellschaft mbH,MATCH,(all),,,1.0,exact
business_02006,Doppellandhaus Dahlem GmbH,MATCH,(all),,,1.0,exact
business_02007,Dora Gelb Inh. Moritz Müller,MATCH,(all),,,1.0,exact
business_02008,Dora Gerson,MATCH,(all),,,1.0,exact
business_02009,Dora Grünwurzel,MATCH,(all),,,1.0,exact
business_02010,Dora Schwing,MATCH,(all),,,1.0,exact
business_02011,Dora Wachtel,MATCH,(all),,,1.0,exact
business_02012,Dorn-Verlag Grete Ullmann,MATCH,(all),,,1.0,exact
business_02013,Dorothea Holzhändler,MATCH,(all),,,1.0,exact
business_02014,Dorusim Laboratorium Otto Simon,MATCH,(all),,,1.0,exact
business_02015,Dosack Leo,MATCH,(all),,,1.0,exact
business_02016,Doscha Dr.-Ing. Jakob Schaffit,MATCH,(all),,,1.0,exact
business_02017,Dossmar,MATCH,(all),,,1.0,exact
business_02018,Dr. Adolf Abrahams Laboratorium,MATCH,(all),,,1.0,exact
business_02019,Dr. Albert Bernard Nachfolger Einhorn-Apotheke,MATCH,(all),,,1.0,exact
business_02020,Dr. Alexander & Posnanski,MATCH,(all),,,1.0,exact
business_02021,Dr. Alfred Hecht,MATCH,(all),,,1.0,exact
business_02022,Dr. Alfred Oppenheim,MATCH,(all),,,1.0,exact
business_02023,Dr. Apt & Co,MATCH,(all),,,1.0,exact
business_02024,"Dr. Aschner und Kempner, GmbH",MATCH,(all),,,1.0,exact
business_02025,Dr. Auerbach's Apotheke Dr. Martin Auerbach,MATCH,(all),,,1.0,exact
business_02026,Dr. Benedict & Co GmbH,MATCH,(all),,,1.0,exact
business_02027,Dr. Bretschneider & Co,MATCH,(all),,,1.0,exact
business_02028,Dr. Cassirer & Co AG,MATCH,(all),,,1.0,exact
business_02029,Dr. Dobrin & Co,MATCH,(all),,,1.0,exact
business_02030,Dr. Erich Herz,MATCH,(all),,,1.0,exact
business_02031,Dr. Ernst Moritz & Co Jupiter Hochdruck-Schweißapparate,MATCH,(all),,,1.0,exact
business_02032,Dr. Ernst Silten Fabrik chem. Pharmac. Praeparate,FIELD_DIFF,original_address,"Karlstr. 20, Berlin","Karlstr. 20a, Berlin",0.65,address_differs
business_02033,Dr. Fischer's Apotheke,MATCH,(all),,,1.0,exact
business_02034,Dr. Fraenkel-Oliven,MATCH,(all),,,1.0,exact
business_02035,Dr. Franz Bial & Co GmbH,MATCH,(all),,,1.0,exact
business_02036,Dr. Franz Josef Krall,MATCH,(all),,,1.0,exact
business_02037,Dr. Franz Steiner & Co GmbH,MATCH,(all),,,1.0,exact
business_02038,Dr. Fritz Taussig,MATCH,(all),,,1.0,exact
business_02039,Dr. Georg Henning chemisch-pharmazeutisches Werk GmbH,MATCH,(all),,,1.0,exact
business_02040,Dr. Georg Herzberg Fabrikation pharmazeutischer Präparate,MATCH,(all),,,1.0,exact
business_02041,Dr. Gustav Wicke,FIELD_DIFF,original_address,"Industr, Berlin","An der Ringbahn , Berlin",0.65,address_differs
business_02042,Dr. H. Kellermann GmbH,MATCH,(all),,,1.0,exact
business_02043,Dr. H. Sauer GmbH,MATCH,(all),,,1.0,exact
business_02044,Dr. Hans Preiß,MATCH,(all),,,1.0,exact
business_02045,Dr. Heinrich Lubowski & Co Handelsgesellschaft für chemische Produkte mbH,MATCH,(all),,,1.0,exact
business_02046,Dr. Herbert W. Nürnberg,MATCH,(all),,,1.0,exact
business_02047,Dr. Herz,MATCH,(all),,,1.0,exact
business_02048,Dr. Holz GmbH,MATCH,(all),,,1.0,exact
business_02049,Dr. Ing. Neumann & Co,MATCH,(all),,,1.0,exact
business_02050,Dr. Ing. Straus & Berliner,MATCH,(all),,,1.0,exact
business_02051,Dr. Ing. Subkis & Co Ingenieurbüro,MATCH,(all),,,1.0,exact
business_02052,Dr. James J. Traube Spezialartikel für Kraftfahrzeuge,MATCH,(all),,,1.0,exact
business_02053,Dr. Jewnin & Tebrich,MATCH,(all),,,1.0,exact
business_02054,Dr. Julius Spitzer & Co GmbH,MATCH,(all),,,1.0,exact
business_02055,"Dr. Julius Werther, Ingenieur",MATCH,(all),,,1.0,exact
business_02056,Dr. Kantorowicz GmbH,MATCH,(all),,,1.0,exact
business_02057,"Dr. Kurt Mendel, Sanatorium Mendel",MATCH,(all),,,1.0,exact
business_02058,Dr. Ludwig Mottek,MATCH,(all),,,1.0,exact
business_02059,"Dr. Ludwig Riesenfeld, Apotheker, pharmazeutisches Laboratorium",MATCH,(all),,,1.0,exact
business_02060,Dr. Lövinsohn & Co,MATCH,(all),,,1.0,exact
business_02061,Dr. Max Ascher & Co GmbH,MATCH,(all),,,1.0,exact
business_02062,"Dr. Max Goldschmidt, Bureau für Zeitungsausschnitte und Verlag der Wissenschaftlichen Revue",MATCH,(all),,,1.0,exact
business_02063,Dr. Max Levy GmbH,MATCH,(all),,,1.0,exact
business_02064,Dr. Max Salinger,MATCH,(all),,,1.0,exact
business_02065,Dr. Maß-Neumann,MATCH,(all),,,1.0,exact
business_02066,"Dr. Meyer, Speichert & Co",MATCH,(all),,,1.0,exact
business_02067,Dr. Oskar u. Paula Guttmann,MATCH,(all),,,1.0,exact
business_02068,Dr. Otto Burchard & Co GmbH,FIELD_DIFF,original_address,"Bellevuestr. 11, Berlin","Bellevuestr. 11a, Berlin",0.65,address_differs
business_02069,Dr. Pfeffermann & Co GmbH,MATCH,(all),,,1.0,exact
business_02070,Dr. Philipp Hirsch,MATCH,(all),,,1.0,exact
business_02071,Dr. Philipp Lederer,MATCH,(all),,,1.0,exact
business_02072,Dr. R. E. Müller & Co,MATCH,(all),,,1.0,exact
business_02073,Dr. Rudolf Reiß Rheumasan- u. Lenicet-Fabrik,MATCH,(all),,,1.0,exact
business_02074,Dr. S. Meyer & Co GmbH,MATCH,(all),,,1.0,exact
business_02075,Dr. Sachs & Co.,MATCH,(all),,,1.0,exact
business_02076,Dr. Selle-Eysler AG,MATCH,(all),,,1.0,exact
business_02077,Dr. Siegfried Tikotin vorm. Brandenburgisches Assekuranz Kontor,MATCH,(all),,,1.0,exact
business_02078,"Dr. Speier u. von Karger, Chemische Fabrik",MATCH,(all),,,1.0,exact
business_02079,"Dr. Striem, Wilhelm Jacques",MATCH,(all),,,1.0,exact
business_02080,"Dr. Toni Haber, Pension Westend",MATCH,(all),,,1.0,exact
business_02081,Dr. Vera Lachmann,MATCH,(all),,,1.0,exact
business_02082,Dr. Walter Freudenberg,MATCH,(all),,,1.0,exact
business_02083,Dr. Walther Rothschild,MATCH,(all),,,1.0,exact
business_02084,Dr. Westhoff & Co,MATCH,(all),,,1.0,exact
business_02085,Dr. Wolff & Co Import & Export,MATCH,(all),,,1.0,exact
business_02086,Dr. jur. Ernst Meyer,MATCH,(all),,,1.0,exact
business_02087,Dr. jur. Leopold Prinz,MATCH,(all),,,1.0,exact
business_02088,Dr. jur. Max Raphael,MATCH,(all),,,1.0,exact
business_02089,Dr. med. Elfriede Ehrenreich,MATCH,(all),,,1.0,exact
business_02090,Dr. med. Singer & Co GmbH,MATCH,(all),,,1.0,exact
business_02091,Drei-Sprachen-Korrespondenz Benno Marcus,MATCH,(all),,,1.0,exact
business_02092,Dreifuss & Co,MATCH,(all),,,1.0,exact
business_02093,Dres. Friedmann & Co Vermögensverwaltungs-GmbH,MATCH,(all),,,1.0,exact
business_02094,Drewes & Leyser,FIELD_DIFF,original_address,"Jakobstr. 78, Berlin","Alte Jakobstr. 78, Berlin",0.65,address_differs
business_02095,Dreßel & Ephraim,MATCH,(all),,,1.0,exact
business_02096,"Driha, Möbelhäuser, Drimmer & Halpern",MATCH,(all),,,1.0,exact
business_02097,Driha-Möbel Drimmer & Halpern GmbH,MATCH,(all),,,1.0,exact
business_02098,Droga Herbert Josephson,MATCH,(all),,,1.0,exact
business_02099,Drogerie Dr. Georg Peiser,MATCH,(all),,,1.0,exact
business_02100,Drogerie Gustav Behm,MATCH,(all),,,1.0,exact
business_02101,Drogerie HACO Inhaber Apotheker Hans Cohn,MATCH,(all),,,1.0,exact
business_02102,Drogerie Hermann Sasse Nachfolger Inhaber Apotheker Erich Salomon,MATCH,(all),,,1.0,exact
business_02103,Drogerie Süßkind Apotheker Kurt Süßkind,MATCH,(all),,,1.0,exact
business_02104,Drogerie Weißes Kreuz Apotheker Hugo Cohn,MATCH,(all),,,1.0,exact
business_02105,"Drogerie-Mack, Versandhaus, I. Ranges (1938)",MATCH,(all),,,1.0,exact
business_02106,Droysenhaus Grundstücksgesellschaft mbH,MATCH,(all),,,1.0,exact
business_02107,Drucker & Nagler,MATCH,(all),,,1.0,exact
business_02108,Druckerei Biko Reklame Klischee-Verlag Hochhauser & Aufrecht,MATCH,(all),,,1.0,exact
business_02109,Druckfarben-GmbH,MATCH,(all),,,1.0,exact
business_02110,Druckschriften-Vertriebsstelle des Reichsverbandes des kreditgebenden Einzelhandels GmbH,MATCH,(all),,,1.0,exact
business_02111,Druckwerkstätte Eri GmbH,MATCH,(all),,,1.0,exact
business_02112,Duffag Chemisch-technisches Werk AG,MATCH,(all),,,1.0,exact
business_02113,Dupla GmbH zur Herstellung zahnärztlicher Prothesen und für gemeinschaftlichen Einkauf von Metallen für zahntechnischen Bedarf,MATCH,(all),,,1.0,exact
business_02114,Duroplattenwerk AG,MATCH,(all),,,1.0,exact
business_02115,"Dénes & Friedmann, AG",MATCH,(all),,,1.0,exact
business_02116,Dübelwerke GmbH,FIELD_DIFF,original_address,"Kurfürstendamm 181, Berlin","Kurfürstendamm 181 IV, Berlin",0.65,address_differs
business_02117,"Dünner, Philipp",MATCH,(all),,,1.0,exact
business_02118,E. & F. Liepmann,MATCH,(all),,,1.0,exact
business_02119,E. & H. Mannheim,MATCH,(all),,,1.0,exact
business_02120,E. & L. Littmann,MATCH,(all),,,1.0,exact
business_02121,"E. & M. Gornitzky Parfümerien, Seifen, Haushaltungs- und Wirtschafts-Artikel",MATCH,(all),,,1.0,exact
business_02122,E. & M. Stern,MATCH,(all),,,1.0,exact
business_02123,E. A. Krüger & Friedeberg,MATCH,(all),,,1.0,exact
business_02124,E. A. Schwerdtfeger & Co AG,MATCH,(all),,,1.0,exact
business_02125,E. Apfeldorf,MATCH,(all),,,1.0,exact
business_02126,E. Audorff Nachf.,MATCH,(all),,,1.0,exact
business_02127,"E. Bauer, Entfleckerei ""am Knie""""""",MATCH,(all),,,1.0,exact
business_02128,E. Bergmann vorm. Leo Oberwarth Nachf.,MATCH,(all),,,1.0,exact
business_02129,"E. Bergmann, Stahl- und Maschinen-GmbH",MATCH,(all),,,1.0,exact
business_02130,E. Besas & Co,MATCH,(all),,,1.0,exact
business_02131,E. Bieber,MATCH,(all),,,1.0,exact
business_02132,E. Braun & Co,MATCH,(all),,,1.0,exact
business_02133,"E. Brinitzer, Dipl.-Ing.",MATCH,(all),,,1.0,exact
business_02134,"E. Cohn, Haus für Web-und Manufakturwaren",MATCH,(all),,,1.0,exact
business_02135,E. Fabian,MATCH,(all),,,1.0,exact
business_02136,E. G. Kaufmann,MATCH,(all),,,1.0,exact
business_02137,E. Heynemann & Co,MATCH,(all),,,1.0,exact
business_02138,E. Hirschfeld & Klemke,FIELD_DIFF,original_address,"Jägerstr. 6/7, Berlin","Kleine Jägerstr. 6/7, Berlin",0.65,address_differs
business_02139,E. Horst & Co,MATCH,(all),,,1.0,exact
business_02140,E. J. Meyer,MATCH,(all),,,1.0,exact
business_02141,E. Kobold Nfg.,MATCH,(all),,,1.0,exact
business_02142,E. Krampf Nflg.,MATCH,(all),,,1.0,exact
business_02143,E. L. Friedmann & Co,MATCH,(all),,,1.0,exact
business_02144,E. Landau & Co,MATCH,(all),,,1.0,exact
business_02145,E. Liebermann Inhaber Bernhard Nathan,MATCH,(all),,,1.0,exact
business_02146,E. Lochmaier & Co Bau- und Terraingesellschaft mbH,MATCH,(all),,,1.0,exact
business_02147,E. Mathews & Co,MATCH,(all),,,1.0,exact
business_02148,E. Mieschonz,MATCH,(all),,,1.0,exact
business_02149,E. Minx,MATCH,(all),,,1.0,exact
business_02150,E. Müller & Co,FIELD_DIFF,original_address,"( Trade ) Eingetragen im Handelsregister/ Gründung 1934 Besitzübernahme 1938 Keine Angabe , Berlin","Keine Angabe , Berlin",0.65,address_differs
business_02151,E. Richter & Co,MATCH,(all),,,1.0,exact
business_02152,E. Rothe,MATCH,(all),,,1.0,exact
business_02153,E. Skiba,MATCH,(all),,,1.0,exact
business_02154,E. Tusche & Co,MATCH,(all),,,1.0,exact
business_02155,E. Volkmar & Co,MATCH,(all),,,1.0,exact
business_02156,E. Wetzlar & Co,MATCH,(all),,,1.0,exact
business_02157,"E. Witte's Apotheke, Julius Hirschberg",MATCH,(all),,,1.0,exact
business_02158,E. Wolff & Sohn,MATCH,(all),,,1.0,exact
business_02159,E. Wulff & Cie,MATCH,(all),,,1.0,exact
business_02160,E. de la Sauce & Kloß,MATCH,(all),,,1.0,exact
business_02161,Eber Kraushar,MATCH,(all),,,1.0,exact
business_02162,Ebro Erste Berliner Dampf-Roßhaarspinnerei AG,MATCH,(all),,,1.0,exact
business_02163,Echt & Bogner,MATCH,(all),,,1.0,exact
business_02164,Eckstein Arthur,MATCH,(all),,,1.0,exact
business_02165,Ed. Capelle,MATCH,(all),,,1.0,exact
business_02166,Ed. Freystadt & Westmann,MATCH,(all),,,1.0,exact
business_02167,Ed. Lachmann in Liq.,MATCH,(all),,,1.0,exact
business_02168,Ed. Meßter GmbH,MATCH,(all),,,1.0,exact
business_02169,"Edel & Dobrin, Spirituosen und Weinhandlung GmbH",FIELD_DIFF,original_address,"Alexanderstr. 27, Berlin","Alexanderstr. 27a, Berlin",0.65,address_differs
business_02170,Edelhof GmbH,MATCH,(all),,,1.0,exact
business_02171,Edelstahl-GmbH,MATCH,(all),,,1.0,exact
business_02172,Eden Verlag GmbH,MATCH,(all),,,1.0,exact
business_02173,Edgar Caro,MATCH,(all),,,1.0,exact
business_02174,Edgar Riesenfeld,MATCH,(all),,,1.0,exact
business_02175,Edgar Ritterband,MATCH,(all),,,1.0,exact
business_02176,"Edgar Sandmann, Fabrikation von Blusen und Kleidern",MATCH,(all),,,1.0,exact
business_02177,Edgar Sußmann,MATCH,(all),,,1.0,exact
business_02178,Edith Flatow,MATCH,(all),,,1.0,exact
business_02179,Edith Grand,MATCH,(all),,,1.0,exact
business_02180,Edith Poppelauer,MATCH,(all),,,1.0,exact
business_02181,Edition Karl Brüll,MATCH,(all),,,1.0,exact
business_02182,Edler & Co,MATCH,(all),,,1.0,exact
business_02183,Edmund Ascher & Co,MATCH,(all),,,1.0,exact
business_02184,Edmund Kahn,FIELD_DIFF,original_address,"Jakobstr. 46, Berlin","Alte Jakobstr. 46, Berlin",0.65,address_differs
business_02185,Edmund Leon,MATCH,(all),,,1.0,exact
business_02186,Edmund Rappaport,MATCH,(all),,,1.0,exact
business_02187,Edmund Reich,MATCH,(all),,,1.0,exact
business_02188,Edmund Weinmann Vermögensverwaltung,MATCH,(all),,,1.0,exact
business_02189,"Eduard Bernstein, Pelzwaren",MATCH,(all),,,1.0,exact
business_02190,Eduard Biek,MATCH,(all),,,1.0,exact
business_02191,Eduard Cassel,MATCH,(all),,,1.0,exact
business_02192,Eduard Cohn jr.,MATCH,(all),,,1.0,exact
business_02193,Eduard Gans,MATCH,(all),,,1.0,exact
business_02194,Eduard Glaesemann,MATCH,(all),,,1.0,exact
business_02195,Eduard Glaser,MATCH,(all),,,1.0,exact
business_02196,Eduard Goldacker Nachf. (Inh. Gusowski und van Groenenbergh) GmbH,MATCH,(all),,,1.0,exact
business_02197,Eduard Growald,MATCH,(all),,,1.0,exact
business_02198,Eduard Hartwig,MATCH,(all),,,1.0,exact
business_02199,Eduard Hirsch,MATCH,(all),,,1.0,exact
business_02200,Eduard Jacobsohn,MATCH,(all),,,1.0,exact
business_02201,Eduard Kugelmann,MATCH,(all),,,1.0,exact
business_02202,Eduard Lichtenstein,MATCH,(all),,,1.0,exact
business_02203,Eduard Manes,MATCH,(all),,,1.0,exact
business_02204,Eduard Moskowitz,MATCH,(all),,,1.0,exact
business_02205,Eduard Naumann,MATCH,(all),,,1.0,exact
business_02206,Eduard Pincuß,FIELD_DIFF,original_address,"e Frankfurter Str. 13, Berlin","Große Frankfurter Str. 13, Berlin",0.65,address_differs
business_02207,Eduard Segall,MATCH,(all),,,1.0,exact
business_02208,Eduard Süßkind KG,MATCH,(all),,,1.0,exact
business_02209,Eduard Wassermann,MATCH,(all),,,1.0,exact
business_02210,Eduard Weißenstein,MATCH,(all),,,1.0,exact
business_02211,Edvard M. Ruben,MATCH,(all),,,1.0,exact
business_02212,Edwin L. Hurtig,MATCH,(all),,,1.0,exact
business_02213,Edwin Rosenthal GmbH,MATCH,(all),,,1.0,exact
business_02214,Edwin Rothschild,MATCH,(all),,,1.0,exact
business_02215,Efim Fuhrmann,FIELD_DIFF,original_address,"Linienstr. 142, Berlin","Linienstr. 142.43, Berlin",0.65,address_differs
business_02216,Egers & Engel,MATCH,(all),,,1.0,exact
business_02217,Egon Berlin,MATCH,(all),,,1.0,exact
business_02218,Egon Loewenberg,MATCH,(all),,,1.0,exact
business_02219,Eheyco-Werkstatt Ernst Katzenstein,MATCH,(all),,,1.0,exact
business_02220,Ehrenberger,MATCH,(all),,,1.0,exact
business_02221,Ehrenwerth & Schüler,MATCH,(all),,,1.0,exact
business_02222,Eichel & Co,MATCH,(all),,,1.0,exact
business_02223,Eichenwald & Co,FIELD_DIFF,original_address,"Friedrichstr. 23, Berlin","Neue Friedrichstr. 23, Berlin",0.65,address_differs
business_02224,"Eichholz & Loeser, Zweigniederlassung Berlin",MATCH,(all),,,1.0,exact
business_02225,Eigenhaus GmbH,MATCH,(all),,,1.0,exact
business_02226,Eigenhausbauten für Stadt und Land GmbH,MATCH,(all),,,1.0,exact
business_02227,Eigenheim-Dauerholzhaus-GmbH,MATCH,(all),,,1.0,exact
business_02228,Einfamilienhaus Mein Eigen AG,MATCH,(all),,,1.0,exact
business_02229,Einfamilienhaus Rothenburg AG,MATCH,(all),,,1.0,exact
business_02230,Einheitspreis Wedding GmbH,MATCH,(all),,,1.0,exact
business_02231,"Einkaufszentrale J. Schocken Söhne, GmbH, Zweigniederlassung Berlin",MATCH,(all),,,1.0,exact
business_02232,Einsteins Corsetspezialhaus für starke Damen GmbH,FIELD_DIFF,original_address,"Tauentzienstr. 7, Berlin","Tauentzienstr. 7b, Berlin",0.65,address_differs
business_02233,Einzelhandels-Verlag GmbH,MATCH,(all),,,1.0,exact
business_02234,Eischleb & Neuwahl,MATCH,(all),,,1.0,exact
business_02235,Eisdiele Kohn,MATCH,(all),,,1.0,exact
business_02236,Eisdiele des Westens,MATCH,(all),,,1.0,exact
business_02237,Eisen & Co,MATCH,(all),,,1.0,exact
business_02238,Eisen- und Stückblech-Handelsgesellschaft mbH,MATCH,(all),,,1.0,exact
business_02239,Eisen-Union AG,MATCH,(all),,,1.0,exact
business_02240,Eisenberg & Arndt,MATCH,(all),,,1.0,exact
business_02241,Eisenberg & Fraenkel,MATCH,(all),,,1.0,exact
business_02242,Eisenberg & Struck,MATCH,(all),,,1.0,exact
business_02243,Eisenberg & Struck AG in Liq.,MATCH,(all),,,1.0,exact
business_02244,"Eisenbetongesellschaft Dittmar Wolfsohn & Co, Breslau, Zweigniederlassung Berlin",MATCH,(all),,,1.0,exact
business_02245,Eisenschmidt's Buch- und Landkartenhandlung,MATCH,(all),,,1.0,exact
business_02246,Eisladen der Senta Reibach-Ruß,MATCH,(all),,,1.0,exact_ambiguous_2
business_02247,Eisladen der Senta Reibach-Ruß,MATCH,(all),,,1.0,exact_ambiguous_2
business_02248,Eisner & Ehrmann,MATCH,(all),,,1.0,exact
business_02249,Eisner & Kirchheim GmbH,MATCH,(all),,,1.0,exact
business_02250,Eisner & Meisl AG,MATCH,(all),,,1.0,exact
business_02251,Eiswerke & Kühlhallen am Alexanderplatz Nathan Lindenberger,MATCH,(all),,,1.0,exact
business_02252,Eizenschmidt & Co,MATCH,(all),,,1.0,exact
business_02253,Elektrische Anlagen Siegfried Baumann,MATCH,(all),,,1.0,exact
business_02254,Elektro-Galvanisator Willy Kutzsch,MATCH,(all),,,1.0,exact
business_02255,Elektro-Galvanisator-GmbH,MATCH,(all),,,1.0,exact
business_02256,Elektro-Gesellschaft Eugen Cohn & Co,MATCH,(all),,,1.0,exact
business_02257,Elektro-Großhandel Willi Redlich,MATCH,(all),,,1.0,exact
business_02258,Elektro-Großhandlung Georg Heidemann,MATCH,(all),,,1.0,exact
business_02259,Elektrobereitschaft Obering. Lutz Warschauer,MATCH,(all),,,1.0,exact
business_02260,Elektromotoren Willo Willi Loewenstein,MATCH,(all),,,1.0,exact
business_02261,Elektromotoren-Werke Hermann Gradenwitz,MATCH,(all),,,1.0,exact
business_02262,"Eleonore, Grundstücksgesellschaft mbH",FIELD_DIFF,original_address,"Kurfürstenstr. 99, Berlin","Kurfürstenstr. 99a, Berlin",0.65,address_differs
business_02263,Elfriede Loew,MATCH,(all),,,1.0,exact
business_02264,Elias Assiran,MATCH,(all),,,1.0,exact
business_02265,Elias Bernstein Tabakwaren,MATCH,(all),,,1.0,exact
business_02266,Elias Gehler,MATCH,(all),,,1.0,exact
business_02267,Elias Glaser,MATCH,(all),,,1.0,exact
business_02268,Elias Leo Bermann,MATCH,(all),,,1.0,exact
business_02269,Elias Mandelbrod,MATCH,(all),,,1.0,exact
business_02270,Elias Nossen,MATCH,(all),,,1.0,exact
business_02271,Elias Olejer,MATCH,(all),,,1.0,exact
business_02272,Elias Ring,MATCH,(all),,,1.0,exact
business_02273,Elias Schreiber Tabakwarengroßhandlung,MATCH,(all),,,1.0,exact
business_02274,Elias Steiner,MATCH,(all),,,1.0,exact
business_02275,Elias Urbach,MATCH,(all),,,1.0,exact
business_02276,Elie Salzmann,MATCH,(all),,,1.0,exact
business_02277,Elisabeth Alexandra Levy,MATCH,(all),,,1.0,exact
business_02278,Elisabeth Bankin,MATCH,(all),,,1.0,exact
business_02279,Elisabeth Goldschmidt Damenkonfektion,MATCH,(all),,,1.0,exact
business_02280,Elisabeth-Apotheke Dr. Emil Klemann,MATCH,(all),,,1.0,exact
business_02281,Elise Kietzmann Inhaber Ascher und Lietke,MATCH,(all),,,1.0,exact
business_02282,Elise Koh,MATCH,(all),,,1.0,exact
business_02283,Elise Zickel Nchf.,MATCH,(all),,,1.0,exact
business_02284,Elite Wäscheversand Tony Jacob Nachfolger Bernhard Speyer,MATCH,(all),,,1.0,exact
business_02285,"Elite-Wäscherei ""Heißrolle""""""",MATCH,(all),,,1.0,exact
business_02286,"Elkeles, Max",MATCH,(all),,,1.0,exact
business_02287,Ella Herrlich,MATCH,(all),,,1.0,exact
business_02288,"Ella Lehmann GmbH, vorm. Conrad & Rogozinski",MATCH,(all),,,1.0,exact
business_02289,Ella Miermeister,FIELD_DIFF,original_address,"Inselstr. 1, Berlin","Inselstr. 1a, Berlin",0.65,address_differs
business_02290,Ella Schwerk,FIELD_DIFF,original_address,"Ella Schwerk Ella Schwerk (04.06.1935) Eingetragen im Handelsregister/ Gründung 1935 , Berlin",", Berlin",0.65,address_differs
business_02291,Elle & Co GmbH,MATCH,(all),,,1.0,exact
business_02292,Ellen Fischer-Milch,MATCH,(all),,,1.0,exact
business_02293,Ellen Richter-Film GmbH,MATCH,(all),,,1.0,exact
business_02294,Elli Cahn,MATCH,(all),,,1.0,exact
business_02295,Elli Fink,MATCH,(all),,,1.0,exact
business_02296,Elli Kohls,MATCH,(all),,,1.0,exact
business_02297,Elli Rogasinski,MATCH,(all),,,1.0,exact
business_02298,Elliot's Herrenausstattungen Berthold Elliot,MATCH,(all),,,1.0,exact
business_02299,Ellson & Co,MATCH,(all),,,1.0,exact
business_02300,Elly Cols,MATCH,(all),,,1.0,exact
business_02301,Elsa Jeretzky,MATCH,(all),,,1.0,exact
business_02302,Elsa Liedke,MATCH,(all),,,1.0,exact
business_02303,Elsana Inh. Samuel Goldberg,MATCH,(all),,,1.0,exact
business_02304,Elsbeth Probst,MATCH,(all),,,1.0,exact
business_02305,Elsbeth Zacharias,MATCH,(all),,,1.0,exact
business_02306,Else Behrend,MATCH,(all),,,1.0,exact
business_02307,Else Goldberger,MATCH,(all),,,1.0,exact
business_02308,Else Herzberger ( Elsa Herzberger),MATCH,(all),,,1.0,exact
business_02309,Else Josephson,MATCH,(all),,,1.0,exact
business_02310,Else Katzenellenbogen,MATCH,(all),,,1.0,exact
business_02311,Else Levy,MATCH,(all),,,1.0,exact
business_02312,Else Lubranczyk,MATCH,(all),,,1.0,exact
business_02313,Else Marcus,MATCH,(all),,,1.0,exact
business_02314,Else Oldendorff,MATCH,(all),,,1.0,exact
business_02315,Else Weinstock,MATCH,(all),,,1.0,exact
business_02316,"Elwinn Lachmann, Diplom",MATCH,(all),,,1.0,exact
business_02317,Ely F. Uziel,MATCH,(all),,,1.0,exact
business_02318,Elysium Lichtspiele GmbH,MATCH,(all),,,1.0,exact
business_02319,Elzet-Herrenkleidung GmbH,MATCH,(all),,,1.0,exact
business_02320,Emanuel & Co,MATCH,(all),,,1.0,exact
business_02321,Emanuel Cohn-Reisner,MATCH,(all),,,1.0,exact
business_02322,Emanuel Friedlaender & Comp.,MATCH,(all),,,1.0,exact
business_02323,Emanuel Goldberg,MATCH,(all),,,1.0,exact
business_02324,Emanuel Grausmann,MATCH,(all),,,1.0,exact
business_02325,Emanuel Japhet,MATCH,(all),,,1.0,exact
business_02326,Emanuel Kunst,MATCH,(all),,,1.0,exact
business_02327,Emanuel M. Meyer,MATCH,(all),,,1.0,exact
business_02328,Emanuel Mohnblatt,MATCH,(all),,,1.0,exact
business_02329,Emanuel Moor,MATCH,(all),,,1.0,exact
business_02330,Emanuel Radványi,MATCH,(all),,,1.0,exact
business_02331,Emanuel Reich,MATCH,(all),,,1.0,exact
business_02332,Emanuel Wolf,MATCH,(all),,,1.0,exact
business_02333,Emanuel Zeller,MATCH,(all),,,1.0,exact
business_02334,Embeco Moderne Backfischkonfektion GmbH,MATCH,(all),,,1.0,exact
business_02335,Embeco Modische Bekleidungs Kompagnie Abromeit & Huth,MATCH,(all),,,1.0,exact
business_02336,"Emco, Herrenwäsche, Inhaber Martin Cohn",MATCH,(all),,,1.0,exact
business_02337,Emerich C. Kellermann,MATCH,(all),,,1.0,exact
business_02338,"Emil A. Bopst, Baugesellschaft mbH",MATCH,(all),,,1.0,exact
business_02339,Emil Ascher,MATCH,(all),,,1.0,exact
business_02340,Emil Barstz,MATCH,(all),,,1.0,exact
business_02341,Emil Bartmann,MATCH,(all),,,1.0,exact
business_02342,Emil Birkholz Nachf.,MATCH,(all),,,1.0,exact
business_02343,Emil Bloch,MATCH,(all),,,1.0,exact
business_02344,Emil Bremler,MATCH,(all),,,1.0,exact
business_02345,Emil Brock,MATCH,(all),,,1.0,exact
business_02346,Emil Camnitzer,MATCH,(all),,,1.0,exact
business_02347,Emil Cohen,MATCH,(all),,,1.0,exact
business_02348,Emil Dammann & Co,MATCH,(all),,,1.0,exact
business_02349,Emil Elkan,MATCH,(all),,,1.0,exact
business_02350,Emil Enchelmayer GmbH,MATCH,(all),,,1.0,exact
business_02351,Emil Flater,MATCH,(all),,,1.0,exact
business_02352,Emil Frankenstein Bank-KG,MATCH,(all),,,1.0,exact
business_02353,Emil Fürth GmbH,MATCH,(all),,,1.0,exact
business_02354,Emil Gallewski,MATCH,(all),,,1.0,exact
business_02355,Emil Gerstle & Co,MATCH,(all),,,1.0,exact
business_02356,Emil Gobitz,MATCH,(all),,,1.0,exact
business_02357,Emil Grand,MATCH,(all),,,1.0,exact
business_02358,Emil Grünberg,MATCH,(all),,,1.0,exact
business_02359,Emil H. Wolff,MATCH,(all),,,1.0,exact
business_02360,Emil Heinicke AG,FIELD_DIFF,original_address,"Saarlandstr. 72, Berlin","Königgrätzer Str. (Saarlandstr.) 72, Berlin",0.65,address_differs
business_02361,Emil Henschel,MATCH,(all),,,1.0,exact
business_02362,Emil Israelski,MATCH,(all),,,1.0,exact
business_02363,Emil Jacob,MATCH,(all),,,1.0,exact
business_02364,Emil Jacobsohn,MATCH,(all),,,1.0,exact
business_02365,Emil Jacoby AG gegr. 1872,MATCH,(all),,,1.0,exact
business_02366,Emil Janklowitz,MATCH,(all),,,1.0,exact
business_02367,Emil Joseph Modewaaren,MATCH,(all),,,1.0,exact
business_02368,Emil Kauf,MATCH,(all),,,1.0,exact
business_02369,"Emil Kauffmann, Müncheberg (Mark), Zweigniederlassung Berlin",MATCH,(all),,,1.0,exact
business_02370,Emil Kirstein,MATCH,(all),,,1.0,exact
business_02371,Emil Kochmann,MATCH,(all),,,1.0,exact
business_02372,"Emil Köster, Deutsche Beamten-Einkaufs-AG, Zweigniederlassung Berlin",MATCH,(all),,,1.0,exact
business_02373,Emil Lange,MATCH,(all),,,1.0,exact
business_02374,Emil Lemke Kisten- und Holzwoll-GmbH,MATCH,(all),,,1.0,exact
business_02375,Emil Lipmann,MATCH,(all),,,1.0,exact
business_02376,Emil Loeser,MATCH,(all),,,1.0,exact
business_02377,Emil Loewenthal,MATCH,(all),,,1.0,exact
business_02378,Emil Loewenthal Metallhandlung,MATCH,(all),,,1.0,exact
business_02379,Emil Löwenberg,MATCH,(all),,,1.0,exact
business_02380,Emil Mandel,FIELD_DIFF,original_address,"Grünstr. 52, Berlin","Grünstr. 52a, Berlin",0.65,address_differs
business_02381,Emil Marx,MATCH,(all),,,1.0,exact
business_02382,Emil Mendel Vertretungen,MATCH,(all),,,1.0,exact
business_02383,Emil Münz & Comp.,MATCH,(all),,,1.0,exact
business_02384,Emil Neumann,MATCH,(all),,,1.0,exact
business_02385,Emil Nürnberg,MATCH,(all),,,1.0,exact
business_02386,Emil Pick & Co,MATCH,(all),,,1.0,exact
business_02387,Emil Plessner & Sohn,MATCH,(all),,,1.0,exact
business_02388,Emil Prager,MATCH,(all),,,1.0,exact
business_02389,Emil Romann,FIELD_DIFF,original_address,"Grünstr. 30, Berlin","Neue Grünstr. 30, Berlin",0.65,address_differs
business_02390,Emil Schein Blusen- und Kleider-Gesellschaft mbH,MATCH,(all),,,1.0,exact
business_02391,Emil Schmidt,MATCH,(all),,,1.0,exact
business_02392,Emil Schönmann,MATCH,(all),,,1.0,exact
business_02393,Emil Siedner,FIELD_DIFF,original_address,"Charlottenstr. 65, Berlin","Charlottenstr. 65a, Berlin",0.65,address_differs
business_02394,Emil Streisand,MATCH,(all),,,1.0,exact
business_02395,Emil Tugendhat,MATCH,(all),,,1.0,exact
business_02396,Emil Unger,MATCH,(all),,,1.0,exact
business_02397,Emil W. Hinrichsen,MATCH,(all),,,1.0,exact
business_02398,Emil Weinwurm,MATCH,(all),,,1.0,exact
business_02399,Emil Zweigenthal,MATCH,(all),,,1.0,exact
business_02400,"Emko, Eisen- und Metall-Kontor GmbH",MATCH,(all),,,1.0,exact
business_02401,Emma Bernstein-Schönfeld,MATCH,(all),,,1.0,exact
business_02402,"Emma Bette, Bud & Lachmann & Co Damen- und Kindermoden GmbH",MATCH,(all),,,1.0,exact
business_02403,Emma Samter,MATCH,(all),,,1.0,exact
business_02404,Emmanuel Weiss (Emmanuel Weiß),MATCH,(all),,,1.0,exact
business_02405,Emmaus Apotheke und Medicinal Drogenhaus Adolf Boas,MATCH,(all),,,1.0,exact
business_02406,Emmo Lewy,MATCH,(all),,,1.0,exact
business_02407,Emmy Hirschfeld,MATCH,(all),,,1.0,exact
business_02408,Emmy Rosenbaum Kosmetikfachschule,MATCH,(all),,,1.0,exact
business_02409,Empedon-Compagnie Paul Maschke,MATCH,(all),,,1.0,exact
business_02410,En-Te Grundstücks-Erwerbsgesellschaft mbH,MATCH,(all),,,1.0,exact
business_02411,Energiadruck Leonid Schapiro,MATCH,(all),,,1.0,exact
business_02412,Engelbecken-Grundstücks-GmbH,MATCH,(all),,,1.0,exact
business_02413,Engelhardt-Brauerei AG,MATCH,(all),,,1.0,exact
business_02414,"Engelmann, Heinz",MATCH,(all),,,1.0,exact
business_02415,Englische Textilwaren Dinermann & Co GmbH,MATCH,(all),,,1.0,exact
business_02416,Ensoplatten Importgesellschaft mbH,MATCH,(all),,,1.0,exact
business_02417,Entfleckerei Lucie Herald,MATCH,(all),,,1.0,exact
business_02418,Enver Bey Zigarettenfabrik GmbH,MATCH,(all),,,1.0,exact
business_02419,Epa AG,MATCH,(all),,,1.0,exact
business_02420,Ephraimson & Neumann,MATCH,(all),,,1.0,exact
business_02421,Epstein & Baruchsohn GmbH,MATCH,(all),,,1.0,exact
business_02422,Epstein & Co GmbH,MATCH,(all),,,1.0,exact
business_02423,Erbbaurecht GmbH,MATCH,(all),,,1.0,exact
business_02424,Erber & Co,MATCH,(all),,,1.0,exact
business_02425,Erber & Sohn,MATCH,(all),,,1.0,exact
business_02426,Erco am Zoo Strümpfe und Wäsche Erna Cohn,MATCH,(all),,,1.0,exact
business_02427,Erhard Schlawig,MATCH,(all),,,1.0,exact
business_02428,Erholungsheim Neubabelsberg,MATCH,(all),,,1.0,exact
business_02429,Erich A. Cohn,MATCH,(all),,,1.0,exact
business_02430,Erich A. Michaelis,MATCH,(all),,,1.0,exact
business_02431,Erich Adler GmbH,MATCH,(all),,,1.0,exact
business_02432,Erich Boehden & Co Fabrik chemisch-pharmazeutischer Präparate GmbH,MATCH,(all),,,1.0,exact
business_02433,Erich Bonwitt,MATCH,(all),,,1.0,exact
business_02434,Erich Brauer,MATCH,(all),,,1.0,exact
business_02435,Erich Cohn,MATCH,(all),,,1.0,exact
business_02436,Erich Dresel,MATCH,(all),,,1.0,exact
business_02437,Erich E. Bernhard,MATCH,(all),,,1.0,exact
business_02438,Erich Felix Import Kommission Obst Gemüse Südfrüchte,FIELD_DIFF,original_address,"Friedrichstr. 37, Berlin","Neue Friedrichstr. 37, Berlin",0.65,address_differs
business_02439,Erich Friedenstein,MATCH,(all),,,1.0,exact
business_02440,Erich Friedländer,MATCH,(all),,,1.0,exact
business_02441,Erich Goldschmidt Beleuchtungskörper,MATCH,(all),,,1.0,exact
business_02442,Erich Goldstein,MATCH,(all),,,1.0,exact
business_02443,Erich Gottfurcht,MATCH,(all),,,1.0,exact
business_02444,Erich Hausmann,FIELD_DIFF,original_address,"Alexanderstr. 15, Berlin","Kleine Alexanderstr. 15, Berlin",0.65,address_differs
business_02445,Erich Hirsch Cartonagen-Fabrik Inhaber: Erich Hirsch,MATCH,(all),,,1.0,exact
business_02446,Erich Instrator,MATCH,(all),,,1.0,exact
business_02447,Erich J. Kaufmann,FIELD_DIFF,original_address,"Taubenstr. 23, Berlin","Taubenstr. 23a, Berlin",0.65,address_differs
business_02448,Erich Jacks,MATCH,(all),,,1.0,exact
business_02449,Erich Jacoby,MATCH,(all),,,1.0,exact
business_02450,Erich Kahn,MATCH,(all),,,1.0,exact
business_02451,Erich Kiwi,FIELD_DIFF,original_address,"Königstr. 6, Berlin","Neue Königstr. 6, Berlin",0.65,address_differs
business_02452,Erich Krämer,MATCH,(all),,,1.0,exact
business_02453,Erich Levit,MATCH,(all),,,1.0,exact
business_02454,Erich Liebach & Co,MATCH,(all),,,1.0,exact
business_02455,Erich Loewenstein,MATCH,(all),,,1.0,exact
business_02456,Erich Loewenthal & Co,MATCH,(all),,,1.0,exact
business_02457,Erich Meyer Kleider,MATCH,(all),,,1.0,exact
business_02458,Erich Mottek,FIELD_DIFF,original_address,"Burgstr. 25, Berlin","Burgstr. 25 (Börse), Berlin",0.65,address_differs
business_02459,Erich Neumann & Co,MATCH,(all),,,1.0,exact
business_02460,Erich Oling & Co,MATCH,(all),,,1.0,exact
business_02461,Erich Reiß Verlag,MATCH,(all),,,1.0,exact
business_02462,Erich Reiß Verlag GmbH,MATCH,(all),,,1.0,exact
business_02463,Erich Rosam,MATCH,(all),,,1.0,exact
business_02464,Erich Rosenwald,MATCH,(all),,,1.0,exact
business_02465,Erich Saenger,MATCH,(all),,,1.0,exact
business_02466,Erich Samulon,MATCH,(all),,,1.0,exact
business_02467,Erich Schneider,MATCH,(all),,,1.0,exact
business_02468,Erich Schön,MATCH,(all),,,1.0,exact
business_02469,Erich Tell,MATCH,(all),,,1.0,exact
business_02470,Erich Verständig,MATCH,(all),,,1.0,exact
business_02471,Erich Vogel Damenputz-Großhandlung,MATCH,(all),,,1.0,exact
business_02472,Erich Wechselmann,MATCH,(all),,,1.0,exact
business_02473,Erich Wolff,MATCH,(all),,,1.0,exact
business_02474,Erich Wolfsohn KG,MATCH,(all),,,1.0,exact
business_02475,Erko-Elektro-Radium-Kompresse GmbH,MATCH,(all),,,1.0,exact
business_02476,Erna Auerbach,MATCH,(all),,,1.0,exact
business_02477,"Erna Barnaß, Vertreterin",MATCH,(all),,,1.0,exact
business_02478,Erna Cohn,MATCH,(all),,,1.0,exact
business_02479,Erna Elion,MATCH,(all),,,1.0,exact
business_02480,Erna Fidélmann,MATCH,(all),,,1.0,exact
business_02481,Erna Gongolla,MATCH,(all),,,1.0,exact
business_02482,Erna Helborn,MATCH,(all),,,1.0,exact
business_02483,"Erna Marcus, in Firma Arthur Aron",MATCH,(all),,,1.0,exact
business_02484,Erna Silbermann,MATCH,(all),,,1.0,exact
business_02485,Ernestine Jacks,MATCH,(all),,,1.0,exact
business_02486,Ernst Arndt,MATCH,(all),,,1.0,exact
business_02487,Ernst Behr,MATCH,(all),,,1.0,exact
business_02488,Ernst Beier,MATCH,(all),,,1.0,exact
business_02489,Ernst Bergemann,MATCH,(all),,,1.0,exact
business_02490,Ernst Bernhard,MATCH,(all),,,1.0,exact
business_02491,"Ernst Birawer, Leipziger Straße 4",MATCH,(all),,,1.0,exact
business_02492,Ernst Cahn,MATCH,(all),,,1.0,exact
business_02493,Ernst Caro,MATCH,(all),,,1.0,exact
business_02494,Ernst Caspari Autovermietung,MATCH,(all),,,1.0,exact
business_02495,Ernst Cohn Getreide - Futtermittel,MATCH,(all),,,1.0,exact
business_02496,Ernst Dannenbaum,MATCH,(all),,,1.0,exact
business_02497,Ernst Egeling & Co,MATCH,(all),,,1.0,exact
business_02498,Ernst Fischer Fahrstuhlbau,MATCH,(all),,,1.0,exact
business_02499,Ernst Fischer GmbH,MATCH,(all),,,1.0,exact
business_02500,Ernst Gallewski,MATCH,(all),,,1.0,exact
business_02501,"Ernst Goldstücker, Export Commission & Agentur",MATCH,(all),,,1.0,exact
business_02502,Ernst Gossow Nachf.,MATCH,(all),,,1.0,exact
business_02503,Ernst Grüneberg,MATCH,(all),,,1.0,exact
business_02504,Ernst H. Kayser,MATCH,(all),,,1.0,exact_ambiguous_2
business_02505,Ernst H. Kayser,FIELD_DIFF,endDate,1938,1934,0.6,closing/takeover year mismatch
business_02506,Ernst Hamburg,MATCH,(all),,,1.0,exact
business_02507,Ernst Heller,MATCH,(all),,,1.0,exact
business_02508,Ernst Herrnberg,MATCH,(all),,,1.0,exact
business_02509,Ernst Hertz,MATCH,(all),,,1.0,exact
business_02510,Ernst Herzberg,MATCH,(all),,,1.0,exact
business_02511,Ernst Herzfeld,MATCH,(all),,,1.0,exact
business_02512,Ernst Hesse,MATCH,(all),,,1.0,exact
business_02513,Ernst Heydemann,MATCH,(all),,,1.0,exact
business_02514,Ernst Hirsch,MATCH,(all),,,1.0,exact
business_02515,Ernst Hirschel,MATCH,(all),,,1.0,exact
business_02516,Ernst Hoffmandt,MATCH,(all),,,1.0,exact
business_02517,Ernst Ißler,MATCH,(all),,,1.0,exact
business_02518,Ernst Jacob AG,MATCH,(all),,,1.0,exact
business_02519,Ernst Jacoby,MATCH,(all),,,1.0,exact
business_02520,Ernst Kallmann,MATCH,(all),,,1.0,exact
business_02521,Ernst Knopf,MATCH,(all),,,1.0,exact
business_02522,Ernst Lindenberg Finanzierungen,MATCH,(all),,,1.0,exact
business_02523,Ernst Loepert,MATCH,(all),,,1.0,exact
business_02524,Ernst Loewenstein,MATCH,(all),,,1.0,exact
business_02525,Ernst Loewy,MATCH,(all),,,1.0,exact
business_02526,Ernst M. Hirschberg,MATCH,(all),,,1.0,exact
business_02527,Ernst Marcuse,MATCH,(all),,,1.0,exact
business_02528,Ernst Meisel,MATCH,(all),,,1.0,exact
business_02529,Ernst Mendershausen,MATCH,(all),,,1.0,exact
business_02530,Ernst Meyerhof,MATCH,(all),,,1.0,exact
business_02531,Ernst Moser & Co,MATCH,(all),,,1.0,exact
business_02532,Ernst Nassau,MATCH,(all),,,1.0,exact
business_02533,Ernst Naumann & Sander,MATCH,(all),,,1.0,exact
business_02534,Ernst Neufeld,MATCH,(all),,,1.0,exact
business_02535,Ernst Nußbaum Kleider,MATCH,(all),,,1.0,exact
business_02536,Ernst Plachta,FIELD_DIFF,original_address,"Mohrenstr. 37, Berlin","Mohrenstr. 37a, Berlin",0.65,address_differs
business_02537,Ernst Pniower,MATCH,(all),,,1.0,exact
business_02538,Ernst Pollak Verlag,MATCH,(all),,,1.0,exact
business_02539,Ernst Popper,MATCH,(all),,,1.0,exact
business_02540,Ernst Rosenberg & Co GmbH,MATCH,(all),,,1.0,exact
business_02541,Ernst Schlesinger Zigarren- und Tabak-Fabrik,MATCH,(all),,,1.0,exact
business_02542,Ernst Schotte & Co,MATCH,(all),,,1.0,exact
business_02543,Ernst Schwarz- Wäscherei Spreetal,MATCH,(all),,,1.0,exact
business_02544,Ernst Schützer,MATCH,(all),,,1.0,exact
business_02545,Ernst Seelig,MATCH,(all),,,1.0,exact
business_02546,Ernst Seidelmann,MATCH,(all),,,1.0,exact
business_02547,Ernst Sochaczewer,MATCH,(all),,,1.0,exact
business_02548,Ernst Sommer & Co,MATCH,(all),,,1.0,exact
business_02549,Ernst Spiegel,MATCH,(all),,,1.0,exact
business_02550,Ernst Steinberg,MATCH,(all),,,1.0,exact
business_02551,Ernst Tell Fabrik chemisch-pharmazeutischer Präparate,MATCH,(all),,,1.0,exact
business_02552,Ernst Wallheimer,MATCH,(all),,,1.0,exact
business_02553,"Ernst Weiler, Dipl. kfm.",MATCH,(all),,,1.0,exact
business_02554,Ernst Wilhelm Samuel,MATCH,(all),,,1.0,exact
business_02555,Erste Berliner Sodawasserfabrik Syphon Ueberall-Vindobona GmbH,MATCH,(all),,,1.0,exact
business_02556,Erste Berliner Spezial-Kopier-Druckerei Max Brodek,MATCH,(all),,,1.0,exact
business_02557,Erste Ostpreußische Bettfedernfabrik Jakob Klimowski,MATCH,(all),,,1.0,exact
business_02558,Erste Rixdorfer Glühkörper-Fabrik Alschweig & Co,MATCH,(all),,,1.0,exact
business_02559,"Erstes Wernesgrüner Pilsner, Generalvertrieb Otto Weil",MATCH,(all),,,1.0,exact
business_02560,Erwin Feder KG,MATCH,(all),,,1.0,exact
business_02561,Erwin Fränkel,MATCH,(all),,,1.0,exact
business_02562,Erwin Grünfeld,MATCH,(all),,,1.0,exact
business_02563,Erwin Heidemann,MATCH,(all),,,1.0,exact
business_02564,Erwin Herrnstadt,FIELD_DIFF,original_address,"e Frankfurter Str. 4, Berlin","Große Frankfurter Str. 4, Berlin",0.65,address_differs
business_02565,Erwin Jacobsohn,MATCH,(all),,,1.0,exact
business_02566,Erwin Leibke,MATCH,(all),,,1.0,exact
business_02567,Erwin Lindenstrauß,MATCH,(all),,,1.0,exact
business_02568,Erwin Lindenstrauß Schuhwaren,MATCH,(all),,,1.0,exact
business_02569,Erwin Lindner,MATCH,(all),,,1.0,exact
business_02570,Erwin Spicker,FIELD_DIFF,original_address,"Königstr. 60, Berlin","Neue Königstr. 60, Berlin",0.65,address_differs
business_02571,Erwin Taussik,MATCH,(all),,,1.0,exact
business_02572,Erwin Wortsmann & Co GmbH,MATCH,(all),,,1.0,exact
business_02573,Erze und Metalle Hirsch AG,MATCH,(all),,,1.0,exact
business_02574,Erzmetall Gesellschaft für Bergbau- und Hüttenbetrieb mbH,MATCH,(all),,,1.0,exact
business_02575,Esmarch-Apotheke Walter Siegmund,MATCH,(all),,,1.0,exact
business_02576,Essig- u. Mostrich-Fabrik Nordring Hugo Jacobsohn & Co,MATCH,(all),,,1.0,exact
business_02577,Esther Nadel,MATCH,(all),,,1.0,exact
business_02578,Etablissement Mayer GmbH,MATCH,(all),,,1.0,exact
business_02579,Etel Fachler,MATCH,(all),,,1.0,exact
business_02580,Eterna Billard-Gesellschaft Flörsheimer & Co,MATCH,(all),,,1.0,exact
business_02581,Etika Maschinenbau GmbH,MATCH,(all),,,1.0,exact
business_02582,Ettingers Schuhwarenhaus Salomon Ettinger,MATCH,(all),,,1.0,exact
business_02583,Eugen Better,MATCH,(all),,,1.0,exact
business_02584,Eugen Brasch,MATCH,(all),,,1.0,exact
business_02585,Eugen Burckhardt,MATCH,(all),,,1.0,exact
business_02586,Eugen Courant,MATCH,(all),,,1.0,exact
business_02587,Eugen Engel,MATCH,(all),,,1.0,exact
business_02588,Eugen Folkmar,MATCH,(all),,,1.0,exact
business_02589,Eugen Freudenthal,FIELD_DIFF,original_address,"Friedrichstr. 38/40, Berlin","Neue Friedrichstr. 38/40, Berlin",0.65,address_differs
business_02590,Eugen Freund,MATCH,(all),,,1.0,exact
business_02591,"Eugen Friedmann, Bankgeschäft",MATCH,(all),,,1.0,exact
business_02592,Eugen Groß,FIELD_DIFF,original_address,"Kantstr. 38, Berlin","Kantstr. 38a, Berlin",0.65,address_differs
business_02593,Eugen Gumpert,MATCH,(all),,,1.0,exact
business_02594,"Eugen Haase, Eisenwarenhandlung, GmbH",MATCH,(all),,,1.0,exact
business_02595,Eugen Hamburger,MATCH,(all),,,1.0,exact
business_02596,Eugen Heilmann,MATCH,(all),,,1.0,exact
business_02597,Eugen Herzberg,MATCH,(all),,,1.0,exact
business_02598,Eugen Isacsohn,MATCH,(all),,,1.0,exact
business_02599,Eugen Kohn,MATCH,(all),,,1.0,exact
business_02600,Eugen Lauchheimer,MATCH,(all),,,1.0,exact
business_02601,Eugen Mottek,MATCH,(all),,,1.0,exact
business_02602,Eugen Neustadt,MATCH,(all),,,1.0,exact
business_02603,Eugen Oppenheimer,MATCH,(all),,,1.0,exact
business_02604,Eugen Perau,MATCH,(all),,,1.0,exact
business_02605,Eugen Prokesz,MATCH,(all),,,1.0,exact
business_02606,Eugen Rosenberg,FIELD_DIFF,original_address,"Platz 5, Berlin","Friedrich-Karl-Platz 5, Berlin",0.65,address_differs
business_02607,Eugen Rothschild,MATCH,(all),,,1.0,exact
business_02608,Eugen Schaefer,MATCH,(all),,,1.0,exact
business_02609,Eugen Schereck Versicherungsgeschäft,MATCH,(all),,,1.0,exact
business_02610,Eugen Schüler,MATCH,(all),,,1.0,exact
business_02611,Eugen Szanti,MATCH,(all),,,1.0,exact
business_02612,Eugen Wendriner & Sohn,FIELD_DIFF,cleaned_address,,"Keine Angabe , Berlin",0.65,address_differs
business_02613,Eugen Windesheim,MATCH,(all),,,1.0,exact
business_02614,Eugen Wolff jun.,MATCH,(all),,,1.0,exact
business_02615,Eugenie Liebenbaum,MATCH,(all),,,1.0,exact
business_02616,Euklides Kleineisen-Handelsgesellschaft mbH,FIELD_DIFF,original_address,"Königstr. 75, Berlin","Neue Königstr. 75, Berlin",0.65,address_differs
business_02617,Eule & Kalter,MATCH,(all),,,1.0,exact
business_02618,Euphorion Verlag Berlin GmbH,MATCH,(all),,,1.0,exact
business_02619,Eva Friedländer,MATCH,(all),,,1.0,exact
business_02620,Eva Hildebrandt,MATCH,(all),,,1.0,exact
business_02621,Eva Jacks,MATCH,(all),,,1.0,exact
business_02622,Eva Philippsthal,MATCH,(all),,,1.0,exact
business_02623,Eva Schönberg,MATCH,(all),,,1.0,exact
business_02624,Everdry Trikot-Cahn GmbH,MATCH,(all),,,1.0,exact
business_02625,Ewaco Emil Wassermann & Co,MATCH,(all),,,1.0,exact
business_02626,Ewald Buck,FIELD_DIFF,original_address,"Düppelstr. 39, Berlin","Düppelstr. 39a, Berlin",0.65,address_differs
business_02627,Ewald Exiner,MATCH,(all),,,1.0,exact
business_02628,Ewald Handwein,MATCH,(all),,,1.0,exact
business_02629,Ewald Nawratzki,MATCH,(all),,,1.0,exact
business_02630,Ewer Buchhandlung GmbH,MATCH,(all),,,1.0,exact
business_02631,Excelsior Import und Export Handelsgesellschaft mbH,MATCH,(all),,,1.0,exact
business_02632,Excelsior Lichtspielhaus GmbH,MATCH,(all),,,1.0,exact
business_02633,Exiner & Ehrenfried,MATCH,(all),,,1.0,exact
business_02634,Expedition des Medico Julius Rosenberg,MATCH,(all),,,1.0,exact
business_02635,Export Bau- und Handelsgesellschaft mbH,FIELD_DIFF,original_address,"Tauentzienstr. 12, Berlin","Tauentzienstr. 12a, Berlin",0.65,address_differs
business_02636,Export Gasglühlicht GmbH,MATCH,(all),,,1.0,exact
business_02637,"Expreß, Reinigungsanstalt und Färberei Inhaberin Wilhelmine Rhonheimer",MATCH,(all),,,1.0,exact
business_02638,F. & E. Durra GmbH,MATCH,(all),,,1.0,exact
business_02639,F. & M. Grunwald,MATCH,(all),,,1.0,exact
business_02640,F. & O. Cedar Works GmbH,MATCH,(all),,,1.0,exact
business_02641,F. & O. Export Lumber Co GmbH,MATCH,(all),,,1.0,exact
business_02642,F. Bachmann u. Co Bauausführungen,MATCH,(all),,,1.0,exact
business_02643,F. C. Reincke & Co GmbH,MATCH,(all),,,1.0,exact
business_02644,F. C. Richter GmbH,MATCH,(all),,,1.0,exact
business_02645,F. Goldstein & Co,MATCH,(all),,,1.0,exact
business_02646,F. Groh GmbH,MATCH,(all),,,1.0,exact
business_02647,F. Herzberg & Co Geschäftsbücher und Büro-Artikel,MATCH,(all),,,1.0,exact
business_02648,F. Israel (Helios-Wäscherei),MATCH,(all),,,1.0,exact
business_02649,F. Kayser & Co,MATCH,(all),,,1.0,exact
business_02650,F. Klag & Co,MATCH,(all),,,1.0,exact
business_02651,F. Löbenstein,MATCH,(all),,,1.0,exact
business_02652,F. Messerer,MATCH,(all),,,1.0,exact
business_02653,"F. Meyer, 1937: Martin Mayer",MATCH,(all),,,1.0,exact
business_02654,F. O. Schultz,MATCH,(all),,,1.0,exact
business_02655,F. Paul Schulze,MATCH,(all),,,1.0,exact
business_02656,F. Posener & Co,MATCH,(all),,,1.0,exact
business_02657,F. Rawitscher,MATCH,(all),,,1.0,exact
business_02658,F. Reichelt AG vormals Contor chemischer Präparate,MATCH,(all),,,1.0,exact
business_02659,F. Ruschin & Co,MATCH,(all),,,1.0,exact
business_02660,F. S. Scheier KG,MATCH,(all),,,1.0,exact
business_02661,F. Salomon,MATCH,(all),,,1.0,exact
business_02662,F. Seckel & Co,MATCH,(all),,,1.0,exact
business_02663,F. Story & Co,MATCH,(all),,,1.0,exact
business_02664,F. Tausk,MATCH,(all),,,1.0,exact
business_02665,F. V. Grünfeld,MATCH,(all),,,1.0,exact
business_02666,F. W. Bechtold & Nöthling,MATCH,(all),,,1.0,exact
business_02667,F. W. J. Gesellschaft zur Förderung wirtschaftlicher Interessen von in Deutschland wohnhaften oder wohnhaft gewesenen Juden mbH,MATCH,(all),,,1.0,exact
business_02668,Fa-El-Be Fabrik elektr. Beleuchtungskörper Alfred Aronsohn,MATCH,(all),,,1.0,exact
business_02669,"Fa. Goma, Grundstücks GmbH",MATCH,(all),,,1.0,exact
business_02670,Fa. Hausverwaltungen und Hypotheken GmbH,MATCH,(all),,,1.0,exact
business_02671,Fa. Luckenwalderstraße 7 Grundstücksges. mbH,MATCH,(all),,,1.0,exact
business_02672,Fa. Ruheplatz 12 Hausverwaltungs-GmbH,MATCH,(all),,,1.0,exact
business_02673,Fa. Transvaalstr. 16 GmbH,MATCH,(all),,,1.0,exact
business_02674,Fa. Zionskirchstr. 11 Grundstücksges. mbH,MATCH,(all),,,1.0,exact
business_02675,Fabian & Co Graphische Kunstanstalt GmbH,MATCH,(all),,,1.0,exact
business_02676,Fabian & Hrich,MATCH,(all),,,1.0,exact
business_02677,Fabian Lachmann,MATCH,(all),,,1.0,exact
business_02678,Fabrik aeth. Oele & Essenzen Ludwig Citron,MATCH,(all),,,1.0,exact
business_02679,Fabrik chemisch-pharmazeutischer und cosmetischer Präparate Walter Weiß Apotheker,MATCH,(all),,,1.0,exact
business_02680,Fabrik elektrischer Maschinen und Apparate Dr. Max Levy,MATCH,(all),,,1.0,exact
business_02681,Falik Simon,MATCH,(all),,,1.0,exact
business_02682,Falk Reißner,MATCH,(all),,,1.0,exact
business_02683,Falkenstein,MATCH,(all),,,1.0,exact
business_02684,Falkenstein & Jacoby,MATCH,(all),,,1.0,exact
business_02685,"Falkenstein, Elsbeth",MATCH,(all),,,1.0,exact
business_02686,Familienheim,MATCH,(all),,,1.0,exact
business_02687,Fanny Schwarz Damenhüte GmbH,MATCH,(all),,,1.0,exact
business_02688,Fanny Wachsner Nachf.,MATCH,(all),,,1.0,exact
business_02689,Fanny Wasserreich,MATCH,(all),,,1.0,exact
business_02690,Fantasie Jersey Confection Jacques J. Rosenthal,MATCH,(all),,,1.0,exact
business_02691,Fabrikate Erster Gardinen-Webereien Sally Israelski,MATCH,(all),,,1.0,exact
business_02692,Fabrikationsgesellschaft für Beleuchtungsgegenstände Guggenheim & Co mbH,MATCH,(all),,,1.0,exact
business_02693,Fahrradhaus Alka Alfred Kaphan,MATCH,(all),,,1.0,exact
business_02694,Fahrradhaus Nordring Ing. Markus Rosenkranz,MATCH,(all),,,1.0,exact
business_02695,Fahrschule Ing. Leopold,MATCH,(all),,,1.0,exact
business_02696,Fahrschule Theel,MATCH,(all),,,1.0,exact
business_02697,Fahrzeugbeleuchtung GmbH,MATCH,(all),,,1.0,exact
business_02698,Fahrzeugdienst Fritz Wertheim,MATCH,(all),,,1.0,exact
business_02699,Faiwel Korn,MATCH,(all),,,1.0,exact
business_02700,Fakuda Fabrikation kunstseidener Damenwäsche Alfred Jacobsohn,MATCH,(all),,,1.0,exact
business_02701,Farmey GmbH Großhandelshaus pharmazeutischer und kosmetischer Spezialitäten und Parfümerie,MATCH,(all),,,1.0,exact
business_02702,Faust & Co,FIELD_DIFF,original_address,"Alexanderstr. 8, Berlin","Alexanderstr. 8a, Berlin",0.65,address_differs
business_02703,Favorit-Verlag Georg Lehmann,MATCH,(all),,,1.0,exact
business_02704,Fechner & Preidel,MATCH,(all),,,1.0,exact
business_02705,Federverlag Dr. Max Hirschfeld,MATCH,(all),,,1.0,exact
business_02706,Fedor Feit,MATCH,(all),,,1.0,exact
business_02707,Fedor Karfunkelstein Nchflgr.,MATCH,(all),,,1.0,exact
business_02708,Fedor Schweitzer & Co,MATCH,(all),,,1.0,exact
business_02709,Fehrecke,MATCH,(all),,,1.0,exact
business_02710,Feibusch & Co,FIELD_DIFF,original_address,"Kommandantenstr. 5, Berlin","Kommandantenstr. 5a/6, Berlin",0.65,address_differs
business_02711,Feibusch & Co Damenhüte,FIELD_DIFF,original_address,"Kommandantenstr. 5, Berlin","Kommandantenstr. 5a/6, Berlin",0.65,address_differs
business_02712,Feig & Wolff,MATCH,(all),,,1.0,exact
business_02713,Feige Goldschneider,MATCH,(all),,,1.0,exact
business_02714,Feige-KG,MATCH,(all),,,1.0,exact
business_02715,Feinberg & Meyer,MATCH,(all),,,1.0,exact
business_02716,Feinbäckerei Grüsser,MATCH,(all),,,1.0,exact
business_02717,Feinbäckerei M. Klingbeil,MATCH,(all),,,1.0,exact
business_02718,Feinbäckerei Wache,MATCH,(all),,,1.0,exact
business_02719,Feinkost O. Frühauf,MATCH,(all),,,1.0,exact
business_02720,Feinkost Pförtner,MATCH,(all),,,1.0,exact
business_02721,Feinkost Richter,MATCH,(all),,,1.0,exact
business_02722,Feinkost Uhland,MATCH,(all),,,1.0,exact
business_02723,Feinkost-Meyer,MATCH,(all),,,1.0,exact
business_02724,Feiwel Metzger,MATCH,(all),,,1.0,exact
business_02725,Feld & Goldschmidt,MATCH,(all),,,1.0,exact
business_02726,Feldheim & Goldstein,MATCH,(all),,,1.0,exact
business_02727,Felix & Felix,MATCH,(all),,,1.0,exact
business_02728,Felix Abel,FIELD_DIFF,original_address,"( Trade ) Eingetragen im Handelsregister/ Gründung 1901 Erloschen 1933 Kaiserallee 45a, Berlin","Kaiserallee 45a, Berlin",0.65,address_differs
business_02729,Felix Bütow,FIELD_DIFF,original_address,"Ritterstr. 30, Berlin","Ritterstr. 30b, Berlin",0.65,address_differs
business_02730,Felix Calmon,MATCH,(all),,,1.0,exact
business_02731,Felix Destler,MATCH,(all),,,1.0,exact
business_02732,Felix Engel,MATCH,(all),,,1.0,exact
business_02733,Felix Flater,MATCH,(all),,,1.0,exact
business_02734,Felix Fleischer,FIELD_DIFF,original_address,"Jakobstr. 75, Berlin","Alte Jakobstr. 75, Berlin",0.65,address_differs
business_02735,Felix Freund,MATCH,(all),,,1.0,exact
business_02736,Felix Goldberg,MATCH,(all),,,1.0,exact
business_02737,Felix Goldschmidt,MATCH,(all),,,1.0,exact
business_02738,Felix Gottlieb,FIELD_DIFF,original_address,"Königstr. 6, Berlin","Neue Königstr. 6, Berlin",0.65,address_differs
business_02739,Felix Hammerstein,MATCH,(all),,,1.0,exact
business_02740,Felix Hoppe Apparate- und Maschinenbau,MATCH,(all),,,1.0,exact
business_02741,Felix Horwitz,MATCH,(all),,,1.0,exact
business_02742,Felix Isaack,MATCH,(all),,,1.0,exact
business_02743,"Felix Isaak, Weinkeller",MATCH,(all),,,1.0,exact
business_02744,Felix J. Horwitz,MATCH,(all),,,1.0,exact
business_02745,Felix Joachimssohn,MATCH,(all),,,1.0,exact
business_02746,Felix Josky,MATCH,(all),,,1.0,exact
business_02747,Felix Karpé,MATCH,(all),,,1.0,exact
business_02748,Felix Lachmanski,MATCH,(all),,,1.0,exact
business_02749,Felix Lande,MATCH,(all),,,1.0,exact
business_02750,Felix Levin,MATCH,(all),,,1.0,exact
business_02751,Felix Lewin Damenmäntel,MATCH,(all),,,1.0,exact
business_02752,Felix Meyerhof,FIELD_DIFF,original_address,"Burgstr. 25, Berlin","Burgstr. 25 (Börse), Berlin",0.65,address_differs
business_02753,Felix Oppel,MATCH,(all),,,1.0,exact
business_02754,Felix Philippson,MATCH,(all),,,1.0,exact
business_02755,Felix Philipsthal,MATCH,(all),,,1.0,exact
business_02756,Felix Rosenthal,MATCH,(all),,,1.0,exact
business_02757,Felix Salomonis,MATCH,(all),,,1.0,exact
business_02758,Felix Schachnow,MATCH,(all),,,1.0,exact
business_02759,Felix Schleier,MATCH,(all),,,1.0,exact
business_02760,Felix Schoenfeldt,MATCH,(all),,,1.0,exact
business_02761,Felix Schreiber,MATCH,(all),,,1.0,exact
business_02762,Felix Silber,MATCH,(all),,,1.0,exact
business_02763,Felix Simon,MATCH,(all),,,1.0,exact
business_02764,Felix Sygmontowicz,MATCH,(all),,,1.0,exact
business_02765,Felix Wasservogel,MATCH,(all),,,1.0,exact
business_02766,Felix Winter & Schmausch,MATCH,(all),,,1.0,exact
business_02767,Felix Würzburg,MATCH,(all),,,1.0,exact
business_02768,"Felix Zimmt, in Firma M. Leschnik",MATCH,(all),,,1.0,exact
business_02769,Feller & Gralle,MATCH,(all),,,1.0,exact
business_02770,Felsenberg,MATCH,(all),,,1.0,exact
business_02771,Felske & Kantorowicz,MATCH,(all),,,1.0,exact
business_02772,Femina Damenmoden GmbH,MATCH,(all),,,1.0,exact
business_02773,Fendler & Gersten,MATCH,(all),,,1.0,exact
business_02774,Fenoba Feld- und Normalbahnbedarf GmbH,MATCH,(all),,,1.0,exact
business_02775,Fenster & Stenger,MATCH,(all),,,1.0,exact
business_02776,Feodor Lehmann,FIELD_DIFF,original_address,"Burgstr. 25, Berlin","Burgstr. 25 (Börse), Berlin",0.65,address_differs
business_02777,Ferd. Bick,MATCH,(all),,,1.0,exact
business_02778,Ferd. Schach & Co,MATCH,(all),,,1.0,exact
business_02779,Ferd. W. Müller GmbH,MATCH,(all),,,1.0,exact
business_02780,Ferdinand A. Bendix GmbH,MATCH,(all),,,1.0,exact
business_02781,Ferdinand Grünebaum,FIELD_DIFF,original_address,"Friedrichstr. 64/65, Berlin","Neue Friedrichstr. 64/65, Berlin",0.65,address_differs
business_02782,Ferdinand Katz,MATCH,(all),,,1.0,exact
business_02783,Ferdinand Meyer,MATCH,(all),,,1.0,exact
business_02784,Ferdinand Nußbaum,MATCH,(all),,,1.0,exact
business_02785,Ferdinand Schultze,MATCH,(all),,,1.0,exact
business_02786,Ferdinand Weil,MATCH,(all),,,1.0,exact
business_02787,Ferdy Seligmann,MATCH,(all),,,1.0,exact
business_02788,Ferenit Grundstückserwerbs und Verwaltungsgesellschaft mbH,MATCH,(all),,,1.0,exact
business_02789,Ferienheim Zernsee GmbH,MATCH,(all),,,1.0,exact
business_02790,Fernbach & Heidenfeld,MATCH,(all),,,1.0,exact
business_02791,"Fernbach, Gustav",MATCH,(all),,,1.0,exact
business_02792,Feuchtwanger & Co GmbH,FIELD_DIFF,original_address,"Industr, Berlin",", Teltow",0.65,address_differs
business_02793,Feuchtwanger & Obermann,MATCH,(all),,,1.0,exact
business_02794,Feuer & Levy,MATCH,(all),,,1.0,exact
business_02795,Ficher Meilich,MATCH,(all),,,1.0,exact
business_02796,Fichtenberg Apotheke Wilhelm Ph. Wachsmann,FIELD_DIFF,original_address,"Grunewaldstr. 6, Berlin","Grunewaldstr. 6a, Berlin",0.65,address_differs
business_02797,"Filigo, Fabrik pharm. u. chem. techn. Praeparate Julius Philippsthal",MATCH,(all),,,1.0,exact
business_02798,Finger's Malerei,MATCH,(all),,,1.0,exact
business_02799,Finkelstein & Byk,MATCH,(all),,,1.0,exact
business_02800,Finkelstein & Co,MATCH,(all),,,1.0,exact
business_02801,Firma Salberg,MATCH,(all),,,1.0,exact
business_02802,Fischbein & Mendel,MATCH,(all),,,1.0,exact
business_02803,Fischer & Chrambach & Co,MATCH,(all),,,1.0,exact
business_02804,Fischer & Fränkel,FIELD_DIFF,original_address,"Charlottenstr. 32, Berlin","Charlottenstr. 32a, Berlin",0.65,address_differs
business_02805,Fischer & Unger,MATCH,(all),,,1.0,exact
business_02806,Fischer & Wolff,MATCH,(all),,,1.0,exact
business_02807,Fischer Hochschild GmbH,MATCH,(all),,,1.0,exact
business_02808,"Fischer, Erich",MATCH,(all),,,1.0,exact
business_02809,Fischer-Druck GmbH,MATCH,(all),,,1.0,exact
business_02810,Flatow & Gerson-Prager,MATCH,(all),,,1.0,exact
business_02811,Flatow & Priemer,FIELD_DIFF,original_address,"Tiergartenstr. 4, Berlin","Tiergartenstr. 4a, Berlin",0.65,address_differs
business_02812,"Flatow, Hermann",MATCH,(all),,,1.0,exact
business_02813,Flatow-Ladenbau,MATCH,(all),,,1.0,exact
business_02814,Fleckfort Alice Servos,MATCH,(all),,,1.0,exact
business_02815,Fleckfort-Institut,MATCH,(all),,,1.0,exact
business_02816,Flemming & Schade,MATCH,(all),,,1.0,exact
business_02817,Flettnerlüfter GmbH,MATCH,(all),,,1.0,exact
business_02818,Fließ & Schulz,MATCH,(all),,,1.0,exact
business_02819,Fließer & Rosenthal,MATCH,(all),,,1.0,exact
business_02820,Flink & Sohn,MATCH,(all),,,1.0,exact
business_02821,Flora Adler,MATCH,(all),,,1.0,exact
business_02822,Flora Apotheke Paul Fürst,MATCH,(all),,,1.0,exact
business_02823,Flora-Apotheke Dr. phil Moritz Goeldner,MATCH,(all),,,1.0,exact
business_02824,"Florian Schefler, Zweigniederlassung Berlin",MATCH,(all),,,1.0,exact
business_02825,Florida Grundstücksverwertungsgesellschaft mbH,MATCH,(all),,,1.0,exact
business_02826,Foerder & Stein,MATCH,(all),,,1.0,exact
business_02827,Fondant-Masse-Spezialfabrik Fritz Blumenreich,MATCH,(all),,,1.0,exact
business_02828,Fondsmakler Hermann Rosenberg,FIELD_DIFF,original_address,"Burgstr. 25, Berlin","Burgstr. 25 (Börse), Berlin",0.65,address_differs
business_02829,Fontheim & Co GmbH,MATCH,(all),,,1.0,exact
business_02830,Forgatsch,MATCH,(all),,,1.0,exact
business_02831,Formstecher & Co,FIELD_DIFF,original_address,"( Handicraft ) Eingetragen im Handelsregister/ Gründung 1927 Am Fehrbelliner Platz , Berlin","Am Fehrbelliner Platz , Berlin",0.65,address_differs
business_02832,"Forst-Apotheke, W. Blevers ( W. Rievers)",MATCH,(all),,,1.0,exact
business_02833,Forstinger Holzverwertungs-GmbH,MATCH,(all),,,1.0,exact
business_02834,Fortuna Apotheke Bernhard Goldmann Fabrik pharmazeutischer Präparate,FIELD_DIFF,original_address,"Dragonerstr. 6, Berlin","Dragonerstr. 6a, Berlin",0.65,address_differs
business_02835,Fortuna-Apotheke Max Lippold,MATCH,(all),,,1.0,exact
business_02836,"Fortuna-Drogerie, Georg Laufer",MATCH,(all),,,1.0,exact
business_02837,Forum Lichtspieltheater-Betriebs-GmbH,MATCH,(all),,,1.0,exact
business_02838,Foto-Binder GmbH,MATCH,(all),,,1.0,exact
business_02839,Fotofex-Kameras Fritz Kaftanski,MATCH,(all),,,1.0,exact
business_02840,Fox Handtaschen und Schirme GmbH,MATCH,(all),,,1.0,exact
business_02841,Fr. Posener,MATCH,(all),,,1.0,exact
business_02842,Fraenkel & Mosé,MATCH,(all),,,1.0,exact
business_02843,Fraenkel & Simon,MATCH,(all),,,1.0,exact
business_02844,Fraenkel & Stroh,MATCH,(all),,,1.0,exact
business_02845,"Fraenkel, Gertrud",MATCH,(all),,,1.0,exact
business_02846,"Fraenkel, Hugo",MATCH,(all),,,1.0,exact
business_02847,Fraenkl & Co,MATCH,(all),,,1.0,exact
business_02848,Frahan Grundstücksgesellschaft mbH,MATCH,(all),,,1.0,exact
business_02849,Francis Caro,MATCH,(all),,,1.0,exact
business_02850,Frank & Co Fell- & Rauchwaren-GmbH,MATCH,(all),,,1.0,exact
business_02851,Frank & Co Metallhandlung,MATCH,(all),,,1.0,exact
business_02852,Frank & Neuthal,MATCH,(all),,,1.0,exact
business_02853,"Frank, Sperling & Co",MATCH,(all),,,1.0,exact
business_02854,Franken & Ehrenstein,MATCH,(all),,,1.0,exact
business_02855,Franken & Woreczek,MATCH,(all),,,1.0,exact
business_02856,Frankenschwerth & Blank,MATCH,(all),,,1.0,exact
business_02857,Frankenstein u. Sohn,FIELD_DIFF,original_address,"Schloßplatz 1, Berlin","Schloßplatz 1a, Berlin",0.65,address_differs
business_02858,Frankfurter Apotheke Adolf Herrfarth,MATCH,(all),,,1.0,exact
business_02859,"Frankl, Richard",MATCH,(all),,,1.0,exact
business_02860,Franz Ascher,MATCH,(all),,,1.0,exact
business_02861,Franz Bernhard,MATCH,(all),,,1.0,exact
business_02862,Franz Calvary,MATCH,(all),,,1.0,exact
business_02863,Franz Carl Urbach,MATCH,(all),,,1.0,exact
business_02864,Franz Fei & Noack,FIELD_DIFF,original_address,"Friedrichstr. 2, Berlin","Neue Friedrichstr. 2, Berlin",0.65,address_differs
business_02865,"Franz Hirsch, Berlin",MATCH,(all),,,1.0,exact
business_02866,Franz Hoffstaedt,MATCH,(all),,,1.0,exact
business_02867,Franz Landsberger,FIELD_DIFF,original_address,"Friedrichstr. 56/58, Berlin","Neue Friedrichstr. 56/58, Berlin",0.65,address_differs
business_02868,Franz Lehmann,MATCH,(all),,,1.0,exact
business_02869,Franz Lehmann Perser-Teppich-Großhandelsgesellschaft mbH,MATCH,(all),,,1.0,exact
business_02870,Franz Loewenstein,MATCH,(all),,,1.0,exact
business_02871,Franz M. Prager,MATCH,(all),,,1.0,exact
business_02872,Franz Markowits,MATCH,(all),,,1.0,exact
business_02873,Franz Mettner GmbH,MATCH,(all),,,1.0,exact
business_02874,Franz Münsterberger,MATCH,(all),,,1.0,exact
business_02875,Franz Ochotzki,MATCH,(all),,,1.0,exact
business_02876,Franz Pawlik,MATCH,(all),,,1.0,exact
business_02877,Franz Rom,MATCH,(all),,,1.0,exact
business_02878,Franz Rosenthal,MATCH,(all),,,1.0,exact
business_02879,Franz Rubinstein,MATCH,(all),,,1.0,exact
business_02880,Franz Rutzen u. Co. Brunnenbau u. Tiefbaugeschäft,MATCH,(all),,,1.0,exact
business_02881,Franz Schweisser,MATCH,(all),,,1.0,exact
business_02882,Franz Seeliger Buchhandlung und Antiquariat,MATCH,(all),,,1.0,exact
business_02883,Franz Süßmann,MATCH,(all),,,1.0,exact
business_02884,Franz Teppich,MATCH,(all),,,1.0,exact
business_02885,Franziska Leyser,MATCH,(all),,,1.0,exact
business_02886,Franziska Rager,MATCH,(all),,,1.0,exact
business_02887,Frau Elise Bock GmbH,MATCH,(all),,,1.0,exact
business_02888,Frederick Rozendaal,FIELD_DIFF,original_address,"8, Berlin","Lennéstr. 8, Berlin",0.65,address_differs
business_02889,Freiheit Annoucen-Expedition GmbH,MATCH,(all),,,1.0,exact
business_02890,Freiherr & Co,MATCH,(all),,,1.0,exact
business_02891,Freitag & Co,MATCH,(all),,,1.0,exact
business_02892,Fremdenheim Bocke am Zoo,MATCH,(all),,,1.0,exact
business_02893,Freund & Co Bankkomm.,MATCH,(all),,,1.0,exact
business_02894,Freund & Loewe,MATCH,(all),,,1.0,exact
business_02895,"Freund, Lucie",MATCH,(all),,,1.0,exact
business_02896,Frey & Reppen,MATCH,(all),,,1.0,exact
business_02897,Frico Grundstücks-GmbH,MATCH,(all),,,1.0,exact
business_02898,Fridolin Grundstücks-GmbH,MATCH,(all),,,1.0,exact
business_02899,Frieda Blitz Strickwaren und kunstseidene Damenwäschefabrikation,MATCH,(all),,,1.0,exact
business_02900,Frieda Lemmé Inh. Lotte Löwenstein,MATCH,(all),,,1.0,exact
business_02901,Frieda Locher-Adam,MATCH,(all),,,1.0,exact
business_02902,Frieda Löbenstein,MATCH,(all),,,1.0,exact
business_02903,Frieda Oppenheim ( Oppenheimer),MATCH,(all),,,1.0,exact
business_02904,Frieda Oppenheimer,MATCH,(all),,,1.0,exact
business_02905,Frieda Rattner Tabakwaren-Großhandel,MATCH,(all),,,1.0,exact
business_02906,Frieda Schewelow Tabakwaren,MATCH,(all),,,1.0,exact
business_02907,Frieda Taendler,MATCH,(all),,,1.0,exact
business_02908,Frieda Warschauer,MATCH,(all),,,1.0,exact
business_02909,Frieda Weinkeller,MATCH,(all),,,1.0,exact
business_02910,Friedfuld von Frielaender-Fuld Vermögensverwaltung GmbH,MATCH,(all),,,1.0,exact
business_02911,Friediger-Kaffee GmbH,MATCH,(all),,,1.0,exact
business_02912,Friedlaender & Grunwald,MATCH,(all),,,1.0,exact
business_02913,Friedlaender & Oliven,MATCH,(all),,,1.0,exact
business_02914,Friedlaender & van der Wyk,MATCH,(all),,,1.0,exact
business_02915,Friedländer & Blumenreich,MATCH,(all),,,1.0,exact
business_02916,Friedländer & Hamm,MATCH,(all),,,1.0,exact
business_02917,Friedländer & Zaduck,MATCH,(all),,,1.0,exact
business_02918,Friedmann & Co,MATCH,(all),,,1.0,exact
business_02919,Friedmann & Co. Gummimäntelfabrikation,MATCH,(all),,,1.0,exact
business_02920,Friedmann & Süßkind,MATCH,(all),,,1.0,exact
business_02921,Friedmann & Weber GmbH,MATCH,(all),,,1.0,exact
business_02922,Friedrich Bardeleben Tinten- und Siegellackfabrikation,MATCH,(all),,,1.0,exact
business_02923,Friedrich C. Reiser & Co AG,MATCH,(all),,,1.0,exact
business_02924,Friedrich Cohn,MATCH,(all),,,1.0,exact
business_02925,Friedrich Diener,MATCH,(all),,,1.0,exact
business_02926,Friedrich Jacob,MATCH,(all),,,1.0,exact
business_02927,Friedrich Knoller,FIELD_DIFF,original_address,"Friedrichstr. 133, Berlin","Friedrichstr. 133a, Berlin",0.65,address_differs
business_02928,Friedrich L. Kappel,MATCH,(all),,,1.0,exact
business_02929,Friedrich Marx Bankkommissionsgeschäft,MATCH,(all),,,1.0,exact
business_02930,Friedrich Paul Schuhwaren,MATCH,(all),,,1.0,exact
business_02931,"Friedrich Rotholz, Ing.",MATCH,(all),,,1.0,exact
business_02932,Friedrich Schlicht,MATCH,(all),,,1.0,exact
business_02933,Friedrich Spitz GmbH,MATCH,(all),,,1.0,exact
business_02934,Friedrich Steinrück,MATCH,(all),,,1.0,exact
business_02935,Friedrich Süßmann,MATCH,(all),,,1.0,exact
business_02936,Friedrich Ullendorff,MATCH,(all),,,1.0,exact
business_02937,Friedrich Wilhelm Maas & Co GmbH,MATCH,(all),,,1.0,exact
business_02938,Friedrich Zoellner GmbH,MATCH,(all),,,1.0,exact
business_02939,"Friedrich Zwiebel, Ingenieur für Electro- Tonfilm- & Störschutzapparatebau",MATCH,(all),,,1.0,exact
business_02940,Friedrich-Wilhelmstädtische Apotheke Willy Koplowitz,MATCH,(all),,,1.0,exact
business_02941,Frigga-Drogerie,MATCH,(all),,,1.0,exact
business_02942,Frimeta Dörfler Partiewarenhandel,FIELD_DIFF,original_address,"Koblanckstr. 1, Berlin","Koblanckstr. 1a, Berlin",0.65,address_differs
business_02943,Frischauer & Comp,MATCH,(all),,,1.0,exact
business_02944,Frischmann Möbelhandlung GmbH,MATCH,(all),,,1.0,exact
business_02945,Friseur Fischel,MATCH,(all),,,1.0,exact
business_02946,Friseur Tuna,MATCH,(all),,,1.0,exact
business_02947,Fritz Abraham Lederagenturen & Großhandel,MATCH,(all),,,1.0,exact
business_02948,Fritz Albersheim,MATCH,(all),,,1.0,exact
business_02949,Fritz Arnfeld,MATCH,(all),,,1.0,exact
business_02950,Fritz Bloch & Co,MATCH,(all),,,1.0,exact
business_02951,Fritz Brandmann,MATCH,(all),,,1.0,exact
business_02952,Fritz Böhm,MATCH,(all),,,1.0,exact
business_02953,Fritz Cassirer,MATCH,(all),,,1.0,exact
business_02954,Fritz Choyke,MATCH,(all),,,1.0,exact
business_02955,Fritz Cohn Damenwäsche-Fabrikation,MATCH,(all),,,1.0,exact
business_02956,Fritz David,MATCH,(all),,,1.0,exact
business_02957,Fritz Degginger,MATCH,(all),,,1.0,exact
business_02958,Fritz Dresel,MATCH,(all),,,1.0,exact
business_02959,Fritz Elkan,MATCH,(all),,,1.0,exact
business_02960,Fritz Fink,MATCH,(all),,,1.0,exact
business_02961,"Fritz Finkelstein, Damenmäntel",MATCH,(all),,,1.0,exact
business_02962,Fritz Frank,MATCH,(all),,,1.0,exact
business_02963,Fritz G. Samland,FIELD_DIFF,original_address,"Schadowstr. 1, Berlin","Schadowstr. 1b, Berlin",0.65,address_differs
business_02964,Fritz Greiner,MATCH,(all),,,1.0,exact
business_02965,Fritz Gutmann,MATCH,(all),,,1.0,exact
business_02966,Fritz H. Weinberg,MATCH,(all),,,1.0,exact
business_02967,Fritz Haase,MATCH,(all),,,1.0,exact
business_02968,Fritz Halbers,MATCH,(all),,,1.0,exact
business_02969,Fritz Hamburger,MATCH,(all),,,1.0,exact
business_02970,Fritz Heinemann,MATCH,(all),,,1.0,exact
business_02971,Fritz Heller,MATCH,(all),,,1.0,exact
business_02972,Fritz Jacobowitz,MATCH,(all),,,1.0,exact
business_02973,Fritz Kalisch GmbH,MATCH,(all),,,1.0,exact
business_02974,Fritz Katzenstein,MATCH,(all),,,1.0,exact
business_02975,Fritz Kauffmann,MATCH,(all),,,1.0,exact
business_02976,Fritz Knabenschuh,MATCH,(all),,,1.0,exact
business_02977,Fritz Koch,MATCH,(all),,,1.0,exact
business_02978,Fritz Kripke GmbH,MATCH,(all),,,1.0,exact
business_02979,Fritz Kronheim (Gebr. Sommerfeld),MATCH,(all),,,1.0,exact
business_02980,Fritz Lesser,MATCH,(all),,,1.0,exact
business_02981,Fritz Lindenbaum,FIELD_DIFF,original_address,"Jakobstr. 156/157, Berlin","Alte Jakobstr. 156/157, Berlin",0.65,address_differs
business_02982,Fritz M. Nassauer,MATCH,(all),,,1.0,exact
business_02983,Fritz Maag,MATCH,(all),,,1.0,exact
business_02984,Fritz Marcus,MATCH,(all),,,1.0,exact
business_02985,Fritz Marx,MATCH,(all),,,1.0,exact
business_02986,Fritz Matern Kohlenhandels-GmbH,MATCH,(all),,,1.0,exact
business_02987,"Fritz Messow, Wollgarn- und Strumpfgroßhandel",MATCH,(all),,,1.0,exact
business_02988,Fritz Michaelis,MATCH,(all),,,1.0,exact
business_02989,Fritz Mosse GmbH,MATCH,(all),,,1.0,exact
business_02990,Fritz P. Bormann,MATCH,(all),,,1.0,exact
business_02991,Fritz Papendorf,MATCH,(all),,,1.0,exact
business_02992,Fritz Pflaum,MATCH,(all),,,1.0,exact
business_02993,Fritz Preuß,MATCH,(all),,,1.0,exact
business_02994,Fritz Reisner,MATCH,(all),,,1.0,exact
business_02995,Fritz Rieß,MATCH,(all),,,1.0,exact
business_02996,Fritz Rollenhagen Nachf.,MATCH,(all),,,1.0,exact
business_02997,Fritz Rosenberg,MATCH,(all),,,1.0,exact
business_02998,Fritz Rosenberg & Co,FIELD_DIFF,original_address,"Friedrichstr. 23, Berlin","Neue Friedrichstr. 23, Berlin",0.65,address_differs
business_02999,Fritz Rosenberg Werkstätte für Friedhofskunst,MATCH,(all),,,1.0,exact
business_03000,Fritz Rosenstock Gesellschaft für moderne Beleuchtungskörper mbH,MATCH,(all),,,1.0,exact
business_03001,Fritz Rosenthal,MATCH,(all),,,1.0,exact
business_03002,Fritz Rothmann,MATCH,(all),,,1.0,exact
business_03003,Fritz Rubinstein,MATCH,(all),,,1.0,exact
business_03004,Fritz Saalfeld,FIELD_DIFF,original_address,"Friedrichstr. 59, Berlin","Neue Friedrichstr. 59, Berlin",0.65,address_differs
business_03005,Fritz Schwerin,FIELD_DIFF,original_address,"Gervinusstr. 19, Berlin","Gervinusstr. 19a, Berlin",0.65,address_differs
business_03006,Fritz Singer,MATCH,(all),,,1.0,exact
business_03007,Fritz Stoehr,MATCH,(all),,,1.0,exact
business_03008,Fritz Vogel,MATCH,(all),,,1.0,exact
business_03009,Fritz Wachsmuth,MATCH,(all),,,1.0,exact
business_03010,Fritz Weil & Co,MATCH,(all),,,1.0,exact
business_03011,Fritz Wemhoff,MATCH,(all),,,1.0,exact
business_03012,Fritz Wolff & Co KG,MATCH,(all),,,1.0,exact
business_03013,Fritz und Erna Zwirn,MATCH,(all),,,1.0,exact
business_03014,Frojem Wohlmann Futterstoffe und Schneiderartikel,MATCH,(all),,,1.0,exact
business_03015,Fromm & Brandenburg,MATCH,(all),,,1.0,exact
business_03016,"Fromm, Dora",MATCH,(all),,,1.0,exact
business_03017,"Fromm, Felix",MATCH,(all),,,1.0,exact
business_03018,"Frommann, Ernst",MATCH,(all),,,1.0,exact
business_03019,Fromms Act Julius Fromm Gummiwerke,MATCH,(all),,,1.0,exact
business_03020,Fromms Brothers,MATCH,(all),,,1.0,exact
business_03021,Fränkel & Birnbaum,MATCH,(all),,,1.0,exact
business_03022,Fränkels Hausdienst,MATCH,(all),,,1.0,exact
business_03023,Fränkische Weinhandels-Gesellschaft Rothstein & Co,FIELD_DIFF,original_address,"Uhlandstr. 137, Berlin","Uhlandstr. 137/II, Berlin",0.65,address_differs
business_03024,Fröhlich & Kohnke,MATCH,(all),,,1.0,exact
business_03025,Fuchs & Petersdorff,MATCH,(all),,,1.0,exact
business_03026,Fuchs-Schuhe Fritz Fuchs,MATCH,(all),,,1.0,exact
business_03027,Fulgo Export GmbH,MATCH,(all),,,1.0,exact
business_03028,Fundus GmbH,MATCH,(all),,,1.0,exact
business_03029,Funeralia Feibel & Wedel,MATCH,(all),,,1.0,exact
business_03030,Fuß & Sydower,MATCH,(all),,,1.0,exact
business_03031,Fürst & Hoeft,MATCH,(all),,,1.0,exact
business_03032,"Fürst, William",MATCH,(all),,,1.0,exact
business_03033,Fürstenbrunn GmbH,MATCH,(all),,,1.0,exact
business_03034,G. Bendix,MATCH,(all),,,1.0,exact
business_03035,G. Benedict,MATCH,(all),,,1.0,exact
business_03036,G. Bodanszky,MATCH,(all),,,1.0,exact
business_03037,G. Bredt & Co GmbH,MATCH,(all),,,1.0,exact
business_03038,G. E. Handmann Nachflg. Hugo Hopp,MATCH,(all),,,1.0,exact
business_03039,G. E. Hirsch GmbH,MATCH,(all),,,1.0,exact
business_03040,G. Feibisch AG,MATCH,(all),,,1.0,exact
business_03041,"G. Fränkel (früher behördl. Dolmetscher, ehem. Prokurist)",MATCH,(all),,,1.0,exact
business_03042,G. Hencke Nachf.,MATCH,(all),,,1.0,exact
business_03043,G. Händel & Co,MATCH,(all),,,1.0,exact
business_03044,"G. Knobel, Ingenieur",MATCH,(all),,,1.0,exact
business_03045,G. Krantz & Co,MATCH,(all),,,1.0,exact
business_03046,G. L. Vallentin Nachf. Butterhandlung zu den drei Kronen,MATCH,(all),,,1.0,exact
business_03047,G. Loewenberg & Co,MATCH,(all),,,1.0,exact
business_03048,G. Meyer & Co,MATCH,(all),,,1.0,exact
business_03049,G. Oberneck & Co,MATCH,(all),,,1.0,exact
business_03050,"G. W. B. Glücksmann, Wittenberg, Becker, Modelle",MATCH,(all),,,1.0,exact
business_03051,G. Weil & Co,MATCH,(all),,,1.0,exact
business_03052,GRG Großberliner Reinigungs-GmbH,MATCH,(all),,,1.0,exact
business_03053,"Gabler, Arnold",MATCH,(all),,,1.0,exact
business_03054,Gabriel Hirsch,MATCH,(all),,,1.0,exact
business_03055,Gabriel Popper,MATCH,(all),,,1.0,exact
business_03056,Gabriel Weinblatt,MATCH,(all),,,1.0,exact
business_03057,Gadiels Apotheke zum Bär Hermann Gadiel,FIELD_DIFF,original_address,"Berlin Xantener Str. 8 94, Berlin","Paul-Singer-Str. (Grüner Weg - Brauner Weg) 94, Berlin Xantener Str. 8, Berlin",0.65,address_differs
business_03058,Galerie Alfred Flechtheim GmbH,MATCH,(all),,,1.0,exact
business_03059,Galerie Dr. Hanns Schäffer,MATCH,(all),,,1.0,exact
business_03060,Galerie Heinrich Thannhauser,MATCH,(all),,,1.0,exact
business_03061,Gallinger & Nenke,MATCH,(all),,,1.0,exact
business_03062,Gamaschenfabrikation Samuel Jacob,MATCH,(all),,,1.0,exact
business_03063,Gambrinus Kurt Sahlmann & Co,MATCH,(all),,,1.0,exact
business_03064,Ganz Modelle Inhaber Erich und Lucie Ganz,MATCH,(all),,,1.0,exact
business_03065,Garbaty Zigarrenfabrik GmbH,MATCH,(all),,,1.0,exact
business_03066,Garbáty Cigarettenfabrik GmbH,MATCH,(all),,,1.0,exact
business_03067,Garbáty Cigarettenfabrik KG,MATCH,(all),,,1.0,exact
business_03068,Gardinenfabrik Georg Berliner,MATCH,(all),,,1.0,exact
business_03069,Gardinenhaus Neukölln Leopold Levy,MATCH,(all),,,1.0,exact
business_03070,Gardinenhaus Schönhorn,MATCH,(all),,,1.0,exact
business_03071,Garson,MATCH,(all),,,1.0,exact
business_03072,Gartenstadt Pinnow und Antonienhof GmbH,FIELD_DIFF,original_address,"Bellevuestr. 11, Berlin","Bellevuestr. 11a, Berlin",0.65,address_differs
business_03073,Gasfernzündergesellschaft mbH,MATCH,(all),,,1.0,exact
business_03074,Gastronomia Restaurations-GmbH,MATCH,(all),,,1.0,exact
business_03075,Gbr. Becker,MATCH,(all),,,1.0,exact
business_03076,Ge-Ka Leiser Eliaschewitz,MATCH,(all),,,1.0,exact
business_03077,Gea Verlag GmbH,MATCH,(all),,,1.0,exact
business_03078,Gea's Ausstattungshaus Abrahamowicz & Gottschall,MATCH,(all),,,1.0,exact
business_03079,Gebhardt & Co,MATCH,(all),,,1.0,exact
business_03080,Gebr. Abramczyk,MATCH,(all),,,1.0,exact
business_03081,Gebr. Arendt,MATCH,(all),,,1.0,exact
business_03082,Gebr. Arnhold,MATCH,(all),,,1.0,exact
business_03083,Gebr. Auster,MATCH,(all),,,1.0,exact
business_03084,Gebr. Barasch,MATCH,(all),,,1.0,exact
business_03085,Gebr. Becker Inh. Max Franke,MATCH,(all),,,1.0,exact
business_03086,Gebr. Berglas Mechanische Kammgarnwebereien AG,MATCH,(all),,,1.0,exact
business_03087,Gebr. Bernhard,MATCH,(all),,,1.0,exact
business_03088,Gebr. Besas GmbH,MATCH,(all),,,1.0,exact
business_03089,Gebr. Blumann & Grünberg,MATCH,(all),,,1.0,exact
business_03090,Gebr. Brodsky GmbH,MATCH,(all),,,1.0,exact
business_03091,Gebr. Broh,MATCH,(all),,,1.0,exact
business_03092,Gebr. Bronheim,MATCH,(all),,,1.0,exact
business_03093,Gebr. Böhm GmbH,MATCH,(all),,,1.0,exact
business_03094,Gebr. D. & M. Lange,MATCH,(all),,,1.0,exact
business_03095,Gebr. Dann,MATCH,(all),,,1.0,exact
business_03096,Gebr. Dannenbaum,MATCH,(all),,,1.0,exact
business_03097,Gebr. Ehrenberg,MATCH,(all),,,1.0,exact
business_03098,Gebr. Elkeles,MATCH,(all),,,1.0,exact
business_03099,Gebr. Emmerich,MATCH,(all),,,1.0,exact
business_03100,Gebr. Feisenberger,FIELD_DIFF,original_address,"Königstr. 61/64, Berlin","Neue Königstr. 61/64, Berlin",0.65,address_differs
business_03101,Gebr. Flatauer,MATCH,(all),,,1.0,exact
business_03102,Gebr. Freudenheim,MATCH,(all),,,1.0,exact
business_03103,Gebr. Friedländer,FIELD_DIFF,original_address,"Industr, Berlin","Unter den Linden 4a, Berlin",0.65,address_differs
business_03104,Gebr. Friedländer & Maaß,MATCH,(all),,,1.0,exact
business_03105,Gebr. Friedmann Elektromotoren,MATCH,(all),,,1.0,exact
business_03106,Gebr. Fuchs Herrenkleiderfabrik,MATCH,(all),,,1.0,exact
business_03107,Gebr. Gattel,MATCH,(all),,,1.0,exact
business_03108,Gebr. Giesemann,FIELD_DIFF,original_address,"Königstr. 41, Berlin","Neue Königstr. 41, Berlin",0.65,address_differs
business_03109,Gebr. Ginsberg,MATCH,(all),,,1.0,exact
business_03110,Gebr. Gordon,MATCH,(all),,,1.0,exact
business_03111,Gebr. Grumach AG,FIELD_DIFF,original_address,"Königstr. 57, Berlin","Königstr. 57a/59, Berlin",0.65,address_differs
business_03112,Gebr. Grünthal,MATCH,(all),,,1.0,exact
business_03113,Gebr. Gumpert,MATCH,(all),,,1.0,exact
business_03114,Gebr. Heinemann,MATCH,(all),,,1.0,exact
business_03115,Gebr. Heinrich Nachf.,MATCH,(all),,,1.0,exact
business_03116,Gebr. Herzog,MATCH,(all),,,1.0,exact
business_03117,Gebr. Heyman,MATCH,(all),,,1.0,exact
business_03118,Gebr. Hiller,MATCH,(all),,,1.0,exact
business_03119,Gebr. Horn,MATCH,(all),,,1.0,exact
business_03120,Gebr. J. & M. Friedlaender,MATCH,(all),,,1.0,exact
business_03121,"Gebr. Jaroslawsky, Dental-Depot",MATCH,(all),,,1.0,exact
business_03122,Gebr. Joachimsthal GmbH,MATCH,(all),,,1.0,exact
business_03123,Gebr. Jüdel,MATCH,(all),,,1.0,exact
business_03124,Gebr. Jüttner,FIELD_DIFF,original_address,"Friedrichstr. 65, Berlin","Neue Friedrichstr. 65, Berlin",0.65,address_differs
business_03125,Gebr. Kahane,MATCH,(all),,,1.0,exact
business_03126,Gebr. Katzenstein vormals Simon Wertheim & Co,FIELD_DIFF,original_address,"e Hamburger Str. 17, Berlin","Große Hamburger Str. 17, Berlin",0.65,address_differs
business_03127,Gebr. Kaßner und Robert Seelisch,MATCH,(all),,,1.0,exact
business_03128,Gebr. Kempe,MATCH,(all),,,1.0,exact
business_03129,Gebr. Kindermann,MATCH,(all),,,1.0,exact
business_03130,Gebr. Kleinmann,MATCH,(all),,,1.0,exact
business_03131,Gebr. Kleinmann GmbH,MATCH,(all),,,1.0,exact
business_03132,Gebr. Ladenburger,MATCH,(all),,,1.0,exact
business_03133,Gebr. Levysohn,MATCH,(all),,,1.0,exact
business_03134,Gebr. Lewin,MATCH,(all),,,1.0,exact
business_03135,Gebr. Lewy Blusen u. Kleider,MATCH,(all),,,1.0,exact
business_03136,Gebr. Lipcke,MATCH,(all),,,1.0,exact
business_03137,Gebr. Manes,MATCH,(all),,,1.0,exact
business_03138,Gebr. Manes vorm. Fabisch & Co,MATCH,(all),,,1.0,exact
business_03139,Gebr. Margoninsky Backfisch- & Kinderkonfektion GmbH,MATCH,(all),,,1.0,exact
business_03140,Gebr. Mendelsohn,MATCH,(all),,,1.0,exact
business_03141,Gebr. Morris,MATCH,(all),,,1.0,exact
business_03142,Gebr. Nadel,MATCH,(all),,,1.0,exact
business_03143,Gebr. Nathan,MATCH,(all),,,1.0,exact
business_03144,Gebr. Nußbaum Tabakwaren- Groß- und Einzelhandel,MATCH,(all),,,1.0,exact
business_03145,Gebr. Philippi,MATCH,(all),,,1.0,exact
business_03146,Gebr. Preschel Herrenkleider-Fabrik,FIELD_DIFF,original_address,"Friedrichstr. 11, Berlin","Neue Friedrichstr. 11, Berlin",0.65,address_differs
business_03147,Gebr. Pulvermacher,FIELD_DIFF,original_address,"81/85, Berlin","Bouchéstr. 81/85, Berlin",0.65,address_differs
business_03148,Gebr. Raphaelsohn GmbH,MATCH,(all),,,1.0,exact
business_03149,Gebr. Rawack,MATCH,(all),,,1.0,exact
business_03150,Gebr. Riebenfeld,MATCH,(all),,,1.0,exact
business_03151,Gebr. Ries,MATCH,(all),,,1.0,exact
business_03152,Gebr. Ring,FIELD_DIFF,original_address,"Jakobstr. 20/22, Berlin","Alte Jakobstr. 20/22, Berlin",0.65,address_differs
business_03153,Gebr. Robert,MATCH,(all),,,1.0,exact
business_03154,"Gebr. Rosenberg, Holzgroßhandlung",MATCH,(all),,,1.0,exact
business_03155,Gebr. Rosenthal,FIELD_DIFF,original_address,"Winterfeldstr. 27, Berlin","Neue Winterfeldstr. 27, Berlin",0.65,address_differs
business_03156,Gebr. Rotholz,MATCH,(all),,,1.0,exact
business_03157,Gebr. Rozenbaum Lederwarenfabrikation,MATCH,(all),,,1.0,exact
business_03158,Gebr. Ruß,FIELD_DIFF,original_address,"Wilhelmstr. 40, Berlin","Wilhelmstr. 40a, Berlin",0.65,address_differs
business_03159,Gebr. S. & E. Schmukler,MATCH,(all),,,1.0,exact
business_03160,Gebr. Schachmann,MATCH,(all),,,1.0,exact
business_03161,Gebr. Schefftel Seifenfabrik,MATCH,(all),,,1.0,exact
business_03162,Gebr. Scherk GmbH,MATCH,(all),,,1.0,exact
business_03163,Gebr. Schiffmann GmbH,MATCH,(all),,,1.0,exact
business_03164,Gebr. Schlochauer,MATCH,(all),,,1.0,exact
business_03165,Gebr. Schmidt Feine Pelzwaren,MATCH,(all),,,1.0,exact
business_03166,Gebr. Segal,MATCH,(all),,,1.0,exact
business_03167,Gebr. Sollinger,MATCH,(all),,,1.0,exact
business_03168,Gebr. Sommerfeld,MATCH,(all),,,1.0,exact
business_03169,Gebr. Stadthagen,MATCH,(all),,,1.0,exact
business_03170,Gebr. Stein,MATCH,(all),,,1.0,exact
business_03171,Gebr. Taus,MATCH,(all),,,1.0,exact
business_03172,Gebr. Tietz,MATCH,(all),,,1.0,exact
business_03173,Gebr. Ullendorf,MATCH,(all),,,1.0,exact
business_03174,Gebr. Weigert,MATCH,(all),,,1.0,exact
business_03175,Gebr. Wilhelmy,MATCH,(all),,,1.0,exact
business_03176,Gebr. Windmüller,MATCH,(all),,,1.0,exact
business_03177,Gebr. Witt,MATCH,(all),,,1.0,exact
business_03178,Gebr. Wolffsohn GmbH,MATCH,(all),,,1.0,exact
business_03179,Gebr. Wreschner,MATCH,(all),,,1.0,exact
business_03180,Gebr. Wulff,MATCH,(all),,,1.0,exact
business_03181,Gebr. Zerenze,MATCH,(all),,,1.0,exact
business_03182,Gebr. Zucker,MATCH,(all),,,1.0,exact
business_03183,Gebr. Zuckermann,MATCH,(all),,,1.0,exact
business_03184,Gebrüder Abrahamsohn,FIELD_DIFF,original_address,"Friedrichstr. 2, Berlin","Neue Friedrichstr. 2a, Berlin",0.65,address_differs
business_03185,Gebrüder Alfandary GmbH,MATCH,(all),,,1.0,exact
business_03186,Gebrüder Alster,MATCH,(all),,,1.0,exact
business_03187,Gebrüder Altschul & Sinzheimer,MATCH,(all),,,1.0,exact
business_03188,Gebrüder Apter,MATCH,(all),,,1.0,exact
business_03189,Gebrüder Arons,MATCH,(all),,,1.0,exact
business_03190,Gebrüder Ascher,MATCH,(all),,,1.0,exact
business_03191,Gebrüder Aschheim,FIELD_DIFF,original_address,"Königstr. 11, Berlin","Neue Königstr. 11, Berlin",0.65,address_differs
business_03192,Gebrüder Bendel,MATCH,(all),,,1.0,exact
business_03193,Gebrüder Berdach,MATCH,(all),,,1.0,exact
business_03194,Gebrüder Berglas Mechanische Kammgarnweberei,MATCH,(all),,,1.0,exact
business_03195,Gebrüder Blumenthal,MATCH,(all),,,1.0,exact
business_03196,Gebrüder Brandt,MATCH,(all),,,1.0,exact
business_03197,Gebrüder Bratt GmbH,MATCH,(all),,,1.0,exact
business_03198,Gebrüder Braude GmbH,MATCH,(all),,,1.0,exact
business_03199,Gebrüder Braun,MATCH,(all),,,1.0,exact
business_03200,Gebrüder Brock Bankgeschäft,MATCH,(all),,,1.0,exact
business_03201,Gebrüder Cerf GmbH,MATCH,(all),,,1.0,exact
business_03202,Gebrüder Droller,MATCH,(all),,,1.0,exact
business_03203,Gebrüder E. & S. Bing GmbH,MATCH,(all),,,1.0,exact
business_03204,Gebrüder Edelstein,MATCH,(all),,,1.0,exact
business_03205,Gebrüder F. & M. Simon,MATCH,(all),,,1.0,exact
business_03206,Gebrüder Feige,MATCH,(all),,,1.0,exact
business_03207,Gebrüder Fleischer,MATCH,(all),,,1.0,exact
business_03208,Gebrüder Friede,MATCH,(all),,,1.0,exact
business_03209,Gebrüder Friedmann,MATCH,(all),,,1.0,exact
business_03210,Gebrüder Ginsberg,FIELD_DIFF,original_address,"Kirchstr. 57, Berlin","Neustädtische Kirchstr. 57, Berlin",0.65,address_differs
business_03211,Gebrüder Ginsburg,MATCH,(all),,,1.0,exact
business_03212,Gebrüder Gottschalk,MATCH,(all),,,1.0,exact
business_03213,Gebrüder Haar,MATCH,(all),,,1.0,exact
business_03214,Gebrüder Hammerschlag,MATCH,(all),,,1.0,exact
business_03215,Gebrüder Harlam Herrenkleiderfabrik,MATCH,(all),,,1.0,exact
business_03216,Gebrüder Helft,MATCH,(all),,,1.0,exact
business_03217,Gebrüder Helft GmbH,MATCH,(all),,,1.0,exact
business_03218,Gebrüder Herzheim GmbH,MATCH,(all),,,1.0,exact
business_03219,Gebrüder Hirschfeld KG,MATCH,(all),,,1.0,exact
business_03220,Gebrüder Hirschler,MATCH,(all),,,1.0,exact
business_03221,Gebrüder Hoffmann,MATCH,(all),,,1.0,exact
business_03222,Gebrüder Hollaender,MATCH,(all),,,1.0,exact
business_03223,Gebrüder Jacobi,MATCH,(all),,,1.0,exact
business_03224,Gebrüder Josefowitz GmbH,MATCH,(all),,,1.0,exact
business_03225,Gebrüder Karantbeiwel GmbH,MATCH,(all),,,1.0,exact
business_03226,Gebrüder Kassner,MATCH,(all),,,1.0,exact
business_03227,Gebrüder Kaufmann,MATCH,(all),,,1.0,exact
business_03228,Gebrüder Koh & Comp.,MATCH,(all),,,1.0,exact
business_03229,Gebrüder Kristeller,MATCH,(all),,,1.0,exact
business_03230,Gebrüder Kroner,MATCH,(all),,,1.0,exact
business_03231,Gebrüder Kubatzki,MATCH,(all),,,1.0,exact
business_03232,Gebrüder Lamm,MATCH,(all),,,1.0,exact
business_03233,Gebrüder Levinstein,MATCH,(all),,,1.0,exact
business_03234,Gebrüder Lewandowski GmbH,FIELD_DIFF,original_address,"Jakobstr. 77, Berlin","Alte Jakobstr. 77, Berlin",0.65,address_differs
business_03235,Gebrüder Loewenberg GmbH,MATCH,(all),,,1.0,exact
business_03236,"Gebrüder Luft, Viehhandelsgesellschaft",MATCH,(all),,,1.0,exact
business_03237,Gebrüder Manheimer,MATCH,(all),,,1.0,exact
business_03238,Gebrüder Marx,MATCH,(all),,,1.0,exact
business_03239,Gebrüder May,MATCH,(all),,,1.0,exact
business_03240,Gebrüder Meisl,MATCH,(all),,,1.0,exact
business_03241,Gebrüder Mendelsohn Blusen in Liqu.,MATCH,(all),,,1.0,exact
business_03242,Gebrüder Mendelsohn Damenkleider AG,MATCH,(all),,,1.0,exact
business_03243,Gebrüder Moses,MATCH,(all),,,1.0,exact
business_03244,Gebrüder Mosse,MATCH,(all),,,1.0,exact
business_03245,Gebrüder Möller AG,MATCH,(all),,,1.0,exact
business_03246,Gebrüder Nelson,MATCH,(all),,,1.0,exact
business_03247,Gebrüder Noah,MATCH,(all),,,1.0,exact
business_03248,Gebrüder Oppler,MATCH,(all),,,1.0,exact
business_03249,Gebrüder Pese,MATCH,(all),,,1.0,exact
business_03250,Gebrüder Pincus,MATCH,(all),,,1.0,exact
business_03251,Gebrüder Pinczower,MATCH,(all),,,1.0,exact
business_03252,Gebrüder Putzrath,MATCH,(all),,,1.0,exact
business_03253,Gebrüder Ranis,MATCH,(all),,,1.0,exact
business_03254,Gebrüder Rapaport,MATCH,(all),,,1.0,exact
business_03255,Gebrüder Raphael,MATCH,(all),,,1.0,exact
business_03256,Gebrüder Reifenberg,MATCH,(all),,,1.0,exact
business_03257,Gebrüder Rubenzik Fischgroßhandlung,MATCH,(all),,,1.0,exact
business_03258,Gebrüder Samosch,MATCH,(all),,,1.0,exact
business_03259,Gebrüder Schein,MATCH,(all),,,1.0,exact
business_03260,Gebrüder Schickler,MATCH,(all),,,1.0,exact
business_03261,Gebrüder Schimmel & Co,MATCH,(all),,,1.0,exact
business_03262,Gebrüder Schmuckler,MATCH,(all),,,1.0,exact
business_03263,Gebrüder Schnitzer,MATCH,(all),,,1.0,exact
business_03264,Gebrüder Schönfeld,FIELD_DIFF,original_address,"Königstr. 63/64, Berlin","Neue Königstr. 63/64, Berlin",0.65,address_differs
business_03265,Gebrüder Seidemann,MATCH,(all),,,1.0,exact
business_03266,Gebrüder Senft,MATCH,(all),,,1.0,exact
business_03267,Gebrüder Siedner Holz - Engros - Geschäft,MATCH,(all),,,1.0,exact
business_03268,Gebrüder Silberstein,MATCH,(all),,,1.0,exact
business_03269,Gebrüder Simon Textil-AG,MATCH,(all),,,1.0,exact
business_03270,Gebrüder Stub,MATCH,(all),,,1.0,exact
business_03271,Gebrüder Veit & Co,MATCH,(all),,,1.0,exact
business_03272,Gebrüder Wagner,FIELD_DIFF,original_address,"Schützenstr. 53, Berlin","Schützenstr. 53, Berlin Kronenstr. 23, Berlin",0.65,address_differs
business_03273,Gebrüder Weinberger GmbH,MATCH,(all),,,1.0,exact
business_03274,Gebrüder Weinberger i. Liqu.,MATCH,(all),,,1.0,exact
business_03275,Gebrüder Weißkopf,MATCH,(all),,,1.0,exact
business_03276,Gebrüder Wolfermann,MATCH,(all),,,1.0,exact
business_03277,Gebrüder Zehden,MATCH,(all),,,1.0,exact
business_03278,"Geflügel-Import, GmbH",MATCH,(all),,,1.0,exact
business_03279,Geflügel-Mastanstalt Wriezen GmbH,FIELD_DIFF,original_address,"Friedrichstr. 78, Berlin","Neue Friedrichstr. 78, Berlin",0.65,address_differs
business_03280,Gego Herrenartikel Gerson & Gonsiorowski,MATCH,(all),,,1.0,exact
business_03281,Gehrin-Lüster GmbH,MATCH,(all),,,1.0,exact
business_03282,Geis & Co,FIELD_DIFF,original_address,"17, Berlin","Große Hamburger Str- 17, Berlin",0.65,address_differs
business_03283,Geka Geschäfts- und Kontorhaus AG,MATCH,(all),,,1.0,exact
business_03284,Geka Schaufensterdekorationsatelier GmbH,FIELD_DIFF,original_address,"Münzstr. 23, Berlin","Münzstr. 23a, Berlin",0.65,address_differs
business_03285,Gelatine-Kapsel-Fabrik Apotheker Gotthilf GmbH,MATCH,(all),,,1.0,exact
business_03286,Gelefa Gewinde-Lehren GmbH,MATCH,(all),,,1.0,exact
business_03287,"Gellert, Oskar",MATCH,(all),,,1.0,exact
business_03288,Gemino Gesellschaft für Mineralöle mbH,FIELD_DIFF,original_address,"Allee 31, Berlin","Kaiserin-Augusta-Allee 31, Berlin",0.65,address_differs
business_03289,Genossenschafts-Treuhandgesellschaft mbH,MATCH,(all),,,1.0,exact
business_03290,Georg & James Lewy,MATCH,(all),,,1.0,exact
business_03291,Georg A. Samter Kunstauktionshaus,MATCH,(all),,,1.0,exact
business_03292,Georg Abraham,MATCH,(all),,,1.0,exact
business_03293,Georg Anton,MATCH,(all),,,1.0,exact
business_03294,Georg Beigel,MATCH,(all),,,1.0,exact
business_03295,Georg Bernstein Blusenhaus,MATCH,(all),,,1.0,exact
business_03296,Georg Bick,MATCH,(all),,,1.0,exact
business_03297,Georg Blumenfeld & Co,MATCH,(all),,,1.0,exact
business_03298,Georg Brach,MATCH,(all),,,1.0,exact
business_03299,Georg Bratzke,MATCH,(all),,,1.0,exact
business_03300,Georg Bukofzer,MATCH,(all),,,1.0,exact
business_03301,Georg Buschendorf,MATCH,(all),,,1.0,exact
business_03302,Georg Bütow,MATCH,(all),,,1.0,exact
business_03303,Georg Cassel,MATCH,(all),,,1.0,exact
business_03304,Georg Cohn,FIELD_DIFF,original_address,"Adlerstr. 7, Berlin","Adlerstr. 7, Erkener",0.65,address_differs
business_03305,Georg Cohn GmbH,MATCH,(all),,,1.0,exact
business_03306,Georg Czapski,MATCH,(all),,,1.0,exact
business_03307,Georg Dobrin mechanische Werkstatt,MATCH,(all),,,1.0,exact
business_03308,Georg Drexler,MATCH,(all),,,1.0,exact
business_03309,Georg Ehrenhaus,MATCH,(all),,,1.0,exact
business_03310,Georg Eichelgrün,MATCH,(all),,,1.0,exact
business_03311,Georg Eppenstein & Co,MATCH,(all),,,1.0,exact
business_03312,Georg Erich Jakszt,MATCH,(all),,,1.0,exact
business_03313,Georg F. Schweitzer,MATCH,(all),,,1.0,exact
business_03314,Georg Flach & Engel,MATCH,(all),,,1.0,exact
business_03315,"Georg Fleischer, Seifenhandlung",FIELD_DIFF,original_address,"Motzstr 71, Berlin","Motzstr, 71, Berlin",0.65,address_differs
business_03316,Georg Fromberg & Co,MATCH,(all),,,1.0,exact
business_03317,Georg Gappe Leder-Agentur & Commission,MATCH,(all),,,1.0,exact
business_03318,Georg Gassenheimer,MATCH,(all),,,1.0,exact
business_03319,Georg Gießel,MATCH,(all),,,1.0,exact
business_03320,Georg Gindin,MATCH,(all),,,1.0,exact
business_03321,Georg Glaser,MATCH,(all),,,1.0,exact
business_03322,Georg Grünbaum Holzmakler,MATCH,(all),,,1.0,exact
business_03323,Georg Hamburger,MATCH,(all),,,1.0,exact
business_03324,Georg Hamel,MATCH,(all),,,1.0,exact
business_03325,Georg Held,MATCH,(all),,,1.0,exact
business_03326,Georg Herrmann Eisen- und Maschinenhandlung,MATCH,(all),,,1.0,exact
business_03327,Georg Heskel,FIELD_DIFF,original_address,"( Trade ) Eingetragen im Handelsregister/ Gründung 1901 Erloschen 1931 Kurfürstendamm 125a, Berlin","Kurfürstendamm 125a, Berlin",0.65,address_differs
business_03328,Georg Holefleisch,MATCH,(all),,,1.0,exact
business_03329,Georg Israel,MATCH,(all),,,1.0,exact
business_03330,Georg Israel & Co,MATCH,(all),,,1.0,exact
business_03331,Georg Israel Metalle,MATCH,(all),,,1.0,exact
business_03332,Georg Issler,MATCH,(all),,,1.0,exact
business_03333,Georg Jacobi,MATCH,(all),,,1.0,exact
business_03334,Georg Jacobowitz Baugeschäft AG,MATCH,(all),,,1.0,exact
business_03335,"Georg Jacobowitz, Baugeschäft GmbH",MATCH,(all),,,1.0,exact
business_03336,Georg Jacobsohn & Co,MATCH,(all),,,1.0,exact
business_03337,"Georg Jansen, Werkstätten für Innenkunst, GmbH",MATCH,(all),,,1.0,exact
business_03338,Georg Jonas,MATCH,(all),,,1.0,exact
business_03339,Georg Kaphan,MATCH,(all),,,1.0,exact
business_03340,Georg Kellermann,MATCH,(all),,,1.0,exact
business_03341,Georg Korn,MATCH,(all),,,1.0,exact
business_03342,Georg Kurzinsky & Co,MATCH,(all),,,1.0,exact
business_03343,Georg Leffkowitz,MATCH,(all),,,1.0,exact
business_03344,Georg Lemke & Co,MATCH,(all),,,1.0,exact
business_03345,Georg Levy,MATCH,(all),,,1.0,exact
business_03346,Georg Levy & Sohn,MATCH,(all),,,1.0,exact
business_03347,Georg Lewinson,MATCH,(all),,,1.0,exact
business_03348,Georg Loewe Spitzen,MATCH,(all),,,1.0,exact
business_03349,Georg Loewenheim,MATCH,(all),,,1.0,exact
business_03350,Georg Loewenstein,MATCH,(all),,,1.0,exact
business_03351,Georg Mamroth,MATCH,(all),,,1.0,exact
business_03352,Georg Matzdorff,MATCH,(all),,,1.0,exact
business_03353,Georg Meseritz,MATCH,(all),,,1.0,exact
business_03354,Georg Michaelis,MATCH,(all),,,1.0,exact
business_03355,Georg Moringen,MATCH,(all),,,1.0,exact
business_03356,Georg Moses Agenturen,MATCH,(all),,,1.0,exact
business_03357,Georg Neumann Bank- u. Commissionsgeschäft,MATCH,(all),,,1.0,exact
business_03358,Georg Neustadt & Carl Wolff,MATCH,(all),,,1.0,exact
business_03359,Georg Neustadt Furniere und Hölzer,MATCH,(all),,,1.0,exact
business_03360,Georg Paechter GmbH,MATCH,(all),,,1.0,exact
business_03361,Georg Perl,MATCH,(all),,,1.0,exact
business_03362,Georg Philippsborn,MATCH,(all),,,1.0,exact
business_03363,Georg Pintus,MATCH,(all),,,1.0,exact
business_03364,"Georg Platzmann, in Firma R. Platzmann",MATCH,(all),,,1.0,exact
business_03365,Georg Proskauer,MATCH,(all),,,1.0,exact
business_03366,Georg Rachmiel,MATCH,(all),,,1.0,exact
business_03367,Georg Reissner,MATCH,(all),,,1.0,exact
business_03368,Georg Rosenberg,FIELD_DIFF,original_address,"Wallstr. 88, Berlin","Wallstr. 88a, Berlin",0.65,address_differs
business_03369,Georg Rosenberger,MATCH,(all),,,1.0,exact
business_03370,Georg Salinger GmbH,MATCH,(all),,,1.0,exact
business_03371,Georg Salomonsen,MATCH,(all),,,1.0,exact
business_03372,Georg Schaefer,MATCH,(all),,,1.0,exact
business_03373,Georg Schleyer,MATCH,(all),,,1.0,exact
business_03374,Georg Schlochauer,MATCH,(all),,,1.0,exact
business_03375,Georg Schnitzler,FIELD_DIFF,original_address,"Präsidentenstr. 9, Berlin","Große Präsidentenstr. 9, Berlin",0.65,address_differs
business_03376,Georg Schönland,MATCH,(all),,,1.0,exact
business_03377,Georg Segall,MATCH,(all),,,1.0,exact
business_03378,Georg Sehmsdorf,MATCH,(all),,,1.0,exact
business_03379,Georg Seidentopf & Co,FIELD_DIFF,original_address,"Friedrichstr. 45, Berlin","Neue Friedrichstr. 45, Berlin",0.65,address_differs
business_03380,Georg Selbiger,MATCH,(all),,,1.0,exact
business_03381,Georg Silberstein Schneiderartikel-Spezialgeschäft,MATCH,(all),,,1.0,exact
business_03382,Georg Simon,MATCH,(all),,,1.0,exact
business_03383,Georg Stein,MATCH,(all),,,1.0,exact
business_03384,Georg Stiebel,MATCH,(all),,,1.0,exact
business_03385,Georg Stilke,MATCH,(all),,,1.0,exact
business_03386,Georg Süßkind,MATCH,(all),,,1.0,exact
business_03387,Georg Tepper & Co Radio-Fabrikation und Export,MATCH,(all),,,1.0,exact
business_03388,Georg Tichauer,MATCH,(all),,,1.0,exact
business_03389,Georg Translateur,MATCH,(all),,,1.0,exact
business_03390,Georg Wagner,MATCH,(all),,,1.0,exact
business_03391,Georg Wangenheim,MATCH,(all),,,1.0,exact
business_03392,Georg Wedell,MATCH,(all),,,1.0,exact
business_03393,Georg Weichmann,MATCH,(all),,,1.0,exact
business_03394,Georg Weihse,MATCH,(all),,,1.0,exact
business_03395,Georg Wiener,MATCH,(all),,,1.0,exact
business_03396,Georg Wiener Bau & Nutzholzhandlung,MATCH,(all),,,1.0,exact
business_03397,Georg Wischnitz Bergwerks- und Hüttenprodukte,MATCH,(all),,,1.0,exact
business_03398,Georg Wolff & Co,MATCH,(all),,,1.0,exact
business_03399,Georg Wolken,MATCH,(all),,,1.0,exact
business_03400,Georg Zacharias & Co,MATCH,(all),,,1.0,exact
business_03401,Georg Zacharias & Co und Hermann Anders,MATCH,(all),,,1.0,exact
business_03402,George Broche,MATCH,(all),,,1.0,exact
business_03403,George Gottschalkson GmbH,MATCH,(all),,,1.0,exact
business_03404,Gepa Grundstücks-AG,MATCH,(all),,,1.0,exact
business_03405,"Geraer Kammgarnfärberei und Appreturanstalt, GmbH",MATCH,(all),,,1.0,exact
business_03406,"Gerechter, Recha, Sara, geb. Blum",MATCH,(all),,,1.0,exact
business_03407,Gerhard Berwin,MATCH,(all),,,1.0,exact
business_03408,Gerhard Gerson,MATCH,(all),,,1.0,exact
business_03409,Gerhard J. Cohn,FIELD_DIFF,original_address,"Burgstr. 25, Berlin","Burgstr. 25 (Börse), Berlin",0.65,address_differs
business_03410,Gerhard Mamlok,MATCH,(all),,,1.0,exact
business_03411,Gerhard Neumann,MATCH,(all),,,1.0,exact
business_03412,Gerhard Rosenzweig,MATCH,(all),,,1.0,exact
business_03413,Gerhard Unger,MATCH,(all),,,1.0,exact
business_03414,Gerhard Winter,MATCH,(all),,,1.0,exact
business_03415,Gerhardt Meyerhardt,MATCH,(all),,,1.0,exact
business_03416,Gerichter & Co,MATCH,(all),,,1.0,exact
business_03417,Germania Apotheke am Rosenthaler Platz. Ignatz Hadra,MATCH,(all),,,1.0,exact
business_03418,Germania-Palast-Lichtspiele GmbH,MATCH,(all),,,1.0,exact
business_03419,Germaniamühle Sommerguth & Aschner KG,MATCH,(all),,,1.0,exact
business_03420,Gerorg A. Müller,MATCH,(all),,,1.0,exact
business_03421,Gerschlowitz & Co GmbH,MATCH,(all),,,1.0,exact
business_03422,Gerson Bernstein,MATCH,(all),,,1.0,exact
business_03423,Gerson Deutsch,MATCH,(all),,,1.0,exact
business_03424,Gerson Krotowski,MATCH,(all),,,1.0,exact
business_03425,"Gerson, Hilde",MATCH,(all),,,1.0,exact
business_03426,"Gerson, Katharina",MATCH,(all),,,1.0,exact
business_03427,Gersten & Neumann,MATCH,(all),,,1.0,exact
business_03428,Gertrud Adler,MATCH,(all),,,1.0,exact
business_03429,Gertrud Heymann,MATCH,(all),,,1.0,exact
business_03430,Gertrud Isenburg,MATCH,(all),,,1.0,exact
business_03431,Gertrud Landsberger,MATCH,(all),,,1.0,exact
business_03432,Gertrud Meiseles geb. Grund,MATCH,(all),,,1.0,exact
business_03433,Gertrud Powitzer,MATCH,(all),,,1.0,exact
business_03434,Gertrud Rosenberg,MATCH,(all),,,1.0,exact
business_03435,Gertrud Saloschin,MATCH,(all),,,1.0,exact
business_03436,Gertrud Sobotker,MATCH,(all),,,1.0,exact
business_03437,Gertrud Stillmann,MATCH,(all),,,1.0,exact
business_03438,Ges. für Karpfenhandel mbH,MATCH,(all),,,1.0,exact
business_03439,Geschw. Bibo,MATCH,(all),,,1.0,exact
business_03440,Geschw. Hoffmann,MATCH,(all),,,1.0,exact
business_03441,Geschw. Holzheim,MATCH,(all),,,1.0,exact
business_03442,Geschw. Jacks,MATCH,(all),,,1.0,exact
business_03443,Geschw. Lippmansohn,MATCH,(all),,,1.0,exact
business_03444,Geschw. Pollnow,MATCH,(all),,,1.0,exact
business_03445,Geschw. Sauer,MATCH,(all),,,1.0,exact
business_03446,"Geschwister Gutmann GmbH, Zweigniederlassung Berlin",MATCH,(all),,,1.0,exact
business_03447,Geschwister Hülse,MATCH,(all),,,1.0,exact
business_03448,Geschwister Leiser,MATCH,(all),,,1.0,exact
business_03449,Geschwister Neumann,MATCH,(all),,,1.0,exact
business_03450,Geschwister Salomon,MATCH,(all),,,1.0,exact
business_03451,Geschwister Thau,MATCH,(all),,,1.0,exact
business_03452,Geschäftshaus Alexanderplatz GmbH,MATCH,(all),,,1.0,exact
business_03453,Gesellschaft für Betreuung von Vermögensrechten   Borussia-Brauerei AG,MATCH,(all),,,1.0,exact
business_03454,Gesellschaft für Chemikalien und Fabrikbedarf mbH,MATCH,(all),,,1.0,exact
business_03455,Gesellschaft für Elektrometallurgie Dr. Paul Grünfeld,MATCH,(all),,,1.0,exact
business_03456,"Gesellschaft für Feldbahn-Industrie Smochewer & Co, Niederlassung Berlin",MATCH,(all),,,1.0,exact
business_03457,Gesellschaft für Feldbahnindustrie Smoschewer (oder Smoschever) & Co.,MATCH,(all),,,1.0,exact
business_03458,Gesellschaft für Grundbesitz und Kapitalanlagen GmbH,MATCH,(all),,,1.0,exact
business_03459,Gesellschaft für Hausratsverwaltung und -verwertung für Mitglieder der jüdischen Gemeinden Deutschlands GmbH,MATCH,(all),,,1.0,exact
business_03460,Gesellschaft für Immobiliarbeteiligungen mbH,MATCH,(all),,,1.0,exact
business_03461,"Gesellschaft für Kreditprüfung, GmbH",MATCH,(all),,,1.0,exact
business_03462,"Gesellschaft für Metalle, Erze und Hüttenerzeugnisse mbH",MATCH,(all),,,1.0,exact
business_03463,Gesellschaft für Sterilisation mbH,MATCH,(all),,,1.0,exact
business_03464,Gesellschaft für Textilveredelung Getevau mbH,MATCH,(all),,,1.0,exact
business_03465,Gesellschaft für Ventilatorzug mbH,MATCH,(all),,,1.0,exact
business_03466,Gesellschaft für Verwaltung von Vermögensanlagen mbH,MATCH,(all),,,1.0,exact
business_03467,Gesellschaft für Wohnbauten mbH,MATCH,(all),,,1.0,exact
business_03468,Gesellschaft für elektrische Isolierungen GmbH,MATCH,(all),,,1.0,exact
business_03469,Gesellschaft für elektrische Unternehmungen - Ludw. Loewe & Co AG,MATCH,(all),,,1.0,exact
business_03470,Gesellschaft für rauchlose Feuerungsanlagen GmbH,MATCH,(all),,,1.0,exact
business_03471,Gesellschaft zur Förderung der Wissenschaft des Judentums e.V.,MATCH,(all),,,1.0,exact
business_03472,Gestetner AG,MATCH,(all),,,1.0,exact
business_03473,Getraide & Co,MATCH,(all),,,1.0,exact
business_03474,Getreide Comission und Import AG,MATCH,(all),,,1.0,exact
business_03475,Getreide-Industrie & Commission AG,MATCH,(all),,,1.0,exact
business_03476,Getreide-Verwertung AG,MATCH,(all),,,1.0,exact
business_03477,Geva Gesellschaft für die Verwertung von Baustoffen und Baugeräten mbH,MATCH,(all),,,1.0,exact
business_03478,Gewa Gebrüder Wachtel,MATCH,(all),,,1.0,exact
business_03479,Gewa Gebrüder Wachtel GmbH,MATCH,(all),,,1.0,exact
business_03480,Gewerbefleiß Werkstätten für Massenbedarf Simon Rector,MATCH,(all),,,1.0,exact
business_03481,Glade & Freyer,MATCH,(all),,,1.0,exact
business_03482,Gladiator Fabrik für elektrotechnische Apparate GmbH,MATCH,(all),,,1.0,exact
business_03483,Glas und Spiegel GmbH,MATCH,(all),,,1.0,exact
business_03484,Glas- und Steingut-Vertriebsgesellschaft mbH,FIELD_DIFF,original_address,"Ritterstr. 48, Berlin","Ritterstr. 48 II, Berlin",0.65,address_differs
business_03485,Glaser & Weiß,FIELD_DIFF,original_address,"Wallstr. 88, Berlin","Wallstr. 88a, Berlin",0.65,address_differs
business_03486,"Glaser, Else",MATCH,(all),,,1.0,exact
business_03487,Glaserfeld & Wolfsohn,MATCH,(all),,,1.0,exact
business_03488,Glashüttenwerk Elisabethhütte Dr. Ernst Martin GmbH,MATCH,(all),,,1.0,exact
business_03489,"Glass, Adolf",MATCH,(all),,,1.0,exact
business_03490,Glaß & Graetz,MATCH,(all),,,1.0,exact
business_03491,Globus Schreib- und Rechenmaschinen-Vertrieb Maurus Löwy,MATCH,(all),,,1.0,exact
business_03492,Globus-Kamm-Company,MATCH,(all),,,1.0,exact
business_03493,Glogauer,MATCH,(all),,,1.0,exact
business_03494,Gloria Waren-Versand Emma Kupferberg,MATCH,(all),,,1.0,exact
business_03495,Gläser & Co,MATCH,(all),,,1.0,exact
business_03496,Glückmann & Jochnowicz Rohprodukten,MATCH,(all),,,1.0,exact
business_03497,Glücksohn & Co Bankgeschäft,MATCH,(all),,,1.0,exact
business_03498,Glühlampen-Vertrieb Union Josef Panofsky,MATCH,(all),,,1.0,exact
business_03499,GmbH zur Beschaffung von Büroräumen,MATCH,(all),,,1.0,exact
business_03500,Goetz & Co,FIELD_DIFF,original_address,"( Trade ) Eingetragen im Handelsregister/ Gründung 1921 Erloschen 1938 Köpenicker Str. 9a, Berlin","Köpenicker Str. 9a, Berlin",0.65,address_differs
business_03501,Gg. Rüdinger,MATCH,(all),,,1.0,exact
business_03502,Giem,MATCH,(all),,,1.0,exact
business_03503,Gier,MATCH,(all),,,1.0,exact
business_03504,Giesenow & Co,MATCH,(all),,,1.0,exact
business_03505,"Giesenow, Martin",MATCH,(all),,,1.0,exact
business_03506,Gilmanoff,MATCH,(all),,,1.0,exact
business_03507,"Gimpel, Frieda",MATCH,(all),,,1.0,exact
business_03508,Ginnow & Schlesinger,MATCH,(all),,,1.0,exact
business_03509,Ginsberg Leon,MATCH,(all),,,1.0,exact
business_03510,Ginsburg & Co GmbH,MATCH,(all),,,1.0,exact
business_03511,"Gottheim, Berthold",MATCH,(all),,,1.0,exact
business_03512,Gotthilf Rosenbaum,MATCH,(all),,,1.0,exact
business_03513,Gotthold Rosen,MATCH,(all),,,1.0,exact
business_03514,Gottlieb Blumenthal,MATCH,(all),,,1.0,exact
business_03515,Gottlieb Sladkus,MATCH,(all),,,1.0,exact
business_03516,Gottlieb Weiß,MATCH,(all),,,1.0,exact
business_03517,Gottschalk & Kochmann,MATCH,(all),,,1.0,exact
business_03518,Gottschalk & Laske,FIELD_DIFF,original_address,"Jakobstr. 23/24, Berlin","Alte Jakobstr. 23/24, Berlin",0.65,address_differs
business_03519,Grace Beauty Grace Stein,MATCH,(all),,,1.0,exact
business_03520,"Gradt's Apotheke und Drogenhandlung, Chemisches Institut",MATCH,(all),,,1.0,exact
business_03521,Goldbad,MATCH,(all),,,1.0,exact
business_03522,Goldberg & Co,MATCH,(all),,,1.0,exact
business_03523,Goldberg & Sander GmbH,MATCH,(all),,,1.0,exact
business_03524,"Goldberg, Erna",MATCH,(all),,,1.0,exact
business_03525,Golde Vogler,MATCH,(all),,,1.0,exact
business_03526,Goldenberg & Co GmbH,MATCH,(all),,,1.0,exact
business_03527,Goldfeder & Meyerheim,MATCH,(all),,,1.0,exact
business_03528,Goldmann & Kuttner GmbH,FIELD_DIFF,original_address,"Friedrichstr. 47, Berlin","Neue Friedrichstr. 47, Berlin",0.65,address_differs
business_03529,Goldmann & Löw GmbH,MATCH,(all),,,1.0,exact
business_03530,Goldschmidt & Schwabe,MATCH,(all),,,1.0,exact
business_03531,Goldschmidt & Schwersenzer,FIELD_DIFF,original_address,"Königstr. 42, Berlin","Neue Königstr. 42, Berlin",0.65,address_differs
business_03532,Goldschmiede Grützmacher,MATCH,(all),,,1.0,exact
business_03533,Goldstein & Pieck,MATCH,(all),,,1.0,exact
business_03534,Goldwaaren Industrie Belmonte & Co.,MATCH,(all),,,1.0,exact
business_03535,Gomperts & Co,MATCH,(all),,,1.0,exact
business_03536,Gorbatschow Liköre J. Kramer & Co,MATCH,(all),,,1.0,exact
business_03537,Gornita Seifen-Vertrieb Edith Gornitzky,MATCH,(all),,,1.0,exact
business_03538,Gorodecki & Will,MATCH,(all),,,1.0,exact
business_03539,Gorselanczyk & Co GmbH,FIELD_DIFF,original_address,"Jakobstr. 83, Berlin","Alte Jakobstr. 83, Berlin",0.65,address_differs
business_03540,Gottfried Wolffs Schuhwarenhaus Inh. Julius Goldschmidt,MATCH,(all),,,1.0,exact
business_03541,Graetz & Glückstein,MATCH,(all),,,1.0,exact
business_03542,Graf von der Pahlen-Eckau GmbH,MATCH,(all),,,1.0,exact
business_03543,Grammophon Spezialhaus GmbH,MATCH,(all),,,1.0,exact
business_03544,Graphische Gesellschaft Richard Labisch GmbH,MATCH,(all),,,1.0,exact
business_03545,Graphische Kunstanstalt Arnold Weylandt GmbH,MATCH,(all),,,1.0,exact
business_03546,Graphische Kunstanstalt Ernst Zieger,MATCH,(all),,,1.0,exact
business_03547,Graphischer Metallhandel Ernst Friedlaender,MATCH,(all),,,1.0,exact
business_03548,Graumann & Schreibmann,MATCH,(all),,,1.0,exact
business_03549,Graumann & Stern,MATCH,(all),,,1.0,exact
business_03550,Graumann & Stern KGaA,MATCH,(all),,,1.0,exact
business_03551,Grodka & Co,MATCH,(all),,,1.0,exact
business_03552,Grohag Großhandelsgesellschaft mbH,MATCH,(all),,,1.0,exact
business_03553,"Grotex, Großhandels-Textilgesellschaft mbH",MATCH,(all),,,1.0,exact
business_03554,Growald Landsberg & Rosenheim,MATCH,(all),,,1.0,exact
business_03555,Groß,MATCH,(all),,,1.0,exact_ambiguous_2
business_03556,Groß,MATCH,(all),,,1.0,exact_ambiguous_2
business_03557,Groß & Grischmann,MATCH,(all),,,1.0,exact
business_03558,Groß-Berliner Wäsche-Fabrikation Georg Mamlok,MATCH,(all),,,1.0,exact
business_03559,Groß-Berliner Wäsche-Vertrieb Hettmann & Feder,MATCH,(all),,,1.0,exact
business_03560,Groß-Einkaufsbund deutscher Schuhhändler e. GmbH (Genossenschaft),MATCH,(all),,,1.0,exact
business_03561,Greizer Kammgarnweberei Gebrüder Berglas GmbH,MATCH,(all),,,1.0,exact
business_03562,Grete Neumann & Co Modelle,MATCH,(all),,,1.0,exact
business_03563,Grete Romatzki GmbH,MATCH,(all),,,1.0,exact
business_03564,Gretzschel & Co,MATCH,(all),,,1.0,exact
business_03565,Greve & Hanff GmbH,MATCH,(all),,,1.0,exact
business_03566,Grieben-Verlag Albert Goldschmidt,MATCH,(all),,,1.0,exact
business_03567,Grieben-Verlag GmbH,MATCH,(all),,,1.0,exact
business_03568,Grip-Fix Comp. GmbH,MATCH,(all),,,1.0,exact
business_03569,Grith Schuhsalon Moritz Kimmel,MATCH,(all),,,1.0,exact
business_03570,Grobema Groß-Berliner-Maschinenfabrik Ovschy Rewitsch,FIELD_DIFF,original_address,"Exerzierstr. 21, Berlin","Exerzierstr. 21a, Berlin",0.65,address_differs
business_03571,Großbeerener Kunstmühle Arthur Mendel & Co,FIELD_DIFF,original_address,"Lutherstr. 19, Berlin","Lutherstr. 19b, Berlin",0.65,address_differs
business_03572,Großberliner Möbel-Vertrieb GmbH,FIELD_DIFF,original_address,"e Frankfurter Str. 59, Berlin","Große Frankfurter Str. 59, Berlin",0.65,address_differs
business_03573,Großhandels-AG für Getreide und Mühlenfabrikate,MATCH,(all),,,1.0,exact
business_03574,Großhandlung für Elektro-Material Ludwig Orenstein,MATCH,(all),,,1.0,exact
business_03575,"Großmann, Else",MATCH,(all),,,1.0,exact
business_03576,Großwäscherei Küster,MATCH,(all),,,1.0,exact
business_03577,Großwäscherei Riebe,MATCH,(all),,,1.0,exact
business_03578,Großwäscherei Schuller,MATCH,(all),,,1.0,exact
business_03579,Gruenbaum-Wulf,MATCH,(all),,,1.0,exact
business_03580,"Grunau, Paul",MATCH,(all),,,1.0,exact
business_03581,Grunauer und Freudenberg,MATCH,(all),,,1.0,exact
business_03582,Grundkreditschutz GmbH,MATCH,(all),,,1.0,exact
business_03583,Grundmann & Kuhn,MATCH,(all),,,1.0,exact
business_03584,Grundstücks-AG Beusselturm,MATCH,(all),,,1.0,exact
business_03585,Grundstücks-AG Dido,MATCH,(all),,,1.0,exact
business_03586,Grundstücks-Treuhand und Verwaltungs-AG,MATCH,(all),,,1.0,exact
business_03587,Grundstücksgesellschaft Goßlerstraße 25 mbH,FIELD_DIFF,original_address,"Goßlerstraße 25, Berlin","Kaiserallee 79a, Berlin",0.65,address_differs
business_03588,Grundstücksgesellschaft Hans GmbH,MATCH,(all),,,1.0,exact
business_03589,Grundstücksgesellschaft Lotte GmbH,MATCH,(all),,,1.0,exact
business_03590,Grundstücksgesellschaft Schönfried mbH,MATCH,(all),,,1.0,exact
business_03591,Grundstücksgesellschaft Wilmersdorf-Friedenau GmbH,MATCH,(all),,,1.0,exact
business_03592,Grundstücksgesellschaft Windhoff mbH,MATCH,(all),,,1.0,exact
business_03593,Grundstücksverwaltungsgesellschaft Berlinerstr. 56/57 zu Neukölln mbH,MATCH,(all),,,1.0,exact
business_03594,Grundstücksverwaltungsgesellschaft Ost-West GmbH,MATCH,(all),,,1.0,exact
business_03595,Grundstücksverwertungsgesellschaft Klausner GmbH,MATCH,(all),,,1.0,exact
business_03596,Grundstücksverwertungsgesellschaft Phantasus mbH,MATCH,(all),,,1.0,exact
business_03597,Grüger & Gumpert,MATCH,(all),,,1.0,exact
business_03598,Grün & Zöllner,MATCH,(all),,,1.0,exact
business_03599,Grünauer Apotheke und Drogerie Apotheker Max Salinger,FIELD_DIFF,original_address,"Friedrichstr. 1, Berlin","Friedrichstr. 1a, Berlin",0.65,address_differs
business_03600,Grünbaum,MATCH,(all),,,1.0,exact
business_03601,Grünberg & Heine,MATCH,(all),,,1.0,exact
business_03602,"Grünberg, Frieda geb. Hauke",MATCH,(all),,,1.0,exact
business_03603,"Grünberg, Wolff & Co",MATCH,(all),,,1.0,exact
business_03604,Gründlich,MATCH,(all),,,1.0,exact
business_03605,Grünebaum & Scheuer,MATCH,(all),,,1.0,exact
business_03606,Grünfeld'sche Grundstücksverwaltungsgesellschaft mbH (G.G.G.),MATCH,(all),,,1.0,exact
business_03607,Grünthal & Co GmbH,MATCH,(all),,,1.0,exact
business_03608,Grünthal & Wolff GmbH,MATCH,(all),,,1.0,exact
business_03609,"Grünthal, Sorensohn & Co",MATCH,(all),,,1.0,exact
business_03610,"Grünthal, Wolff & Co",MATCH,(all),,,1.0,exact
business_03611,Gu-Bi-Sch Gut-Billig-Schnell Bügel-Anstalten Abraham Rachmann,MATCH,(all),,,1.0,exact
business_03612,Guido Feiks,MATCH,(all),,,1.0,exact
business_03613,Gummi Confection Alexis Sachs,FIELD_DIFF,original_address,"( Trade ) Eingetragen im Handelsregister/ Gründung 1912 Erloschen 1937 Alt Moabit 83b, Berlin","Alt Moabit 83b, Berlin",0.65,address_differs
business_03614,Gummi- u. Asbest-Gesellschaft Engl & Co,MATCH,(all),,,1.0,exact
business_03615,"Gumpel, Rosenbach & Co",MATCH,(all),,,1.0,exact
business_03616,Gumpert-Back-Import GmbH,MATCH,(all),,,1.0,exact
business_03617,Gurau-Friedrichs GmbH,MATCH,(all),,,1.0,exact
business_03618,Gust. Salinger,MATCH,(all),,,1.0,exact
business_03619,Gustav & Heinrich Jacoby,MATCH,(all),,,1.0,exact
business_03620,Gustav A. Zaché,MATCH,(all),,,1.0,exact
business_03621,"Gustav Adolf Apotheke und Drogenhandlung, Fabrik chem.pharm.kosmet. Präparate und Versandgeschäft; Generaldepot der Dr. Barsikow'schen Hefe-Präparate Curt Treitel",MATCH,(all),,,1.0,exact
business_03622,Gustav Amigo,MATCH,(all),,,1.0,exact
business_03623,Gustav Bach,MATCH,(all),,,1.0,exact
business_03624,Gustav Bauer Bauausführungen,MATCH,(all),,,1.0,exact
business_03625,Gustav Becker,MATCH,(all),,,1.0,exact
business_03626,Gustav Blumenau,MATCH,(all),,,1.0,exact
business_03627,Gustav Blumenfeld,MATCH,(all),,,1.0,exact
business_03628,Gustav Cohn GmbH,MATCH,(all),,,1.0,exact
business_03629,Gustav Ehrenberg,MATCH,(all),,,1.0,exact
business_03630,Gustav Eisenstädt,FIELD_DIFF,original_address,"Friedrichstr. 9, Berlin","Neue Friedrichstr. 9, Berlin",0.65,address_differs
business_03631,Gustav Flater Nfg.,MATCH,(all),,,1.0,exact
business_03632,Gustav Freund,MATCH,(all),,,1.0,exact
business_03633,Gustav Friedländer,MATCH,(all),,,1.0,exact
business_03634,Gustav Georg Sommerfeld,MATCH,(all),,,1.0,exact
business_03635,Gustav Grützmacher & Co,MATCH,(all),,,1.0,exact
business_03636,Gustav Haase,MATCH,(all),,,1.0,exact
business_03637,Gustav Haase Nchfg.,FIELD_DIFF,original_address,"Königstr. 86, Berlin","Neue Königstr. 86, Berlin",0.65,address_differs
business_03638,Gustav Hamel & Co,MATCH,(all),,,1.0,exact
business_03639,Gustav Heilborn,MATCH,(all),,,1.0,exact
business_03640,"Gustav Herzig, GmbH",MATCH,(all),,,1.0,exact
business_03641,Gustav Kristeller,MATCH,(all),,,1.0,exact
business_03642,Gustav Kronheim,MATCH,(all),,,1.0,exact
business_03643,Gustav Kunze jr. GmbH,FIELD_DIFF,original_address,"( Trade ) Eingetragen im Handelsregister/ Gründung 1907 Flottenstr. , Berlin","Flottenstr. , Berlin",0.65,address_differs
business_03644,Gustav L. Guggenheimer AG,MATCH,(all),,,1.0,exact
business_03645,Gustav Lazarus,MATCH,(all),,,1.0,exact
business_03646,Gustav Lemmel,MATCH,(all),,,1.0,exact
business_03647,Gustav Leske,MATCH,(all),,,1.0,exact
business_03648,Gustav Levy,FIELD_DIFF,original_address,"( Trade ) Eingetragen im Handelsregister/ Gründung 1918 Erloschen 1937 Magerviehhof , Berlin","Magerviehhof , Berlin",0.65,address_differs
business_03649,Gustav Levy,FIELD_DIFF,original_address,"Elisabethstr. 23, Berlin","Magerviehhof , Berlin",0.65,address_differs
business_03649,Gustav Levy,FIELD_DIFF,startDate,1903,1918,0.6,founding year mismatch
business_03650,Gustav Lewin,MATCH,(all),,,1.0,exact
business_03651,Gustav Hirsch,MATCH,(all),,,1.0,exact
business_03652,Gustav Huhn,MATCH,(all),,,1.0,exact
business_03653,Gustav I. Berger,MATCH,(all),,,1.0,exact
business_03654,Gustav Issacsohn,MATCH,(all),,,1.0,exact
business_03655,Gustav Jacobi,MATCH,(all),,,1.0,exact
business_03656,Gustav Jacobowitz,MATCH,(all),,,1.0,exact
business_03657,Gustav Japha,MATCH,(all),,,1.0,exact
business_03658,Gustav Kamnitzer,MATCH,(all),,,1.0,exact
business_03659,Gustav Klempin,MATCH,(all),,,1.0,exact
business_03660,Gustav Kochmann,MATCH,(all),,,1.0,exact
business_03661,Gustav Liebler (Liebier),MATCH,(all),,,1.0,exact
business_03662,Gustav Lieblich,MATCH,(all),,,1.0,exact
business_03663,Gustav Loebel,MATCH,(all),,,1.0,exact
business_03664,Gustav Loewen Nachf.,MATCH,(all),,,1.0,exact
business_03665,Gustav Loseynski,MATCH,(all),,,1.0,exact
business_03666,Gustav Lustig,MATCH,(all),,,1.0,exact
business_03667,Gustav Lyon,FIELD_DIFF,original_address,"Schmidtstr. 19/21, Berlin","Schmidtstr. 19/21, Berlin Neue Jacobstr. 6, Berlin",0.65,address_differs
business_03668,Gustav Lyon Stiftung GmbH,MATCH,(all),,,1.0,exact
business_03669,Gustav Löwenberg,MATCH,(all),,,1.0,exact
business_03670,Gustav Mandel,MATCH,(all),,,1.0,exact
business_03671,Gustav Meyer,MATCH,(all),,,1.0,exact
business_03672,Gustav Meyerhof,FIELD_DIFF,original_address,"Taubenstr. 23, Berlin","Taubenstr. 23a, Berlin",0.65,address_differs
business_03673,Gustav Nathan,MATCH,(all),,,1.0,exact
business_03674,Gustav Nathan & Co,MATCH,(all),,,1.0,exact
business_03675,Gustav Nossek,MATCH,(all),,,1.0,exact
business_03676,Gustav Nölter AG,MATCH,(all),,,1.0,exact
business_03677,Gustav Pflaumer GmbH,MATCH,(all),,,1.0,exact
business_03678,Gustav Prytek,MATCH,(all),,,1.0,exact
business_03679,Gustav Reinke,MATCH,(all),,,1.0,exact
business_03680,Gustav Rosenthal Inh. Henriette Rosenthal,MATCH,(all),,,1.0,exact
business_03681,Gustav Salomon,MATCH,(all),,,1.0,exact
business_03682,Gustav Schott,MATCH,(all),,,1.0,exact
business_03683,Gustav Schweitzer,MATCH,(all),,,1.0,exact
business_03684,Gustav Seelig,MATCH,(all),,,1.0,exact
business_03685,Gustav Speyer,MATCH,(all),,,1.0,exact
business_03686,Gustav Stahr,MATCH,(all),,,1.0,exact
business_03687,Gustav Urbach & Dr. Sittig,MATCH,(all),,,1.0,exact
business_03688,Gustav Walz & Co.,FIELD_DIFF,original_address,"Holzmarktstr. 48, Berlin","Holzmarktstr. 48a, Berlin",0.65,address_differs
business_03689,Gustav Wolff Söhne elektrotechnische Artikel GmbH,MATCH,(all),,,1.0,exact
business_03690,Gustav Zacharias,FIELD_DIFF,original_address,"Mohrenstr. 40, Berlin","Mohrenstr. 40, Berlin Friedrichstr. 62, Berlin Leipzigerstr. 96, Berlin",0.65,address_differs
business_03691,Gustav Zamory,MATCH,(all),,,1.0,exact
business_03692,Guthmann & Co GmbH,MATCH,(all),,,1.0,exact
business_03693,"Gutkind & Co, GmbH",MATCH,(all),,,1.0,exact
business_03694,Gutmann & Heinsfurter,MATCH,(all),,,1.0,exact
business_03695,Gutmann & Meyer Nchf. Inh. Siegfried Hirschberg,FIELD_DIFF,original_address,"Königstr. 83, Berlin","Neue Königstr. 83, Berlin",0.65,address_differs
business_03696,Gutmann & Möller,MATCH,(all),,,1.0,exact
business_03697,Gutmann's-Etage Franz Gutmann,MATCH,(all),,,1.0,exact
business_03698,"Gutmann, Martin",MATCH,(all),,,1.0,exact
business_03699,Guttenberg & Strauß Komm. Ges.,MATCH,(all),,,1.0,exact
business_03700,Guttentag & Goldschmidt,MATCH,(all),,,1.0,exact
business_03701,Guttstadt & Simon,MATCH,(all),,,1.0,exact
business_03702,Gänse-Verwertungs-GmbH,MATCH,(all),,,1.0,exact
business_03703,Géza Papp,MATCH,(all),,,1.0,exact
business_03704,Géza Wiener,MATCH,(all),,,1.0,exact
business_03705,Götzel Jacob,MATCH,(all),,,1.0,exact
business_03706,"Günter Mamlock Steinkohlen, Koks, Briketts",MATCH,(all),,,1.0,exact
business_03707,Günther Hartwich,MATCH,(all),,,1.0,exact
business_03708,Günther Phiebig,MATCH,(all),,,1.0,exact
business_03709,Günther Salomon-Salter,MATCH,(all),,,1.0,exact
business_03710,Güter-Sammelverkehr-GmbH,MATCH,(all),,,1.0,exact
business_03711,H. &  A. Banner,MATCH,(all),,,1.0,exact
business_03712,H. & A. Rotholz,MATCH,(all),,,1.0,exact
business_03713,H. & E. Buchholz,MATCH,(all),,,1.0,exact
business_03714,H. & H. Nesselstrauß,MATCH,(all),,,1.0,exact
business_03715,H. & J. Friedlaender,MATCH,(all),,,1.0,exact
business_03716,H. & K. Mendelsohn,MATCH,(all),,,1.0,exact
business_03717,H. & L. Cendrowicz,MATCH,(all),,,1.0,exact
business_03718,H. & M. Jacobsohn,MATCH,(all),,,1.0,exact
business_03719,H. & M. Lewent,MATCH,(all),,,1.0,exact
business_03720,H. Ascher & Co,MATCH,(all),,,1.0,exact
business_03721,H. Bielschowsky,MATCH,(all),,,1.0,exact
business_03722,H. Bindiger,MATCH,(all),,,1.0,exact
business_03723,H. Blachmann,MATCH,(all),,,1.0,exact
business_03724,H. Bloch & Co,MATCH,(all),,,1.0,exact
business_03725,H. Donath & Co,MATCH,(all),,,1.0,exact
business_03726,H. Engel's Nachfolger,MATCH,(all),,,1.0,exact
business_03727,H. Erdberg,MATCH,(all),,,1.0,exact
business_03728,H. Falk & Co,MATCH,(all),,,1.0,exact
business_03729,H. Feigenbaum & Co,MATCH,(all),,,1.0,exact
business_03730,H. Fink,MATCH,(all),,,1.0,exact
business_03731,H. Freitag & Co,MATCH,(all),,,1.0,exact
business_03732,H. Frost & Söhne,MATCH,(all),,,1.0,exact
business_03733,H. Fuchs Söhne Außenhandelsgesellschaft mbH,MATCH,(all),,,1.0,exact
business_03734,H. Fürth & Co Ausländische Speditionsbetriebe,MATCH,(all),,,1.0,exact
business_03735,H. Geduldig & Sohn,MATCH,(all),,,1.0,exact
business_03736,H. Gruschka,MATCH,(all),,,1.0,exact
business_03737,H. Hahner Nflgr.,MATCH,(all),,,1.0,exact
business_03738,H. Hatz,MATCH,(all),,,1.0,exact
business_03739,H. Haß,MATCH,(all),,,1.0,exact_ambiguous_2
business_03740,H. Haß,FIELD_DIFF,original_address,"Lange Str. 28, Berlin","Lange Str. 23, Berlin",0.65,address_differs
business_03740,H. Haß,FIELD_DIFF,endDate,1938,1934,0.6,closing/takeover year mismatch
business_03741,H. Kurniker,MATCH,(all),,,1.0,exact
business_03742,H. Leiser Nachf.,MATCH,(all),,,1.0,exact
business_03743,H. Lipke,MATCH,(all),,,1.0,exact
business_03744,H. Lippmann,MATCH,(all),,,1.0,exact
business_03745,H. Littmann,MATCH,(all),,,1.0,exact
business_03746,H. M. Dobrin & Sohn,FIELD_DIFF,original_address,"Friedrichstr. 36, Berlin","Neue Friedrichstr. 36, Berlin",0.65,address_differs
business_03747,H. Markuse & Sohn,MATCH,(all),,,1.0,exact
business_03748,H. Marzynski,MATCH,(all),,,1.0,exact
business_03749,H. Meyer & Co Speditionsgeschäft,MATCH,(all),,,1.0,exact
business_03750,H. Meyer Nachf.,MATCH,(all),,,1.0,exact
business_03751,H. Herzberg,MATCH,(all),,,1.0,exact
business_03752,H. Heß Nachf.,MATCH,(all),,,1.0,exact
business_03753,H. Hübner Nachf.,MATCH,(all),,,1.0,exact
business_03754,H. Joessel & Co,MATCH,(all),,,1.0,exact
business_03755,H. Joseph & Co,MATCH,(all),,,1.0,exact
business_03756,H. Kantorowicz & Co,MATCH,(all),,,1.0,exact
business_03757,H. Keilus & Co,MATCH,(all),,,1.0,exact
business_03758,H. Kersken jr. GmbH,MATCH,(all),,,1.0,exact
business_03759,H. Klopstock & Co,FIELD_DIFF,original_address,"Jakobstr. 26, Berlin","Neue Jakobstr. 26, Berlin",0.65,address_differs
business_03760,H. Kulke & Co,MATCH,(all),,,1.0,exact
business_03761,H. Nachmann,FIELD_DIFF,original_address,"Müllerstr. 131, Berlin","Müllerstr. 131a, Berlin",0.65,address_differs
business_03762,H. Neumann & Co Damenhutfabrikation,MATCH,(all),,,1.0,exact
business_03763,H. Nußbaum,MATCH,(all),,,1.0,exact
business_03764,H. Offenberg & Co,MATCH,(all),,,1.0,exact
business_03765,H. Pein,MATCH,(all),,,1.0,exact
business_03766,H. Preetzmann,MATCH,(all),,,1.0,exact
business_03767,H. Rosenbaum,MATCH,(all),,,1.0,exact
business_03768,H. Rosenbund,MATCH,(all),,,1.0,exact
business_03769,H. Ruben Filiale Berlin,FIELD_DIFF,original_address,"Friedrichstr. 37, Berlin","Neue Friedrichstr. 37, Berlin",0.65,address_differs
business_03770,H. S. Cramer,MATCH,(all),,,1.0,exact
business_03771,H. Schlesinger Wäschefabrik,MATCH,(all),,,1.0,exact
business_03772,H. Schnitzer & Co,MATCH,(all),,,1.0,exact
business_03773,H. Schoyer,MATCH,(all),,,1.0,exact
business_03774,H. Schöndorf & Co,MATCH,(all),,,1.0,exact
business_03775,H. Sonntag ( weibl.),MATCH,(all),,,1.0,exact
business_03776,H. Sternberg jr.,MATCH,(all),,,1.0,exact
business_03777,H. Unger,MATCH,(all),,,1.0,exact
business_03778,H. Vaisman,MATCH,(all),,,1.0,exact
business_03779,H. Wallet,MATCH,(all),,,1.0,exact
business_03780,H. Wernery,MATCH,(all),,,1.0,exact
business_03781,H. Wilhelm Abel junior GmbH,MATCH,(all),,,1.0,exact
business_03782,H. Wittkowsky,MATCH,(all),,,1.0,exact
business_03783,H. Wolff & Co,MATCH,(all),,,1.0,exact
business_03784,H. Wolff & Co GmbH,MATCH,(all),,,1.0,exact
business_03785,H. Wolff jr. & Co KG,MATCH,(all),,,1.0,exact
business_03786,H. u. P. Kunst- und Ausstattungsgesellschaft mbH,MATCH,(all),,,1.0,exact
business_03787,Ha-Ha Haus der Hausfrau Martin Hirschberg,MATCH,(all),,,1.0,exact
business_03788,Haar & Klein,MATCH,(all),,,1.0,exact
business_03789,Haarspinnerei- und Zurichterei GmbH,MATCH,(all),,,1.0,exact
business_03790,Haase & Meyer,MATCH,(all),,,1.0,exact
business_03791,Haber & Zikel,MATCH,(all),,,1.0,exact
business_03792,Hackescher Hof Grundstücks-GmbH,MATCH,(all),,,1.0,exact
business_03793,Hael-Werkstätten für künstlerische Keramik GmbH,FIELD_DIFF,cleaned_address,,", Velten",0.65,address_differs
business_03794,Hafrie Liköre Spirituosenfabrikation und Weingroß-Handlung Inh. Helene Friedlaender,FIELD_DIFF,original_address,"( Trade ) Eingetragen im Handelsregister/ Gründung 1938 Besitzübernahme 1938 Keine Angabe , Berlin","Keine Angabe , Berlin",0.65,address_differs
business_03795,Hagen & Co KG,MATCH,(all),,,1.0,exact
business_03796,Hahn & Langer,FIELD_DIFF,original_address,"Jakobstr. 78, Berlin","Alte Jakobstr. 78, Berlin",0.65,address_differs
business_03797,Hahn'sches Kleiderwerk GmbH,MATCH,(all),,,1.0,exact
business_03798,"Hahn, Samuel",MATCH,(all),,,1.0,exact
business_03799,Hahnsche Werke AG,MATCH,(all),,,1.0,exact
business_03800,Haidar Hussein,MATCH,(all),,,1.0,exact
business_03801,Haim C.Vitalis,FIELD_DIFF,original_address,"Winterfeldtstr. 20, Berlin","Neue Winterfeldtstr. 20, Berlin",0.65,address_differs
business_03802,Hallesches Tor Grundstücksverwaltungs AG,MATCH,(all),,,1.0,exact
business_03803,Halperna Louis Halpern,MATCH,(all),,,1.0,exact
business_03804,Halpert & Comp.,MATCH,(all),,,1.0,exact
business_03805,Hamarro Grunderwerbs-AG,MATCH,(all),,,1.0,exact
business_03806,Hambre Hamburg-Bremer Zigarrenvertrieb GmbH,MATCH,(all),,,1.0,exact
business_03807,Hamburger & Co GmbH,FIELD_DIFF,original_address,"Königstr. 61, Berlin","Neue Königstr. 61, Berlin",0.65,address_differs
business_03808,"Hammel, Rosalie geb. Silberberg",MATCH,(all),,,1.0,exact
business_03809,Hammonia-Reiniger-Werk GmbH,MATCH,(all),,,1.0,exact
business_03810,Hand in Hand Grunderwerbs- und Verwertungs GmbH,MATCH,(all),,,1.0,exact
business_03811,Hand in Hand Grundstückserwerbs- und Verwertungsgesellschaft mbH,FIELD_DIFF,original_address,"Kronenstr. 66/67, Berlin","Bayreuther Str. 40, Berlin Kronenstr. 66/67, Berlin",0.65,address_differs
business_03812,Handarbeitshaus Nomotta Fritz Krohn,MATCH,(all),,,1.0,exact
business_03813,Handbügelei Pasteur,MATCH,(all),,,1.0,exact
business_03814,Handels- und Verwaltungs-GmbH,FIELD_DIFF,original_address,"( Trade ) Eingetragen im Handelsregister/ Gründung 1933 Alexandrinenstr. , Berlin","Alexandrinenstr. , Berlin",0.65,address_differs
business_03815,Handelsaktiengesellschaft Atlantic,MATCH,(all),,,1.0,exact
business_03816,Handelsgesellschaft für Chemikalien und Hüttenprodukte mbH,MATCH,(all),,,1.0,exact
business_03817,Handelskontor industrieller Tabakserzeugnisse Hakointa Arthur Freund,MATCH,(all),,,1.0,exact
business_03818,Handelsstätte Alexanderplatz GmbH,MATCH,(all),,,1.0,exact
business_03819,Handelsvertretung Siegfried Hamburger,MATCH,(all),,,1.0,exact
business_03820,"Handelsvertretung, Tabakwaren, Isidor Lubliner",MATCH,(all),,,1.0,exact
business_03821,Handstickereiwerke AG,MATCH,(all),,,1.0,exact
business_03822,Handwein Außenreklame Max Handwein,MATCH,(all),,,1.0,exact
business_03823,Handwäscherei Klein,MATCH,(all),,,1.0,exact
business_03824,Hanewacker & Co GmbH,MATCH,(all),,,1.0,exact
business_03825,Hanke & Braunspon (Inh. M. Kindar),MATCH,(all),,,1.0,exact
business_03826,Hanna Bernhardt,MATCH,(all),,,1.0,exact
business_03827,Hanna Büchler,MATCH,(all),,,1.0,exact
business_03828,Hanna Feiertag,MATCH,(all),,,1.0,exact
business_03829,Hanna Löwenstein,MATCH,(all),,,1.0,exact
business_03830,Hanni Grünthal,MATCH,(all),,,1.0,exact
business_03831,Hanns Dispeker,MATCH,(all),,,1.0,exact
business_03832,Hans Alexander,MATCH,(all),,,1.0,exact
business_03833,Hans Bauchwitz,MATCH,(all),,,1.0,exact
business_03834,Hans Behrendt & Co,MATCH,(all),,,1.0,exact
business_03835,Hans Bernhard,MATCH,(all),,,1.0,exact
business_03836,Hans Beyer Drogen- und Photospezialhandlung Inhaberin Elfriede Beyer,MATCH,(all),,,1.0,exact
business_03837,Hans Bibo,MATCH,(all),,,1.0,exact
business_03838,Hans Bombek,MATCH,(all),,,1.0,exact
business_03839,Hans Brandt,MATCH,(all),,,1.0,exact
business_03840,Hans Cohn,MATCH,(all),,,1.0,exact
business_03841,Hans Cohn Fondsmakler,MATCH,(all),,,1.0,exact
business_03842,Hans Cohnheim,MATCH,(all),,,1.0,exact
business_03843,Hans Danielsohn,MATCH,(all),,,1.0,exact
business_03844,Hans Eppenheim,MATCH,(all),,,1.0,exact
business_03845,Hans Eugen Spiegler,MATCH,(all),,,1.0,exact
business_03846,Hans Friedmann & Co,MATCH,(all),,,1.0,exact
business_03847,Hans Fürstenwalde Hypotheken und Grundbesitz,MATCH,(all),,,1.0,exact
business_03848,Hans Goldfreund,MATCH,(all),,,1.0,exact
business_03849,Hans Goldstein,MATCH,(all),,,1.0,exact
business_03850,Hans Gost & Co,MATCH,(all),,,1.0,exact
business_03851,Hans Gost & Co GmbH,MATCH,(all),,,1.0,exact
business_03852,Hans Graetzer,MATCH,(all),,,1.0,exact
business_03853,Hans Gumpel & Co,MATCH,(all),,,1.0,exact
business_03854,Hans Gundermann,MATCH,(all),,,1.0,exact
business_03855,Hans H. Rothschild,MATCH,(all),,,1.0,exact
business_03856,Hans Hahn,FIELD_DIFF,original_address,"Tauentzienstr. 13, Berlin","Tauentzienstr. 13a, Berlin",0.65,address_differs
business_03857,Hans Hambaum,MATCH,(all),,,1.0,exact
business_03858,Hans Hauptz,MATCH,(all),,,1.0,exact
business_03859,Hans Jacob Bornstein,MATCH,(all),,,1.0,exact
business_03860,Hans Joseph & Co,MATCH,(all),,,1.0,exact
business_03861,Hans Josephson,MATCH,(all),,,1.0,exact
business_03862,Hans Katzenellenbogen,MATCH,(all),,,1.0,exact
business_03863,Hans Kaufmann,MATCH,(all),,,1.0,exact
business_03864,Hans Kirstein,FIELD_DIFF,original_address,"Burgstr. 25, Berlin","Burgstr. 25 (Börse), Berlin",0.65,address_differs
business_03865,Hans Klehr,MATCH,(all),,,1.0,exact
business_03866,Hans Klonower,MATCH,(all),,,1.0,exact
business_03867,Hans Krause GmbH,MATCH,(all),,,1.0,exact
business_03868,Hans Latz,MATCH,(all),,,1.0,exact
business_03869,Hans Lehmann,MATCH,(all),,,1.0,exact
business_03870,Hans Lesser,MATCH,(all),,,1.0,exact
business_03871,Hans Lippmann,MATCH,(all),,,1.0,exact
business_03872,Hans Lippmann Spinnerei-Erzeugnisse GmbH,MATCH,(all),,,1.0,exact
business_03873,Hans Loepert,FIELD_DIFF,original_address,"Jacobstr. 40/41, Berlin","Alte Jacobstr. 40/41, Berlin",0.65,address_differs
business_03874,Hans Ludwig Automobile,MATCH,(all),,,1.0,exact
business_03875,Hans Max Samuel Kirstein,MATCH,(all),,,1.0,exact
business_03876,Hans Memelsdorff,MATCH,(all),,,1.0,exact
business_03877,Hans Merten,MATCH,(all),,,1.0,exact
business_03878,"Hans Nathan, Dipl. Ing.",MATCH,(all),,,1.0,exact
business_03879,Hans Obstbaum,MATCH,(all),,,1.0,exact
business_03880,Hans Paletz,MATCH,(all),,,1.0,exact
business_03881,Hans Reiff,MATCH,(all),,,1.0,exact
business_03882,Hans Rosenblum,MATCH,(all),,,1.0,exact
business_03883,Hans Sachs,FIELD_DIFF,original_address,"Burgstr. 25, Berlin","Burgstr. 25 (Börse), Berlin",0.65,address_differs
business_03884,Hans Schoenlank,MATCH,(all),,,1.0,exact
business_03885,Hans Schottlaender & Co,MATCH,(all),,,1.0,exact
business_03886,Hans Schwarz,MATCH,(all),,,1.0,exact
business_03887,Hans Segall,FIELD_DIFF,original_address,"Friedrichstr. 48, Berlin","Neue Friedrichstr. 48, Berlin",0.65,address_differs
business_03888,Hans Seliger,MATCH,(all),,,1.0,exact
business_03889,Hans Stein,MATCH,(all),,,1.0,exact
business_03890,Hans Stroh,FIELD_DIFF,original_address,"e Frankfurter Str. 86, Berlin","Große Frankfurter Str. 86, Berlin",0.65,address_differs
business_03891,Hans Traube,MATCH,(all),,,1.0,exact
business_03892,Hans Troinski,MATCH,(all),,,1.0,exact
business_03893,Hans Vallentin,MATCH,(all),,,1.0,exact
business_03894,Hans Wall,MATCH,(all),,,1.0,exact
business_03895,Hans Wendriner Export,MATCH,(all),,,1.0,exact
business_03896,Hans Werner & Co,MATCH,(all),,,1.0,exact
business_03897,Hans Wolffsohn & Co,MATCH,(all),,,1.0,exact
business_03898,Hansa Bazar Max Grundland,MATCH,(all),,,1.0,exact
business_03899,Hansa Mechanische Trikotwaren- und Wäschefabrik GmbH,MATCH,(all),,,1.0,exact
business_03900,Hansa Mützenfabrik Cukierman & Co KG,MATCH,(all),,,1.0,exact
business_03901,Harf & Co,MATCH,(all),,,1.0,exact
business_03902,Harik & Co GmbH,MATCH,(all),,,1.0,exact
business_03903,Harke & Leiser GmbH,MATCH,(all),,,1.0,exact
business_03904,Harris Herrenausstattungs-GmbH,MATCH,(all),,,1.0,exact
business_03905,Harry Bermann & Co Röhrenhandlung,MATCH,(all),,,1.0,exact
business_03906,Harry Breitbarth Zweigniederlassung Berlin,MATCH,(all),,,1.0,exact
business_03907,Harry Cohn,MATCH,(all),,,1.0,exact
business_03908,Harry Danziger,MATCH,(all),,,1.0,exact
business_03909,Harry Ehrlich Werkzeugmaschinen- u. Eisenhandel,MATCH,(all),,,1.0,exact
business_03910,"Harry Fabian Vermittlung von Geschäfsverkäufen, Grundstücken, Hypothekenkrediten",MATCH,(all),,,1.0,exact
business_03911,Hansa-Apotheke Dr. Siegmund Danziger,MATCH,(all),,,1.0,exact
business_03912,Hansa-Mützenfabrikation Julius Fabian,FIELD_DIFF,original_address,"e Frankfurter Str. 95, Berlin","Große Frankfurter Str. 95, Berlin Friedenstr 95,",0.65,address_differs
business_03913,Hansen Bang,MATCH,(all),,,1.0,exact
business_03914,Hansjacob Bornstein,MATCH,(all),,,1.0,exact
business_03915,Hapran Handelsgesellschaft praktischer Neuheiten mbH,MATCH,(all),,,1.0,exact
business_03916,Harat Export GmbH,MATCH,(all),,,1.0,exact
business_03917,Hardenberg-Apotheke Martin Hermel Oberstabsapotheker a. D.,MATCH,(all),,,1.0,exact
business_03918,Hardy & Co GmbH,MATCH,(all),,,1.0,exact
business_03919,Hardy & Co Zweigniederlassung Berlin,MATCH,(all),,,1.0,exact
business_03920,Hardy Hypotheken-Treuhand GmbH,MATCH,(all),,,1.0,exact
business_03921,Harry Goldberg,FIELD_DIFF,original_address,"Königstr. 5, Berlin","Neue Königstr. 5, Berlin",0.65,address_differs
business_03922,Harry Goldschmidt,MATCH,(all),,,1.0,exact
business_03923,Harry Jeidels,MATCH,(all),,,1.0,exact
business_03924,Harry Lewy,MATCH,(all),,,1.0,exact
business_03925,Harry Lindenstädt,MATCH,(all),,,1.0,exact
business_03926,Harry Loschinski,MATCH,(all),,,1.0,exact
business_03927,Harry Maaß,MATCH,(all),,,1.0,exact
business_03928,Harry Oschinsky,MATCH,(all),,,1.0,exact
business_03929,Harry Pessen,MATCH,(all),,,1.0,exact
business_03930,Harry Walter,MATCH,(all),,,1.0,exact
business_03931,Haus an der Bayerischenstraße GmbH,MATCH,(all),,,1.0,exact
business_03932,Haus und Land Grundstücks-AG,MATCH,(all),,,1.0,exact
business_03933,Hauser & Rubinstein,MATCH,(all),,,1.0,exact
business_03934,Hausverwertungsgesellschaft Pragereck mbH,MATCH,(all),,,1.0,exact
business_03935,Havelländische Grundstücksverwertungsgesellschaft mbH,MATCH,(all),,,1.0,exact
business_03936,Haw-Propellerbau GmbH,FIELD_DIFF,original_address,"( Industry ) Eingetragen im Handelsregister/ Gründung 1925 Erloschen 1937 Feldstr. k. A., Berlin","Feldstr. k. A., Berlin",0.65,address_differs
business_03937,Hch. Heilbronn,MATCH,(all),,,1.0,exact
business_03938,Hebräischer Verlag Menorah GmbH,MATCH,(all),,,1.0,exact
business_03939,Hecht & Noher,FIELD_DIFF,original_address,"Charlottenstr. 65/65, Berlin","Charlottenstr. 65/65a, Berlin",0.65,address_differs
business_03940,Hecht & Reiwith,MATCH,(all),,,1.0,exact
business_03941,"Hecht, Pfeiffer & Co GmbH",MATCH,(all),,,1.0,exact
business_03942,Hedwig Baerwald,MATCH,(all),,,1.0,exact
business_03943,Hedwig Gruenbaum,MATCH,(all),,,1.0,exact
business_03944,Hedwig Heymann,MATCH,(all),,,1.0,exact
business_03945,Hedwig Jaißle,MATCH,(all),,,1.0,exact
business_03946,Hedwig Koh,FIELD_DIFF,original_address,"Turmstr. 35, Berlin","Turmstr. 35a, Berlin",0.65,address_differs
business_03947,Hedwig Oelsner,MATCH,(all),,,1.0,exact
business_03948,Hedwig Wyngaard,MATCH,(all),,,1.0,exact
business_03949,Hedyra Neuheiten Herstellungs- und Vetriebs-GmbH,MATCH,(all),,,1.0,exact
business_03950,"Heilborn, Richard",MATCH,(all),,,1.0,exact
business_03951,Hartmann & Co,FIELD_DIFF,original_address,"Alexandrinenstr. 37, Berlin","Alexandrinenstr. 37a, Berlin",0.65,address_differs
business_03952,Hartmann & Klempner,FIELD_DIFF,original_address,"Friedrichstr. 36, Berlin","Neue Friedrichstr. 36, Berlin",0.65,address_differs
business_03953,Hartmann & Klempner GmbH,MATCH,(all),,,1.0,exact
business_03954,Hartog & Co,MATCH,(all),,,1.0,exact
business_03955,Hartog Frank & Co GmbH,MATCH,(all),,,1.0,exact
business_03956,"Hartung, AG Berliner Eisengießerei und Gußstahlfabrik",MATCH,(all),,,1.0,exact
business_03957,Haschi-Fabrik Hans Schindler,MATCH,(all),,,1.0,exact
business_03958,"Hauer, Würzburger & Co KGaA",MATCH,(all),,,1.0,exact
business_03959,Haus Europa Drogerien- und Parfümerienbedarfsgesellschaft mbH,MATCH,(all),,,1.0,exact
business_03960,Haus Preußenpark Grundstücksgesellschaft GmbH,MATCH,(all),,,1.0,exact
business_03961,"Hein, Wilde & Co",FIELD_DIFF,original_address,"Friedrichstr. 21, Berlin","Neue Friedrichstr. 21a, Berlin",0.65,address_differs
business_03962,Heinco Herren-Ausstattungs-Magazin Heinrich Cohn,MATCH,(all),,,1.0,exact
business_03963,Heinemann & Co,MATCH,(all),,,1.0,exact
business_03964,Heinisch & Co,MATCH,(all),,,1.0,exact
business_03965,Heinitz & Seckelson,MATCH,(all),,,1.0,exact
business_03966,"Heinr. Eisler Annoncen-Expeditions-AG, Zweigniederlassung Berlin",MATCH,(all),,,1.0,exact
business_03967,Heinrich & Kirstein,MATCH,(all),,,1.0,exact
business_03968,Heinrich Abrahamsohn Kunstverlag,MATCH,(all),,,1.0,exact
business_03969,Heinrich Adler,MATCH,(all),,,1.0,exact
business_03970,Heinrich Apisdorf,MATCH,(all),,,1.0,exact
business_03971,Heilbronner & Schreiber GmbH,MATCH,(all),,,1.0,exact
business_03972,"Heilbrunn, Werner und Helmuth Tischauer",MATCH,(all),,,1.0,exact
business_03973,Heimann Falk,MATCH,(all),,,1.0,exact
business_03974,Heimann Jacobowski,MATCH,(all),,,1.0,exact
business_03975,Heimann Kallmann,MATCH,(all),,,1.0,exact
business_03976,Heimann Podolski,MATCH,(all),,,1.0,exact
business_03977,"Heimann, Fritz",MATCH,(all),,,1.0,exact
business_03978,Heimbau- und Wirtschafts-GmbH,MATCH,(all),,,1.0,exact
business_03979,Hein & Co GmbH,MATCH,(all),,,1.0,exact
business_03980,Hein & Kreisle GmbH,MATCH,(all),,,1.0,exact
business_03981,Heinrich Badt,MATCH,(all),,,1.0,exact
business_03982,Heinrich Baer,MATCH,(all),,,1.0,exact
business_03983,Heinrich Beermann & Co,MATCH,(all),,,1.0,exact
business_03984,Heinrich Bickel & Co,MATCH,(all),,,1.0,exact
business_03985,Heinrich Bielschowsky,MATCH,(all),,,1.0,exact
business_03986,Heinrich Blumenthal,MATCH,(all),,,1.0,exact
business_03987,Heinrich Brieger,MATCH,(all),,,1.0,exact
business_03988,Heinrich Buchholz & Co,MATCH,(all),,,1.0,exact
business_03989,Heinrich Bukofzer,MATCH,(all),,,1.0,exact
business_03990,Heinrich Busse,MATCH,(all),,,1.0,exact
business_03991,Heinrich Jolles & Co,MATCH,(all),,,1.0,exact
business_03992,Heinrich Kamm,MATCH,(all),,,1.0,exact
business_03993,Heinrich Katz,MATCH,(all),,,1.0,exact
business_03994,Heinrich Katz Fabrikvertretungen,MATCH,(all),,,1.0,exact
business_03995,Heinrich Knap,FIELD_DIFF,original_address,"Hausvogteiplatz 11, Berlin","Hausvogteiplatz 11a, Berlin",0.65,address_differs
business_03996,Heinrich Knoller,MATCH,(all),,,1.0,exact
business_03997,Heinrich Koeppler,MATCH,(all),,,1.0,exact
business_03998,Heinrich Kohl,FIELD_DIFF,original_address,"Friedrichstr. 5, Berlin","Neue Friedrichstr. 5, Berlin",0.65,address_differs
business_03999,Heinrich Kopplowitz,MATCH,(all),,,1.0,exact
business_04000,Heinrich Kornicker,MATCH,(all),,,1.0,exact
business_04001,Heinrich Gartenberg,MATCH,(all),,,1.0,exact
business_04002,Heinrich Genuit sen.,MATCH,(all),,,1.0,exact
business_04003,Heinrich Graetzer,MATCH,(all),,,1.0,exact
business_04004,Heinrich Grunwald,MATCH,(all),,,1.0,exact
business_04005,Heinrich Haas & Co,MATCH,(all),,,1.0,exact
business_04006,Heinrich Hanauer,FIELD_DIFF,original_address,"Friedrichstr. 38/40, Berlin","Neue Friedrichstr. 38/40, Berlin",0.65,address_differs
business_04007,Heinrich Herz GmbH,MATCH,(all),,,1.0,exact
business_04008,Heinrich Hirschfeld KG,MATCH,(all),,,1.0,exact
business_04009,Heinrich Hoffmann jr.,MATCH,(all),,,1.0,exact
business_04010,Heinrich J. Storckmann GmbH,MATCH,(all),,,1.0,exact
business_04011,Heinrich Dembitzer's Möbelniederlage,MATCH,(all),,,1.0,exact
business_04012,Heinrich Dreyfuss,FIELD_DIFF,original_address,"Winterfeldstr. 27, Berlin","Neue Winterfeldstr. 27, Berlin",0.65,address_differs
business_04013,Heinrich E. Simon,MATCH,(all),,,1.0,exact
business_04014,Heinrich Elias & Co,MATCH,(all),,,1.0,exact
business_04015,Heinrich Ernsthaft,MATCH,(all),,,1.0,exact
business_04016,Heinrich Ferster,MATCH,(all),,,1.0,exact
business_04017,Heinrich Finkelstein,MATCH,(all),,,1.0,exact
business_04018,Heinrich Fleckmann,MATCH,(all),,,1.0,exact
business_04019,Heinrich Flink,MATCH,(all),,,1.0,exact
business_04020,Heinrich Färber & Sohn,MATCH,(all),,,1.0,exact
business_04021,"Heinrich Koschminski, Apotheker, Drogen u. Chemikalien",MATCH,(all),,,1.0,exact
business_04022,Heinrich Laufer,MATCH,(all),,,1.0,exact
business_04023,Heinrich Lewinski,MATCH,(all),,,1.0,exact
business_04024,Heinrich Loewenheim,FIELD_DIFF,original_address,"Königstr. 63/64, Berlin","Neue Königstr. 63/64 bzw. 20/21, Berlin",0.65,address_differs
business_04025,Heinrich Mendelssohn,MATCH,(all),,,1.0,exact
business_04026,Heinrich Meyer,MATCH,(all),,,1.0,exact
business_04027,Heinrich Michaelis Apotheker,MATCH,(all),,,1.0,exact
business_04028,Heinrich Nager,MATCH,(all),,,1.0,exact
business_04029,Heinrich Opitz,MATCH,(all),,,1.0,exact
business_04030,Heinrich Peiser Likörfabrik,MATCH,(all),,,1.0,exact
business_04031,Heinrich Perl,MATCH,(all),,,1.0,exact
business_04032,Heinrich Reizenstein,MATCH,(all),,,1.0,exact
business_04033,Heinrich Ries,MATCH,(all),,,1.0,exact
business_04034,Heinrich Rosenberg,MATCH,(all),,,1.0,exact
business_04035,Heinrich Rosenthal,MATCH,(all),,,1.0,exact
business_04036,Heinrich Scharf,MATCH,(all),,,1.0,exact
business_04037,Heinrich Schlanger,MATCH,(all),,,1.0,exact
business_04038,Heinrich Schneidemühl GmbH,MATCH,(all),,,1.0,exact
business_04039,Heinrich Seiden,MATCH,(all),,,1.0,exact
business_04040,Heinrich Seidenberg,MATCH,(all),,,1.0,exact
business_04041,Heinrich Simmenauer,MATCH,(all),,,1.0,exact
business_04042,Heinrich Spanier,FIELD_DIFF,original_address,"e Frankfurter Str. 137, Berlin","Große Frankfurter Str. 137, Berlin",0.65,address_differs
business_04043,Heinrich Spritzer,MATCH,(all),,,1.0,exact
business_04044,Heinrich Steinbrecher Tabakwaren-Großhandlung,MATCH,(all),,,1.0,exact
business_04045,Heinrich Steiner,MATCH,(all),,,1.0,exact
business_04046,Heinrich Stenger,MATCH,(all),,,1.0,exact
business_04047,Heinrich Stenger & Co,MATCH,(all),,,1.0,exact
business_04048,Heinrich Süßmann,MATCH,(all),,,1.0,exact
business_04049,Heinrich Wolf,MATCH,(all),,,1.0,exact
business_04050,"Heinrich Wolff, in Firma Leopold Wolff",MATCH,(all),,,1.0,exact
business_04051,Heinrich Wollenberg,MATCH,(all),,,1.0,exact
business_04052,Heinrich Zander,MATCH,(all),,,1.0,exact
business_04053,Heinrich Zeida,MATCH,(all),,,1.0,exact
business_04054,Heinz Adam,MATCH,(all),,,1.0,exact
business_04055,Heinz Arzt,FIELD_DIFF,original_address,"Steinmetzstr. 15, Berlin","Steinmetzstr. 15a, Berlin",0.65,address_differs
business_04056,Heinz Gayer,MATCH,(all),,,1.0,exact
business_04057,Heinz Glückauf & Co,MATCH,(all),,,1.0,exact
business_04058,Heinz H. Neumann,MATCH,(all),,,1.0,exact
business_04059,Heinz Kirstein,MATCH,(all),,,1.0,exact
business_04060,Heinz Lilienthal,MATCH,(all),,,1.0,exact
business_04061,Heinz Lindenberg,MATCH,(all),,,1.0,exact
business_04062,"Heinz Machol, Civ.-Ing., Gutachter",MATCH,(all),,,1.0,exact
business_04063,Heinz Nathanson,MATCH,(all),,,1.0,exact
business_04064,Heinz Propper,MATCH,(all),,,1.0,exact
business_04065,Heinz Salomon,MATCH,(all),,,1.0,exact
business_04066,Heinz Salomon Bekleidungsgesellschaft mbH,MATCH,(all),,,1.0,exact
business_04067,"Heinz Schwabe, Elektro-Radio-Großhandlung",MATCH,(all),,,1.0,exact
business_04068,Heinz Stern & Co,MATCH,(all),,,1.0,exact
business_04069,Heißmangel-Meyer,MATCH,(all),,,1.0,exact
business_04070,Hektor Grundstücksgesellschaft mbH,MATCH,(all),,,1.0,exact
business_04071,Hellmuth Koeppe Nachf. Adressenverlag,MATCH,(all),,,1.0,exact
business_04072,Hellthaler & Stegel,MATCH,(all),,,1.0,exact
business_04073,Helmuth Bernhard Automobilmaterial engros,MATCH,(all),,,1.0,exact
business_04074,Helmuth Meyer Speditions- u. Assekuranzbüro,MATCH,(all),,,1.0,exact
business_04075,Helphand,MATCH,(all),,,1.0,exact
business_04076,Helro,MATCH,(all),,,1.0,exact
business_04077,Hemden-Held GmbH,MATCH,(all),,,1.0,exact
business_04078,Hemdenmatz GmbH,MATCH,(all),,,1.0,exact
business_04079,Hemdenpracht,MATCH,(all),,,1.0,exact
business_04080,Hendlisch & Cie,MATCH,(all),,,1.0,exact
business_04081,Hektor-Drogerie,MATCH,(all),,,1.0,exact
business_04082,Helena Grundstückserwerbsgesellschaft mbH,MATCH,(all),,,1.0,exact
business_04083,Helene Krokowski,MATCH,(all),,,1.0,exact
business_04084,Helene Lederer,MATCH,(all),,,1.0,exact
business_04085,Helfer & Kahn,MATCH,(all),,,1.0,exact
business_04086,Helfft & Friedländer,MATCH,(all),,,1.0,exact
business_04087,Helga Mayer-Landauer,MATCH,(all),,,1.0,exact
business_04088,Hella Krebs,MATCH,(all),,,1.0,exact
business_04089,Heller & Steinhagen,MATCH,(all),,,1.0,exact
business_04090,Hellmuth Anders,MATCH,(all),,,1.0,exact
business_04091,Henni Bloch,MATCH,(all),,,1.0,exact
business_04092,Henri Hoyer GmbH,MATCH,(all),,,1.0,exact
business_04093,Henriette Frischer,MATCH,(all),,,1.0,exact
business_04094,Henriette Jacobi,MATCH,(all),,,1.0,exact
business_04095,Henriette Levy Strick- und Nähmaschinen,MATCH,(all),,,1.0,exact
business_04096,"Henry Brody, Vertreter auswärtiger Häuser",MATCH,(all),,,1.0,exact
business_04097,Henry Dresel & Co GmbH,MATCH,(all),,,1.0,exact
business_04098,Henry Ehrenberg & Co,MATCH,(all),,,1.0,exact
business_04099,Henry Michaelis,MATCH,(all),,,1.0,exact
business_04100,Henry Pels & Cie,MATCH,(all),,,1.0,exact
business_04101,Henry Wittkower,MATCH,(all),,,1.0,exact
business_04102,"Hentschke, Buchholz & Co",MATCH,(all),,,1.0,exact
business_04103,Hera Textil Herbert Altmann,FIELD_DIFF,original_address,"Friedrichstr. 38, Berlin","Neue Friedrichstr. 38, Berlin",0.65,address_differs
business_04104,Heraklit Grundstücksverwertungs-AG,FIELD_DIFF,original_address,"Saarlandstr. 72, Berlin","Königgrätzer Str. (Saarlandstr.) 72, Berlin",0.65,address_differs
business_04105,Herbert & Georg Elias,FIELD_DIFF,original_address,"Königstr. 80, Berlin","Neue Königstr. 80a, Berlin",0.65,address_differs
business_04106,Herbert Altmann,MATCH,(all),,,1.0,exact
business_04107,Herbert Benatt,MATCH,(all),,,1.0,exact
business_04108,Herbert Berendt,MATCH,(all),,,1.0,exact
business_04109,Herbert Bergmann,MATCH,(all),,,1.0,exact
business_04110,Herbert Eppenstein,MATCH,(all),,,1.0,exact
business_04111,Herbert Gottlieb,MATCH,(all),,,1.0,exact
business_04112,Herbert Hamel,FIELD_DIFF,original_address,"Poststraße 3, Berlin","Paul-Singer-Str. (Grüner Weg - Brauner Weg) 8, Berlin Poststraße 3, Berlin",0.65,address_differs
business_04113,Herbert Hauer Fabrikation von Gummimänteln,FIELD_DIFF,original_address,"Friedrichstr. 65/66, Berlin","Neue Friedrichstr. 65/66, Berlin",0.65,address_differs
business_04114,Herbert J. Heilbronner,MATCH,(all),,,1.0,exact
business_04115,Herbert Jonassohn,MATCH,(all),,,1.0,exact
business_04116,Herbert Katz & Jacob Katz,MATCH,(all),,,1.0,exact
business_04117,Herbert Labandter,FIELD_DIFF,original_address,"Mohrenstr. 37, Berlin","Mohrenstr. 37a, Berlin",0.65,address_differs
business_04118,Herbert Lehmann & Co,MATCH,(all),,,1.0,exact
business_04119,Herbert Levy,MATCH,(all),,,1.0,exact_ambiguous_2
business_04120,Herbert Levy,FIELD_DIFF,original_address,"Geisbergstr. 33, Berlin","Burgstr. 10, Berlin",0.65,address_differs
business_04120,Herbert Levy,FIELD_DIFF,startDate,1938,1913,0.6,founding year mismatch
business_04120,Herbert Levy,FIELD_DIFF,endDate,1940,1937,0.6,closing/takeover year mismatch
business_04121,Herbert Liebenthal,MATCH,(all),,,1.0,exact
business_04122,Herbert Michel,MATCH,(all),,,1.0,exact
business_04123,Herbert Nachemstein,MATCH,(all),,,1.0,exact
business_04124,Herbert Peiser,MATCH,(all),,,1.0,exact
business_04125,Herbert Putter,MATCH,(all),,,1.0,exact
business_04126,Herbert Ragowski ( Rogowski),MATCH,(all),,,1.0,exact
business_04127,Herbert Riffa,MATCH,(all),,,1.0,exact
business_04128,Herbert Rosenau,MATCH,(all),,,1.0,exact
business_04129,Herbert Samuel,MATCH,(all),,,1.0,exact
business_04130,Herbert Scheerer,MATCH,(all),,,1.0,exact
business_04131,"Hermann Anhang, Autobedarfs-Großhandlung",MATCH,(all),,,1.0,exact
business_04132,Hermann Arnsdorff GmbH,MATCH,(all),,,1.0,exact
business_04133,Hermann Baer,MATCH,(all),,,1.0,exact
business_04134,Hermann Barkowsky,MATCH,(all),,,1.0,exact
business_04135,Hermann Baß,MATCH,(all),,,1.0,exact
business_04136,Hermann Bernsohn,MATCH,(all),,,1.0,exact
business_04137,Hermann Bettauer,MATCH,(all),,,1.0,exact
business_04138,Hermann Bibo,MATCH,(all),,,1.0,exact
business_04139,Hermann Bierer,MATCH,(all),,,1.0,exact
business_04140,Hermann Bleiberg,MATCH,(all),,,1.0,exact
business_04141,Herbert Staudemeyer,MATCH,(all),,,1.0,exact
business_04142,Herbert Tyrasch,MATCH,(all),,,1.0,exact
business_04143,Herer & Co,MATCH,(all),,,1.0,exact
business_04144,Herm. Winsberg,MATCH,(all),,,1.0,exact
business_04145,Hermann  Illmann,MATCH,(all),,,1.0,exact
business_04146,Hermann & Kuttner,MATCH,(all),,,1.0,exact
business_04147,Hermann Adam Damenconfection,MATCH,(all),,,1.0,exact
business_04148,Hermann Adler,MATCH,(all),,,1.0,exact
business_04149,Hermann Alexander Jacoby,MATCH,(all),,,1.0,exact
business_04150,Hermann Anders,MATCH,(all),,,1.0,exact
business_04151,Hermann Bloch,MATCH,(all),,,1.0,exact
business_04152,Hermann Blum,MATCH,(all),,,1.0,exact
business_04153,Hermann Bodenheimer,FIELD_DIFF,original_address,"( Trade ) Eingetragen im Handelsregister/ Gründung 1921 Erloschen 1936 Potsdamer Str. 76a, Berlin","Potsdamer Str. 76a, Berlin",0.65,address_differs
business_04154,Hermann Brandes & Co,MATCH,(all),,,1.0,exact
business_04155,Hermann Braun,MATCH,(all),,,1.0,exact
business_04156,Hermann Brender,MATCH,(all),,,1.0,exact
business_04157,Hermann Bursch,MATCH,(all),,,1.0,exact
business_04158,Hermann Cohn,MATCH,(all),,,1.0,exact
business_04159,Hermann Cohn sr.,MATCH,(all),,,1.0,exact
business_04160,Hermann Czollek,MATCH,(all),,,1.0,exact
business_04161,Hermann Feibusch,MATCH,(all),,,1.0,exact
business_04162,Hermann Felbel,MATCH,(all),,,1.0,exact
business_04163,Hermann Frank,MATCH,(all),,,1.0,exact
business_04164,Hermann Friedlaender Kinder-Confection,MATCH,(all),,,1.0,exact
business_04165,Hermann Friedländer sen.,MATCH,(all),,,1.0,exact
business_04166,Hermann Friedmann,MATCH,(all),,,1.0,exact
business_04167,Hermann Fränkel & Co,MATCH,(all),,,1.0,exact
business_04168,Hermann Gabriel,FIELD_DIFF,original_address,"Grünstr. 38, Berlin","Neue Grünstr. 38, Berlin",0.65,address_differs
business_04169,Hermann Garz,MATCH,(all),,,1.0,exact
business_04170,Hermann Gerber,MATCH,(all),,,1.0,exact
business_04171,Hermann Dobrin,MATCH,(all),,,1.0,exact
business_04172,Hermann Doht,MATCH,(all),,,1.0,exact
business_04173,Hermann Edelmann Chemische Erzeugnisse,MATCH,(all),,,1.0,exact
business_04174,Hermann Eichhorn Nachf.,MATCH,(all),,,1.0,exact
business_04175,Hermann Einhorn,MATCH,(all),,,1.0,exact
business_04176,Hermann Eisenberg,MATCH,(all),,,1.0,exact
business_04177,Hermann Eisner Moderne Herren-Bekleidung für Beamte u. Angestellte,FIELD_DIFF,original_address,"Friedrichstr. 35, Berlin","Neue Friedrichstr. 35, Berlin",0.65,address_differs
business_04178,Hermann Elkan,MATCH,(all),,,1.0,exact
business_04179,Hermann Elkeles Getreide-Futtermittel GmbH,MATCH,(all),,,1.0,exact
business_04180,Hermann Engel,MATCH,(all),,,1.0,exact
business_04181,Hermann Gerber & Co,MATCH,(all),,,1.0,exact
business_04182,Hermann Gerson,MATCH,(all),,,1.0,exact
business_04183,Hermann Gewerz,MATCH,(all),,,1.0,exact
business_04184,Hermann Glaser,MATCH,(all),,,1.0,exact
business_04185,Hermann Glass,MATCH,(all),,,1.0,exact
business_04186,Hermann Goldberg,FIELD_DIFF,original_address,"Kantstr. 38, Berlin","Kantstr. 38a, Berlin",0.65,address_differs
business_04187,Hermann Goldberg & Co,MATCH,(all),,,1.0,exact
business_04188,Hermann Goldberg & Co GmbH,FIELD_DIFF,original_address,"( Trade ) Eingetragen im Handelsregister/ Gründung 1923 Erloschen 1935 Leipziger Str 67-70, Berlin","Leipziger Str 67-70, Berlin",0.65,address_differs
business_04189,Hermann Goldkraut,MATCH,(all),,,1.0,exact
business_04190,Hermann Goldmann Agentur für Bekleidungsstoffe,MATCH,(all),,,1.0,exact
business_04191,Hermann Goldschmidt,MATCH,(all),,,1.0,exact
business_04192,Hermann Goldschmidt Textil,MATCH,(all),,,1.0,exact
business_04193,Hermann Gornick Nachf.,MATCH,(all),,,1.0,exact
business_04194,Hermann Großmann,MATCH,(all),,,1.0,exact
business_04195,Hermann Gutfreund,MATCH,(all),,,1.0,exact
business_04196,Hermann Gutmann,MATCH,(all),,,1.0,exact
business_04197,Hermann H. Nagel,FIELD_DIFF,original_address,"Königstr. 59, Berlin","Neue Königstr. 59, Berlin",0.65,address_differs
business_04198,Hermann H. Schwarz,MATCH,(all),,,1.0,exact
business_04199,Hermann Heimann,MATCH,(all),,,1.0,exact
business_04200,Hermann Heumann,MATCH,(all),,,1.0,exact
business_04201,Hermann Heymann,MATCH,(all),,,1.0,exact
business_04202,"Hermann Heymann, Confektionsstoffe",MATCH,(all),,,1.0,exact
business_04203,Hermann Hiller,MATCH,(all),,,1.0,exact
business_04204,Hermann Hirsch Nachf.,MATCH,(all),,,1.0,exact
business_04205,Hermann Hirschfeld,MATCH,(all),,,1.0,exact
business_04206,Hermann Holzer,MATCH,(all),,,1.0,exact
business_04207,"Hermann Ikenberg Band, Seiden, Sammt engros u. detail",FIELD_DIFF,original_address,"Berchtesgadener Str. 34, Berlin","Berchtesgadener Str. 34 Hof, Berlin",0.65,address_differs
business_04208,Hermann J. Hahlo,MATCH,(all),,,1.0,exact
business_04209,Hermann Jacobson,FIELD_DIFF,original_address,"Friedrichstr. 38/40, Berlin","Neue Friedrichstr. 38/40, Berlin",0.65,address_differs
business_04210,Hermann Jacoby Nf.,FIELD_DIFF,original_address,"Friedrichstr. 45, Berlin","Neue Friedrichstr. 45, Berlin",0.65,address_differs
business_04211,Hermann Joel,MATCH,(all),,,1.0,exact
business_04212,Hermann Jontofsohn,FIELD_DIFF,cleaned_address,,", Velten",0.65,address_differs
business_04213,Hermann Josefowicz & Co,MATCH,(all),,,1.0,exact
business_04214,Hermann Joseph,MATCH,(all),,,1.0,exact
business_04215,Hermann Kahn,MATCH,(all),,,1.0,exact
business_04216,Hermann Kramarski,MATCH,(all),,,1.0,exact
business_04217,Hermann Krawitz & Co,MATCH,(all),,,1.0,exact
business_04218,Hermann Krumm,MATCH,(all),,,1.0,exact
business_04219,Hermann Krumnow,MATCH,(all),,,1.0,exact
business_04220,Hermann Kurnik - Bürobedarf - Buchdruckerei - Stempel,MATCH,(all),,,1.0,exact
business_04221,Hermann Leder,MATCH,(all),,,1.0,exact
business_04222,Hermann Leisner,FIELD_DIFF,original_address,"Königstr. 85, Berlin","Neue Königstr. 85, Berlin",0.65,address_differs
business_04223,Hermann Lesser Manufakturwaren,MATCH,(all),,,1.0,exact
business_04224,Hermann Lesser Wirkwaren,MATCH,(all),,,1.0,exact
business_04225,Hermann Lesser jr.,MATCH,(all),,,1.0,exact
business_04226,Hermann Levy,MATCH,(all),,,1.0,exact
business_04227,Hermann Levy GmbH,MATCH,(all),,,1.0,exact
business_04228,Hermann Levy Juwelen u. Uhren Engros Export,MATCH,(all),,,1.0,exact
business_04229,Hermann Lewkowicz & Else Lewkowicz,MATCH,(all),,,1.0,exact
business_04230,Hermann Lipschütz,MATCH,(all),,,1.0,exact
business_04231,Hermann Loewy,MATCH,(all),,,1.0,exact
business_04232,Hermann Löwinger,MATCH,(all),,,1.0,exact
business_04233,Hermann Machol,MATCH,(all),,,1.0,exact
business_04234,Hermann Mandel,MATCH,(all),,,1.0,exact
business_04235,Hermann Marcus,MATCH,(all),,,1.0,exact
business_04236,Hermann Masur,MATCH,(all),,,1.0,exact
business_04237,Hermann Metzger Nachfl. Inh. S. & L Kadisch,MATCH,(all),,,1.0,exact
business_04238,Hermann Meyer & Co AG,MATCH,(all),,,1.0,exact
business_04239,Hermann Michaelis,MATCH,(all),,,1.0,exact
business_04240,Hermann Michel Verlagsbuchhandlung & Großantiquariat,MATCH,(all),,,1.0,exact
business_04241,Hermann Militscher,MATCH,(all),,,1.0,exact
business_04242,Hermann Mund,MATCH,(all),,,1.0,exact
business_04243,Hermann Müller Textilwaren engros,FIELD_DIFF,original_address,"Jerusalemer Str. 30, Berlin","Jerusalemer Str. 30 I, Berlin",0.65,address_differs
business_04244,Hermann Münster Inh. Max Friedlaender,MATCH,(all),,,1.0,exact
business_04245,Hermann Oppenheim junior,MATCH,(all),,,1.0,exact
business_04246,"Hermann Pastor, Parfümerie-Import",MATCH,(all),,,1.0,exact
business_04247,Hermann Perelmutter,MATCH,(all),,,1.0,exact
business_04248,Hermann Petzal,MATCH,(all),,,1.0,exact
business_04249,Hermann Pfeffer,MATCH,(all),,,1.0,exact
business_04250,Hermann Pieck,MATCH,(all),,,1.0,exact
business_04251,Hermann Piehl Nachfolger Inh. Salo Bergmann,MATCH,(all),,,1.0,exact
business_04252,Hermann Posner,MATCH,(all),,,1.0,exact
business_04253,Hermann Prager,MATCH,(all),,,1.0,exact
business_04254,Hermann Presch,MATCH,(all),,,1.0,exact
business_04255,Hermann Rasenack Nachf.,MATCH,(all),,,1.0,exact
business_04256,Hermann Reininger,MATCH,(all),,,1.0,exact
business_04257,"Hermann Ringel & Co, Herren-, Burschen- und Jünglingskonfektion",MATCH,(all),,,1.0,exact
business_04258,Hermann Rosen & Stern,MATCH,(all),,,1.0,exact
business_04259,Hermann Rosenberg,MATCH,(all),,,1.0,exact
business_04260,Hermann Rosenmann,MATCH,(all),,,1.0,exact
business_04261,Hermann Rosenthal & Co,MATCH,(all),,,1.0,exact
business_04262,Hermann Rosenzweig,MATCH,(all),,,1.0,exact
business_04263,Hermann Rubensohn,MATCH,(all),,,1.0,exact
business_04264,Hermann Sachs Getreide-Kommission,MATCH,(all),,,1.0,exact
business_04265,Hermann Sachs Nachf. B. Schallmach,MATCH,(all),,,1.0,exact
business_04266,"Hermann Sack, juristische Fachbuchhandlung mbH",MATCH,(all),,,1.0,exact
business_04267,Hermann Salomonski,MATCH,(all),,,1.0,exact
business_04268,Hermann Schaffrainski,MATCH,(all),,,1.0,exact
business_04269,Hermann Schneeweiß,MATCH,(all),,,1.0,exact
business_04270,Hermann Schwersenzer,MATCH,(all),,,1.0,exact
business_04271,Hermann Sello GmbH,MATCH,(all),,,1.0,exact
business_04272,Hermann Silberstein,MATCH,(all),,,1.0,exact
business_04273,Hermann Sontag Nchf. GmbH,MATCH,(all),,,1.0,exact
business_04274,Hermann Spiegel,MATCH,(all),,,1.0,exact
business_04275,Hermann Tietz,MATCH,(all),,,1.0,exact
business_04276,Hermann Tworoger,MATCH,(all),,,1.0,exact
business_04277,Hermann Türckfeld,MATCH,(all),,,1.0,exact
business_04278,Hermann Ury,MATCH,(all),,,1.0,exact
business_04279,Hermann Vandsburger,MATCH,(all),,,1.0,exact
business_04280,Hermann Vortrefflich,FIELD_DIFF,original_address,"Müllerstr. 23, Berlin","Müllerstr. 23a, Berlin",0.65,address_differs
business_04281,Hermann Wallach,MATCH,(all),,,1.0,exact
business_04282,Hermann Weinberger & Gebr. Weinberger,MATCH,(all),,,1.0,exact
business_04283,Hermann Weinwurm,MATCH,(all),,,1.0,exact
business_04284,Hermann Weiß,MATCH,(all),,,1.0,exact
business_04285,Hermann Werner Kohlengroßhandlung,MATCH,(all),,,1.0,exact
business_04286,Hermann Winterberger,MATCH,(all),,,1.0,exact
business_04287,Hermann Zankier,MATCH,(all),,,1.0,exact
business_04288,Hermann Zellermayer,MATCH,(all),,,1.0,exact
business_04289,Hermann Zernik,MATCH,(all),,,1.0,exact
business_04290,Hermann und Hertha Hirschberg,MATCH,(all),,,1.0,exact
business_04291,Hermann und Hugo Raphaelsohn,MATCH,(all),,,1.0,exact
business_04292,Hermann-Apotheke Leopold Freudenthal,FIELD_DIFF,original_address,"Hermannstr. 159, Berlin","Hermannstr. 159a, Berlin",0.65,address_differs
business_04293,Hermanns & Froitzheim,MATCH,(all),,,1.0,exact
business_04294,Hermes Inseraten-Expedition GmbH,MATCH,(all),,,1.0,exact
business_04295,Herold Mottek,MATCH,(all),,,1.0,exact
business_04296,Herold Plakat GmbH,MATCH,(all),,,1.0,exact
business_04297,Herren u. Knabenbekleidung Diamant Georg Tannenzapf,MATCH,(all),,,1.0,exact
business_04298,Herren- und Knabenbekleidung Rekord Spiegel & Co,FIELD_DIFF,original_address,"Friedrichstr. 44, Berlin","Neue Friedrichstr. 44, Berlin",0.65,address_differs
business_04299,Herren-Kleider-Fabrik Samuel Schwartzkopf,FIELD_DIFF,original_address,"Friedrichstr. 69, Berlin","Neue Friedrichstr. 69, Berlin",0.65,address_differs
business_04300,Herrenartikel Metropol Sally Bukofzer,MATCH,(all),,,1.0,exact
business_04301,Herrenbekleidung Fortschritt Max Schönthal,MATCH,(all),,,1.0,exact
business_04302,Herrenkleiderfabrik F. F. Bernhard Sokol-Eisenstein,MATCH,(all),,,1.0,exact
business_04303,Herrenkleidung Brunnenstraße 181 Regina Gottschalk,MATCH,(all),,,1.0,exact
business_04304,Herrko Salis & Matthias,FIELD_DIFF,original_address,"Friedrichstr. 38/40, Berlin","Neue Friedrichstr. 38/40, Berlin",0.65,address_differs
business_04305,Herrmann & Co Lederfabrik-Niederlage,FIELD_DIFF,original_address,"Friedrichstr. 43, Berlin","Neue Friedrichstr. 43, Berlin",0.65,address_differs
business_04306,Herrmann & Kovács,MATCH,(all),,,1.0,exact
business_04307,Herrmann & Passarge GmbH,MATCH,(all),,,1.0,exact
business_04308,Herrmann Adam,MATCH,(all),,,1.0,exact
business_04309,Herrmann Berlak,MATCH,(all),,,1.0,exact
business_04310,Herrmann Ebenstein,MATCH,(all),,,1.0,exact
business_04311,Herrmann Emil Wedel,MATCH,(all),,,1.0,exact
business_04312,Herrmann Frankenstein,MATCH,(all),,,1.0,exact
business_04313,Herrmann Gerson Spezialstrumpfgeschäft GmbH,MATCH,(all),,,1.0,exact
business_04314,Herrmann Heymann Hutfabrik,MATCH,(all),,,1.0,exact
business_04315,Herrmann Hoffmann,MATCH,(all),,,1.0,exact
business_04316,Herrmann Hurwitz & Co,MATCH,(all),,,1.0,exact
business_04317,Herrmann Schlesinger & Co,MATCH,(all),,,1.0,exact
business_04318,"Herrmann, Arthur",MATCH,(all),,,1.0,exact
business_04319,"Herrmann, Straus & Co",MATCH,(all),,,1.0,exact
business_04320,"Herrmann, van der Linden & Co",MATCH,(all),,,1.0,exact
business_04321,"Herrnberg, Walter",MATCH,(all),,,1.0,exact
business_04322,Hersch Schipper,MATCH,(all),,,1.0,exact
business_04323,Hersch Schönhorn,FIELD_DIFF,original_address,"Ludwigkirchstr. 10, Berlin","Ludwigkirchstr. 10a, Berlin",0.65,address_differs
business_04324,Herschel Gutschein,MATCH,(all),,,1.0,exact
business_04325,Herschlowitz & Schäfler Eier-Geflügel-Handels-AG,MATCH,(all),,,1.0,exact
business_04326,Herta Barra,MATCH,(all),,,1.0,exact
business_04327,Herta Bramm,MATCH,(all),,,1.0,exact
business_04328,Herta Frankenstein,MATCH,(all),,,1.0,exact
business_04329,Herta Pinschewer,FIELD_DIFF,original_address,"Königstr. 11, Berlin","Neue Königstr. 11, Berlin",0.65,address_differs
business_04330,"Herta Salomon, Salon Herta",MATCH,(all),,,1.0,exact
business_04331,Hertha Koller,MATCH,(all),,,1.0,exact
business_04332,Hertha Pommer,MATCH,(all),,,1.0,exact
business_04333,Hertha Rosenthal,MATCH,(all),,,1.0,exact
business_04334,Herz & Meinberg,MATCH,(all),,,1.0,exact
business_04335,Herz-Röcke Cäcilie Herz,MATCH,(all),,,1.0,exact
business_04336,"Herzberg, Berthold",MATCH,(all),,,1.0,exact
business_04337,"Herzberg, Erwin",MATCH,(all),,,1.0,exact
business_04338,Herzfeld & Petzall,MATCH,(all),,,1.0,exact
business_04339,"Herzfeld, Walter",MATCH,(all),,,1.0,exact
business_04340,Herzog & Co,MATCH,(all),,,1.0,exact
business_04341,"Heymann, Walter",MATCH,(all),,,1.0,exact
business_04342,"Heymann, Weck & Josephs",MATCH,(all),,,1.0,exact
business_04343,"Heynemann, Selmar",MATCH,(all),,,1.0,exact
business_04344,Heß & Bauchwitz AG,FIELD_DIFF,original_address,"Friedrichstr. 23, Berlin","Neue Friedrichstr. 23, Berlin",0.65,address_differs
business_04345,Heß & Co Strumpfwaren & Trikotagen,MATCH,(all),,,1.0,exact
business_04346,Heß & Dörr-Julius Goldmann,MATCH,(all),,,1.0,exact
business_04347,Heß & Rom GmbH,MATCH,(all),,,1.0,exact
business_04348,Hielscher & Co,MATCH,(all),,,1.0,exact
business_04349,Hildegard Jacobi,MATCH,(all),,,1.0,exact
business_04350,Hildesia GmbH Lack- und Farbenfabrikation,MATCH,(all),,,1.0,exact
business_04351,Hess Hemden,MATCH,(all),,,1.0,exact
business_04352,Hesse & Kramer,MATCH,(all),,,1.0,exact
business_04353,Hessenberger,MATCH,(all),,,1.0,exact
business_04354,Hete Bachmann,MATCH,(all),,,1.0,exact
business_04355,Hetra Gesellschaft für Hebezeuge u. Transportgeräte Erich Bloch u. Co,MATCH,(all),,,1.0,exact
business_04356,Heydel,MATCH,(all),,,1.0,exact
business_04357,Heymann & Lippmann,MATCH,(all),,,1.0,exact
business_04358,Heymann Mahler,MATCH,(all),,,1.0,exact
business_04359,Heymann Meyer,MATCH,(all),,,1.0,exact
business_04360,Heymann Müller Inh. A. Müller,MATCH,(all),,,1.0,exact
business_04361,Hindenburg-Apotheke Max Förster,MATCH,(all),,,1.0,exact
business_04362,"Hinz-Fabrik, GmbH",MATCH,(all),,,1.0,exact
business_04363,Hirsch & Blaschke,MATCH,(all),,,1.0,exact
business_04364,Hirsch & Süßkind,FIELD_DIFF,original_address,"Mohrenstr. 37, Berlin","Mohrenstr. 37a, Berlin",0.65,address_differs
business_04365,Hirsch Apotheke Carl Herzog,MATCH,(all),,,1.0,exact
business_04366,Hirsch Dintenfaß,MATCH,(all),,,1.0,exact
business_04367,Hirsch Ehrlich,MATCH,(all),,,1.0,exact
business_04368,Hirsch Kornblüth,FIELD_DIFF,original_address,"Präsidentenstr. 8, Berlin","Große Präsidentenstr. 8, Berlin",0.65,address_differs
business_04369,Hirsch Kupfer- und Messingwerke AG,MATCH,(all),,,1.0,exact
business_04370,Hirsch Leimann,FIELD_DIFF,original_address,"Alexanderstr. 37, Berlin","Alexanderstr. 37a, Berlin",0.65,address_differs
business_04371,Hirsch Machtinger,MATCH,(all),,,1.0,exact
business_04372,Hirsch Schönberg,MATCH,(all),,,1.0,exact
business_04373,Hirsch Solländer,FIELD_DIFF,cleaned_address,,"Zentralmarkthalle Stand 26a und b, Berlin",0.65,address_differs
business_04374,Hirsch Wellner,MATCH,(all),,,1.0,exact
business_04375,"Hirsch, Kupfer- und Messingwerke AG",MATCH,(all),,,1.0,exact
business_04376,"Hirsch, Revisions-Gesellschaft mbH",MATCH,(all),,,1.0,exact
business_04377,Hirschberg Häutehandels-GmbH,FIELD_DIFF,original_address,"Alexanderstr. 8, Berlin","Alexanderstr. 8a, Berlin",0.65,address_differs
business_04378,"Hirschberg, Eugen",MATCH,(all),,,1.0,exact
business_04379,"Hirschberg, Leo",MATCH,(all),,,1.0,exact
business_04380,Hirschbruh,MATCH,(all),,,1.0,exact
business_04381,"Hirschfeld, Alexander",MATCH,(all),,,1.0,exact
business_04382,"Hirschfeld, Bernhard",MATCH,(all),,,1.0,exact
business_04383,Hirschowitz und Baumann,FIELD_DIFF,original_address,"( Trade ) Eingetragen im Handelsregister/ Gründung 1938 Erloschen 1943 Keine Angabe , Berlin","Keine Angabe , Berlin",0.65,address_differs
business_04384,Hirschwald'sche Buchhandlung,MATCH,(all),,,1.0,exact
business_04385,Hirschweh Gürtel- und Hosenträger-Fabrikation Magarete Hirschweh,MATCH,(all),,,1.0,exact
business_04386,Hisa-Film-Vertriebs-GmbH,MATCH,(all),,,1.0,exact
business_04387,Hoch- und Siedlungsbau-AG Husag,FIELD_DIFF,original_address,"Platz 8, Berlin","Victoria-Luise-Platz 8, Berlin",0.65,address_differs
business_04388,Hochhaus & Klein GmbH,MATCH,(all),,,1.0,exact
business_04389,Hochplatz-Apotheke Max Rynarzewski,FIELD_DIFF,original_address,"Hochstr. 24, Berlin","Neue Hochstr. 24, Berlin",0.65,address_differs
business_04390,Hochschul-Apotheke u. Drogenhandlung Jacob Jacobsohn,MATCH,(all),,,1.0,exact
business_04391,Hodaco Damenmäntelfabrikation GmbH,MATCH,(all),,,1.0,exact
business_04392,"Hoffmann, Alex",MATCH,(all),,,1.0,exact
business_04393,Hofjäger Lichtspiele GmbH,MATCH,(all),,,1.0,exact
business_04394,Hohenstaufen Grundstücks-Verwaltungs-Gesellschaft mbH,MATCH,(all),,,1.0,exact
business_04395,Hohenstaufen-Apotheke Inhaber Martin Proskauer,MATCH,(all),,,1.0,exact
business_04396,Hohenstein & Fehlan,MATCH,(all),,,1.0,exact
business_04397,Hohenzollern Apotheke Friedr. Koch Nachf. Apotheker Max Friedländer,MATCH,(all),,,1.0,exact
business_04398,Hohenzollern Apotheke Siegfried Falk,MATCH,(all),,,1.0,exact
business_04399,Hohenzollern Kunstgewerbehaus H. Hirschwald Inhaber: Friedmann & Weber,MATCH,(all),,,1.0,exact
business_04400,"Hokanson & Hirschfeld, Buttergroßhandlung GmbH",MATCH,(all),,,1.0,exact
business_04401,Hopf & Co,MATCH,(all),,,1.0,exact
business_04402,Hopp & Peiser,MATCH,(all),,,1.0,exact
business_04403,Hoppe's Möbelfabrik & Lager,MATCH,(all),,,1.0,exact
business_04404,Hoppe's Möbellager KG,MATCH,(all),,,1.0,exact
business_04405,Hornung & Scheibner,MATCH,(all),,,1.0,exact
business_04406,Horodisch & Marx GmbH,MATCH,(all),,,1.0,exact
business_04407,Hortensia Gartenbaubetrieb GmbH,MATCH,(all),,,1.0,exact
business_04408,"Horwitz, James",MATCH,(all),,,1.0,exact
business_04409,Hospitalia Arzt- & Krankenhausbedarf Harry Zerkowski,MATCH,(all),,,1.0,exact
business_04410,Hotel 'König von Portugal',MATCH,(all),,,1.0,exact
business_04411,"Holländer, Emanuel",MATCH,(all),,,1.0,exact
business_04412,Holz & Jacobsohn,MATCH,(all),,,1.0,exact
business_04413,Holzagentur Kaphan GmbH,MATCH,(all),,,1.0,exact
business_04414,Holzbearbeitungsfabrik Heinrich Zuckermann,MATCH,(all),,,1.0,exact
business_04415,Holzhandelsgesellschaft Baer mbH,MATCH,(all),,,1.0,exact
business_04416,Holzhandlung Herbert Schäfer,MATCH,(all),,,1.0,exact
business_04417,Holzindustrie Wittkowsky GmbH,MATCH,(all),,,1.0,exact
business_04418,Holzplatten-Import-Gesellschaft Brown & Rosenblum,MATCH,(all),,,1.0,exact
business_04419,"Holzverwertung Kurt Rojek & Co, GmbH",MATCH,(all),,,1.0,exact
business_04420,Honnet & Holdheim GmbH,MATCH,(all),,,1.0,exact
business_04421,Hotel Spittelmarkt Martha und Felix Michelsohn,FIELD_DIFF,original_address,"Seydelstr. 31, Berlin","Seydelstr. 31a, Berlin",0.65,address_differs
business_04422,Hotel Stadt Nürnberg,MATCH,(all),,,1.0,exact
business_04423,"Hotel Stadt Nürnberg, Inh. Karl Kantorowicz",MATCH,(all),,,1.0,exact
business_04424,Hotel-Gesellschaft Alexanderplatz mbH,MATCH,(all),,,1.0,exact
business_04425,"Hotel-Pension Pragerhaus Kravetz, Gautscher & Co",FIELD_DIFF,original_address,"Prager Platz 4, Berlin","Prager Platz 4a, Berlin",0.65,address_differs
business_04426,Hufeland Apotheke Ludwig Pabst,FIELD_DIFF,original_address,"Paul-Singer-Str. 51, Berlin","Paul-Singer-Str. (Grüner Weg - Brauner Weg) 51, Berlin",0.65,address_differs
business_04427,Huga Benzin Vertrieb Isidor Neumann,MATCH,(all),,,1.0,exact
business_04428,Hugo Adam,MATCH,(all),,,1.0,exact
business_04429,Hugo Adler,MATCH,(all),,,1.0,exact
business_04430,Hugo Ahronfeld,FIELD_DIFF,original_address,"e Frankfurter Str. 117, Berlin","Große Frankfurter Str. 117, Berlin",0.65,address_differs
business_04431,Hugo Ascher Damenbekleidungsgesellschaft mbH,MATCH,(all),,,1.0,exact
business_04432,Hugo Baruch & Cie,FIELD_DIFF,original_address,"Jakobstr. 133, Berlin","Alte Jakobstr. 133, Berlin",0.65,address_differs
business_04433,Hugo Becker,MATCH,(all),,,1.0,exact
business_04434,Hugo Bergmann,MATCH,(all),,,1.0,exact
business_04435,Hugo Bernstein,FIELD_DIFF,original_address,"Taubenstr. 23, Berlin","Taubenstr. 23a, Berlin",0.65,address_differs
business_04436,Hugo Bethke-Roedel & Vetter AG,MATCH,(all),,,1.0,exact
business_04437,Hugo Bing,FIELD_DIFF,original_address,"Burgstr. 25, Berlin","Burgstr. 25 (Börse), Berlin",0.65,address_differs
business_04438,Hugo Bornstein,MATCH,(all),,,1.0,exact
business_04439,Hugo Cohn Herren-Moden,MATCH,(all),,,1.0,exact
business_04440,Hugo Deußen,MATCH,(all),,,1.0,exact
business_04441,Hugo Dobrin,MATCH,(all),,,1.0,exact
business_04442,Hugo Ehrlich,MATCH,(all),,,1.0,exact
business_04443,Hugo Eisenstadt,MATCH,(all),,,1.0,exact
business_04444,Hugo Feder,FIELD_DIFF,original_address,"Friedrichstr. 23, Berlin","Neue Friedrichstr. 23, Berlin",0.65,address_differs
business_04445,Hugo Feibelsohn,MATCH,(all),,,1.0,exact
business_04446,Hugo Feibelsohn GmbH,MATCH,(all),,,1.0,exact
business_04447,Hugo Frey,MATCH,(all),,,1.0,exact
business_04448,Hugo Frommer,MATCH,(all),,,1.0,exact
business_04449,Hugo Gottheiner,MATCH,(all),,,1.0,exact
business_04450,"Hugo Haas, Sport- und Regenbekleidung",FIELD_DIFF,original_address,"( Trade ) Eingetragen im Handelsregister/ Gründung 1938 Erloschen 1940 Keine Angabe , Berlin","Keine Angabe , Berlin",0.65,address_differs
business_04451,Hugo Hamm,MATCH,(all),,,1.0,exact
business_04452,Hugo Hellinger,MATCH,(all),,,1.0,exact
business_04453,Hugo Herrmann & Co,MATCH,(all),,,1.0,exact
business_04454,Hugo Herz Stickerei Atelier,MATCH,(all),,,1.0,exact
business_04455,Hugo Herzer & Co,MATCH,(all),,,1.0,exact
business_04456,Hugo Heymann,MATCH,(all),,,1.0,exact
business_04457,Hugo Hirsch,MATCH,(all),,,1.0,exact
business_04458,Hugo Hirschfeld,FIELD_DIFF,original_address,"Jakobstr. 23/24, Berlin","Alte Jakobstr. 23/24, Berlin",0.65,address_differs
business_04459,Hugo Hopp,MATCH,(all),,,1.0,exact
business_04460,Hugo Ivers,MATCH,(all),,,1.0,exact
business_04461,Hugo Lesser,MATCH,(all),,,1.0,exact
business_04462,Hugo Lewin,MATCH,(all),,,1.0,exact
business_04463,Hugo Liebenthal,MATCH,(all),,,1.0,exact
business_04464,Hugo Liebenwalde,MATCH,(all),,,1.0,exact
business_04465,Hugo Littmann,MATCH,(all),,,1.0,exact
business_04466,Hugo Loewi,MATCH,(all),,,1.0,exact
business_04467,Hugo Loewy,MATCH,(all),,,1.0,exact
business_04468,Hugo Messer,MATCH,(all),,,1.0,exact
business_04469,Hugo Meyer,MATCH,(all),,,1.0,exact
business_04470,Hugo Nathan,FIELD_DIFF,original_address,"Kantstr. 134, Berlin","Kantstr. 134b, Berlin",0.65,address_differs
business_04471,Hugo Jacoby GmbH,MATCH,(all),,,1.0,exact
business_04472,Hugo Karo Producten Handlung engros,MATCH,(all),,,1.0,exact
business_04473,Hugo Kastellan,MATCH,(all),,,1.0,exact
business_04474,Hugo Krebs,MATCH,(all),,,1.0,exact
business_04475,Hugo Krolik & Wolf,MATCH,(all),,,1.0,exact
business_04476,Hugo Krotoschiner,MATCH,(all),,,1.0,exact
business_04477,Hugo Kuntz,MATCH,(all),,,1.0,exact
business_04478,Hugo Laub,MATCH,(all),,,1.0,exact
business_04479,Hugo Lehmann,MATCH,(all),,,1.0,exact
business_04480,Hugo Leidert,MATCH,(all),,,1.0,exact
business_04481,Hugo Neuburger,MATCH,(all),,,1.0,exact
business_04482,Hugo Neumark,MATCH,(all),,,1.0,exact
business_04483,Hugo Oppenheim & Sohn,MATCH,(all),,,1.0,exact
business_04484,Hugo Paradies,MATCH,(all),,,1.0,exact
business_04485,Hugo Podiebrad,MATCH,(all),,,1.0,exact
business_04486,Hugo Riegner,MATCH,(all),,,1.0,exact
business_04487,Hugo Riesenfeld,MATCH,(all),,,1.0,exact
business_04488,Hugo Roberg,MATCH,(all),,,1.0,exact
business_04489,Hugo Rosenblatt,MATCH,(all),,,1.0,exact
business_04490,Hugo Rosenfeld sr.,MATCH,(all),,,1.0,exact
business_04491,Hugo Rosenthal,MATCH,(all),,,1.0,exact
business_04492,Hugo Rosenthal Textil-AG,MATCH,(all),,,1.0,exact
business_04493,Hugo Samter,MATCH,(all),,,1.0,exact
business_04494,Hugo Schendel,MATCH,(all),,,1.0,exact
business_04495,Hugo Schwarz,MATCH,(all),,,1.0,exact
business_04496,Hugo Schüler,FIELD_DIFF,original_address,"Platz 2, Berlin","Viktoria-Luise-Platz 2, Berlin",0.65,address_differs
business_04497,Hugo Sensch,MATCH,(all),,,1.0,exact
business_04498,Hugo Sieburth,MATCH,(all),,,1.0,exact
business_04499,Hugo Singermann Nachf.,MATCH,(all),,,1.0,exact
business_04500,Hugo Speyer,MATCH,(all),,,1.0,exact
business_04501,Hulda Berendt,MATCH,(all),,,1.0,exact
business_04502,Hulda Lewin,MATCH,(all),,,1.0,exact
business_04503,Hulda Rosenkranz,MATCH,(all),,,1.0,exact
business_04504,Humboldt Apotheke Dr. Otto Lusch,MATCH,(all),,,1.0,exact
business_04505,Hundebad Charlottenburg,MATCH,(all),,,1.0,exact
business_04506,Hundesalon,MATCH,(all),,,1.0,exact
business_04507,Hurtig & Jacob,MATCH,(all),,,1.0,exact
business_04508,Hurwitz,MATCH,(all),,,1.0,exact
business_04509,Hurwitz & Sohn,MATCH,(all),,,1.0,exact
business_04510,Hut Reich Martha Reich,MATCH,(all),,,1.0,exact
business_04511,Hugo Streisand,MATCH,(all),,,1.0,exact
business_04512,Hugo Unger,MATCH,(all),,,1.0,exact
business_04513,Hugo Warschauer & Ascher,MATCH,(all),,,1.0,exact
business_04514,Hugo Wasservogel,MATCH,(all),,,1.0,exact
business_04515,Hugo Wittenberg,MATCH,(all),,,1.0,exact
business_04516,Hugo Wolffheim & Co,FIELD_DIFF,original_address,"Friedrichstr. 2, Berlin","Neue Friedrichstr. 2, Berlin",0.65,address_differs
business_04517,"Hugo Woyda Papiergroßhandlung, Stanzerei und Tütenfabrik, gegr. 1911",MATCH,(all),,,1.0,exact
business_04518,Hugo Woyda Waren-Ein- und Verkaufsgesellschaft mbH,MATCH,(all),,,1.0,exact
business_04519,Hugo Zickel,MATCH,(all),,,1.0,exact
business_04520,Hugo Zimmt,MATCH,(all),,,1.0,exact
business_04521,Hutbazar Deutscher Sport Julius Lewy (Hutsport),MATCH,(all),,,1.0,exact
business_04522,Hutfabrik Grotehenn & Co GmbH,MATCH,(all),,,1.0,exact
business_04523,Huthaus Norden James Levy,MATCH,(all),,,1.0,exact
business_04524,Huthaus Rekord Samuel Horowitz,MATCH,(all),,,1.0,exact
business_04525,"Hutsalon der Dame, Hella Krebs",MATCH,(all),,,1.0,exact
business_04526,Hutschnecker & Co,MATCH,(all),,,1.0,exact
business_04527,Hutten-Apotheke Otto Nebel,MATCH,(all),,,1.0,exact
business_04528,Hutterer,MATCH,(all),,,1.0,exact
business_04529,Hydrocarbon AG für chemische Produkte,MATCH,(all),,,1.0,exact
business_04530,Hygienische Kleiderpflege Motzstr.,MATCH,(all),,,1.0,exact
business_04531,Häuser-Verwaltungs-Büro Eliner GmbH,MATCH,(all),,,1.0,exact
business_04532,Häuserverwaltung Friedrich Mandelik,MATCH,(all),,,1.0,exact
business_04533,Häuserverwaltungsbüro Fischheimer & Co,MATCH,(all),,,1.0,exact
business_04534,Hönig & Pin,MATCH,(all),,,1.0,exact
business_04535,Hönigsberg Zelt & Co GmbH,FIELD_DIFF,original_address,"NW 40, Berlin","Lehrter Str. 18/19 NW 40, Berlin",0.65,address_differs
business_04536,Hör & Kaeshagen,MATCH,(all),,,1.0,exact
business_04537,Hüttenwerke C. Wilh. Kayser & Co Niederschöneweide AG,MATCH,(all),,,1.0,exact
business_04538,Hüttenwerke Tempelhof A. Meyer,FIELD_DIFF,original_address,"Germaniastr. 141/42, Berlin","Germaniastr. 141/42, 145/49, Berlin",0.65,address_differs
business_04539,I. Andermann GmbH,MATCH,(all),,,1.0,exact
business_04540,I. Baer,MATCH,(all),,,1.0,exact
business_04541,I. Basser & Co,MATCH,(all),,,1.0,exact
business_04542,I. Becker & Co,MATCH,(all),,,1.0,exact
business_04543,I. Davidowicz,MATCH,(all),,,1.0,exact
business_04544,I. Ebstein & Co,MATCH,(all),,,1.0,exact
business_04545,I. Furmanek,MATCH,(all),,,1.0,exact
business_04546,I. Gutmann jr.,MATCH,(all),,,1.0,exact
business_04547,I. Isler,FIELD_DIFF,original_address,"Königstr. 61/64, Berlin","Neue Königstr. 61/64, Berlin",0.65,address_differs
business_04548,I. Karger,MATCH,(all),,,1.0,exact
business_04549,I. Kleinmann,FIELD_DIFF,original_address,"Ecke Goldstr., Berlin","Rauchstr. Ecke Goldstr., Berlin",0.65,address_differs
business_04550,I. Levy,MATCH,(all),,,1.0,exact
business_04551,"I. Lindenstraus, Gumbinnen, Zweigniederlassung Berlin",MATCH,(all),,,1.0,exact
business_04552,I. Preuß,FIELD_DIFF,original_address,"Levetzowstr. 21, Berlin","Levetzowstr. 21a, Berlin",0.65,address_differs
business_04553,I. Schmalinski,MATCH,(all),,,1.0,exact
business_04554,I. Simon Neumann,MATCH,(all),,,1.0,exact
business_04555,I. Unger,MATCH,(all),,,1.0,exact
business_04556,I. Zimet & Co,MATCH,(all),,,1.0,exact
business_04557,Ibsopa Grundstückserwerbsges. mbH,MATCH,(all),,,1.0,exact
business_04558,Ida Fischmann,MATCH,(all),,,1.0,exact
business_04559,Ida Kovacs - Wiener Modeartikel,MATCH,(all),,,1.0,exact
business_04560,Ida Stern,MATCH,(all),,,1.0,exact
business_04561,Ida Weile,MATCH,(all),,,1.0,exact
business_04562,Ignatz Cohn Getreide und Bankkommission,MATCH,(all),,,1.0,exact
business_04563,Ignatz Eichner,MATCH,(all),,,1.0,exact
business_04564,Ignatz Guttmann,MATCH,(all),,,1.0,exact
business_04565,Ignatz Hantke & Co,MATCH,(all),,,1.0,exact
business_04566,Ignatz Kallmann,MATCH,(all),,,1.0,exact
business_04567,Ignatz Lindenberg,MATCH,(all),,,1.0,exact
business_04568,Ignatz Meumann,FIELD_DIFF,original_address,"Friedrichstr. 36, Berlin","Neue Friedrichstr. 36, Berlin",0.65,address_differs
business_04569,Ignatz Pincus & Co,MATCH,(all),,,1.0,exact
business_04570,Ignatz Schindler,MATCH,(all),,,1.0,exact
business_04571,Ignatz Sello,MATCH,(all),,,1.0,exact
business_04572,Ignatz Straus & Co,MATCH,(all),,,1.0,exact
business_04573,Ignatz Warschawski,MATCH,(all),,,1.0,exact
business_04574,Ignaz Ansbach,MATCH,(all),,,1.0,exact
business_04575,Ignaz Cohn,MATCH,(all),,,1.0,exact
business_04576,Ignaz Rosenbaum,MATCH,(all),,,1.0,exact
business_04577,Ildefons Auerbach,MATCH,(all),,,1.0,exact
business_04578,Ilkra Zigaretten-Großvertrieb Ilse Kräuter,MATCH,(all),,,1.0,exact
business_04579,Illes Heimann,MATCH,(all),,,1.0,exact
business_04580,Ilse Caro,MATCH,(all),,,1.0,exact
business_04581,Ilse Levy,MATCH,(all),,,1.0,exact
business_04582,Ilse Schiftan,MATCH,(all),,,1.0,exact
business_04583,Immanuel Apotheke Max Grünwald,MATCH,(all),,,1.0,exact
business_04584,Immobilien- und Reklame-GmbH,MATCH,(all),,,1.0,exact
business_04585,Immunitas Gesellschaft für Anstaltsbedarf mbH,MATCH,(all),,,1.0,exact
business_04586,Imperator-Metallwaren-Fabrik AG,MATCH,(all),,,1.0,exact
business_04587,Impex Hermann Gadiel Import Export,FIELD_DIFF,original_address,"Jagowstr. 21, Berlin","Jagowstr. 21a, Berlin",0.65,address_differs
business_04588,Index Industrie-Export Heinz Wendriner,MATCH,(all),,,1.0,exact
business_04589,Indien-Export Paul Hollaender,MATCH,(all),,,1.0,exact
business_04590,"Industria, Blechwaaren-Fabrik GmbH",MATCH,(all),,,1.0,exact
business_04591,Industria-Treuhandverwaltung AG,FIELD_DIFF,original_address,"Hardenbergstr. 29, Berlin","Hardenbergstr. 29a/e, Berlin",0.65,address_differs
business_04592,Industrie- u. Handels-Verlag Berthold Hirschberg,MATCH,(all),,,1.0,exact
business_04593,Industrie- und Exportcompagnie GmbH,MATCH,(all),,,1.0,exact
business_04594,Industrie- und Privat-Bank AG,MATCH,(all),,,1.0,exact
business_04595,Industrie-Conzern AG,MATCH,(all),,,1.0,exact
business_04596,Industrie-Verwaltungs- und Revisions-Gesellschaft mbH,FIELD_DIFF,original_address,"( Services ) Eingetragen im Handelsregister/ Gründung 1932 Erloschen 1937 Schiffbauerdamm , Berlin","Schiffbauerdamm , Berlin",0.65,address_differs
business_04597,Industriebedarf Falk & Co,MATCH,(all),,,1.0,exact
business_04598,Industriehaus Wilmersdorferstraße GmbH,MATCH,(all),,,1.0,exact
business_04599,Industriehaus am Rosenthalertor GmbH,MATCH,(all),,,1.0,exact
business_04600,Ingbüro Levin Baugesellschaft mbH,MATCH,(all),,,1.0,exact
business_04601,"Ingeborg, Eva, Rosenthal",MATCH,(all),,,1.0,exact
business_04602,Ingenieurbureau Alexander Subkis,MATCH,(all),,,1.0,exact
business_04603,Ingenieurbüro Diplom-Ingenieur Hermann Erhard Axelrad,MATCH,(all),,,1.0,exact
business_04604,Ingenieurbüro West,MATCH,(all),,,1.0,exact
business_04605,Inlandbank AG,MATCH,(all),,,1.0,exact
business_04606,Installations- und technische Handels-GmbH,MATCH,(all),,,1.0,exact
business_04607,Installations-Zentrale Alexander Kahn,MATCH,(all),,,1.0,exact
business_04608,Institut Tem-Po,MATCH,(all),,,1.0,exact
business_04609,Interessengemeinschaft von Bauhandwerkern und Lieferfirmen der früheren Fritz Klein AG GmbH,FIELD_DIFF,cleaned_address,,"Keine Angabe , Berlin",0.65,address_differs
business_04610,Internationale Apotheke Hermann Heuer,MATCH,(all),,,1.0,exact
business_04611,Internationale Handelsbank KGaA,MATCH,(all),,,1.0,exact
business_04612,Internationale Sammel- und Uebersee-Verkehrs-GmbH,MATCH,(all),,,1.0,exact
business_04613,Internationaler Adressenverlag Max Henning,MATCH,(all),,,1.0,exact
business_04614,Internationales Speditions-Bureau Brokerhoff & Lipschütz GmbH,FIELD_DIFF,original_address,"Frommelstr. 1, Berlin","Frommelstr. 1a, Berlin",0.65,address_differs
business_04615,Internationales Speditions-Bureau Georg Silberstein & Co,MATCH,(all),,,1.0,exact
business_04616,Intrator Schimmel & Co Eier-Import u. Exportgeschäft,MATCH,(all),,,1.0,exact
business_04617,Invention Gesellschaft für Verwaltung und Verwertung chemisch-technischer Patente GmbH,FIELD_DIFF,cleaned_address,,"Keine Angabe , Berlin",0.65,address_differs
business_04618,Investment Handels- und Beteiligungsgesellschaft mbH,MATCH,(all),,,1.0,exact
business_04619,Iris-Schuhbesohlung,MATCH,(all),,,1.0,exact
business_04620,Irma Blumann,MATCH,(all),,,1.0,exact
business_04621,Irving Mandel,MATCH,(all),,,1.0,exact
business_04622,Isaac Herz,MATCH,(all),,,1.0,exact
business_04623,Isaac Joseph,FIELD_DIFF,original_address,"Friedrichstr. 37, Berlin","Neue Friedrichstr. 37, Berlin",0.65,address_differs
business_04624,Isaac Spiegel,MATCH,(all),,,1.0,exact
business_04625,Isaacsohn & Maaß,MATCH,(all),,,1.0,exact
business_04626,Isaak,MATCH,(all),,,1.0,exact
business_04627,"Isaak Alster, Pelzwarengeschäft",MATCH,(all),,,1.0,exact
business_04628,Isaak Joseph Fondsmakler,MATCH,(all),,,1.0,exact
business_04629,Isaak Klibanow,MATCH,(all),,,1.0,exact
business_04630,Isaak Lewin,MATCH,(all),,,1.0,exact
business_04631,Isaak Reitzes,MATCH,(all),,,1.0,exact
business_04632,Isaak Schenk,MATCH,(all),,,1.0,exact
business_04633,Isaak Silberbuch,MATCH,(all),,,1.0,exact
business_04634,Isaak Strauß Rohstoffe für die Textil- und Papierfabrikation,MATCH,(all),,,1.0,exact
business_04635,Isaak Zoellner,MATCH,(all),,,1.0,exact
business_04636,Isabella Bick,MATCH,(all),,,1.0,exact
business_04637,Isac Grünfeld,MATCH,(all),,,1.0,exact
business_04638,Isack Fliegler,MATCH,(all),,,1.0,exact
business_04639,Isak Hutterer,MATCH,(all),,,1.0,exact
business_04640,Isak Kleiner,MATCH,(all),,,1.0,exact
business_04641,"Isak Szydlow, Geflügel- und Lebensmittelhandlung",MATCH,(all),,,1.0,exact
business_04642,Isak Wolf,MATCH,(all),,,1.0,exact
business_04643,Isenburg & Levin,MATCH,(all),,,1.0,exact
business_04644,Isep Osthandelsgesellschaft mbH,MATCH,(all),,,1.0,exact
business_04645,Isidor Abrahamson,MATCH,(all),,,1.0,exact
business_04646,Isidor Alexander,MATCH,(all),,,1.0,exact
business_04647,Isidor Altmann,MATCH,(all),,,1.0,exact
business_04648,Isidor Bendit,MATCH,(all),,,1.0,exact
business_04649,Isidor Covo,MATCH,(all),,,1.0,exact
business_04650,Isidor Dobrin's Conditorei,MATCH,(all),,,1.0,exact
business_04651,"Isidor Eisner, Vertreter",MATCH,(all),,,1.0,exact
business_04652,Isidor Glaser,MATCH,(all),,,1.0,exact
business_04653,Isidor Glaß,MATCH,(all),,,1.0,exact
business_04654,Isidor Goldemann,MATCH,(all),,,1.0,exact
business_04655,Isidor Gotthilf,MATCH,(all),,,1.0,exact
business_04656,"Isidor Gotthilf, Holzgroßhandlung",MATCH,(all),,,1.0,exact
business_04657,Isidor Hofbauer,MATCH,(all),,,1.0,exact
business_04658,Isidor Jacobson,MATCH,(all),,,1.0,exact
business_04659,Isidor Jakubowicz,MATCH,(all),,,1.0,exact
business_04660,Isidor Kielbik Import und Export,MATCH,(all),,,1.0,exact
business_04661,Isidor Koebner,MATCH,(all),,,1.0,exact
business_04662,Isidor Kormis,MATCH,(all),,,1.0,exact
business_04663,Isidor Lewin,MATCH,(all),,,1.0,exact
business_04664,Isidor Lindenbaum,MATCH,(all),,,1.0,exact
business_04665,Isidor Löwy,MATCH,(all),,,1.0,exact
business_04666,Isidor Meisner,MATCH,(all),,,1.0,exact
business_04667,Isidor Meyer,MATCH,(all),,,1.0,exact
business_04668,Isidor Nußbaum,FIELD_DIFF,original_address,"Jakobstr. 6, Berlin","Neue Jakobstr. 6, Berlin",0.65,address_differs
business_04669,Isidor Reich,MATCH,(all),,,1.0,exact
business_04670,Isidor Sally,FIELD_DIFF,original_address,"Ackerstr. 68, Berlin","Ackerstr. 68a, Berlin",0.65,address_differs
business_04671,Isidor Salomon AG,MATCH,(all),,,1.0,exact
business_04672,Isidor Schnapek,MATCH,(all),,,1.0,exact
business_04673,Isidor Schreter,MATCH,(all),,,1.0,exact
business_04674,Isidor Schwalbe,FIELD_DIFF,original_address,"Apostel-Paulus-Str. 18, Berlin","Apostel-Paulus-Str. 18 (AF), Berlin",0.65,address_differs
business_04675,Isidor Sommerfeld,MATCH,(all),,,1.0,exact
business_04676,Isidor Spiegel,MATCH,(all),,,1.0,exact
business_04677,Isidor Süßkind,MATCH,(all),,,1.0,exact
business_04678,Isidor Tikotzky,MATCH,(all),,,1.0,exact
business_04679,Isidor Wechsler,MATCH,(all),,,1.0,exact
business_04680,Isidor Wollstein,FIELD_DIFF,original_address,"Königstr. 71, Berlin","Neue Königstr. 71, Berlin",0.65,address_differs
business_04681,Isidor Zöllner,MATCH,(all),,,1.0,exact
business_04682,Ismar Ksinski,MATCH,(all),,,1.0,exact
business_04683,Ismar Schlesinger Buchdruckerei,MATCH,(all),,,1.0,exact
business_04684,Ison Marcus,MATCH,(all),,,1.0,exact
business_04685,Isr. Schmidt Söhne,MATCH,(all),,,1.0,exact
business_04686,Israel Baron,FIELD_DIFF,original_address,"( Trade ) Eingetragen im Handelsregister/ Gründung 1912 Erloschen 1937 Rosenthaler Str. 8a, Berlin","Rosenthaler Str. 8a, Berlin",0.65,address_differs
business_04687,Israel Bezner,MATCH,(all),,,1.0,exact
business_04688,Israel Feldmann,MATCH,(all),,,1.0,exact
business_04689,Israel Frankfurt,MATCH,(all),,,1.0,exact
business_04690,Israel Goldstein,MATCH,(all),,,1.0,exact
business_04691,Israel Kuczynski,MATCH,(all),,,1.0,exact
business_04692,Israel M. Merel,MATCH,(all),,,1.0,exact
business_04693,Israel Nachmann,MATCH,(all),,,1.0,exact
business_04694,Israel Reich,MATCH,(all),,,1.0,exact
business_04695,Israel Tannenwald,MATCH,(all),,,1.0,exact
business_04696,Israel Wahlfisch,MATCH,(all),,,1.0,exact
business_04697,Israel Wolff,MATCH,(all),,,1.0,exact
business_04698,"Israel-Frister AG Verkaufsgesellschaft der vereinigten Fabriken für Beleuchtungskörper, Heiz- und Kochapparate",MATCH,(all),,,1.0,exact
business_04699,Israelski & Robinson AG,MATCH,(all),,,1.0,exact
business_04700,"Italiener, Jenö",MATCH,(all),,,1.0,exact
business_04701,Itzig Swerdlin Sackgroßhandlung,FIELD_DIFF,original_address,"Friedrichstr. 11, Berlin","Neue Friedrichstr. 11, Berlin",0.65,address_differs
business_04702,Ivan Lesser,MATCH,(all),,,1.0,exact
business_04703,Ivan Schönfeld & Co,MATCH,(all),,,1.0,exact
business_04704,Iveline-Sport-Mäntel Hugo Levi,MATCH,(all),,,1.0,exact
business_04705,Iwan Fritzler,MATCH,(all),,,1.0,exact
business_04706,Izydor Wurzel Tabakwarengroßhandlung,MATCH,(all),,,1.0,exact
business_04707,J. & B. Musa,MATCH,(all),,,1.0,exact
business_04708,J. & P. Salamon,FIELD_DIFF,original_address,"e Frankfurter Str. 137, Berlin","Große Frankfurter Str. 137, Berlin",0.65,address_differs
business_04709,J. & S. Ginsberg,MATCH,(all),,,1.0,exact
business_04710,J. & S. Goldschmidt & Co,MATCH,(all),,,1.0,exact
business_04711,J. & S. Löwenstein,MATCH,(all),,,1.0,exact
business_04712,J. & W. Hauser Wäschefabrik GmbH,MATCH,(all),,,1.0,exact
business_04713,J. & W. Herz,MATCH,(all),,,1.0,exact
business_04714,J. A. Gilka AG,MATCH,(all),,,1.0,exact
business_04715,J. Adler & Co,MATCH,(all),,,1.0,exact
business_04716,J. Adler junr. & Co Gesellschaft für chemische Industrie mbH,MATCH,(all),,,1.0,exact
business_04717,J. Adler junr. Frankfurt a. M. Zweigniederlassung Berlin,MATCH,(all),,,1.0,exact
business_04718,J. Altschul & Co,MATCH,(all),,,1.0,exact
business_04719,J. Anton Alexander,MATCH,(all),,,1.0,exact
business_04720,J. Aron,MATCH,(all),,,1.0,exact
business_04721,J. Baruch Kunstverlag,MATCH,(all),,,1.0,exact
business_04722,J. Baumann & Sohn,MATCH,(all),,,1.0,exact
business_04723,J. Bekier,MATCH,(all),,,1.0,exact
business_04724,"J. Bellmann & Co, Zweigniederlassung Berlin",MATCH,(all),,,1.0,exact
business_04725,J. Berger AG,MATCH,(all),,,1.0,exact
business_04726,J. Biermann,MATCH,(all),,,1.0,exact
business_04727,J. Brann Röhrengeschäft,MATCH,(all),,,1.0,exact
business_04728,J. Brieger,FIELD_DIFF,original_address,"( Trade ) Eingetragen im Handelsregister/ Gründung 1935 Erloschen 1939 Kaiserdamm 3a, Berlin","Kaiserdamm 3a, Berlin",0.65,address_differs
business_04729,J. Brisgelsky,MATCH,(all),,,1.0,exact
business_04730,J. Brzezinski,MATCH,(all),,,1.0,exact
business_04731,J. C. Dierke Nachf.,MATCH,(all),,,1.0,exact
business_04732,J. C. Lutter (Weingroßhandlung) AG,MATCH,(all),,,1.0,exact
business_04733,J. C. Pfaff AG,MATCH,(all),,,1.0,exact
business_04734,J. C. Pfaff Aktiengesellschaft und Trunk & Co,MATCH,(all),,,1.0,exact
business_04735,J. C. Pfaff und Trunck & Co Fabrik-Betriebsgesellschaft mbH,MATCH,(all),,,1.0,exact
business_04736,J. Cukiermann,MATCH,(all),,,1.0,exact
business_04737,J. Cyfer,MATCH,(all),,,1.0,exact
business_04738,J. Cynamon,MATCH,(all),,,1.0,exact
business_04739,J. Danziger,MATCH,(all),,,1.0,exact
business_04740,J. Davis Nathusius,MATCH,(all),,,1.0,exact
business_04741,J. Dobschiner,MATCH,(all),,,1.0,exact
business_04742,J. Dresdner Nachfolger,MATCH,(all),,,1.0,exact
business_04743,J. Dreyfus & Co,MATCH,(all),,,1.0,exact
business_04744,J. Duchowny,MATCH,(all),,,1.0,exact
business_04745,J. Eichenberg AG für Wäschefabrikation,MATCH,(all),,,1.0,exact
business_04746,J. Erdberg,MATCH,(all),,,1.0,exact
business_04747,J. Feige,MATCH,(all),,,1.0,exact
business_04748,J. Felix & Mannaberg,MATCH,(all),,,1.0,exact
business_04749,J. Flichter,MATCH,(all),,,1.0,exact
business_04750,J. Fritz Lemle,MATCH,(all),,,1.0,exact
business_04751,J. Kaufmann,MATCH,(all),,,1.0,exact
business_04752,J. Klonower in Firma S. David / S. David,MATCH,(all),,,1.0,exact
business_04753,J. Kosterlitz,MATCH,(all),,,1.0,exact
business_04754,J. Kristan GmbH,MATCH,(all),,,1.0,exact
business_04755,J. Kurt Kranz,MATCH,(all),,,1.0,exact
business_04756,J. Kuschlewski & Blumenthal,MATCH,(all),,,1.0,exact
business_04757,J. Königsberger & Co,MATCH,(all),,,1.0,exact
business_04758,J. L. Deutsch & Sohn,MATCH,(all),,,1.0,exact
business_04759,J. L. Toczek Nachfl.,FIELD_DIFF,original_address,"Paul-Singer-Str. 4, Berlin","Paul-Singer-Str. (Grüner Weg - Brauner Weg) 4, Berlin",0.65,address_differs
business_04760,J. Landsberger,MATCH,(all),,,1.0,exact
business_04761,J. Hauswirth,MATCH,(all),,,1.0,exact
business_04762,J. Hillel,MATCH,(all),,,1.0,exact
business_04763,J. Hirschhorn AG,MATCH,(all),,,1.0,exact
business_04764,J. Hoffmann & Co,MATCH,(all),,,1.0,exact
business_04765,J. Hohenstein & Co,MATCH,(all),,,1.0,exact
business_04766,J. Horwitz & Co,MATCH,(all),,,1.0,exact
business_04767,J. J. Caro,MATCH,(all),,,1.0,exact
business_04768,J. Jacobinski,MATCH,(all),,,1.0,exact
business_04769,J. Jurke & Co,FIELD_DIFF,original_address,"Friedrichstr. 37, Berlin","Neue Friedrichstr. 37, Berlin",0.65,address_differs
business_04770,J. Kalmus,MATCH,(all),,,1.0,exact
business_04771,J. Gerber & Co,MATCH,(all),,,1.0,exact
business_04772,J. Gnadenfeld,FIELD_DIFF,original_address,"Burgstr. 25, Berlin","Burgstr. 25 (Börse), Berlin",0.65,address_differs
business_04773,J. Goldfarb,MATCH,(all),,,1.0,exact
business_04774,J. Goldmann,MATCH,(all),,,1.0,exact
business_04775,J. Goldschmiedt & Co,MATCH,(all),,,1.0,exact
business_04776,J. Gradhandt,MATCH,(all),,,1.0,exact
business_04777,J. H. Schwarzschild & Co,MATCH,(all),,,1.0,exact
business_04778,J. H. Waßer,MATCH,(all),,,1.0,exact
business_04779,J. Halberstadt,MATCH,(all),,,1.0,exact
business_04780,"J. Hammer, GmbH, Zweigniederlassung Berlin",MATCH,(all),,,1.0,exact
business_04781,J. Lasch & Sohn,MATCH,(all),,,1.0,exact
business_04782,J. Lauffer & Co Kurzwaren Engros,MATCH,(all),,,1.0,exact
business_04783,J. Lazarus GmbH,MATCH,(all),,,1.0,exact
business_04784,J. Levy & Co,MATCH,(all),,,1.0,exact
business_04785,J. Levy & Co Vereinigte Hut Compagnie,MATCH,(all),,,1.0,exact
business_04786,J. Levy & Sohn,FIELD_DIFF,original_address,"Friedrichstr. 61/63, Berlin","Neue Friedrichstr. 61/63, Berlin",0.65,address_differs
business_04787,J. Lewin & Co GmbH,MATCH,(all),,,1.0,exact
business_04788,J. Lewinski & Co,MATCH,(all),,,1.0,exact
business_04789,J. Lianda,MATCH,(all),,,1.0,exact
business_04790,J. Loewenherz,FIELD_DIFF,original_address,"Universitätsstr. 3, Berlin","Universitätsstr. 3 b, Berlin",0.65,address_differs
business_04791,J. M. Grünwald,MATCH,(all),,,1.0,exact
business_04792,J. M. Israel,MATCH,(all),,,1.0,exact
business_04793,J. Maierzak,MATCH,(all),,,1.0,exact
business_04794,J. Marcus (I. Marcus),MATCH,(all),,,1.0,exact
business_04795,J. Margoninsky,MATCH,(all),,,1.0,exact
business_04796,J. Menkes,MATCH,(all),,,1.0,exact
business_04797,J. Mersand,MATCH,(all),,,1.0,exact
business_04798,J. Metz & Co,MATCH,(all),,,1.0,exact
business_04799,J. Meyer & Co,MATCH,(all),,,1.0,exact
business_04800,J. Meyerhof,MATCH,(all),,,1.0,exact
business_04801,J. Michael & Co,MATCH,(all),,,1.0,exact
business_04802,J. Michel & Co,MATCH,(all),,,1.0,exact
business_04803,J. Moritz Rosenthal,MATCH,(all),,,1.0,exact
business_04804,J. Munderstein,MATCH,(all),,,1.0,exact
business_04805,J. Nemeth,MATCH,(all),,,1.0,exact
business_04806,J. Neumann AG,MATCH,(all),,,1.0,exact
business_04807,J. Oehl,MATCH,(all),,,1.0,exact
business_04808,J. Oskar Träger,MATCH,(all),,,1.0,exact
business_04809,J. Pakuscher,MATCH,(all),,,1.0,exact
business_04810,J. Pasch,FIELD_DIFF,original_address,"Burgstr. 25, Berlin","Burgstr. 25 (Börse), Berlin",0.65,address_differs
business_04811,"J. Sander Nachfg., Fabrik für Badeöfen, Spültische und Zinkwaschgefäße GmbH",MATCH,(all),,,1.0,exact
business_04812,J. Schabschin,MATCH,(all),,,1.0,exact
business_04813,"J. Schawetz, Pelzwaren GmbH",MATCH,(all),,,1.0,exact
business_04814,J. Schindler & Sohn,MATCH,(all),,,1.0,exact
business_04815,J. Schneider & Co GmbH,FIELD_DIFF,cleaned_address,,"Alt Moabit 139b, Berlin",0.65,address_differs
business_04816,J. Schwabe & Co,MATCH,(all),,,1.0,exact
business_04817,J. Schwandt,MATCH,(all),,,1.0,exact
business_04818,J. Schwersenz & Sohn,MATCH,(all),,,1.0,exact
business_04819,J. Segalowitsch,MATCH,(all),,,1.0,exact
business_04820,J. Sochaczewer,MATCH,(all),,,1.0,exact
business_04821,J. Pincus Söhne GmbH,MATCH,(all),,,1.0,exact
business_04822,J. Polak Apparatebau Aktiengesellschaft Ipag,MATCH,(all),,,1.0,exact
business_04823,J. Prilutzky,MATCH,(all),,,1.0,exact
business_04824,J. Prochownik,MATCH,(all),,,1.0,exact
business_04825,J. Radel,MATCH,(all),,,1.0,exact
business_04826,J. Ritoff & Co,MATCH,(all),,,1.0,exact
business_04827,J. Rosenbaum,FIELD_DIFF,original_address,"Viktoriastr. 26, Berlin","Viktoriastr. 26a, Berlin",0.65,address_differs
business_04828,J. Rothstein Söhne,MATCH,(all),,,1.0,exact
business_04829,J. Salomon & Co,MATCH,(all),,,1.0,exact
business_04830,J. Salomonis GmbH,MATCH,(all),,,1.0,exact
business_04831,J. Stamm,MATCH,(all),,,1.0,exact
business_04832,J. Stargardt,MATCH,(all),,,1.0,exact
business_04833,J. Strelitz,MATCH,(all),,,1.0,exact
business_04834,J. Tauber,MATCH,(all),,,1.0,exact
business_04835,J. Themal,MATCH,(all),,,1.0,exact
business_04836,J. Treuherz & Curth,MATCH,(all),,,1.0,exact
business_04837,J. Tützer & Co,MATCH,(all),,,1.0,exact
business_04838,J. Uscherowitz,MATCH,(all),,,1.0,exact
business_04839,J. Volkowitz,MATCH,(all),,,1.0,exact
business_04840,J. Wallach,MATCH,(all),,,1.0,exact
business_04841,Jacob Bärenholz,MATCH,(all),,,1.0,exact
business_04842,Jacob Chankin,MATCH,(all),,,1.0,exact
business_04843,Jacob Claassen,MATCH,(all),,,1.0,exact
business_04844,Jacob Cohn Lederhandlung,MATCH,(all),,,1.0,exact
business_04845,"Jacob Cohn Wild, Geflügel, Eier",MATCH,(all),,,1.0,exact
business_04846,Jacob Dreifus & Co,MATCH,(all),,,1.0,exact
business_04847,Jacob Edler,MATCH,(all),,,1.0,exact
business_04848,Jacob Ehrlich GmbH,MATCH,(all),,,1.0,exact
business_04849,Jacob Freudenheim Inh. Martin Sommerfeld,MATCH,(all),,,1.0,exact
business_04850,Jacob Färber,MATCH,(all),,,1.0,exact
business_04851,J. Wedel & Co,MATCH,(all),,,1.0,exact
business_04852,J. Weissler,MATCH,(all),,,1.0,exact
business_04853,J. Wolf Ingenieur Verkaufszentrale GmbH,MATCH,(all),,,1.0,exact
business_04854,Jablonski & Co KG,MATCH,(all),,,1.0,exact
business_04855,Jack Hölzer,MATCH,(all),,,1.0,exact
business_04856,Jack Moschkowitz,MATCH,(all),,,1.0,exact
business_04857,Jacob & Bornstädt,MATCH,(all),,,1.0,exact
business_04858,Jacob & Mannheim,MATCH,(all),,,1.0,exact
business_04859,Jacob & Marcus,MATCH,(all),,,1.0,exact
business_04860,Jacob & Richter,MATCH,(all),,,1.0,exact
business_04861,"Jacob & Richter - Siegmund Strauß jr., Vereinigte Spitzenhäuser AG",MATCH,(all),,,1.0,exact
business_04862,Jacob & Valentin,MATCH,(all),,,1.0,exact
business_04863,Jacob A. Seligmann & Co AG,FIELD_DIFF,original_address,"Jakobstr. 20/22, Berlin","Alte Jakobstr. 20/22, Berlin",0.65,address_differs
business_04864,Jacob Abraham,MATCH,(all),,,1.0,exact
business_04865,Jacob Bergoffen,MATCH,(all),,,1.0,exact
business_04866,Jacob Blumenfeld,MATCH,(all),,,1.0,exact
business_04867,Jacob Blücher Lebensmittel-Groß- und Kleinhandel,MATCH,(all),,,1.0,exact
business_04868,Jacob Bock,MATCH,(all),,,1.0,exact
business_04869,Jacob Braude Lederkommission engros,MATCH,(all),,,1.0,exact
business_04870,Jacob Buchmann,MATCH,(all),,,1.0,exact
business_04871,Jacob Goldbaum,MATCH,(all),,,1.0,exact
business_04872,Jacob Grubner,MATCH,(all),,,1.0,exact
business_04873,Jacob Herrmann,MATCH,(all),,,1.0,exact
business_04874,Jacob Hirsch Hypotheken & Grundbesitz,MATCH,(all),,,1.0,exact
business_04875,Jacob Instrator,MATCH,(all),,,1.0,exact
business_04876,Jacob Jacobsohn,MATCH,(all),,,1.0,exact
business_04877,Jacob Jonas,MATCH,(all),,,1.0,exact
business_04878,Jacob Judey,MATCH,(all),,,1.0,exact
business_04879,Jacob Koffer,MATCH,(all),,,1.0,exact
business_04880,Jacob Levy,MATCH,(all),,,1.0,exact
business_04881,"Jacob Lewinsohn, Darmhandlung Import & Export",MATCH,(all),,,1.0,exact
business_04882,Jacob Liebermann,MATCH,(all),,,1.0,exact
business_04883,Jacob Lindemann,MATCH,(all),,,1.0,exact
business_04884,Jacob Marcus,MATCH,(all),,,1.0,exact
business_04885,Jacob Moses,MATCH,(all),,,1.0,exact
business_04886,Jacob Neumark,MATCH,(all),,,1.0,exact
business_04887,Jacob Pasch,MATCH,(all),,,1.0,exact
business_04888,Jacob Pelziger,MATCH,(all),,,1.0,exact
business_04889,Jacob Philipsborn,MATCH,(all),,,1.0,exact
business_04890,Jacob Reiss,MATCH,(all),,,1.0,exact
business_04891,Jacob Ritterband,MATCH,(all),,,1.0,exact
business_04892,Jacob Rosenberg,MATCH,(all),,,1.0,exact
business_04893,Jacob Sack,MATCH,(all),,,1.0,exact
business_04894,Jacob Schreiber,MATCH,(all),,,1.0,exact
business_04895,Jacob Schwarzschild,MATCH,(all),,,1.0,exact
business_04896,Jacob Stein,MATCH,(all),,,1.0,exact
business_04897,Jacob W. Rosen,MATCH,(all),,,1.0,exact
business_04898,Jacob Wasserzug,MATCH,(all),,,1.0,exact
business_04899,Jacob Weinstein,MATCH,(all),,,1.0,exact
business_04900,Jacob Wolff,FIELD_DIFF,original_address,"Königstr. 70, Berlin","Neue Königstr. 70, Berlin",0.65,address_differs
business_04901,Jacob Zander,MATCH,(all),,,1.0,exact
business_04902,"Jacob, Gertrud, verehel. Rosenbaum",MATCH,(all),,,1.0,exact
business_04903,"Jacob, Mathilde",MATCH,(all),,,1.0,exact
business_04904,Jacobi & Schmidt,MATCH,(all),,,1.0,exact
business_04905,Jacobi Frida,MATCH,(all),,,1.0,exact
business_04906,Jacobowitz & Co Eierhandlung,MATCH,(all),,,1.0,exact
business_04907,"Jacobsen, Iwan",MATCH,(all),,,1.0,exact
business_04908,"Jacobsohn, Emmy",MATCH,(all),,,1.0,exact
business_04909,"Jacobsohn, Hedwig",MATCH,(all),,,1.0,exact
business_04910,"Jacobsohn, Siegfried",MATCH,(all),,,1.0,exact
business_04911,Jacobson & Co,MATCH,(all),,,1.0,exact
business_04912,"Jacoby, Fritz",MATCH,(all),,,1.0,exact
business_04913,Jacques Blumenthal,MATCH,(all),,,1.0,exact
business_04914,Jacques Borchardt,MATCH,(all),,,1.0,exact
business_04915,Jacques Finkenstein,MATCH,(all),,,1.0,exact
business_04916,Jacques Kuschnitzky,MATCH,(all),,,1.0,exact
business_04917,Jacques Leibholz & Co,MATCH,(all),,,1.0,exact
business_04918,Jacques Littmann,MATCH,(all),,,1.0,exact
business_04919,Jacques Mayer,MATCH,(all),,,1.0,exact
business_04920,Jacques Rosenberg & Co,FIELD_DIFF,original_address,"Müllerstr. 143, Berlin","Müllerstr. 143a, Berlin",0.65,address_differs
business_04921,Jacques Zimmt,MATCH,(all),,,1.0,exact
business_04922,Jacquier & Securius,MATCH,(all),,,1.0,exact
business_04923,Jaffa & Levin,MATCH,(all),,,1.0,exact
business_04924,Jaffetty Perlen Wladimir Lipowetzky,FIELD_DIFF,original_address,"Friedrichstr. 193, Berlin","Friedrichstr. 193a, Berlin",0.65,address_differs
business_04925,Jakob & Josef Köppel,MATCH,(all),,,1.0,exact
business_04926,Jakob Barasch,MATCH,(all),,,1.0,exact
business_04927,Jakob Berglas Bankgeschäft,MATCH,(all),,,1.0,exact
business_04928,"Jakob Braner, Bankgeschäft",MATCH,(all),,,1.0,exact
business_04929,Jakob Freier,MATCH,(all),,,1.0,exact
business_04930,Jakob Gerber,MATCH,(all),,,1.0,exact
business_04931,Jakob Gesang,FIELD_DIFF,original_address,"Friedrichstr. 69, Berlin","Neue Friedrichstr. 69, Berlin",0.65,address_differs
business_04932,Jakob Goteswilen,MATCH,(all),,,1.0,exact
business_04933,Jakob Hirschberg,MATCH,(all),,,1.0,exact
business_04934,Jakob Kellner,MATCH,(all),,,1.0,exact
business_04935,Jakob Kohane,MATCH,(all),,,1.0,exact
business_04936,Jakob Kut,MATCH,(all),,,1.0,exact
business_04937,Jakob Last,MATCH,(all),,,1.0,exact
business_04938,Jakob Markus,MATCH,(all),,,1.0,exact
business_04939,Jakob Mulwidson,MATCH,(all),,,1.0,exact
business_04940,Jakob Penner,MATCH,(all),,,1.0,exact
business_04941,Jalkut GmbH,MATCH,(all),,,1.0,exact
business_04942,Jalousien-Keuschen,MATCH,(all),,,1.0,exact
business_04943,Jalousien-Stein,MATCH,(all),,,1.0,exact
business_04944,James Aron,MATCH,(all),,,1.0,exact
business_04945,James Baer & Co,MATCH,(all),,,1.0,exact
business_04946,James Dresdner,MATCH,(all),,,1.0,exact
business_04947,James Goßmann,MATCH,(all),,,1.0,exact
business_04948,James Gutmann,MATCH,(all),,,1.0,exact
business_04949,James Isaac,MATCH,(all),,,1.0,exact
business_04950,James Joseph,MATCH,(all),,,1.0,exact
business_04951,Jakob Poezter,MATCH,(all),,,1.0,exact
business_04952,Jakob Saudel,MATCH,(all),,,1.0,exact
business_04953,Jakob Schidlow,MATCH,(all),,,1.0,exact
business_04954,Jakob Setzka,MATCH,(all),,,1.0,exact
business_04955,Jakob Sokal,MATCH,(all),,,1.0,exact
business_04956,Jakob Stecher,MATCH,(all),,,1.0,exact
business_04957,Jakob Zellermayer,MATCH,(all),,,1.0,exact
business_04958,Jakobowski & Cohen,MATCH,(all),,,1.0,exact
business_04959,"Jakobus, Adolf",MATCH,(all),,,1.0,exact
business_04960,Jakow Trachtenberg Verlag,MATCH,(all),,,1.0,exact
business_04961,James Katzmann,MATCH,(all),,,1.0,exact
business_04962,James Kauffmann Beleuchtungsartikel,MATCH,(all),,,1.0,exact
business_04963,James Löwenstein,MATCH,(all),,,1.0,exact
business_04964,James Magnus,MATCH,(all),,,1.0,exact
business_04965,James Rahmig,MATCH,(all),,,1.0,exact
business_04966,James Schlesinger,MATCH,(all),,,1.0,exact
business_04967,James Schmetz,MATCH,(all),,,1.0,exact
business_04968,James Schwersenz & Petzal Bankkommission,MATCH,(all),,,1.0,exact
business_04969,James Simon,MATCH,(all),,,1.0,exact
business_04970,Jankel Sack,MATCH,(all),,,1.0,exact
business_04971,Jankiel Rosenberg,MATCH,(all),,,1.0,exact
business_04972,Janowitz & Spielmann,MATCH,(all),,,1.0,exact
business_04973,"Japhet, Sundheimer & Co",MATCH,(all),,,1.0,exact
business_04974,Jaques Marcussohn,MATCH,(all),,,1.0,exact
business_04975,Jaques Rosenthal,MATCH,(all),,,1.0,exact
business_04976,Jarislowsky & Co,MATCH,(all),,,1.0,exact
business_04977,Jaromir Herz,MATCH,(all),,,1.0,exact
business_04978,Jaroslaw's Erste Glimmerwaaren-Fabrik in Berlin,MATCH,(all),,,1.0,exact
business_04979,Jaso Grundstücks-GmbH,MATCH,(all),,,1.0,exact
business_04980,Jason Kunstanstalt für Reklame Jacoby & Sohn KG,MATCH,(all),,,1.0,exact
business_04981,"Jastrow, Klara",MATCH,(all),,,1.0,exact
business_04982,Jean Caminer,MATCH,(all),,,1.0,exact
business_04983,Jean Guthmann & Co GmbH,MATCH,(all),,,1.0,exact
business_04984,Jean J. Heilbrunn,MATCH,(all),,,1.0,exact
business_04985,Jean Lessler,MATCH,(all),,,1.0,exact
business_04986,Jean Popper,MATCH,(all),,,1.0,exact
business_04987,Jean Schulmeister,MATCH,(all),,,1.0,exact
business_04988,Jean Schwersenz,MATCH,(all),,,1.0,exact
business_04989,Jeanette Robes Fantasie Johanna Spitzer,MATCH,(all),,,1.0,exact
business_04990,Jechiel Schneid,MATCH,(all),,,1.0,exact
business_04991,Jellenick,MATCH,(all),,,1.0,exact
business_04992,Jennie-Moden Eugenia Kriczewska,MATCH,(all),,,1.0,exact
business_04993,Jenny Helmrich,MATCH,(all),,,1.0,exact
business_04994,Jenny Jacoby & Selly Haase,MATCH,(all),,,1.0,exact
business_04995,Jenny Kohn,MATCH,(all),,,1.0,exact
business_04996,Jenny Unger,MATCH,(all),,,1.0,exact
business_04997,Jenny Zickel,MATCH,(all),,,1.0,exact
business_04998,Jersey-Club Adolf Casper,MATCH,(all),,,1.0,exact
business_04999,Jersey-Club Margot Freudenberg,MATCH,(all),,,1.0,exact
business_05000,Jersey-Club Paul Weinberg,MATCH,(all),,,1.0,exact
business_05001,Joel Kleczewski,MATCH,(all),,,1.0,exact
business_05002,Joel Mayer GmbH,MATCH,(all),,,1.0,exact
business_05003,Joelsohn & Smolinsky,MATCH,(all),,,1.0,exact
business_05004,Joh. Borck,MATCH,(all),,,1.0,exact
business_05005,Johanna Friedländer,MATCH,(all),,,1.0,exact
business_05006,Johanna Jacoby,MATCH,(all),,,1.0,exact
business_05007,"Johanna Koehler-Kraftfahrzeug- und Teile-Vertrieb, Inh. Curt Birnholz",MATCH,(all),,,1.0,exact
business_05008,Johanna Levin,MATCH,(all),,,1.0,exact
business_05009,Johanna Münzer,MATCH,(all),,,1.0,exact
business_05010,Johanna Rawack,MATCH,(all),,,1.0,exact
business_05011,Johanna Silberstein (geb. Obersky),MATCH,(all),,,1.0,exact
business_05012,"Johannes Behrendt, GmbH",MATCH,(all),,,1.0,exact
business_05013,John Busch,MATCH,(all),,,1.0,exact
business_05014,John Jesersky Holzhandlung,MATCH,(all),,,1.0,exact
business_05015,Jomi Vertriebsgesellschaft für elektrische Apparate mbH,MATCH,(all),,,1.0,exact
business_05016,Jonas Adler,MATCH,(all),,,1.0,exact
business_05017,Jonas Bing Zweigniederlassung Berlin,MATCH,(all),,,1.0,exact
business_05018,Jonas Salzmann,MATCH,(all),,,1.0,exact
business_05019,Jonas Schlesinger GmbH,MATCH,(all),,,1.0,exact
business_05020,Jonaß & Co AG,MATCH,(all),,,1.0,exact
business_05021,Jesim Garbuny,MATCH,(all),,,1.0,exact
business_05022,Jetty Behrendt,MATCH,(all),,,1.0,exact
business_05023,Joachim Hermann Tworoger,MATCH,(all),,,1.0,exact
business_05024,Joachim Koppel,MATCH,(all),,,1.0,exact
business_05025,"Joachim Koppel, Metallgießerei GmbH",MATCH,(all),,,1.0,exact
business_05026,Joachim Schönberg,MATCH,(all),,,1.0,exact
business_05027,Joachimsohn & Weißenberg,MATCH,(all),,,1.0,exact
business_05028,Jockey Club Hermann Fürstenthal,MATCH,(all),,,1.0,exact
business_05029,Joe Lautin,MATCH,(all),,,1.0,exact
business_05030,Joe Straßner GmbH,MATCH,(all),,,1.0,exact
business_05031,Josef Glowinski,MATCH,(all),,,1.0,exact
business_05032,Josef Gonzer,MATCH,(all),,,1.0,exact
business_05033,Josef Hirschberg,MATCH,(all),,,1.0,exact
business_05034,Josef Honig,MATCH,(all),,,1.0,exact
business_05035,"Josef J. Pan, Berlin-Gablonz",MATCH,(all),,,1.0,exact
business_05036,Josef Jacobowitz,MATCH,(all),,,1.0,exact
business_05037,Josef Juliusburger,FIELD_DIFF,original_address,"Friedrichstr. 4, Berlin","Neue Friedrichstr. 4, Berlin",0.65,address_differs
business_05038,Josef Kamerling & Co,MATCH,(all),,,1.0,exact
business_05039,Josef Kleinschmidt,MATCH,(all),,,1.0,exact
business_05040,Josef Lamm,MATCH,(all),,,1.0,exact
business_05041,Jongla Krawattenfabrik AG,MATCH,(all),,,1.0,exact
business_05042,Jopse (oder Jopfe?) & Co,MATCH,(all),,,1.0,exact
business_05043,Jordan & Blumenfeld,FIELD_DIFF,original_address,"Friedrichstr. 38/40, Berlin","Neue Friedrichstr. 38/40, Berlin",0.65,address_differs
business_05044,Joro Pfeifenmanufaktur Josef Rothstein,FIELD_DIFF,original_address,"e Frankfurter Str. 138, Berlin","Große Frankfurter Str. 138, Berlin",0.65,address_differs
business_05045,Jos. Brasch,MATCH,(all),,,1.0,exact
business_05046,Jos. Ritterband,MATCH,(all),,,1.0,exact
business_05047,Jos. Steinberg GmbH,MATCH,(all),,,1.0,exact
business_05048,Josef & Eduard Schulhof,MATCH,(all),,,1.0,exact
business_05049,Josef Antel,FIELD_DIFF,original_address,"e Frankfurter Str. 34, Berlin","Große Frankfurter Str. 34, Berlin",0.65,address_differs
business_05050,Josef Apfelbaum,MATCH,(all),,,1.0,exact
business_05051,"Josef Bacharach, Hersfeld mit Zweigniederlassung in Berlin",MATCH,(all),,,1.0,exact
business_05052,Josef Baermann & Co,FIELD_DIFF,original_address,"Friedrichstr. 38/40, Berlin","Neue Friedrichstr. 38/40, Berlin",0.65,address_differs
business_05053,Josef Baran,MATCH,(all),,,1.0,exact
business_05054,Josef Beiner,MATCH,(all),,,1.0,exact
business_05055,Josef Berthóty GmbH,MATCH,(all),,,1.0,exact
business_05056,Josef Ehrlich,FIELD_DIFF,original_address,"Allee 28, Berlin","Württemberg-Allee 28, Berlin",0.65,address_differs
business_05057,Josef Elias,MATCH,(all),,,1.0,exact
business_05058,Josef Fischmann,MATCH,(all),,,1.0,exact
business_05059,Josef Fleischer,MATCH,(all),,,1.0,exact
business_05060,Josef Friedländer,MATCH,(all),,,1.0,exact
business_05061,Josef Landau Butter und Eier Versandhaus,MATCH,(all),,,1.0,exact
business_05062,Josef Landsberger,MATCH,(all),,,1.0,exact
business_05063,Josef Laufbaum,MATCH,(all),,,1.0,exact
business_05064,Josef Lieber,MATCH,(all),,,1.0,exact
business_05065,Josef Luster,MATCH,(all),,,1.0,exact
business_05066,Josef Mendelssohn,MATCH,(all),,,1.0,exact
business_05067,Josef Meyer Kleider,MATCH,(all),,,1.0,exact
business_05068,Josef Neuberger,MATCH,(all),,,1.0,exact
business_05069,Josef Neufeld jr.,MATCH,(all),,,1.0,exact
business_05070,Josef Praschma Nachflg. R. Nachtlicht,MATCH,(all),,,1.0,exact
business_05071,Josef Schreiber,MATCH,(all),,,1.0,exact
business_05072,"Josef Schustermann, Adressen-Verlag",MATCH,(all),,,1.0,exact
business_05073,Josef Schweitzer,MATCH,(all),,,1.0,exact
business_05074,Josef Simon,MATCH,(all),,,1.0,exact
business_05075,"Josef Singer Verlag, AG",MATCH,(all),,,1.0,exact
business_05076,Josef Steinberg Roßhaarzieherei,MATCH,(all),,,1.0,exact
business_05077,Josef Szarvas,MATCH,(all),,,1.0,exact
business_05078,Josef Wachsner & Co,MATCH,(all),,,1.0,exact
business_05079,Josef Weißenberg,MATCH,(all),,,1.0,exact
business_05080,Josefine Marcus,MATCH,(all),,,1.0,exact
business_05081,Josef Rappaport & Sohn Textilwaren,MATCH,(all),,,1.0,exact
business_05082,Josef Robinsohn,MATCH,(all),,,1.0,exact
business_05083,Josef Roßbach,MATCH,(all),,,1.0,exact
business_05084,Josef Rubin,MATCH,(all),,,1.0,exact
business_05085,Josef Sack,MATCH,(all),,,1.0,exact
business_05086,Josef Sand,MATCH,(all),,,1.0,exact
business_05087,Josef Schimek,MATCH,(all),,,1.0,exact
business_05088,"Josef Schmalz & Co, GmbH",FIELD_DIFF,original_address,"Lützowstr. 85, Berlin","Lützowstr. 85a, Berlin",0.65,address_differs
business_05089,Josef Schmiedermayer,MATCH,(all),,,1.0,exact
business_05090,Josef Schmiedl,MATCH,(all),,,1.0,exact
business_05091,Joseph Jankelowitz,MATCH,(all),,,1.0,exact
business_05092,Joseph Jastrow,MATCH,(all),,,1.0,exact
business_05093,Joseph Jolowicz,MATCH,(all),,,1.0,exact
business_05094,Joseph Kober,MATCH,(all),,,1.0,exact
business_05095,Joseph Lehrs,MATCH,(all),,,1.0,exact
business_05096,Joseph Lewin,MATCH,(all),,,1.0,exact
business_05097,Joseph Metz Blumen- und Federnfabrikation,MATCH,(all),,,1.0,exact
business_05098,Joseph Meyer,MATCH,(all),,,1.0,exact
business_05099,"Joseph Rosenblüth, in Firma Elektromotor Alexander",MATCH,(all),,,1.0,exact
business_05100,Joseph Rosenstock,MATCH,(all),,,1.0,exact
business_05101,Joseph Dreyfuß,MATCH,(all),,,1.0,exact
business_05102,Joseph Fraenkel Baugeschäft AG,MATCH,(all),,,1.0,exact
business_05103,Joseph Friedlich,MATCH,(all),,,1.0,exact
business_05104,"Joseph Friedländer, Sachverständiger",MATCH,(all),,,1.0,exact
business_05105,Joseph Funke & Sohn,MATCH,(all),,,1.0,exact
business_05106,Joseph Grünbaum,MATCH,(all),,,1.0,exact
business_05107,Joseph Hecht Vertretung für Gummiwaren,FIELD_DIFF,original_address,"( Trade ) Eingetragen im Handelsregister/ Gründung 1938 Erloschen 1938 Bischofstr. , Berlin","Bischofstr. , Berlin",0.65,address_differs
business_05108,Joseph Jacobi Nachf. AG,FIELD_DIFF,original_address,"Mühlenstr. 68, Berlin","Mühlenstr. 68a, Berlin",0.65,address_differs
business_05109,Joseph Jacobi Nachf. GmbH,FIELD_DIFF,original_address,"Mühlenstr. 68, Berlin","Mühlenstr. 68a, Berlin",0.65,address_differs
business_05110,Joseph Jacobus,MATCH,(all),,,1.0,exact
business_05111,Joseli Joseph Eiligoulaschwili,MATCH,(all),,,1.0,exact
business_05112,Joseph & Oppenheim GmbH,MATCH,(all),,,1.0,exact
business_05113,Joseph Abend,MATCH,(all),,,1.0,exact
business_05114,"Joseph Altmann, Bankgeschäft",MATCH,(all),,,1.0,exact
business_05115,"Joseph Aufseher, Mechel Halle, Marcus Haber (46 Jahre), Aron Tepper (35 Jahre)",MATCH,(all),,,1.0,exact
business_05116,Joseph Behr,MATCH,(all),,,1.0,exact
business_05117,Joseph Behrendt,MATCH,(all),,,1.0,exact
business_05118,Joseph Botshaim,MATCH,(all),,,1.0,exact
business_05119,Joseph Chaim & Olitzki Filiale Steglitz Inh. Isidor Kober,MATCH,(all),,,1.0,exact
business_05120,Joseph Cohn & Co,MATCH,(all),,,1.0,exact
business_05121,Joseph Sawady,MATCH,(all),,,1.0,exact
business_05122,Joseph Schaefer,MATCH,(all),,,1.0,exact
business_05123,Joseph Schaul,MATCH,(all),,,1.0,exact
business_05124,Joseph Siedner,MATCH,(all),,,1.0,exact
business_05125,Joseph Spiero,MATCH,(all),,,1.0,exact
business_05126,Joseph Stern,MATCH,(all),,,1.0,exact
business_05127,Joseph Sternberg,MATCH,(all),,,1.0,exact
business_05128,Joseph Treitel,MATCH,(all),,,1.0,exact
business_05129,Joseph Weiss,MATCH,(all),,,1.0,exact
business_05130,Joseph Wilkow & Co,MATCH,(all),,,1.0,exact
business_05131,"Joseph Zenober Häuser Verwaltungs, Instandsetzungs- und Immobilienbüro",MATCH,(all),,,1.0,exact
business_05132,"Joseph, Adolf",MATCH,(all),,,1.0,exact
business_05133,Josua Friedlaender,MATCH,(all),,,1.0,exact
business_05134,Juan Casparius,MATCH,(all),,,1.0,exact
business_05135,"Jubelski & Co, Herren- und Knabenkleiderfabrikation GmbH",MATCH,(all),,,1.0,exact
business_05136,Jubelski & Cohen Knaben- Jünglings- und Burschenkleidung,FIELD_DIFF,original_address,"( Trade ) Eingetragen im Handelsregister/ Gründung 1922 Erloschen 1932 Kottbusser Damm 12a, Berlin","Kottbusser Damm 12a, Berlin",0.65,address_differs
business_05137,Jugend-Moden GmbH,MATCH,(all),,,1.0,exact
business_05138,Juhre & Elencwajg,MATCH,(all),,,1.0,exact
business_05139,Jul. Hahn,MATCH,(all),,,1.0,exact
business_05140,Jul. Hecht & Co,MATCH,(all),,,1.0,exact
business_05141,Jul. Tauber GmbH,MATCH,(all),,,1.0,exact
business_05142,Jules Lang,FIELD_DIFF,original_address,"Jägerstr. 5, Berlin","Kleine Jägerstr. 5, Berlin",0.65,address_differs
business_05143,Julian Arendt,MATCH,(all),,,1.0,exact_ambiguous_2
business_05144,Julian Arendt,MATCH,(all),,,1.0,exact_ambiguous_2
business_05145,Julian Berlak,MATCH,(all),,,1.0,exact
business_05146,Julian Levy,FIELD_DIFF,original_address,"Burgstr. 25, Berlin","Burgstr. 25 (Börse), Berlin",0.65,address_differs
business_05147,Julian Maschkowsky,MATCH,(all),,,1.0,exact
business_05148,Julian Salomonski,MATCH,(all),,,1.0,exact
business_05149,Julian Thursch,MATCH,(all),,,1.0,exact
business_05150,Julie Brasch,MATCH,(all),,,1.0,exact
business_05151,Julius & Josef Lewin Tilsit ZN Berlin,MATCH,(all),,,1.0,exact
business_05152,Julius Abraham,FIELD_DIFF,original_address,"Paul-Singer-Str. 100, Berlin","Paul-Singer-Str. (Grüner Weg - Brauner Weg) 100, Berlin",0.65,address_differs
business_05153,Julius Ahronheim,MATCH,(all),,,1.0,exact
business_05154,Julius Anker,MATCH,(all),,,1.0,exact
business_05155,Julius Arnheim,MATCH,(all),,,1.0,exact
business_05156,Julius Ascher,MATCH,(all),,,1.0,exact
business_05157,Julius Autor,MATCH,(all),,,1.0,exact
business_05158,"Julius Baruchsohn, in Firma: Kleiderpflege Hilda",MATCH,(all),,,1.0,exact
business_05159,Julius Bendix Söhne,MATCH,(all),,,1.0,exact
business_05160,Julius Bendix Söhne Leinen Gesellschaft mbH,MATCH,(all),,,1.0,exact
business_05161,Julius Buchsbaum,MATCH,(all),,,1.0,exact
business_05162,Julius Caminer Berliner Leibchenhosen-Fabrik,MATCH,(all),,,1.0,exact
business_05163,Julius Cohn,FIELD_DIFF,original_address,"Alexandrinenstr. 37, Berlin","Alexandrinenstr. 37a, Berlin",0.65,address_differs
business_05164,Julius Dambitsch,MATCH,(all),,,1.0,exact
business_05165,Julius Davidsohn,MATCH,(all),,,1.0,exact
business_05166,Julius Dresdner,MATCH,(all),,,1.0,exact
business_05167,Julius Eifermann,MATCH,(all),,,1.0,exact
business_05168,Julius Eimer Textilwaren-Agenturen,MATCH,(all),,,1.0,exact
business_05169,Julius Engländer,MATCH,(all),,,1.0,exact
business_05170,Julius Fabian Deutsche Marmorwaren,FIELD_DIFF,original_address,"Kantstr. 128, Berlin","Kantstr. 128, Berlin Blockdammweg 1,",0.65,address_differs
business_05171,Julius Berlowitz,MATCH,(all),,,1.0,exact
business_05172,Julius Blacharz,MATCH,(all),,,1.0,exact
business_05173,Julius Bleyer,MATCH,(all),,,1.0,exact
business_05174,Julius Bloch,MATCH,(all),,,1.0,exact
business_05175,Julius Boldes,MATCH,(all),,,1.0,exact
business_05176,Julius Borchardt,FIELD_DIFF,original_address,"Paul-Singer-Str. 110, Berlin","Paul-Singer-Str. (Grüner Weg - Brauner Weg) 110, Berlin",0.65,address_differs
business_05177,Julius Bormaß & Co,MATCH,(all),,,1.0,exact
business_05178,Julius Brann GmbH,MATCH,(all),,,1.0,exact
business_05179,Julius Brettner,FIELD_DIFF,original_address,"( Trade ) Eingetragen im Handelsregister/ Gründung 1916 Erloschen 1937 Zentralmarkthalle , Berlin","Zentralmarkthalle , Berlin",0.65,address_differs
business_05180,Julius Brummer,MATCH,(all),,,1.0,exact
business_05181,Julius Fabisch,MATCH,(all),,,1.0,exact
business_05182,Julius Falkenstein,MATCH,(all),,,1.0,exact
business_05183,Julius Friedländer Schokoladen- und Zuckerwaren en gros,MATCH,(all),,,1.0,exact
business_05184,Julius Gadiel,MATCH,(all),,,1.0,exact
business_05185,Julius Gensler,MATCH,(all),,,1.0,exact
business_05186,Julius Goldberg,MATCH,(all),,,1.0,exact
business_05187,Julius Goldemann,FIELD_DIFF,original_address,"Alexanderstr. 53, Berlin","Alexanderstr. 53, Berlin Alexanderstr. 22, Holzmarktstr. 1, O 27",0.65,address_differs
business_05188,Julius Goldschmidt,MATCH,(all),,,1.0,exact
business_05189,Julius Goldschmidt Bank - Commissionsgeschäft,MATCH,(all),,,1.0,exact
business_05190,Julius Goldstein jr.,MATCH,(all),,,1.0,exact
business_05191,Julius Haas,MATCH,(all),,,1.0,exact
business_05192,Julius Hammer,FIELD_DIFF,original_address,"Grünstr. 31, Berlin","Neue Grünstr. 31, Berlin",0.65,address_differs
business_05193,Julius Handt,FIELD_DIFF,original_address,"Stallschreiberstr. 23, Berlin","Stallschreiberstr. 23a, Berlin",0.65,address_differs
business_05194,Julius Hartmann,MATCH,(all),,,1.0,exact
business_05195,Julius Hartstein,MATCH,(all),,,1.0,exact
business_05196,Julius Haskel,MATCH,(all),,,1.0,exact
business_05197,Julius Heimann,MATCH,(all),,,1.0,exact
business_05198,Julius Heller & Co GmbH,MATCH,(all),,,1.0,exact
business_05199,Julius Henschel,FIELD_DIFF,original_address,"Platz 3/4, Berlin","Eyke-von-Reprow-Platz 3/4, Berlin",0.65,address_differs
business_05200,Julius Heskel,MATCH,(all),,,1.0,exact
business_05201,Julius Heymann Blusenfabrik,MATCH,(all),,,1.0,exact
business_05202,Julius Heß & Greger,MATCH,(all),,,1.0,exact
business_05203,Julius Hirsch Fondsmakler,MATCH,(all),,,1.0,exact
business_05204,Julius Hirsch Mühlenwerke,MATCH,(all),,,1.0,exact
business_05205,Julius Hirschberg,FIELD_DIFF,original_address,"Alexanderstr. 8, Berlin","Alexanderstr. 8a, Berlin",0.65,address_differs
business_05206,Julius Hirschmann,MATCH,(all),,,1.0,exact
business_05207,Julius Husch,MATCH,(all),,,1.0,exact
business_05208,Julius Israel jr.,MATCH,(all),,,1.0,exact
business_05209,Julius J. Mayer,FIELD_DIFF,original_address,"Französische Str. 33, Berlin","Französische Str. 33 I, Berlin",0.65,address_differs
business_05210,Julius Jacobson,MATCH,(all),,,1.0,exact
business_05211,Julius Kiwi,MATCH,(all),,,1.0,exact
business_05212,Julius Klein,MATCH,(all),,,1.0,exact
business_05213,Julius Klipstein,MATCH,(all),,,1.0,exact
business_05214,Julius Knopf Nutzholzhandlung,FIELD_DIFF,original_address,"( Trade ) Eingetragen im Handelsregister/ Gründung 1924 Erloschen 1937 Grünthaler Str. , Berlin","Grünthaler Str. , Berlin",0.65,address_differs
business_05215,Julius Kobylinski,MATCH,(all),,,1.0,exact
business_05216,Julius Kochmann,MATCH,(all),,,1.0,exact
business_05217,Julius Kohn & Co,MATCH,(all),,,1.0,exact
business_05218,Julius Kollenscher,MATCH,(all),,,1.0,exact
business_05219,Julius Krakauer Mediz.-pharm. Präparate,MATCH,(all),,,1.0,exact
business_05220,Julius Krakauer Nachf.,MATCH,(all),,,1.0,exact
business_05221,Julius Kroll,MATCH,(all),,,1.0,exact
business_05222,Julius Kronheim,MATCH,(all),,,1.0,exact
business_05223,Julius Krucz,MATCH,(all),,,1.0,exact
business_05224,Julius Kurcz Mehl- und Hülsenfucht-Vertriebs-GmbH,MATCH,(all),,,1.0,exact
business_05225,Julius Lennhoff,MATCH,(all),,,1.0,exact
business_05226,Julius Levin,MATCH,(all),,,1.0,exact
business_05227,Julius Levy,MATCH,(all),,,1.0,exact
business_05228,Julius Lewinnek,FIELD_DIFF,original_address,"Friedrichstr. 77, Berlin","Neue Friedrichstr. 77, Berlin",0.65,address_differs
business_05229,Julius Lilienthal,MATCH,(all),,,1.0,exact
business_05230,Julius Linnemann,MATCH,(all),,,1.0,exact
business_05231,Julius Jeidel,MATCH,(all),,,1.0,exact
business_05232,Julius Josef Löwenberg,MATCH,(all),,,1.0,exact
business_05233,Julius Joseph,MATCH,(all),,,1.0,exact
business_05234,Julius Joseph & Co,FIELD_DIFF,original_address,"Friedrichstr. 38/40, Berlin","Neue Friedrichstr. 38/40, Berlin",0.65,address_differs
business_05235,Julius Josephsohn,MATCH,(all),,,1.0,exact
business_05236,Julius Katten,MATCH,(all),,,1.0,exact
business_05237,Julius Katz,MATCH,(all),,,1.0,exact
business_05238,Julius Kaufmann,MATCH,(all),,,1.0,exact
business_05239,Julius Kaufmann Bankgeschäft,MATCH,(all),,,1.0,exact
business_05240,Julius Keidanski,FIELD_DIFF,original_address,"Burgstr. 25, Berlin","Burgstr. 25 (Börse), Berlin",0.65,address_differs
business_05241,Julius Löwenthal,MATCH,(all),,,1.0,exact
business_05242,Julius M. Bier AG,MATCH,(all),,,1.0,exact
business_05243,Julius M. Bier GmbH in Liqu.,MATCH,(all),,,1.0,exact
business_05244,Julius M. Sachs,MATCH,(all),,,1.0,exact
business_05245,Julius Maier & Co Herrenwäschefabrik,FIELD_DIFF,original_address,"Landsberger Str. 11, Berlin","Landsberger Str. 11, Berlin Landsberger Str. 72, Berlin",0.65,address_differs
business_05246,Julius Manasse,FIELD_DIFF,original_address,"Königstr. 70, Berlin","Neue Königstr. 70, Berlin",0.65,address_differs
business_05247,Julius Mannes,MATCH,(all),,,1.0,exact
business_05248,Julius Marcus,MATCH,(all),,,1.0,exact
business_05249,Julius Marcus Damen-Mäntel-Confection engros-export,MATCH,(all),,,1.0,exact
business_05250,Julius Margoninsky,FIELD_DIFF,original_address,"Alexandrinenstr. 46, Berlin","Alexandrinenstr. 46 und 50, Berlin",0.65,address_differs
business_05251,Julius Markus,MATCH,(all),,,1.0,exact
business_05252,Julius Mayer,MATCH,(all),,,1.0,exact
business_05253,Julius Meyer,MATCH,(all),,,1.0,exact
business_05254,Julius Meyer Handelsvertreter und Kommissionär,MATCH,(all),,,1.0,exact
business_05255,Julius Meyer Kleider,MATCH,(all),,,1.0,exact
business_05256,Julius Michaelis,MATCH,(all),,,1.0,exact
business_05257,Julius Michaelis GmbH,MATCH,(all),,,1.0,exact
business_05258,Julius Moser,MATCH,(all),,,1.0,exact
business_05259,Julius Moser Papier- und Bindfadengroßhandlung,MATCH,(all),,,1.0,exact
business_05260,Julius Nawratzki,FIELD_DIFF,original_address,"( Trade ) Erloschen 1933 Alt-Moabit 82d, Berlin","Alt-Moabit 82d, Berlin",0.65,address_differs
business_05261,Julius Littmann,MATCH,(all),,,1.0,exact
business_05262,Julius Loeb,FIELD_DIFF,original_address,"Kommandantenstr. 5, Berlin","Kommandantenstr. 5a 2, Berlin",0.65,address_differs
business_05263,Julius Loeb Rauchwaren und Pelzkonfektion,MATCH,(all),,,1.0,exact
business_05264,Julius Loewenberg,MATCH,(all),,,1.0,exact
business_05265,Julius Loewenstein,MATCH,(all),,,1.0,exact
business_05266,Julius Loewenstein Vertretung,MATCH,(all),,,1.0,exact
business_05267,Julius Loewenthal,MATCH,(all),,,1.0,exact
business_05268,Julius Lorsch,MATCH,(all),,,1.0,exact
business_05269,Julius Löbenstein,MATCH,(all),,,1.0,exact
business_05270,Julius Löwenhaar Möbel en gros,MATCH,(all),,,1.0,exact
business_05271,Julius Rosenthal Tuchhandlung en gros und Lombardirung von Textilwaren,MATCH,(all),,,1.0,exact
business_05272,Julius Rosenthal jr.,MATCH,(all),,,1.0,exact
business_05273,Julius Rost,MATCH,(all),,,1.0,exact
business_05274,Julius Rothmann,MATCH,(all),,,1.0,exact
business_05275,Julius Sachs,MATCH,(all),,,1.0,exact
business_05276,Julius Sachs & Co,MATCH,(all),,,1.0,exact
business_05277,Julius Sachs junior,MATCH,(all),,,1.0,exact
business_05278,Julius Saenger,MATCH,(all),,,1.0,exact
business_05279,Julius Sand,MATCH,(all),,,1.0,exact
business_05280,Julius Sandmann & Co,MATCH,(all),,,1.0,exact
business_05281,Julius Nelson & Co,MATCH,(all),,,1.0,exact
business_05282,Julius Neumann & Co,MATCH,(all),,,1.0,exact
business_05283,Julius Oppenheimer Agentur und Kommission,MATCH,(all),,,1.0,exact
business_05284,Julius Oswald & Co GmbH,MATCH,(all),,,1.0,exact
business_05285,Julius Peyser,MATCH,(all),,,1.0,exact
business_05286,Julius Pieck,MATCH,(all),,,1.0,exact
business_05287,Julius Pinner,MATCH,(all),,,1.0,exact
business_05288,Julius Prager & Georg Prager,MATCH,(all),,,1.0,exact
business_05289,Julius Prochownick,FIELD_DIFF,original_address,"Grünstr. 27, Berlin","Neue Grünstr. 27, Berlin",0.65,address_differs
business_05290,Julius Püttmann,FIELD_DIFF,original_address,"( Industry ) Eingetragen im Handelsregister/ Gründung 1933 Erloschen 1936 Hauptstr. , Berlin","Hauptstr. , Berlin",0.65,address_differs
business_05291,Julius Rapp,MATCH,(all),,,1.0,exact
business_05292,Julius Rausch,FIELD_DIFF,original_address,"Jakobstr. 24, Berlin","Alte Jakobstr. 24, Berlin",0.65,address_differs
business_05293,Julius Ries AG für Textilunternehmungen,FIELD_DIFF,original_address,"Krausenstr. 25/28, Berlin","Krausenstr. 25/28, Berlin Klosterstr. 64, Berlin",0.65,address_differs
business_05294,Julius Robitschek Agentur u. Commission,MATCH,(all),,,1.0,exact
business_05295,Julius Rose Mehl engros,FIELD_DIFF,original_address,"e Frankfurter Str. 87, Berlin","Große Frankfurter Str. 87, Berlin",0.65,address_differs
business_05296,Julius Rosenbaum,FIELD_DIFF,original_address,"Burgstr. 25, Berlin","Burgstr. 25 (Börse), Berlin",0.65,address_differs
business_05297,Julius Rosenberg,MATCH,(all),,,1.0,exact
business_05298,Julius Rosenstrauch,MATCH,(all),,,1.0,exact
business_05299,Julius Rosenthal,MATCH,(all),,,1.0,exact
business_05300,Julius Rosenthal Geschäftsbücher und Kontorbedarf GmbH,MATCH,(all),,,1.0,exact
business_05301,Julius Schimmel & Co,MATCH,(all),,,1.0,exact
business_05302,Julius Schlesinger,MATCH,(all),,,1.0,exact
business_05303,Julius Scholem,MATCH,(all),,,1.0,exact
business_05304,Julius Schürmann,MATCH,(all),,,1.0,exact
business_05305,Julius Seifer Pelzwarenhaus,MATCH,(all),,,1.0,exact
business_05306,Julius Silberlicht,MATCH,(all),,,1.0,exact
business_05307,Julius Sonnenberg,FIELD_DIFF,original_address,"Burgstr. 25, Berlin","Burgstr. 25 (Börse), Berlin",0.65,address_differs
business_05308,Julius Springer,MATCH,(all),,,1.0,exact
business_05309,Julius Stern,MATCH,(all),,,1.0,exact
business_05310,Julius Strauss,MATCH,(all),,,1.0,exact
business_05311,Julius Wiener Nachf.,MATCH,(all),,,1.0,exact
business_05312,Julius Wiener Nachf. GmbH,MATCH,(all),,,1.0,exact
business_05313,Julius Woyda,MATCH,(all),,,1.0,exact
business_05314,Julius Zehden,MATCH,(all),,,1.0,exact
business_05315,Julius Zielinski,MATCH,(all),,,1.0,exact
business_05316,Julius und Adolf Loewenberg,MATCH,(all),,,1.0,exact
business_05317,Jurmann GmbH,MATCH,(all),,,1.0,exact
business_05318,Justin Lehmann,MATCH,(all),,,1.0,exact
business_05319,Juwelen Leihhaus Rakowski & Scheinholz,MATCH,(all),,,1.0,exact
business_05320,"Juwelen- Gold- Silberwarengeschäft A. Rosenfeld, GmbH",MATCH,(all),,,1.0,exact
business_05321,Julius Strauß Knopfmanufaktur,FIELD_DIFF,original_address,"Jakobstr. 106, Berlin","Alte Jakobstr. 106, Berlin",0.65,address_differs
business_05322,Julius Taucher,MATCH,(all),,,1.0,exact
business_05323,"Julius Treister, Immobilien",MATCH,(all),,,1.0,exact
business_05324,Julius Tuchler,MATCH,(all),,,1.0,exact
business_05325,Julius Victor,FIELD_DIFF,original_address,"( Trade ) Eingetragen im Handelsregister/ Gründung 1912 Erloschen 1938 Potsdamer Str. 39a, Berlin","Potsdamer Str. 39a, Berlin",0.65,address_differs
business_05326,Julius W. Cohn,MATCH,(all),,,1.0,exact
business_05327,Julius W. Fabian,MATCH,(all),,,1.0,exact
business_05328,Julius Wachsberger,MATCH,(all),,,1.0,exact
business_05329,Julius Weigert,MATCH,(all),,,1.0,exact
business_05330,Julius Weizenblüth,MATCH,(all),,,1.0,exact
business_05331,K. Brager & Janowsky,MATCH,(all),,,1.0,exact
business_05332,K. Loebenstein,FIELD_DIFF,original_address,"Saarlandstr., Berlin","Königgrätzer Str. (Saarlandstr.) 75a, Berlin",0.65,address_differs
business_05333,K. Müller & Matheus,FIELD_DIFF,original_address,"Ufer 59, Berlin","Großadmiral-von-Köster-Ufer 59, Berlin",0.65,address_differs
business_05334,K. O. Sylvester & Co GmbH,MATCH,(all),,,1.0,exact
business_05335,"K. Schulz, vormals: W. Finger",MATCH,(all),,,1.0,exact
business_05336,K. V. G. Kleidervertriebsgesellschaft Gebrüder Sklarek,MATCH,(all),,,1.0,exact
business_05337,K. u. P. Kreklow,MATCH,(all),,,1.0,exact
business_05338,Kabaret der Komiker GmbH 'KadeKo',MATCH,(all),,,1.0,exact
business_05339,"Kabra, Handelsgesellschaft für chemische Produkte mbH",MATCH,(all),,,1.0,exact
business_05340,Kaet & Brockwitz,MATCH,(all),,,1.0,exact
business_05341,Juwelen-Handelsgesellschaft Feldmann & Lesnik,MATCH,(all),,,1.0,exact
business_05342,Juwelenhandel Louis Lewin,MATCH,(all),,,1.0,exact
business_05343,Jüdel Laufer,FIELD_DIFF,original_address,"Schönhauserstr. 10, Berlin","Neue Schönhauserstr. 10, Berlin",0.65,address_differs
business_05344,Jüdische Darlehnskasse GmbH,MATCH,(all),,,1.0,exact
business_05345,Jüdische Landarbeit GmbH,MATCH,(all),,,1.0,exact
business_05346,Jüdische Rundschau GmbH,MATCH,(all),,,1.0,exact
business_05347,Jüdische Telegraphen-Agentur GmbH,MATCH,(all),,,1.0,exact
business_05348,Jüdischer Kreditverein für Handel und Gewerbe eGmbH,MATCH,(all),,,1.0,exact
business_05349,Jüdischer Verlag GmbH,MATCH,(all),,,1.0,exact
business_05350,Jülicher Apotheke Paul Mehse,MATCH,(all),,,1.0,exact
business_05351,Kaffee zum Wiener,MATCH,(all),,,1.0,exact
business_05352,Kaffee-Vertrieb Georg Benjamin,MATCH,(all),,,1.0,exact
business_05353,Kahan Vermögensverwaltung GmbH,MATCH,(all),,,1.0,exact
business_05354,Kahn & Kahn GmbH,MATCH,(all),,,1.0,exact
business_05355,"Kahn, Herxheimer & Co",MATCH,(all),,,1.0,exact
business_05356,"Kahn, Weil & Cie",FIELD_DIFF,original_address,"Burgstr. 25, Berlin","Burgstr. 25 (Börse), Berlin",0.65,address_differs
business_05357,Kaiser & Co,MATCH,(all),,,1.0,exact
business_05358,Kaiser & Pachale,MATCH,(all),,,1.0,exact
business_05359,Kaiser Friedrich Apotheke Dr. Ernst Silten,FIELD_DIFF,original_address,"Karlstr. 20, Berlin","Karlstr. 20a, Berlin",0.65,address_differs
business_05360,Kaiserdamm-Bau-AG,MATCH,(all),,,1.0,exact
business_05361,Kalman Weiss,MATCH,(all),,,1.0,exact
business_05362,Kaminski & Leser,MATCH,(all),,,1.0,exact
business_05363,Kamm-Bloch Ella Bloch,MATCH,(all),,,1.0,exact
business_05364,Kammerich-Werke AG,MATCH,(all),,,1.0,exact
business_05365,Kammerjäger Moses,MATCH,(all),,,1.0,exact
business_05366,Kammerjäger Simon,MATCH,(all),,,1.0,exact
business_05367,Kammerjägerei Girrolin,MATCH,(all),,,1.0,exact
business_05368,Kannenberg & Vielhauer GmbH,MATCH,(all),,,1.0,exact
business_05369,Kanold & Grüneberg,MATCH,(all),,,1.0,exact
business_05370,Kant Hotel Emil Schneider,MATCH,(all),,,1.0,exact
business_05371,Kant-Garagenpalast Louis Serlin,MATCH,(all),,,1.0,exact
business_05372,Kant-Möbelhaus Jacob Schapira,MATCH,(all),,,1.0,exact
business_05373,Kanter & Mohr,MATCH,(all),,,1.0,exact
business_05374,"Kaphan, Georg",MATCH,(all),,,1.0,exact
business_05375,Kappler & Co,MATCH,(all),,,1.0,exact
business_05376,"Karfunkelstein, Ernst",MATCH,(all),,,1.0,exact
business_05377,Kargel,MATCH,(all),,,1.0,exact
business_05378,Karl & Co GmbH,MATCH,(all),,,1.0,exact
business_05379,Karl & Josef Kleinmann,MATCH,(all),,,1.0,exact
business_05380,Karl Abrahamowsky,MATCH,(all),,,1.0,exact
business_05381,Kajo-Weinstuben-Betriebe GmbH,MATCH,(all),,,1.0,exact
business_05382,Kakadu-Weinstuben Dagobert Tichauer,MATCH,(all),,,1.0,exact
business_05383,Kakadu-Weinstuben KG Dagobert Tichauer,MATCH,(all),,,1.0,exact
business_05384,"Kalenscher, Heymann",MATCH,(all),,,1.0,exact
business_05385,Kallmann & Falk,MATCH,(all),,,1.0,exact
business_05386,Kallmann & Rosenbaum,MATCH,(all),,,1.0,exact
business_05387,Kallmann & Rosenbaum GmbH,MATCH,(all),,,1.0,exact
business_05388,Kallmann und Co,MATCH,(all),,,1.0,exact
business_05389,Kallmanns süße Ecke Feinste Süßkost Martin Kallmann,MATCH,(all),,,1.0,exact
business_05390,Kalman Cohn,MATCH,(all),,,1.0,exact
business_05391,Karl Blattmann,MATCH,(all),,,1.0,exact
business_05392,Karl Bosse,MATCH,(all),,,1.0,exact
business_05393,Karl Braun Eisen- und Röhrenhandlung,MATCH,(all),,,1.0,exact
business_05394,Karl Cohn,MATCH,(all),,,1.0,exact
business_05395,Karl Dietrich Schreibmaschinen-Automaten,MATCH,(all),,,1.0,exact
business_05396,Karl Eisemann,MATCH,(all),,,1.0,exact
business_05397,Karl Freudenthal,MATCH,(all),,,1.0,exact
business_05398,Karl Glückauf Buchstabenfabrik-Reklamewerkstätte,MATCH,(all),,,1.0,exact
business_05399,Karl Hartmann & Co GmbH,MATCH,(all),,,1.0,exact
business_05400,Karl Heimann Koffer & Lederwaren,MATCH,(all),,,1.0,exact
business_05401,Karl Herzberg & Co,MATCH,(all),,,1.0,exact
business_05402,Karl Herzog,MATCH,(all),,,1.0,exact
business_05403,Karl Hornung,MATCH,(all),,,1.0,exact
business_05404,Karl Kutschera,MATCH,(all),,,1.0,exact
business_05405,Karl Köhler & Co Literarischer Verlag,MATCH,(all),,,1.0,exact
business_05406,Karl Lewinnek,MATCH,(all),,,1.0,exact
business_05407,Karl Loewensohn,MATCH,(all),,,1.0,exact
business_05408,Karl Presch,MATCH,(all),,,1.0,exact
business_05409,Karl Presch junior,MATCH,(all),,,1.0,exact
business_05410,Karl Reinke,MATCH,(all),,,1.0,exact
business_05411,Karl Ruben Elektrische Neuheiten GmbH,MATCH,(all),,,1.0,exact
business_05412,Karl Samuelsdorff,MATCH,(all),,,1.0,exact
business_05413,Karl Silberstein,FIELD_DIFF,original_address,"Burgstr. 25, Berlin","Burgstr. 25 (Börse), Berlin",0.65,address_differs
business_05414,Karl Wahaschaff,MATCH,(all),,,1.0,exact
business_05415,Karl Weisel,MATCH,(all),,,1.0,exact
business_05416,Karl Weiß,MATCH,(all),,,1.0,exact
business_05417,Karlsbader Mineralwasserversendung Löbel Schottländer Vertriebsgesellschaft mbH,MATCH,(all),,,1.0,exact
business_05418,Karos Karl Rosenthal,MATCH,(all),,,1.0,exact
business_05419,Karplus & Herzberger,MATCH,(all),,,1.0,exact
business_05420,Kartro-AG,MATCH,(all),,,1.0,exact
business_05421,Kasper & Isaacsohn,MATCH,(all),,,1.0,exact
business_05422,Katakombe Kabarett GmbH,MATCH,(all),,,1.0,exact
business_05423,Katz & Goldstein Berliner Kredit & Versand Gesellschaft Kagol,MATCH,(all),,,1.0,exact
business_05424,"Katz, Regina geb. Hirsch",MATCH,(all),,,1.0,exact
business_05425,Katzenstein & Co,MATCH,(all),,,1.0,exact
business_05426,Kaufhaus Adolf Ehrlich,MATCH,(all),,,1.0,exact
business_05427,Kaufhaus Arthur Rosendorff,MATCH,(all),,,1.0,exact
business_05428,Kaufhaus Felix Richter GmbH,MATCH,(all),,,1.0,exact
business_05429,Kaufhaus Felix Richter KG,MATCH,(all),,,1.0,exact
business_05430,Kaufhaus Friedenau Oskar Goldstein,MATCH,(all),,,1.0,exact
business_05431,Kaufhaus Gebrüder Leyser,MATCH,(all),,,1.0,exact
business_05432,Kaufhaus Glückshof Sally Levy,MATCH,(all),,,1.0,exact
business_05433,Kaufhaus Hermann Bry,MATCH,(all),,,1.0,exact
business_05434,Kaufhaus Hermann Herzog,FIELD_DIFF,original_address,"( Trade ) Eingetragen im Handelsregister/ Gründung 1907 Erloschen 1939 Irmhildstraße , Berlin","Irmhildstraße , Berlin",0.65,address_differs
business_05435,Kaufhaus Lamm GmbH,MATCH,(all),,,1.0,exact
business_05436,Kaufhaus Leo Bry,MATCH,(all),,,1.0,exact
business_05437,Kaufhaus Leo Meyer,MATCH,(all),,,1.0,exact
business_05438,Kaufhaus M. Feidt Nachflg.,MATCH,(all),,,1.0,exact
business_05439,Kaufhaus Modern Willi Schlein,FIELD_DIFF,original_address,"e Frankfurter Str. 101, Berlin","Große Frankfurter Str. 101, Berlin",0.65,address_differs
business_05440,Kaufhaus Moritz Feidt,MATCH,(all),,,1.0,exact
business_05441,Kaufhaus Moritz Unger,MATCH,(all),,,1.0,exact
business_05442,Kaufhaus Moses Wolfenstein,MATCH,(all),,,1.0,exact
business_05443,Kaufhaus Paul Held Nachf. GmbH,MATCH,(all),,,1.0,exact
business_05444,Kaufhaus Robert Schmidt,MATCH,(all),,,1.0,exact
business_05445,Kaufhaus Südende Leopold Jontofsohn,MATCH,(all),,,1.0,exact
business_05446,Kaufhaus Tegel Heinrich Tannenzapf,MATCH,(all),,,1.0,exact
business_05447,Kaufhaus Theodor Kirschbaum,MATCH,(all),,,1.0,exact
business_05448,Kaufhaus Wrangelstraße GmbH,MATCH,(all),,,1.0,exact
business_05449,Kaufhaus des Westens GmbH,MATCH,(all),,,1.0,exact
business_05450,Kaufmann & Co,MATCH,(all),,,1.0,exact
business_05451,Keller & Furch,MATCH,(all),,,1.0,exact
business_05452,Keller & Reiner GmbH,MATCH,(all),,,1.0,exact
business_05453,Kempinski Export und Hotel GmbH,MATCH,(all),,,1.0,exact
business_05454,Keramos Gesellschaft für Bau- und Industriebedarf mbH,MATCH,(all),,,1.0,exact
business_05455,"Keren. Tora Wa Awoda f. Deutschland, Fonds der religiös-zionistischen Jugend",MATCH,(all),,,1.0,exact
business_05456,Kersten & Tuteur,MATCH,(all),,,1.0,exact
business_05457,Kettler & Jehle,MATCH,(all),,,1.0,exact
business_05458,Kgl. Priv. Löwen-Apotheke Dr. Wilhelm Silberstein,MATCH,(all),,,1.0,exact
business_05459,Kgl. Priv. Löwen-Apotheke und Homöopath. Central-Apotheke Adolf Fraenkel,MATCH,(all),,,1.0,exact
business_05460,Kiefe & Huller,MATCH,(all),,,1.0,exact
business_05461,Kaufmann & Goldschmidt,MATCH,(all),,,1.0,exact
business_05462,Kaufmann & Meyer,MATCH,(all),,,1.0,exact
business_05463,Kaufmann & Wolffenstein,MATCH,(all),,,1.0,exact
business_05464,Kaulsdorfer Parzellierungsgesellschaft mbH,MATCH,(all),,,1.0,exact
business_05465,Kaumheimer & Aal,MATCH,(all),,,1.0,exact
business_05466,Kavalier-Klub Hugo Samuel,MATCH,(all),,,1.0,exact
business_05467,Kawe Wellpappenfabrik Karl Welzel & Co GmbH,MATCH,(all),,,1.0,exact
business_05468,Keiser & Schmidt,MATCH,(all),,,1.0,exact
business_05469,Keitelmann Hermann,MATCH,(all),,,1.0,exact
business_05470,Keks-Fabrik Wilhelm Oppenheim,MATCH,(all),,,1.0,exact
business_05471,"Kimelman & Schmidt, Ingenieure",MATCH,(all),,,1.0,exact
business_05472,Kinematographie Jacob Schatzow,MATCH,(all),,,1.0,exact
business_05473,Kingsway Werkzeugmaschinen GmbH,FIELD_DIFF,original_address,"( Trade ) Eingetragen im Handelsregister/ Gründung 1937 Erloschen 1939 Keine Angabe , Berlin","Keine Angabe , Berlin",0.65,address_differs
business_05474,"Kino GmbH, Tegel-Berlin",MATCH,(all),,,1.0,exact
business_05475,Kino am Heinrichplatz Alfred Löwenthal,MATCH,(all),,,1.0,exact
business_05476,Kino für Jedermann GmbH,MATCH,(all),,,1.0,exact
business_05477,Kirchstein,MATCH,(all),,,1.0,exact
business_05478,Kiriacarbon Sigmund R. Kiriasefer,MATCH,(all),,,1.0,exact
business_05479,Kirschstein & Blumenfeld,MATCH,(all),,,1.0,exact
business_05480,Kirschstein & Michaelis,MATCH,(all),,,1.0,exact
business_05481,Klaus Ascher,MATCH,(all),,,1.0,exact
business_05482,Klebverschluß-Gesellschaft Herzheim & Co KG,MATCH,(all),,,1.0,exact
business_05483,Kleiderkammer der Jüd. Reformgem. Berlin,MATCH,(all),,,1.0,exact
business_05484,Kleiderstoffe Espe GmbH,MATCH,(all),,,1.0,exact
business_05485,Klein & Bornstein,MATCH,(all),,,1.0,exact
business_05486,Klein & Cie,MATCH,(all),,,1.0,exact
business_05487,Klein & Fessel,FIELD_DIFF,original_address,"enburger Str. 11, Berlin","Weißenburger Str. 11, Berlin",0.65,address_differs
business_05488,Klein & Hodin Säcke Fabrikation und Großhandlung,MATCH,(all),,,1.0,exact
business_05489,Klein & Leiter,FIELD_DIFF,original_address,"Markgrafenstr. 50, Berlin","Markgrafenstr. 50IV, Berlin",0.65,address_differs
business_05490,Klein-Bestener Kieswerke GmbH,MATCH,(all),,,1.0,exact
business_05491,Kleinmann & Wolff,MATCH,(all),,,1.0,exact
business_05492,Kleinpreis GmbH,MATCH,(all),,,1.0,exact
business_05493,"Kleist, Molly",MATCH,(all),,,1.0,exact
business_05494,Kleist-Drogerie Oskar Schmaltz,MATCH,(all),,,1.0,exact
business_05495,Kleist-Papierhandlung,MATCH,(all),,,1.0,exact
business_05496,Kleyer & Hirschfeld,MATCH,(all),,,1.0,exact
business_05497,Klibanow,MATCH,(all),,,1.0,exact
business_05498,"Klopfer & Langer, Inh. Wilhelm Klopfer",MATCH,(all),,,1.0,exact
business_05499,Kloster-Apotheke Signe Ohnstein,MATCH,(all),,,1.0,exact
business_05500,Klugmann & Co,MATCH,(all),,,1.0,exact
business_05501,Kiwan Weizenblut,MATCH,(all),,,1.0,exact
business_05502,"Kiwe Windholz, Mech. Herren-Kleiderfabrik",MATCH,(all),,,1.0,exact
business_05503,Klapper & Co GmbH,MATCH,(all),,,1.0,exact
business_05504,"Klapper, Wäschefabrik",MATCH,(all),,,1.0,exact
business_05505,Klara Andermann,MATCH,(all),,,1.0,exact
business_05506,Klara Löwenthal,MATCH,(all),,,1.0,exact
business_05507,Klara Polnauer,MATCH,(all),,,1.0,exact
business_05508,Klasko Pelzmoden GmbH,MATCH,(all),,,1.0,exact
business_05509,Klasse-Kleidung GmbH (K.K.),FIELD_DIFF,original_address,"Müllerstr. 70, Berlin","Müllerstr. 70a, Berlin",0.65,address_differs
business_05510,Klaus & Co,FIELD_DIFF,original_address,"Roßstr. 18, Berlin","Neue Roßstr. 18, Berlin",0.65,address_differs
business_05511,Klute und Füting,MATCH,(all),,,1.0,exact
business_05512,Knauth & Co,MATCH,(all),,,1.0,exact
business_05513,Knize & Comp,FIELD_DIFF,original_address,"Wilhelmstr. 9/11, Berlin","Neue Wilhelmstr. 9/11, Berlin",0.65,address_differs
business_05514,"Knoller, Jakob",MATCH,(all),,,1.0,exact
business_05515,"Knopp, Arnold",MATCH,(all),,,1.0,exact
business_05516,Kobro Webwaren Kost & Brown,MATCH,(all),,,1.0,exact
business_05517,Kohlenhof GmbH,MATCH,(all),,,1.0,exact
business_05518,Kohn & Dreyfuß,MATCH,(all),,,1.0,exact
business_05519,"Kohn, Kurt",MATCH,(all),,,1.0,exact
business_05520,"Koken, Alice geb. Krohn",MATCH,(all),,,1.0,exact
business_05521,Konfektion u. Schuhwaren Frieda Löwenthal,MATCH,(all),,,1.0,exact
business_05522,Konfiserie 'Kino-Wittelsbach',MATCH,(all),,,1.0,exact
business_05523,Konrad Messerschmidt,MATCH,(all),,,1.0,exact
business_05524,Konrad Portner,MATCH,(all),,,1.0,exact
business_05525,Konrad Wang,MATCH,(all),,,1.0,exact
business_05526,Konstantinowsky & Just,MATCH,(all),,,1.0,exact
business_05527,Kontorbedarf GmbH,MATCH,(all),,,1.0,exact
business_05528,Kopp & Joseph,MATCH,(all),,,1.0,exact
business_05529,Koppel & Bäcker GmbH,MATCH,(all),,,1.0,exact
business_05530,Koppel & Co Bankgeschäft,MATCH,(all),,,1.0,exact
business_05531,Koller & Co GmbH,MATCH,(all),,,1.0,exact
business_05532,Komet-Meyer Ing. Richard Meyer,MATCH,(all),,,1.0,exact
business_05533,Kommandanten-Apotheke E. Taeschner,MATCH,(all),,,1.0,exact
business_05534,Kommissionsgesellschaft William Cohn & Co,MATCH,(all),,,1.0,exact
business_05535,Kommissionswaren-Vertriebs-GmbH,MATCH,(all),,,1.0,exact
business_05536,Konditorei Adler am Wittenbergplatz Sigmund Adler,MATCH,(all),,,1.0,exact
business_05537,Konditorei G. Albrecht,MATCH,(all),,,1.0,exact
business_05538,Konditorei Hansa GmbH,MATCH,(all),,,1.0,exact
business_05539,Konditorei Postel,MATCH,(all),,,1.0,exact
business_05540,Konfektion Erich Friedeberger,MATCH,(all),,,1.0,exact
business_05541,"Koppel, Edith",MATCH,(all),,,1.0,exact
business_05542,"Koppel, Josef Erich",MATCH,(all),,,1.0,exact
business_05543,"Koppel, Max",MATCH,(all),,,1.0,exact
business_05544,Korngold u. Pienkny Schürzenfabrikation,MATCH,(all),,,1.0,exact
business_05545,Korsetthaus Eva Bernstein,MATCH,(all),,,1.0,exact
business_05546,Korsettsalon Ilen,MATCH,(all),,,1.0,exact
business_05547,Kosmagros Großhandlung für kosmetischen und Parfümerie-Bedarf Inhaber Boris Charogorodski,MATCH,(all),,,1.0,exact
business_05548,Kosmetikschule Wilner,MATCH,(all),,,1.0,exact
business_05549,Kosmos Gesellschaft für internationalen Austausch industrieller Erfahrungen mbH,MATCH,(all),,,1.0,exact
business_05550,Kosmos Realitäten und Verwaltungs-AG,MATCH,(all),,,1.0,exact
business_05551,Kosmos-Betriebe GmbH,FIELD_DIFF,original_address,"e Präsidenten Str. 3, Berlin","Große Präsidenten Str. 3, Berlin",0.65,address_differs
business_05552,Kota-Lederwaren,MATCH,(all),,,1.0,exact
business_05553,"Krafag, Kraftfahrzeug-Finanzierungs-GmbH",MATCH,(all),,,1.0,exact
business_05554,Kraft & Lewin,MATCH,(all),,,1.0,exact
business_05555,Kraft & Lewin Nachfolger KG,MATCH,(all),,,1.0,exact
business_05556,"Kraft, Leo",MATCH,(all),,,1.0,exact
business_05557,Krakau & Hesse,FIELD_DIFF,original_address,"( Trade ) Eingetragen im Handelsregister/ Gründung 1869 Erloschen 1939 Am Kupfergraben 4a, Berlin","Am Kupfergraben 4a, Berlin",0.65,address_differs
business_05558,"Kramer, Auguste, geb. Pannwitz",MATCH,(all),,,1.0,exact
business_05559,Krankenversicherungsschutz GmbH,MATCH,(all),,,1.0,exact
business_05560,Krappek & Rothschild,MATCH,(all),,,1.0,exact
business_05561,Kratz & Co,MATCH,(all),,,1.0,exact
business_05562,"Krawatten-Union Rewald & Greiffenhagen, Berenhaut & Anker KG",FIELD_DIFF,original_address,"Friedrichstr. 38/40, Berlin","Neue Friedrichstr. 38/40, Berlin",0.65,address_differs
business_05563,Krebs & Co GmbH,MATCH,(all),,,1.0,exact
business_05564,"Krebs, Stickerei",MATCH,(all),,,1.0,exact
business_05565,Kredithaus Anders Moses Lautmann,MATCH,(all),,,1.0,exact
business_05566,"Kreisel, Siegesmund",MATCH,(all),,,1.0,exact
business_05567,Kreml Tee GmbH,MATCH,(all),,,1.0,exact
business_05568,Krepp-Papier-Fabrik Moritz Nelken,MATCH,(all),,,1.0,exact
business_05569,Krifa-Versandbücherei Richard Mannheim,MATCH,(all),,,1.0,exact
business_05570,"Kripke, Dr. Speier & Co",FIELD_DIFF,original_address,"Admiralstr. 18, Berlin","Admiralstr. 18e, Berlin",0.65,address_differs
business_05571,Kristall-Haus Leo Gluskinos,MATCH,(all),,,1.0,exact
business_05572,"Kroch, Josef",MATCH,(all),,,1.0,exact
business_05573,Krohn & Unger,MATCH,(all),,,1.0,exact
business_05574,Kronen-Apotheke - Homöopathische Zentral-Apotheke Inhaber Fritz Freuthal,MATCH,(all),,,1.0,exact
business_05575,Kronen-Apotheke Max Thiele,MATCH,(all),,,1.0,exact
business_05576,Kronen-Drogerie Apotheker Caspar Flüs,MATCH,(all),,,1.0,exact
business_05577,Kronenburg Hausverwaltungs und Grunderwerbsaktiengesellschaft,FIELD_DIFF,original_address,"Geisbergstr. 27, Berlin","Geisbergstr. 27, b/Rother, Berlin",0.65,address_differs
business_05578,Kroner & Co,MATCH,(all),,,1.0,exact
business_05579,Kronheim & Lehr,MATCH,(all),,,1.0,exact
business_05580,Krucz & Zöllner,MATCH,(all),,,1.0,exact
business_05581,Kruse Madsen,MATCH,(all),,,1.0,exact
business_05582,"Krämer, Clara",MATCH,(all),,,1.0,exact
business_05583,Krüger & Strauß,MATCH,(all),,,1.0,exact
business_05584,Ksana Sophie Kagan,MATCH,(all),,,1.0,exact
business_05585,Kuchen-und Keksbäckerei Bergmann,MATCH,(all),,,1.0,exact
business_05586,Kugel & Messinger,MATCH,(all),,,1.0,exact
business_05587,"Kukuk, Lichtspielhaus, GmbH",MATCH,(all),,,1.0,exact
business_05588,Kullak & Levy,MATCH,(all),,,1.0,exact
business_05589,Kunstanstalt Sally Voremberg,MATCH,(all),,,1.0,exact
business_05590,Kunstgewerbehaus Kaiserdamm,MATCH,(all),,,1.0,exact
business_05591,Kunstgewerbliche Industrie GmbH,MATCH,(all),,,1.0,exact
business_05592,Kunstharz-Presserei Carl Germer,MATCH,(all),,,1.0,exact
business_05593,"Kunstmöbel-Werkstätten Max Lewy, Architekt",MATCH,(all),,,1.0,exact
business_05594,Kunststoff GmbH,MATCH,(all),,,1.0,exact
business_05595,Kunstverlag David Loeser,MATCH,(all),,,1.0,exact
business_05596,Kuntze & Teicher,MATCH,(all),,,1.0,exact
business_05597,Kunze & Fröhlich GmbH,MATCH,(all),,,1.0,exact
business_05598,Kupfer-Import-GmbH,MATCH,(all),,,1.0,exact
business_05599,Kupferberg & Pinkus,MATCH,(all),,,1.0,exact
business_05600,Kurfürsten-Apotheke B. Liebenthal,MATCH,(all),,,1.0,exact
business_05601,Kurfürstendamm Apotheke Emil Ziegelitz,MATCH,(all),,,1.0,exact
business_05602,Kurfürsteneck,MATCH,(all),,,1.0,exact
business_05603,Kurhaus Cladow Karl Kutschera,FIELD_DIFF,original_address,"( Services ) Eingetragen im Handelsregister/ Gründung 1924 Erloschen 1937 Kirchweg , Berlin","Kirchweg , Berlin",0.65,address_differs
business_05604,Kurniker & Co Groß Berliner Glas- und Messing-Putzanstalt Reform,MATCH,(all),,,1.0,exact
business_05605,Kurt Adler,MATCH,(all),,,1.0,exact
business_05606,"Kurt Albert Schmidt, Metallhandelsgesellschaft mbH",MATCH,(all),,,1.0,exact
business_05607,Kurt Ansbach,MATCH,(all),,,1.0,exact
business_05608,Kurt Aronheim,MATCH,(all),,,1.0,exact
business_05609,Kurt Asch,MATCH,(all),,,1.0,exact
business_05610,Kurt Baendel,MATCH,(all),,,1.0,exact_ambiguous_2
business_05611,Kurt Gerechter,MATCH,(all),,,1.0,exact
business_05612,Kurt Goldschmidt,FIELD_DIFF,original_address,"Burgstr. 25, Berlin","Burgstr. 25 (Börse), Berlin",0.65,address_differs
business_05613,Kurt Gottschalk,MATCH,(all),,,1.0,exact
business_05614,Kurt Grischkat,FIELD_DIFF,original_address,"( Industry ) Eingetragen im Handelsregister/ Gründung 1936 Hindenburgdamm 137 (lt. 30), Berlin","Hindenburgdamm 137 (lt. 30), Berlin",0.65,address_differs
business_05615,Kurt Gruber,MATCH,(all),,,1.0,exact
business_05616,Kurt Grünberg Bauausführungen GmbH,FIELD_DIFF,original_address,"Präsidentenstr. 3, Berlin","Große Präsidentenstr. 3, Berlin",0.65,address_differs
business_05617,Kurt Gumpert,MATCH,(all),,,1.0,exact
business_05618,Kurt Hahn,MATCH,(all),,,1.0,exact
business_05619,Kurt Halpert Kartoffelgroßhandlung,MATCH,(all),,,1.0,exact
business_05620,Kurt Happek,MATCH,(all),,,1.0,exact
business_05621,Kurt Haurwitz,MATCH,(all),,,1.0,exact
business_05622,Kurt Helmrich & Co,MATCH,(all),,,1.0,exact
business_05623,Kurt Herzog,MATCH,(all),,,1.0,exact
business_05624,Kurt Kaminsky Getreide- und Mehlagentur,MATCH,(all),,,1.0,exact
business_05625,Kurt Lachs,MATCH,(all),,,1.0,exact
business_05626,Kurt Landsberger,MATCH,(all),,,1.0,exact
business_05627,Kurt Levy,MATCH,(all),,,1.0,exact
business_05628,Kurt Lewinsohn & Co,MATCH,(all),,,1.0,exact
business_05629,Kurt Lewkowicz,MATCH,(all),,,1.0,exact
business_05630,Kurt Lindemann-Juwelier,MATCH,(all),,,1.0,exact
business_05631,Kurt Baendel,MATCH,(all),,,1.0,exact_ambiguous_2
business_05632,Kurt Beerwald,MATCH,(all),,,1.0,exact
business_05633,Kurt Bieber,MATCH,(all),,,1.0,exact
business_05634,Kurt Brauer,MATCH,(all),,,1.0,exact
business_05635,Kurt Bütow,MATCH,(all),,,1.0,exact
business_05636,Kurt Cohn,MATCH,(all),,,1.0,exact
business_05637,Kurt Dreeßen,MATCH,(all),,,1.0,exact
business_05638,Kurt Fiebach,MATCH,(all),,,1.0,exact
business_05639,Kurt Fuchs Trinkhalmfabrik Furor,MATCH,(all),,,1.0,exact
business_05640,Kurt Gehr,MATCH,(all),,,1.0,exact
business_05641,Kurtisa Mäntel Kurt Isaksohn,MATCH,(all),,,1.0,exact
business_05642,"Kurz, Siegbert",MATCH,(all),,,1.0,exact
business_05643,Kurze & Co Nachfolger,MATCH,(all),,,1.0,exact
business_05644,Kurzwaren-Großhandlung Walter Levy,MATCH,(all),,,1.0,exact
business_05645,"Kuttner, Erich",MATCH,(all),,,1.0,exact
business_05646,Käte Feilchenfeld,MATCH,(all),,,1.0,exact
business_05647,Käte Helmig,MATCH,(all),,,1.0,exact
business_05648,Käte Kovács,MATCH,(all),,,1.0,exact
business_05649,"Kätscher, Krause & Co",MATCH,(all),,,1.0,exact
business_05650,"König, Loeb & Co",MATCH,(all),,,1.0,exact
business_05651,Kurt Lipman-Wulf,MATCH,(all),,,1.0,exact
business_05652,Kurt Lisser Reklame,MATCH,(all),,,1.0,exact
business_05653,Kurt Loewenstein,MATCH,(all),,,1.0,exact
business_05654,"Kurt Löwenstein, Schuhhaus, später Schuhhaus Schulz, danach Schuhhaus Schulz Nachf.",MATCH,(all),,,1.0,exact
business_05655,Kurt Marcus,MATCH,(all),,,1.0,exact
business_05656,Kurt Marcuse,MATCH,(all),,,1.0,exact
business_05657,Kurt Mosler,MATCH,(all),,,1.0,exact
business_05658,Kurt Neuwahl,MATCH,(all),,,1.0,exact
business_05659,"Kurt Pinner, Vertreter der Firma Pototzky & Co",MATCH,(all),,,1.0,exact
business_05660,Kurt Prochownick,MATCH,(all),,,1.0,exact
business_05661,Kurt Ruppin,MATCH,(all),,,1.0,exact
business_05662,Kurt Saalfeld,MATCH,(all),,,1.0,exact
business_05663,Kurt Schenkolewski,MATCH,(all),,,1.0,exact
business_05664,Kurt Seldis,MATCH,(all),,,1.0,exact
business_05665,Kurt Stephan Autofuhrwesen,MATCH,(all),,,1.0,exact
business_05666,Kurt Strauß,MATCH,(all),,,1.0,exact
business_05667,Kurt Wedell Radiogroßhandlung,MATCH,(all),,,1.0,exact
business_05668,Kurt Windmüller,MATCH,(all),,,1.0,exact
business_05669,Kurt Zempelburg,MATCH,(all),,,1.0,exact
business_05670,Kurt Zoozmann Kursmakler,FIELD_DIFF,original_address,"Wolfgangstr. 2, Berlin","St. Wolfgangstr. 2, Berlin",0.65,address_differs
business_05671,Küchen-Himmel Joseph Himmel,MATCH,(all),,,1.0,exact
business_05672,Kühlhallen-Kraftwerk GmbH,FIELD_DIFF,original_address,"Friedrichstr. 23, Berlin","Neue Friedrichstr. 23, Berlin",0.65,address_differs
business_05673,Kürschnerei Braumark,MATCH,(all),,,1.0,exact
business_05674,L. & A. Wolffgang,MATCH,(all),,,1.0,exact
business_05675,L. & J. Gundermann,MATCH,(all),,,1.0,exact
business_05676,L. & J. Seligsohn,MATCH,(all),,,1.0,exact
business_05677,L. & W. Warschauer,MATCH,(all),,,1.0,exact
business_05678,L. A. V. Latein-Amerikanischer Verlag GmbH,MATCH,(all),,,1.0,exact
business_05679,L. Casper,MATCH,(all),,,1.0,exact
business_05680,L. Cohn,MATCH,(all),,,1.0,exact
business_05681,Königin Luise Apotheke Dr. phil. Carl Valentin Stroever Inhaber Kurt Altmann,MATCH,(all),,,1.0,exact
business_05682,Königl. Privileg. Elefanten-Apotheke Dr. Richard Hoffbauer,MATCH,(all),,,1.0,exact
business_05683,Königlich 1740 priv. Apotheke zum schwarzen Adler Alfred Kary,FIELD_DIFF,original_address,"Roßstr. 21, Berlin","Neue Roßstr. 21, Berlin",0.65,address_differs
business_05684,"Königlich Privilegierte Berlinische Zeitung von Staats- und gelehrten Sachen, Vossische Zeitung. Im Verlage Vossischer Erben GmbH",FIELD_DIFF,original_address,"Berlinische Zeitung von Staats- und gelehrten Sachen, Vossische Zeitung. Im Verlage Vossischer Erben GmbH Königlich Privilegierte Berlinische Zeitung von Staats- und gelehrten Sachen","Keine Angabe , Berlin",0.65,address_differs
business_05685,Königliche priv. Adlerapotheke Otto Doehl Nachf. Inhaber Apotheker Julius Siegmann,MATCH,(all),,,1.0,exact
business_05686,Königsberger & Co,MATCH,(all),,,1.0,exact
business_05687,Königsberger & Lichtenhein,MATCH,(all),,,1.0,exact
business_05688,Königsfeld & Co GmbH,MATCH,(all),,,1.0,exact
business_05689,Königshof Grundstückserwerbs- und Verwertungs-GmbH,MATCH,(all),,,1.0,exact
business_05690,Köstra Grunderwerbsaktiengesellschaft,FIELD_DIFF,original_address,"Geisbergstr. 27, Berlin","Geisbergstr. 27 b/Rother, Berlin",0.65,address_differs
business_05691,L. Cohn & Co,MATCH,(all),,,1.0,exact
business_05692,L. Deßin,MATCH,(all),,,1.0,exact
business_05693,L. Elsbach & v. Nordheim,MATCH,(all),,,1.0,exact
business_05694,L. Ettisch,MATCH,(all),,,1.0,exact
business_05695,L. Goldberg,MATCH,(all),,,1.0,exact
business_05696,L. Goldschmidt & Co,MATCH,(all),,,1.0,exact
business_05697,L. H. Markwald,MATCH,(all),,,1.0,exact
business_05698,L. Hahn,MATCH,(all),,,1.0,exact
business_05699,L. Haurwitz & Co. GmbH,MATCH,(all),,,1.0,exact
business_05700,L. Hermann Judey,MATCH,(all),,,1.0,exact
business_05701,L. Herold GmbH,MATCH,(all),,,1.0,exact
business_05702,L. Hirschberg,MATCH,(all),,,1.0,exact
business_05703,L. J. Joachimsthal GmbH,FIELD_DIFF,original_address,"Kirchstr. 3, Berlin","Neustädtische Kirchstr. 3, Berlin",0.65,address_differs
business_05704,L. Katz u. Cie,FIELD_DIFF,original_address,"Königstr. 62, Berlin","Königstr. 62 b, Berlin",0.65,address_differs
business_05705,L. Kaufmann,MATCH,(all),,,1.0,exact
business_05706,L. Lehmann,FIELD_DIFF,original_address,"Burgstr. 25, Berlin","Burgstr. 25 (Börse), Berlin",0.65,address_differs
business_05707,L. Levy,MATCH,(all),,,1.0,exact
business_05708,L. Lubitz-W.Hartmann,MATCH,(all),,,1.0,exact
business_05709,L. Löwenstein,MATCH,(all),,,1.0,exact
business_05710,L. Mayer & Ehrlich,MATCH,(all),,,1.0,exact
business_05711,L. Messer,FIELD_DIFF,original_address,"Königstr. 80, Berlin","Neue Königstr. 80a, Berlin",0.65,address_differs
business_05712,L. Meyer jr.,MATCH,(all),,,1.0,exact
business_05713,L. Moses Fabrik für Gas- Wasser- u. Heizungs-Anlagen,MATCH,(all),,,1.0,exact
business_05714,L. Nagoschiner,MATCH,(all),,,1.0,exact
business_05715,L. Neustadt,MATCH,(all),,,1.0,exact
business_05716,L. Pakuscher,MATCH,(all),,,1.0,exact
business_05717,L. Philipp & Co,MATCH,(all),,,1.0,exact
business_05718,L. Reimann,MATCH,(all),,,1.0,exact
business_05719,L. Rindsunski,MATCH,(all),,,1.0,exact
business_05720,L. Rosenbach & Sohn,MATCH,(all),,,1.0,exact
business_05721,L. W. Schneider & Co,MATCH,(all),,,1.0,exact
business_05722,L. Wittenberg,MATCH,(all),,,1.0,exact
business_05723,"L. Wolffberg, vormals Louis Hain",MATCH,(all),,,1.0,exact
business_05724,L. Zippert,FIELD_DIFF,original_address,"Burgstr. 25, Berlin","Burgstr. 25 (Börse), Berlin",0.65,address_differs
business_05725,"L. Zobel, Foto-Fix",MATCH,(all),,,1.0,exact
business_05726,La Florida,MATCH,(all),,,1.0,exact
business_05727,La Reine d'Angleterre Pelzmoden GmbH,MATCH,(all),,,1.0,exact
business_05728,"Laband, Stiehl & Co",MATCH,(all),,,1.0,exact
business_05729,Labopharma Dr. Laboschin GmbH,MATCH,(all),,,1.0,exact
business_05730,Laboratorium Champion,MATCH,(all),,,1.0,exact
business_05731,L. S. Hirsch,MATCH,(all),,,1.0,exact
business_05732,L. S. Rothschild,MATCH,(all),,,1.0,exact
business_05733,L. Saul,MATCH,(all),,,1.0,exact
business_05734,L. Schlochauer & Co,MATCH,(all),,,1.0,exact
business_05735,L. Schottlaender & Co GmbH,FIELD_DIFF,original_address,"Krausenstr. 35, Berlin","Krausenstr. 35/ 36, Berlin",0.65,address_differs
business_05736,L. Senger,MATCH,(all),,,1.0,exact
business_05737,L. Silbermann & Cie.,MATCH,(all),,,1.0,exact
business_05738,L. Sonntag ( weibl.),MATCH,(all),,,1.0,exact
business_05739,L. Thorner,MATCH,(all),,,1.0,exact
business_05740,L. Tockan,MATCH,(all),,,1.0,exact
business_05741,Laboratorium Dr. Rossert GmbH,MATCH,(all),,,1.0,exact
business_05742,Laboratorium Reumella Adolf Boas,MATCH,(all),,,1.0,exact
business_05743,Laboratorium für Zahnprothese GmbH,MATCH,(all),,,1.0,exact
business_05744,Lachmann & Co,MATCH,(all),,,1.0,exact
business_05745,Lachmann & Meyer,MATCH,(all),,,1.0,exact
business_05746,Lachmann & Pincus,MATCH,(all),,,1.0,exact
business_05747,"Lachmann, Jungnickel & Co GmbH",MATCH,(all),,,1.0,exact
business_05748,Lacteol Dr. Boucard GmbH,MATCH,(all),,,1.0,exact
business_05749,Ladenbau Emil Heinicke AG GmbH,MATCH,(all),,,1.0,exact
business_05750,Ladenbau-GmbH,MATCH,(all),,,1.0,exact
business_05751,Lange & Wüstenhagen,MATCH,(all),,,1.0,exact
business_05752,"Langer, Hellmuth",MATCH,(all),,,1.0,exact
business_05753,"Langweil, Richard",MATCH,(all),,,1.0,exact
business_05754,Lapis AG für Baustoffhandel,MATCH,(all),,,1.0,exact
business_05755,Lasar Gottlieb,MATCH,(all),,,1.0,exact
business_05756,Laskau & Brandler,MATCH,(all),,,1.0,exact
business_05757,Lasker & Rynarzewski,MATCH,(all),,,1.0,exact
business_05758,Lauenburger Fleischzentrale,MATCH,(all),,,1.0,exact
business_05759,Laupenmühlen & Co,FIELD_DIFF,original_address,"Kirchstr. 15, Berlin","Neustädtische Kirchstr. 15, Berlin",0.65,address_differs
business_05760,"Laurisch, Baugesellschaft mbH",MATCH,(all),,,1.0,exact
business_05761,Lax & Löwenstein,FIELD_DIFF,original_address,"Friedrichstr. 38/40, Berlin","Neue Friedrichstr. 38/40, Berlin",0.65,address_differs
business_05762,"Lax, Herzberg & Co",FIELD_DIFF,original_address,"Friedrichstr. 38/40, Berlin","Neue Friedrichstr. 38/40, Berlin",0.65,address_differs
business_05763,Lazard-Speyer-Elissen KGaA Niederlassung Berlin,MATCH,(all),,,1.0,exact
business_05764,Lazarus Posen Wwe.,MATCH,(all),,,1.0,exact
business_05765,Lebach & Co,MATCH,(all),,,1.0,exact
business_05766,Lebeg Hundekuchenfabrik GmbH,MATCH,(all),,,1.0,exact
business_05767,Lebensmittel-Engros-Handlung,MATCH,(all),,,1.0,exact
business_05768,Lebram & Wallach,FIELD_DIFF,original_address,"Mohrenstr. 37, Berlin","Mohrenstr. 37a, Berlin",0.65,address_differs
business_05769,Lebrecht Beerwald,MATCH,(all),,,1.0,exact
business_05770,Lechleitner & Co Installationsgeschäft,MATCH,(all),,,1.0,exact
business_05771,Lagro & Richter,MATCH,(all),,,1.0,exact
business_05772,Lambert Horstmeier,MATCH,(all),,,1.0,exact
business_05773,Landsberg Buch- und Kunsthandlung GmbH,MATCH,(all),,,1.0,exact
business_05774,Landsberger & Bazar,MATCH,(all),,,1.0,exact
business_05775,Landsberger & Co,MATCH,(all),,,1.0,exact
business_05776,Landsberger Gebr.,MATCH,(all),,,1.0,exact
business_05777,Landshut & Co Buchdruckerei & Formularverlag,FIELD_DIFF,original_address,"Alexanderstr. 27, Berlin","Alexanderstr. 27a, Berlin",0.65,address_differs
business_05778,Lang & Mainz,MATCH,(all),,,1.0,exact
business_05779,"Lang, Martha",MATCH,(all),,,1.0,exact
business_05780,Lange & Gilberg,MATCH,(all),,,1.0,exact
business_05781,Lecigran GmbH,MATCH,(all),,,1.0,exact
business_05782,Lederagentur Richard Goldmann,MATCH,(all),,,1.0,exact
business_05783,Lederfabrik Alfred Popper Abteilung Portefeuille- & Möbelleder,MATCH,(all),,,1.0,exact
business_05784,Ledigenheim der Jüdischen Gemeinde zu Berlin GmbH,MATCH,(all),,,1.0,exact
business_05785,Leffmann & Loewenstein,MATCH,(all),,,1.0,exact
business_05786,Lehmann & Kronheim,MATCH,(all),,,1.0,exact
business_05787,"Lehniner Drogerie, Kuschiel Taubin",MATCH,(all),,,1.0,exact
business_05788,Lehr & Co,MATCH,(all),,,1.0,exact
business_05789,Leib Beigel und dessen Ehefrau Bayla geb. Sperling,MATCH,(all),,,1.0,exact
business_05790,Leib Kufert,MATCH,(all),,,1.0,exact
business_05791,Leib Topf,MATCH,(all),,,1.0,exact
business_05792,Leib Werner,MATCH,(all),,,1.0,exact
business_05793,Leico Textil-GmbH,MATCH,(all),,,1.0,exact
business_05794,Leih- und Sparverein Esra e GmbH,MATCH,(all),,,1.0,exact
business_05795,Leih-Haus Martin Hirschberg,MATCH,(all),,,1.0,exact
business_05796,Leih-Wäsche Iffland,MATCH,(all),,,1.0,exact
business_05797,Leihaus Moritzpl. Oranienstr. 58a Samuel Goldmann,FIELD_DIFF,original_address,"Oranienstr. 58, Berlin","Oranienstr. 58a, Berlin",0.65,address_differs
business_05798,Leihbibliothek Rose Maria Hoch,MATCH,(all),,,1.0,exact
business_05799,Leihbibliothek am Nikolsburgerplatz,MATCH,(all),,,1.0,exact
business_05800,Leihhaus David Rosenberg,MATCH,(all),,,1.0,exact
business_05801,Leiser Fabrikations- und Handels-GmbH,MATCH,(all),,,1.0,exact
business_05802,Leiser Gerszanowicz,MATCH,(all),,,1.0,exact
business_05803,Leiser Grundleger,MATCH,(all),,,1.0,exact
business_05804,Leiser Kranzler,MATCH,(all),,,1.0,exact
business_05805,Leiser Masur,MATCH,(all),,,1.0,exact
business_05806,Leiser Nowikas Immobilien,MATCH,(all),,,1.0,exact
business_05807,Leiserowicz & Co,MATCH,(all),,,1.0,exact
business_05808,"Leitz, der Laden für Bedarf und Luxus Karl Leitz",MATCH,(all),,,1.0,exact
business_05809,Lemel Liebermann,MATCH,(all),,,1.0,exact
business_05810,Lemel Weinmann,MATCH,(all),,,1.0,exact
business_05811,Leihhaus Hugo Kaufmann,FIELD_DIFF,original_address,"Müllerstr. 40, Berlin","Müllerstr. 40a, Berlin",0.65,address_differs
business_05812,Leihhaus Kosmos GmbH,MATCH,(all),,,1.0,exact
business_05813,Leihhaus Nürnbergerstr. Abram Rosenfeld,MATCH,(all),,,1.0,exact
business_05814,Leihhaus Rosenthaler Thor Gebr. Goldstein Inh. Josef Goldstein,MATCH,(all),,,1.0,exact
business_05815,Leihhaus am Dönhoffplatz Gertrud Loewensohn,MATCH,(all),,,1.0,exact
business_05816,Leihhaus des Westens Ernst Oschinski,MATCH,(all),,,1.0,exact
business_05817,Leinen-Baumwollwaren Tuche & Futterstoffe en gros Max Herzog,MATCH,(all),,,1.0,exact
business_05818,Leipziger Pelzwaren Max Balsam,MATCH,(all),,,1.0,exact
business_05819,"Leipziger, Julia",MATCH,(all),,,1.0,exact
business_05820,Leiser & Co GmbH,MATCH,(all),,,1.0,exact
business_05821,Lemer & Co Pelzplattenfabrikation,MATCH,(all),,,1.0,exact
business_05822,Lemke & Co,MATCH,(all),,,1.0,exact
business_05823,Leo Alterthum Verlag,MATCH,(all),,,1.0,exact
business_05824,Leo Anger,MATCH,(all),,,1.0,exact
business_05825,Leo Balnemones,MATCH,(all),,,1.0,exact
business_05826,Leo Baruch & Co,MATCH,(all),,,1.0,exact
business_05827,Leo Bergmann,MATCH,(all),,,1.0,exact
business_05828,Leo Bernhardt,MATCH,(all),,,1.0,exact
business_05829,Leo Blatt,MATCH,(all),,,1.0,exact
business_05830,Leo Bluhm,MATCH,(all),,,1.0,exact
business_05831,Leo Blumenthal,MATCH,(all),,,1.0,exact
business_05832,Leo Bohm,FIELD_DIFF,original_address,"( Trade ) Eingetragen im Handelsregister/ Gründung 1920 Erloschen 1939 Potsdamer Str. 118c, Berlin","Potsdamer Str. 118c, Berlin",0.65,address_differs
business_05833,Leo Braun,MATCH,(all),,,1.0,exact
business_05834,Leo Brauner,MATCH,(all),,,1.0,exact
business_05835,Leo Bromberger,MATCH,(all),,,1.0,exact
business_05836,Leo Bäcker,MATCH,(all),,,1.0,exact
business_05837,Leo Chaim,MATCH,(all),,,1.0,exact
business_05838,Leo Cohn,MATCH,(all),,,1.0,exact
business_05839,Leo Davidsohn,MATCH,(all),,,1.0,exact
business_05840,Leo Davidsohn Getreide und Futtermittel Großhandlung,MATCH,(all),,,1.0,exact
business_05841,Leo Dobschiner,MATCH,(all),,,1.0,exact
business_05842,Leo Falkenstein AG Polstermaterialien,MATCH,(all),,,1.0,exact
business_05843,Leo Feist,MATCH,(all),,,1.0,exact
business_05844,Leo Geisenberg,FIELD_DIFF,original_address,"e Frankfurter Str. 83, Berlin","Große Frankfurter Str. 83, Berlin",0.65,address_differs
business_05845,Leo Gluskinos,MATCH,(all),,,1.0,exact
business_05846,Leo Goldberger,MATCH,(all),,,1.0,exact
business_05847,Leo Goldschmidt Getreide und Bankkommissionen,MATCH,(all),,,1.0,exact
business_05848,Leo Gottschalk,MATCH,(all),,,1.0,exact_ambiguous_2
business_05849,Leo Gottschalk,MATCH,(all),,,1.0,exact_ambiguous_2
business_05850,Leo Groß,MATCH,(all),,,1.0,exact
business_05851,Leo Grünberg Lebensmittel Großhandlung Import und Export,FIELD_DIFF,original_address,"e Hamburger Str. 30, Berlin","Große Hamburger Str. 30, Berlin",0.65,address_differs
business_05852,"Leo Gumpert, Inhaber: Hugo Translateur",MATCH,(all),,,1.0,exact
business_05853,Leo Habermann,FIELD_DIFF,original_address,"Friedrichstr. 59, Berlin","Neue Friedrichstr. 59, Berlin",0.65,address_differs
business_05854,Leo Henschel,MATCH,(all),,,1.0,exact
business_05855,Leo Herzig & Co,FIELD_DIFF,original_address,"Charlottenstr. 32, Berlin","Charlottenstr. 32a, Berlin",0.65,address_differs
business_05856,Leo Hirschler,MATCH,(all),,,1.0,exact
business_05857,Leo Ingwer (Altmetall) & Erich Ingwer (Kohle),MATCH,(all),,,1.0,exact
business_05858,Leo Jacob,FIELD_DIFF,original_address,"Universitätsstr. 2/3, Berlin","Universitätsstr. 2/3a, Berlin",0.65,address_differs
business_05859,Leo Jacobus,MATCH,(all),,,1.0,exact
business_05860,Leo Jaffe,MATCH,(all),,,1.0,exact
business_05861,Leo Loewy,MATCH,(all),,,1.0,exact
business_05862,Leo Manasse,MATCH,(all),,,1.0,exact
business_05863,Leo Matlatzki,MATCH,(all),,,1.0,exact
business_05864,Leo Messinger,MATCH,(all),,,1.0,exact
business_05865,Leo Meyersohn,MATCH,(all),,,1.0,exact
business_05866,Leo Michalowitz,MATCH,(all),,,1.0,exact
business_05867,Leo Mondry,MATCH,(all),,,1.0,exact
business_05868,Leo Moschkowitz,MATCH,(all),,,1.0,exact
business_05869,Leo Nußbaum GmbH,MATCH,(all),,,1.0,exact
business_05870,Leo Perl,MATCH,(all),,,1.0,exact
business_05871,Leo Josephsohn Nachf.,MATCH,(all),,,1.0,exact
business_05872,Leo Kahan,MATCH,(all),,,1.0,exact
business_05873,Leo Kalb,MATCH,(all),,,1.0,exact
business_05874,Leo Karpen,MATCH,(all),,,1.0,exact
business_05875,Leo Katz,MATCH,(all),,,1.0,exact
business_05876,Leo Kaufmann,MATCH,(all),,,1.0,exact
business_05877,Leo Kirschen,FIELD_DIFF,original_address,"enburger Str. 6, Berlin","Weißenburger Str. 6, Berlin",0.65,address_differs
business_05878,Leo Krus,MATCH,(all),,,1.0,exact
business_05879,Leo Krämer,MATCH,(all),,,1.0,exact
business_05880,Leo Lachmann,MATCH,(all),,,1.0,exact
business_05881,Leo Lamm,MATCH,(all),,,1.0,exact
business_05882,Leo Landau,MATCH,(all),,,1.0,exact
business_05883,Leo Lechner,MATCH,(all),,,1.0,exact
business_05884,Leo Lederhändler,MATCH,(all),,,1.0,exact
business_05885,Leo Lewinski,MATCH,(all),,,1.0,exact
business_05886,Leo Leß,MATCH,(all),,,1.0,exact
business_05887,Leo Libowski,FIELD_DIFF,original_address,"Paul-Singer-Str. 54, Berlin","Paul-Singer-Str. (Grüner Weg - Brauner Weg) 54, Berlin",0.65,address_differs
business_05888,Leo Licht,MATCH,(all),,,1.0,exact
business_05889,Leo Liepmannssohn Antiquariat,MATCH,(all),,,1.0,exact
business_05890,Leo Loewenthal,MATCH,(all),,,1.0,exact
business_05891,Leo Perlstein,MATCH,(all),,,1.0,exact
business_05892,Leo Pietrkowski & Co,MATCH,(all),,,1.0,exact
business_05893,Leo Presser,MATCH,(all),,,1.0,exact
business_05894,Leo Pruschnowski,MATCH,(all),,,1.0,exact
business_05895,Leo R. Dambitsch,MATCH,(all),,,1.0,exact
business_05896,Leo Reissner,MATCH,(all),,,1.0,exact
business_05897,Leo Rietzker,MATCH,(all),,,1.0,exact
business_05898,Leo Rosenbaum,MATCH,(all),,,1.0,exact
business_05899,Leo Rothschild,MATCH,(all),,,1.0,exact
business_05900,Leo Schiffmanowitsch,MATCH,(all),,,1.0,exact
business_05901,Leo Wald,FIELD_DIFF,original_address,"Königstr. 24, Berlin","Neue Königstr. 24, Berlin",0.65,address_differs
business_05902,Leo Weinreb,MATCH,(all),,,1.0,exact
business_05903,Leo Wjawmensky Bankkommissionsgeschäft,MATCH,(all),,,1.0,exact
business_05904,Leo Wolff Eisenhandlung,MATCH,(all),,,1.0,exact
business_05905,Leo Wolff Pumpenvertrieb,MATCH,(all),,,1.0,exact
business_05906,Leo Wollner,MATCH,(all),,,1.0,exact
business_05907,Leo van Dam,MATCH,(all),,,1.0,exact
business_05908,Leo-Michel Weiss,FIELD_DIFF,original_address,"Friedrichstr. 77, Berlin","Neue Friedrichstr. 77, Berlin",0.65,address_differs
business_05909,Leon Abermann,MATCH,(all),,,1.0,exact
business_05910,Leon Balischansky,MATCH,(all),,,1.0,exact
business_05911,Leo Schlesinger,MATCH,(all),,,1.0,exact
business_05912,Leo Schleyer,MATCH,(all),,,1.0,exact
business_05913,Leo Schuster,MATCH,(all),,,1.0,exact
business_05914,Leo Schwarzmann,MATCH,(all),,,1.0,exact
business_05915,Leo Sello,MATCH,(all),,,1.0,exact
business_05916,Leo Silberstein,MATCH,(all),,,1.0,exact
business_05917,Leo Smetana,MATCH,(all),,,1.0,exact
business_05918,Leo Spagat,MATCH,(all),,,1.0,exact
business_05919,Leo Strauß,MATCH,(all),,,1.0,exact
business_05920,Leo Taterka,FIELD_DIFF,original_address,"Ritterstr. 30, Berlin","Ritterstr. 30a, Berlin",0.65,address_differs
business_05921,Leon Berger,MATCH,(all),,,1.0,exact
business_05922,Leon Fenichl,FIELD_DIFF,original_address,"Hochmeisterstr. 16, Berlin","Hochmeisterstr. 16a, Berlin",0.65,address_differs
business_05923,Leon Fenichl GmbH,MATCH,(all),,,1.0,exact
business_05924,Leon Holzer,MATCH,(all),,,1.0,exact
business_05925,Leon Kahané,MATCH,(all),,,1.0,exact
business_05926,Leon Klausner,MATCH,(all),,,1.0,exact
business_05927,Leon Lew,MATCH,(all),,,1.0,exact
business_05928,Leon Marcus Damenhutfabrikation,MATCH,(all),,,1.0,exact
business_05929,Leon Picker GmbH,MATCH,(all),,,1.0,exact
business_05930,Leon Rakowski,MATCH,(all),,,1.0,exact
business_05931,Leonor Kroner,MATCH,(all),,,1.0,exact
business_05932,Leonor Poppelauer,MATCH,(all),,,1.0,exact
business_05933,Leopold Ader Eier engros,MATCH,(all),,,1.0,exact
business_05934,Leopold Baer,MATCH,(all),,,1.0,exact
business_05935,Leopold Bauchwitz,FIELD_DIFF,original_address,"Friedrichstr. 23, Berlin","Neue Friedrichstr. 23, Berlin",0.65,address_differs
business_05936,Leopold Brandt,MATCH,(all),,,1.0,exact
business_05937,Leopold Buttermilch,MATCH,(all),,,1.0,exact
business_05938,Leopold Caspary,MATCH,(all),,,1.0,exact
business_05939,Leopold Cohn,MATCH,(all),,,1.0,exact
business_05940,Leopold Cohnreich,MATCH,(all),,,1.0,exact
business_05941,Leopold Danielsohn,MATCH,(all),,,1.0,exact
business_05942,Leopold Domnauer GmbH,MATCH,(all),,,1.0,exact
business_05943,Leopold Fash,MATCH,(all),,,1.0,exact
business_05944,Leopold Feigenbaum,MATCH,(all),,,1.0,exact
business_05945,Leopold Gadiel,MATCH,(all),,,1.0,exact
business_05946,Leopold Glaser,MATCH,(all),,,1.0,exact
business_05947,Leopold Glaß (Glass),MATCH,(all),,,1.0,exact
business_05948,Leopold Hanf,FIELD_DIFF,original_address,"Königstr. 4, Berlin","Neue Königstr. 4, Berlin",0.65,address_differs
business_05949,Leopold Held,FIELD_DIFF,original_address,"Friedrichstr. 21, Berlin","Neue Friedrichstr. 21a, Berlin",0.65,address_differs
business_05950,Leopold Hirschowitz,MATCH,(all),,,1.0,exact
business_05951,Leon Schapira,MATCH,(all),,,1.0,exact
business_05952,Leon Véissid Orient-Teppich-Import,MATCH,(all),,,1.0,exact
business_05953,Leonhard Bloch,MATCH,(all),,,1.0,exact
business_05954,Leonhard Brasch,MATCH,(all),,,1.0,exact
business_05955,Leonhard Elkan Musterlager der Firma Ernst Wahlitz Turn-Teplitz-Wien,MATCH,(all),,,1.0,exact
business_05956,Leonhard Neumann,MATCH,(all),,,1.0,exact
business_05957,Leonhard Tietz AG,MATCH,(all),,,1.0,exact
business_05958,Leonhard Wertheim,MATCH,(all),,,1.0,exact
business_05959,Leonhard Zimmt,MATCH,(all),,,1.0,exact
business_05960,Leonie Sprinz,MATCH,(all),,,1.0,exact
business_05961,Leopold Holländer,MATCH,(all),,,1.0,exact
business_05962,Leopold Honig,MATCH,(all),,,1.0,exact
business_05963,Leopold Isaac,MATCH,(all),,,1.0,exact
business_05964,Leopold Joachim,MATCH,(all),,,1.0,exact
business_05965,Leopold Kahn,MATCH,(all),,,1.0,exact
business_05966,Leopold Kaim & Co,MATCH,(all),,,1.0,exact
business_05967,Leopold Karp,FIELD_DIFF,original_address,"Friedrichstr. 47, Berlin","Neue Friedrichstr. 47, Berlin",0.65,address_differs
business_05968,Leopold Kaufmann Schürzen- & Kinder-Konfektion,MATCH,(all),,,1.0,exact
business_05969,Leopold Klein,MATCH,(all),,,1.0,exact
business_05970,Leopold Koenigsberger,MATCH,(all),,,1.0,exact
business_05971,Leopold Mendelsohn & Co GmbH,MATCH,(all),,,1.0,exact
business_05972,Leopold Neisser,MATCH,(all),,,1.0,exact
business_05973,Leopold Nußbaum,MATCH,(all),,,1.0,exact
business_05974,Leopold Obersitzko,MATCH,(all),,,1.0,exact
business_05975,Leopold Pelziger,MATCH,(all),,,1.0,exact
business_05976,Leopold Pinn,MATCH,(all),,,1.0,exact
business_05977,Leopold Rausnitz,MATCH,(all),,,1.0,exact
business_05978,Leopold Rosenberg,MATCH,(all),,,1.0,exact
business_05979,Leopold Rosenow,MATCH,(all),,,1.0,exact
business_05980,Leopold Seeligmann,MATCH,(all),,,1.0,exact
business_05981,Leopold Seligmann,MATCH,(all),,,1.0,exact
business_05982,Leopold Silberstein,MATCH,(all),,,1.0,exact
business_05983,Leopold Singer,MATCH,(all),,,1.0,exact
business_05984,Leopold Spitzer Geflügel-Import-GmbH,MATCH,(all),,,1.0,exact
business_05985,Leopold Stein,FIELD_DIFF,original_address,"Königstr. 5/6, Berlin","Neue Königstr. 5/6, Berlin",0.65,address_differs
business_05986,Leopold Stern,MATCH,(all),,,1.0,exact
business_05987,Leopold Stiasny,MATCH,(all),,,1.0,exact
business_05988,Leopold Süsskind Vertretungen,MATCH,(all),,,1.0,exact
business_05989,Leopold Treitel,MATCH,(all),,,1.0,exact
business_05990,Leopold Weiß,MATCH,(all),,,1.0,exact
business_05991,Leopold Koos,MATCH,(all),,,1.0,exact
business_05992,Leopold Laserson,FIELD_DIFF,original_address,"Jakobstr. 20/22, Berlin","Alte Jakobstr. 20/22, Berlin",0.65,address_differs
business_05993,Leopold Lazarus,MATCH,(all),,,1.0,exact
business_05994,Leopold Levy,FIELD_DIFF,original_address,"Stubenrauchstr. 12, Berlin","Stubenrauchstr. 12b, Berlin",0.65,address_differs
business_05995,Leopold Liebrecht GmbH,MATCH,(all),,,1.0,exact
business_05996,Leopold Lindemann,MATCH,(all),,,1.0,exact
business_05997,Leopold Loewinsohn,MATCH,(all),,,1.0,exact
business_05998,Leopold Löwenstein,MATCH,(all),,,1.0,exact
business_05999,Leopold Markus,MATCH,(all),,,1.0,exact
business_06000,Leopold Matthes,MATCH,(all),,,1.0,exact
business_06001,Leopold Wolff,MATCH,(all),,,1.0,exact
business_06002,Leopold Zeisel,MATCH,(all),,,1.0,exact
business_06003,Leschziner & Co,FIELD_DIFF,original_address,"Königstr. 63/63, Berlin","Neue Königstr. 63/63, Berlin",0.65,address_differs
business_06004,Lesezirkel Daheim,MATCH,(all),,,1.0,exact
business_06005,Leske & Lehrer,MATCH,(all),,,1.0,exact
business_06006,Leske & Stupecki,MATCH,(all),,,1.0,exact
business_06007,"Leske, Moritz",MATCH,(all),,,1.0,exact
business_06008,Lesser & Korn,MATCH,(all),,,1.0,exact
business_06009,Lesser & Salinger,MATCH,(all),,,1.0,exact
business_06010,Lesser Baruch,MATCH,(all),,,1.0,exact
business_06011,Lewin & Dreyfuß KG,MATCH,(all),,,1.0,exact
business_06012,Lewin & Glück,MATCH,(all),,,1.0,exact
business_06013,"Lewin, Gertrud",MATCH,(all),,,1.0,exact
business_06014,"Lewin, Paul",MATCH,(all),,,1.0,exact
business_06015,Lewinnek & Schönlank,MATCH,(all),,,1.0,exact_ambiguous_2
business_06016,Lewinnek & Schönlank,FIELD_DIFF,original_address,"Kronenstr. 33, Berlin","Kronenstr. 41, Berlin",0.65,address_differs
business_06017,Lewinnek-Modelle,MATCH,(all),,,1.0,exact
business_06018,Lewinski & Lewy,FIELD_DIFF,original_address,"Jakobstr. 26, Berlin","Neue Jakobstr. 26, Berlin",0.65,address_differs
business_06019,Lewinsky & Mayer,MATCH,(all),,,1.0,exact
business_06020,"Lewinsky, Isidor",MATCH,(all),,,1.0,exact
business_06021,Levy & Hanauer,MATCH,(all),,,1.0,exact
business_06022,Levy & Lehrhaupt,MATCH,(all),,,1.0,exact
business_06023,Levy & Prober,MATCH,(all),,,1.0,exact
business_06024,Levy & Salinger,MATCH,(all),,,1.0,exact
business_06025,Levy & Wolfsohn,MATCH,(all),,,1.0,exact
business_06026,"Levy, Hirsch Herbert",MATCH,(all),,,1.0,exact
business_06027,"Levy, Leo",MATCH,(all),,,1.0,exact
business_06028,"Lewandowski, Lilli",MATCH,(all),,,1.0,exact
business_06029,Lewek Bachner,MATCH,(all),,,1.0,exact
business_06030,Lewi Fungerhut,MATCH,(all),,,1.0,exact
business_06031,Lesser Levy,MATCH,(all),,,1.0,exact
business_06032,"Lesser, Nathan & Co",MATCH,(all),,,1.0,exact
business_06033,Lettner & Co,MATCH,(all),,,1.0,exact
business_06034,Levator Hebezeug Fabrik Kurt Goldstein,MATCH,(all),,,1.0,exact
business_06035,Levator-Hebezeug-GmbH,MATCH,(all),,,1.0,exact
business_06036,Leven Seide Karl Leven,MATCH,(all),,,1.0,exact
business_06037,"Levi, Eisdiele und Geflügelhandlung",MATCH,(all),,,1.0,exact
business_06038,"Levi, Fleischer & Co KG",MATCH,(all),,,1.0,exact
business_06039,Levin & Co,MATCH,(all),,,1.0,exact
business_06040,Levinsohn Moritz,MATCH,(all),,,1.0,exact
business_06041,"Lewinsohn, Emma geb. Wilke",MATCH,(all),,,1.0,exact
business_06042,"Lewinsohn, Kartoffelhändler",MATCH,(all),,,1.0,exact
business_06043,Lewit & Wedel,MATCH,(all),,,1.0,exact
business_06044,Lewy & Riese,MATCH,(all),,,1.0,exact
business_06045,Lewy's Erben Terrain-Verwertungs-GmbH,MATCH,(all),,,1.0,exact
business_06046,"Leyco, Strick- und Wirkwaren GmbH",MATCH,(all),,,1.0,exact
business_06047,Leyser & Alterthum,MATCH,(all),,,1.0,exact
business_06048,Leyser & Winterfeld,MATCH,(all),,,1.0,exact
business_06049,"Leyser, Fritz",MATCH,(all),,,1.0,exact
business_06050,Liberty-Haus Busse & Co,MATCH,(all),,,1.0,exact
business_06051,"Lichtenstaedt, Max",MATCH,(all),,,1.0,exact
business_06052,Lichtenstein,MATCH,(all),,,1.0,exact
business_06053,Lichtenstein & Mannheimer,MATCH,(all),,,1.0,exact
business_06054,"Lichtenstein, Hans",MATCH,(all),,,1.0,exact
business_06055,"Lichtenstein, Martha, geb. Perleberg",MATCH,(all),,,1.0,exact
business_06056,Lichter & Nachtigall,MATCH,(all),,,1.0,exact
business_06057,Lichterfelder Adler Apotheke Hermann Meyer,MATCH,(all),,,1.0,exact
business_06058,Lichthaus Mösch Erwin Mösch,MATCH,(all),,,1.0,exact
business_06059,Lidsky-Müller,MATCH,(all),,,1.0,exact
business_06060,"Liebenbaum, Eugenie",MATCH,(all),,,1.0,exact
business_06061,Lieber & Co GmbH,MATCH,(all),,,1.0,exact
business_06062,Liebert & Co,MATCH,(all),,,1.0,exact
business_06063,Liebert Steinberg & Co,MATCH,(all),,,1.0,exact
business_06064,"Liebert, Alfred",MATCH,(all),,,1.0,exact
business_06065,"Liebeskind, Adolf",MATCH,(all),,,1.0,exact
business_06066,Liebmann & Jacobson,MATCH,(all),,,1.0,exact
business_06067,Liepmann & Ernst Landsberger,MATCH,(all),,,1.0,exact
business_06068,Liesegang & Co Baugesellschaft mbH,MATCH,(all),,,1.0,exact
business_06069,Likör und Weinhandlung Brauner Weg 100 Else Czwiklitzer,FIELD_DIFF,original_address,"Likör und Weinhandlung Brauner Weg 100, Berlin","Paul-Singer-Str. (Grüner Weg - Brauner Weg) 100, Berlin",0.65,address_differs
business_06070,Likörfabrikation und Weinhandlung Feuerstein u. Czwiklitzer,MATCH,(all),,,1.0,exact
business_06071,Lilienthal & Samelson,MATCH,(all),,,1.0,exact
business_06072,"Lilli Aronheim, Vertreterin der Firma Sambach Edellikörfabrik GmbH",MATCH,(all),,,1.0,exact
business_06073,Lilly Bielschowsky,MATCH,(all),,,1.0,exact
business_06074,Lilly Jacobius (Lilli Jacobius),MATCH,(all),,,1.0,exact
business_06075,"Lilly Silberstein, in Firma Stickerei Lehmann",MATCH,(all),,,1.0,exact
business_06076,Lilly Stern,MATCH,(all),,,1.0,exact
business_06077,Limba GmbH zur Herstellung alkoholfreier Getränke,MATCH,(all),,,1.0,exact
business_06078,Linda Levy,FIELD_DIFF,original_address,"Rochstr. 15, Berlin","Rochstr. 15 = Zentralmarkthalle Stand 96, Berlin",0.65,address_differs
business_06079,Lindemann & Co,MATCH,(all),,,1.0,exact
business_06080,Lindemann & Lüdecke,MATCH,(all),,,1.0,exact
business_06081,"Lissy Meyersohn, Familienheim Lietzensee",MATCH,(all),,,1.0,exact
business_06082,Littauer & Boysen,MATCH,(all),,,1.0,exact
business_06083,Littauer Nähmaschinen,MATCH,(all),,,1.0,exact
business_06084,Litten & Finkelstein,MATCH,(all),,,1.0,exact
business_06085,"Litten, Benno",MATCH,(all),,,1.0,exact
business_06086,Littmann & Co,MATCH,(all),,,1.0,exact
business_06087,Littmann & Eichler,FIELD_DIFF,original_address,"Paul-Singer-Str. 33, Berlin","Paul-Singer-Str. (Grüner Weg - Brauner Weg) 33, Berlin",0.65,address_differs
business_06088,Lloyd Gummimäntel GmbH,MATCH,(all),,,1.0,exact
business_06089,Lloyd-Treuhand AG,MATCH,(all),,,1.0,exact
business_06090,Locker & Aronovici,MATCH,(all),,,1.0,exact
business_06091,"Lindner, Käte",MATCH,(all),,,1.0,exact
business_06092,Lipman Brandstätter,MATCH,(all),,,1.0,exact
business_06093,Lippmann & Friedländer,MATCH,(all),,,1.0,exact
business_06094,Lippmann Ginsberg,MATCH,(all),,,1.0,exact
business_06095,Lippmann GmbH Lampenfabrik,MATCH,(all),,,1.0,exact
business_06096,"Lipski, Ruth",MATCH,(all),,,1.0,exact
business_06097,Liquidationskasse AG,MATCH,(all),,,1.0,exact
business_06098,Lissauer & Rosenfeld,MATCH,(all),,,1.0,exact
business_06099,Lisser & Stock GmbH,MATCH,(all),,,1.0,exact
business_06100,Lissner Röcke Siegfried Lissner,MATCH,(all),,,1.0,exact
business_06101,Lorsch & Co Tüten- und Papier-Vertrieb,MATCH,(all),,,1.0,exact
business_06102,Lortzing-Apotheke und Droguerie am Händelplatz Erhardt Otto,MATCH,(all),,,1.0,exact
business_06103,Lothar Gongola,MATCH,(all),,,1.0,exact
business_06104,Lothar Messow Erstes Linoleum- & Parkett-Bohner-Institut,MATCH,(all),,,1.0,exact
business_06105,Lothar Meyer,MATCH,(all),,,1.0,exact
business_06106,Lothar Rosenheimer,MATCH,(all),,,1.0,exact
business_06107,Lotte Kahn-Faffer,MATCH,(all),,,1.0,exact
business_06108,Louis Aronsohn,MATCH,(all),,,1.0,exact
business_06109,Louis B. Becher,MATCH,(all),,,1.0,exact
business_06110,Louis Baszynski,MATCH,(all),,,1.0,exact
business_06111,Loewenthal & Levy,MATCH,(all),,,1.0,exact
business_06112,"Loewenthal, Anny",MATCH,(all),,,1.0,exact
business_06113,Loewy & Kausch,MATCH,(all),,,1.0,exact
business_06114,Lombard- und Leihhaus Winterfeldt Moritz Warschauer,MATCH,(all),,,1.0,exact
business_06115,London Style Fedor Grünthal,MATCH,(all),,,1.0,exact
business_06116,London-Club David Mendheim,MATCH,(all),,,1.0,exact
business_06117,Lonny Wohlmann,MATCH,(all),,,1.0,exact
business_06118,Lord-Krawatten Bernhard Berenhaut,MATCH,(all),,,1.0,exact
business_06119,Lore Lilien,MATCH,(all),,,1.0,exact
business_06120,Lore Löwenstein,MATCH,(all),,,1.0,exact
business_06121,Loeb & Sutheim,MATCH,(all),,,1.0,exact
business_06122,Loebmann & Singer,MATCH,(all),,,1.0,exact
business_06123,Loeser & Bielschowsky,MATCH,(all),,,1.0,exact
business_06124,Loeser & Bielschowsky AG,MATCH,(all),,,1.0,exact
business_06125,Loeser & Bielschowsky in Liquidation,MATCH,(all),,,1.0,exact
business_06126,Loeser & Wolff GmbH,MATCH,(all),,,1.0,exact
business_06127,Loewe & Brann,FIELD_DIFF,original_address,"Universitätsstr. 2, Berlin","Universitätsstr. 2b, Berlin",0.65,address_differs
business_06128,Loewenberg & Machscheves,MATCH,(all),,,1.0,exact
business_06129,"Loewensohn, Carl",MATCH,(all),,,1.0,exact
business_06130,Loewenstein & Hecht,MATCH,(all),,,1.0,exact
business_06131,Louis Behrendt Alt-Militär-Effekten Großhandlung,MATCH,(all),,,1.0,exact
business_06132,Louis Berndt Nchf. Bank-KGaA,MATCH,(all),,,1.0,exact
business_06133,Louis Borchardt,MATCH,(all),,,1.0,exact
business_06134,Louis Borchardt Verlagsgesellschaft mbH,MATCH,(all),,,1.0,exact
business_06135,Louis Borower Juwelen u. Schmuckwaren,MATCH,(all),,,1.0,exact
business_06136,Louis Brünneck,MATCH,(all),,,1.0,exact
business_06137,Louis Cohn,FIELD_DIFF,original_address,"Friedrichstr. 37, Berlin","Neue Friedrichstr. 37, Berlin",0.65,address_differs
business_06138,Louis Cohn II,MATCH,(all),,,1.0,exact
business_06139,Louis Cohn jr. GmbH,FIELD_DIFF,original_address,"Tauentzienstr. 19, Berlin","Tauentzienstr. 19a, Berlin",0.65,address_differs
business_06140,Louis Cohn jr. Nfg.,MATCH,(all),,,1.0,exact
business_06141,Louis Hirsch & Söhne,MATCH,(all),,,1.0,exact
business_06142,Louis Hoffmann,MATCH,(all),,,1.0,exact
business_06143,Louis Jacobsohn,MATCH,(all),,,1.0,exact
business_06144,Louis Joachim vorm. N. Mendelsohn,MATCH,(all),,,1.0,exact
business_06145,Louis Jordan & Nassau,MATCH,(all),,,1.0,exact
business_06146,Louis Kayser,MATCH,(all),,,1.0,exact
business_06147,Louis L. Rabow,MATCH,(all),,,1.0,exact
business_06148,Louis Lamm,FIELD_DIFF,original_address,"Friedrichstr. 61/63, Berlin","Neue Friedrichstr. 61/63, Berlin",0.65,address_differs
business_06149,"Louis Lewinsohn, Bücherbude-Britz",MATCH,(all),,,1.0,exact
business_06150,Louis Lichtenstein,MATCH,(all),,,1.0,exact
business_06151,Louis Cuten,MATCH,(all),,,1.0,exact
business_06152,Louis Dallmann,MATCH,(all),,,1.0,exact
business_06153,Louis Eisner,MATCH,(all),,,1.0,exact
business_06154,Louis Freudenthal,MATCH,(all),,,1.0,exact
business_06155,Louis Fridberg Fondsmakler,MATCH,(all),,,1.0,exact
business_06156,Louis Goldstandt,MATCH,(all),,,1.0,exact
business_06157,Louis Groß,MATCH,(all),,,1.0,exact
business_06158,Louis Hamburger & Co,MATCH,(all),,,1.0,exact
business_06159,"Louis Herzberg, Elegante Herrenmoden",MATCH,(all),,,1.0,exact
business_06160,Louis Herzfeld,MATCH,(all),,,1.0,exact
business_06161,Louis Schachmann,MATCH,(all),,,1.0,exact
business_06162,Louis Senger,MATCH,(all),,,1.0,exact
business_06163,Louis Spiegel,FIELD_DIFF,original_address,"Platz 23, Berlin","Belle-Alliance-Platz 23, Berlin",0.65,address_differs
business_06164,Louis Stern & Co GmbH,FIELD_DIFF,original_address,"Nollendorfstr. 21, Berlin","Nollendorfstr. 21a, Berlin",0.65,address_differs
business_06165,Louis Wachsner & Co,MATCH,(all),,,1.0,exact
business_06166,Louis Wagner,MATCH,(all),,,1.0,exact
business_06167,Louis Warschauer,MATCH,(all),,,1.0,exact
business_06168,Louis Wilhelm,MATCH,(all),,,1.0,exact
business_06169,"Lucie Baer, Seifengroßhandlung",MATCH,(all),,,1.0,exact
business_06170,Lucie Blumberg,MATCH,(all),,,1.0,exact
business_06171,Louis Littauer,MATCH,(all),,,1.0,exact
business_06172,Louis Loeffler,MATCH,(all),,,1.0,exact
business_06173,Louis Loewenthal,MATCH,(all),,,1.0,exact
business_06174,Louis Mandelbaum,MATCH,(all),,,1.0,exact
business_06175,Louis Marcus Verlagsbuchhandlung,MATCH,(all),,,1.0,exact
business_06176,Louis Marx & Co,MATCH,(all),,,1.0,exact
business_06177,Louis Nethe,MATCH,(all),,,1.0,exact
business_06178,Louis Nossek,MATCH,(all),,,1.0,exact
business_06179,Louis Oppenheimer,MATCH,(all),,,1.0,exact
business_06180,Louis Peiser Söhne,MATCH,(all),,,1.0,exact
business_06181,"Louis Petri, Möbelfabrik",MATCH,(all),,,1.0,exact
business_06182,Louis Philipsohn,MATCH,(all),,,1.0,exact
business_06183,Louis Rosenberg,FIELD_DIFF,original_address,"( Trade ) Eingetragen im Handelsregister/ Gründung 1911 Erloschen 1942 Zentralviehhof , Berlin","Zentralviehhof , Berlin",0.65,address_differs
business_06184,Louis Rosenthal & Co AG,MATCH,(all),,,1.0,exact
business_06185,Louis Rosenthal jr.,FIELD_DIFF,original_address,"Schützenstr. 2, Berlin","Alte Schützenstr. 2, Berlin",0.65,address_differs
business_06186,Louis Rotholz,MATCH,(all),,,1.0,exact
business_06187,Louis Ryschwalski,FIELD_DIFF,original_address,"Scharrenstr. 9, Berlin","Scharrenstr. 9a, Berlin",0.65,address_differs
business_06188,Louis Salomon,MATCH,(all),,,1.0,exact
business_06189,Louis Salomon Nachf. Inh.: Julius Weiß,MATCH,(all),,,1.0,exact
business_06190,Louis Salomon vormals Willy Ferg GmbH,MATCH,(all),,,1.0,exact
business_06191,Lucie Hartstein,MATCH,(all),,,1.0,exact
business_06192,Ludmer & Tieger,MATCH,(all),,,1.0,exact
business_06193,Ludwig & Robert Reichmann KG,MATCH,(all),,,1.0,exact
business_06194,Ludwig Alexander,MATCH,(all),,,1.0,exact
business_06195,Ludwig Baer,MATCH,(all),,,1.0,exact
business_06196,Ludwig Baum,MATCH,(all),,,1.0,exact
business_06197,Ludwig Bernstein,MATCH,(all),,,1.0,exact
business_06198,Ludwig Bernstein & Co,MATCH,(all),,,1.0,exact
business_06199,Ludwig Blau,MATCH,(all),,,1.0,exact
business_06200,Ludwig Born,MATCH,(all),,,1.0,exact
business_06201,Ludwig Bowman,MATCH,(all),,,1.0,exact
business_06202,Ludwig Brann & Sohn vorm. E. Wagner Nachf.,MATCH,(all),,,1.0,exact
business_06203,Ludwig Cohn & Lewent,MATCH,(all),,,1.0,exact
business_06204,Ludwig Cohn Leihhaus,MATCH,(all),,,1.0,exact
business_06205,Ludwig Daniel,MATCH,(all),,,1.0,exact
business_06206,Ludwig Dreyfuß & Co,MATCH,(all),,,1.0,exact
business_06207,Ludwig Döblin,MATCH,(all),,,1.0,exact
business_06208,Ludwig Elsner Nachf. GmbH,MATCH,(all),,,1.0,exact
business_06209,Ludwig Epstein,MATCH,(all),,,1.0,exact
business_06210,Ludwig Flach,MATCH,(all),,,1.0,exact
business_06211,Ludwig Grünthal,MATCH,(all),,,1.0,exact
business_06212,Ludwig Gundermann,MATCH,(all),,,1.0,exact
business_06213,Ludwig Gutkind,MATCH,(all),,,1.0,exact
business_06214,Ludwig Hartheimer,MATCH,(all),,,1.0,exact
business_06215,Ludwig Hartwig & Söhne,MATCH,(all),,,1.0,exact
business_06216,Ludwig Heilborn,MATCH,(all),,,1.0,exact
business_06217,Ludwig Hirschberg,MATCH,(all),,,1.0,exact
business_06218,Ludwig Hollerbusch,MATCH,(all),,,1.0,exact
business_06219,Ludwig Israelski,FIELD_DIFF,original_address,"Jägerstr. 62, Berlin","Jägerstr. 62a, Berlin",0.65,address_differs
business_06220,Ludwig Italiener,MATCH,(all),,,1.0,exact
business_06221,Ludwig Kadisch,MATCH,(all),,,1.0,exact
business_06222,Ludwig Katzenellenbogen GmbH,MATCH,(all),,,1.0,exact
business_06223,Ludwig Klinger Bank-Kommissionsgeschäft,MATCH,(all),,,1.0,exact
business_06224,Ludwig Konski Nachfolger Ignatz Bloch,MATCH,(all),,,1.0,exact
business_06225,Ludwig Kroh,MATCH,(all),,,1.0,exact
business_06226,Ludwig Lesser AG,MATCH,(all),,,1.0,exact
business_06227,"Ludwig Lesser GmbH, Jugendliche Kleider",MATCH,(all),,,1.0,exact
business_06228,Ludwig Levy,MATCH,(all),,,1.0,exact
business_06229,Ludwig Levy GmbH,MATCH,(all),,,1.0,exact
business_06230,Ludwig Lichtenstädter,MATCH,(all),,,1.0,exact
business_06231,Ludwig Neumann & Co,MATCH,(all),,,1.0,exact
business_06232,Ludwig Orenstein,MATCH,(all),,,1.0,exact
business_06233,Ludwig Pietrkowski,MATCH,(all),,,1.0,exact
business_06234,Ludwig R. Simon,MATCH,(all),,,1.0,exact
business_06235,Ludwig Reichmann,MATCH,(all),,,1.0,exact
business_06236,Ludwig Rieß,MATCH,(all),,,1.0,exact
business_06237,Ludwig Rosenblatt,FIELD_DIFF,original_address,"Platz 5, Berlin","Eyke-von-Repkow-Platz 5, Berlin",0.65,address_differs
business_06238,Ludwig Rosenstock Metalle,MATCH,(all),,,1.0,exact
business_06239,Ludwig Rothschild,MATCH,(all),,,1.0,exact
business_06240,Ludwig Rügheimer,MATCH,(all),,,1.0,exact
business_06241,Ludwig Sabat,MATCH,(all),,,1.0,exact
business_06242,Ludwig Sager,FIELD_DIFF,original_address,"Leegestr. 10/12, Berlin","Große Leegestr. 10/12, Berlin",0.65,address_differs
business_06243,Ludwig Sallmayer,MATCH,(all),,,1.0,exact
business_06244,Ludwig Salomon,MATCH,(all),,,1.0,exact
business_06245,Ludwig Schaefer,MATCH,(all),,,1.0,exact
business_06246,Ludwig Scherk,MATCH,(all),,,1.0,exact
business_06247,Ludwig Schönfeld,MATCH,(all),,,1.0,exact
business_06248,Ludwig Schück & Hedwig Schück,MATCH,(all),,,1.0,exact
business_06249,Ludwig Simon,FIELD_DIFF,original_address,"Friedrichstr. 85, Berlin","Friedrichstr. 85a, Berlin",0.65,address_differs
business_06250,Ludwig Sommerfeld,MATCH,(all),,,1.0,exact
business_06251,Ludwig Loewenberg & Co,MATCH,(all),,,1.0,exact
business_06252,Ludwig Manasse,MATCH,(all),,,1.0,exact
business_06253,Ludwig Mayer,MATCH,(all),,,1.0,exact
business_06254,Ludwig Meyer,MATCH,(all),,,1.0,exact
business_06255,Ludwig Meyersohn,MATCH,(all),,,1.0,exact
business_06256,Ludwig Misch,MATCH,(all),,,1.0,exact
business_06257,Ludwig Moser,MATCH,(all),,,1.0,exact
business_06258,Ludwig Nehab,MATCH,(all),,,1.0,exact
business_06259,Ludwig Neulaender,MATCH,(all),,,1.0,exact
business_06260,Ludwig Neumann,MATCH,(all),,,1.0,exact
business_06261,Ludwig Wiener,MATCH,(all),,,1.0,exact
business_06262,Ludwig Wolken,MATCH,(all),,,1.0,exact
business_06263,"Lueck, Georg",MATCH,(all),,,1.0,exact
business_06264,Luise Bamberger,MATCH,(all),,,1.0,exact
business_06265,Luise Köhler,FIELD_DIFF,original_address,"Präsidentenstr. 4, Berlin","Kleine Präsidentenstr. 4, Berlin",0.65,address_differs
business_06266,Luisen Drogerie F. W. Sehrndt Nachf. Inh. Ludwig Begach,MATCH,(all),,,1.0,exact
business_06267,Luisen-Apotheke H. Brandes,MATCH,(all),,,1.0,exact
business_06268,Luisenstädtische Apotheke Artur Tichauer,MATCH,(all),,,1.0,exact
business_06269,Luitpold Landmann,MATCH,(all),,,1.0,exact
business_06270,Lukawäsche Heinz Goldschmidt,MATCH,(all),,,1.0,exact
business_06271,Lumen Grundstücks-GmbH,MATCH,(all),,,1.0,exact
business_06272,Lumpenkeller,MATCH,(all),,,1.0,exact
business_06273,Luna Lichtspiele Schöneberg GmbH,MATCH,(all),,,1.0,exact
business_06274,Luna Lichtspieltheater-Vertriebsgesellschaft mbH,FIELD_DIFF,original_address,"e Frankfurter Str. 121, Berlin","Große Frankfurter Str. 121, Berlin",0.65,address_differs
business_06275,Luna Park Grundstücks-AG,MATCH,(all),,,1.0,exact
business_06276,Lunaterrassen Betriebsgesellschaft mbH,MATCH,(all),,,1.0,exact
business_06277,Lunda Metallgesellschaft mbH,MATCH,(all),,,1.0,exact
business_06278,Lupu Solomon,MATCH,(all),,,1.0,exact
business_06279,"Lustig, Ottilie",MATCH,(all),,,1.0,exact
business_06280,Lustrol Fabrikation chem. Techn. Produkte Sigismund Hochhaus,MATCH,(all),,,1.0,exact
business_06281,Ludwig Sonnenfeld & Co,MATCH,(all),,,1.0,exact
business_06282,Ludwig Springer,MATCH,(all),,,1.0,exact
business_06283,Ludwig Stargardt,MATCH,(all),,,1.0,exact
business_06284,Ludwig Stein,MATCH,(all),,,1.0,exact
business_06285,Ludwig Steinmetz,MATCH,(all),,,1.0,exact
business_06286,Ludwig Stettenheimer,MATCH,(all),,,1.0,exact
business_06287,Ludwig Wedell,MATCH,(all),,,1.0,exact
business_06288,Ludwig Weiß Lederartikel,MATCH,(all),,,1.0,exact
business_06289,Ludwig Weißblatt,MATCH,(all),,,1.0,exact
business_06290,Ludwig Weyl,MATCH,(all),,,1.0,exact
business_06291,Lux & Co,MATCH,(all),,,1.0,exact
business_06292,Luxor-Fabriken Otto Rechnitz,MATCH,(all),,,1.0,exact
business_06293,Lydia Hahlo,MATCH,(all),,,1.0,exact
business_06294,Lysa Textilwaren GmbH,MATCH,(all),,,1.0,exact
business_06295,Löbel Wagner Getreide- Saaten- und Bankgeschäft,MATCH,(all),,,1.0,exact
business_06296,Löffl & Freter,MATCH,(all),,,1.0,exact
business_06297,Löffler's Pelzhaus Israel Löffler,MATCH,(all),,,1.0,exact
business_06298,"Lövin, Erna geb. Koslowski",MATCH,(all),,,1.0,exact
business_06299,Löwen-Apotheke Georg Heering,FIELD_DIFF,original_address,"( Trade ) Eingetragen im Handelsregister/ Gründung 1931 Besitzübernahme 1936 Keine Angabe , Berlin","Keine Angabe , Berlin",0.65,address_differs
business_06300,Löwenbrauerei - Böhmisches Brauhaus AG,MATCH,(all),,,1.0,exact
business_06301,M. & L. Grodzinski,FIELD_DIFF,original_address,"Königstr. 61/62, Berlin","Neue Königstr. 61/62, Berlin",0.65,address_differs
business_06302,M. & L. Hausen,MATCH,(all),,,1.0,exact
business_06303,M. & M. Alexander,MATCH,(all),,,1.0,exact
business_06304,M. Alter & Co,MATCH,(all),,,1.0,exact
business_06305,M. Apt,MATCH,(all),,,1.0,exact
business_06306,M. Aronheim & Co,MATCH,(all),,,1.0,exact
business_06307,M. Baum & Co,MATCH,(all),,,1.0,exact
business_06308,M. Biermann,MATCH,(all),,,1.0,exact
business_06309,M. Birnhack & N. Weichselbaum,MATCH,(all),,,1.0,exact
business_06310,M. Boguslawski,MATCH,(all),,,1.0,exact
business_06311,Löwenstein & Koppel,FIELD_DIFF,original_address,"Jakobstr. 133, Berlin","Alte Jakobstr. 133, Berlin",0.65,address_differs
business_06312,Löwenthal & Friedländer,MATCH,(all),,,1.0,exact
business_06313,Löwenthal & Kugelmann,MATCH,(all),,,1.0,exact
business_06314,Löwenthal & Stenger,MATCH,(all),,,1.0,exact
business_06315,Lützow-Apotheke Dr. Albert Lewy,MATCH,(all),,,1.0,exact
business_06316,M. & A. Hahn,MATCH,(all),,,1.0,exact
business_06317,M. & A. Holländer,MATCH,(all),,,1.0,exact
business_06318,M. & A. Mendelsohn,MATCH,(all),,,1.0,exact
business_06319,M. & E. Sommerfeld Tuchengrosgeschäft,FIELD_DIFF,original_address,"Königstr. 16, Berlin","Neue Königstr. 16, Berlin",0.65,address_differs
business_06320,M. & E. Staub,MATCH,(all),,,1.0,exact
business_06321,M. Bratt & Co,MATCH,(all),,,1.0,exact
business_06322,M. Brilles,MATCH,(all),,,1.0,exact
business_06323,M. Chanachowitz,MATCH,(all),,,1.0,exact
business_06324,M. Conitzer & Söhne,MATCH,(all),,,1.0,exact
business_06325,M. Cramer & Cie Agentur & Maklergeschäft,MATCH,(all),,,1.0,exact
business_06326,M. Deutsch & Co,MATCH,(all),,,1.0,exact
business_06327,M. E. G. Maschinenfabrik Erich Gimpel,MATCH,(all),,,1.0,exact
business_06328,M. Eisemann & Co,MATCH,(all),,,1.0,exact
business_06329,M. Fiedier,MATCH,(all),,,1.0,exact
business_06330,M. Forell & Co,MATCH,(all),,,1.0,exact
business_06331,M. Friedländer & Co,MATCH,(all),,,1.0,exact
business_06332,M. G. Posner,FIELD_DIFF,original_address,"Friedrichstr. 9/10, Berlin","Neue Friedrichstr. 9/10, Berlin",0.65,address_differs
business_06333,M. Geißenberger & Söhne,MATCH,(all),,,1.0,exact
business_06334,M. Gersten & Schiff,MATCH,(all),,,1.0,exact
business_06335,M. Goldhirsch,MATCH,(all),,,1.0,exact
business_06336,M. Goldstein u. Co GmbH,MATCH,(all),,,1.0,exact
business_06337,M. Gonzer,MATCH,(all),,,1.0,exact
business_06338,M. Gronich,MATCH,(all),,,1.0,exact
business_06339,M. Grund,MATCH,(all),,,1.0,exact
business_06340,M. Grünberg Nachf. - Schoeneberg Inh. Hugo Cohn,MATCH,(all),,,1.0,exact
business_06341,M. Holzer,MATCH,(all),,,1.0,exact
business_06342,M. Horowitz & M. Silbiger,MATCH,(all),,,1.0,exact
business_06343,M. J. Bodenstein GmbH,MATCH,(all),,,1.0,exact
business_06344,M. J. Teich,MATCH,(all),,,1.0,exact
business_06345,M. Juda & Co GmbH,MATCH,(all),,,1.0,exact
business_06346,M. K. Sternberg Spandau. Seit 1841 das Haus der guten Qualitäten,MATCH,(all),,,1.0,exact
business_06347,M. Kahnemann jr.,MATCH,(all),,,1.0,exact
business_06348,M. Kamermann & Co,MATCH,(all),,,1.0,exact
business_06349,M. Kaphan & Co Holzvermittlungs-GmbH,MATCH,(all),,,1.0,exact
business_06350,M. Kempinski & Co,MATCH,(all),,,1.0,exact
business_06351,M. Grünfeld & Co,MATCH,(all),,,1.0,exact
business_06352,M. Gärtner,MATCH,(all),,,1.0,exact
business_06353,M. H. Nasch,MATCH,(all),,,1.0,exact
business_06354,M. Hamburger,MATCH,(all),,,1.0,exact
business_06355,M. Hannes-Selmar Cohn GmbH,FIELD_DIFF,original_address,"Friedrichstr. 38/40, Berlin","Neue Friedrichstr. 38/40, Berlin",0.65,address_differs
business_06356,M. Hartenheim Nachf. Inh. Max Meyer,MATCH,(all),,,1.0,exact
business_06357,"M. Hartlieb, Sachverständiger",MATCH,(all),,,1.0,exact
business_06358,M. Heydemann,MATCH,(all),,,1.0,exact
business_06359,M. Hiller Nachf. AG,MATCH,(all),,,1.0,exact
business_06360,M. Hochmann,MATCH,(all),,,1.0,exact
business_06361,"M. Kempinski & Co, Kempinski-Kaffee",MATCH,(all),,,1.0,exact
business_06362,M. Kimmelstiel & Co,MATCH,(all),,,1.0,exact
business_06363,M. Koppel,MATCH,(all),,,1.0,exact
business_06364,M. Krayn,MATCH,(all),,,1.0,exact
business_06365,M. Kurz & Söhne Wäscheversand,MATCH,(all),,,1.0,exact
business_06366,M. Laser,MATCH,(all),,,1.0,exact
business_06367,"M. Laser, Splitter Tilsit Zweigniederlassung Berlin",MATCH,(all),,,1.0,exact
business_06368,M. Leibholz,MATCH,(all),,,1.0,exact
business_06369,M. Leon Rubinstein,MATCH,(all),,,1.0,exact
business_06370,M. Lerner & Co,MATCH,(all),,,1.0,exact
business_06371,M. Loewy Wäscheverleih-Gesellschaft,MATCH,(all),,,1.0,exact
business_06372,M. Lövinsohn,MATCH,(all),,,1.0,exact
business_06373,M. Mayer & Wolf,MATCH,(all),,,1.0,exact
business_06374,M. Megiermann,MATCH,(all),,,1.0,exact
business_06375,M. Meyerhof,MATCH,(all),,,1.0,exact
business_06376,M. Michaelis & Co,MATCH,(all),,,1.0,exact
business_06377,M. Moldawsky & Co Landesprodukte & Mühlenfabrikate,MATCH,(all),,,1.0,exact
business_06378,M. Murawin (Michael Murawin),MATCH,(all),,,1.0,exact
business_06379,M. N. Nasch GmbH,MATCH,(all),,,1.0,exact
business_06380,M. Nawratzki Söhne,MATCH,(all),,,1.0,exact
business_06381,M. Lewin Mützenfabrik,MATCH,(all),,,1.0,exact
business_06382,M. Lewinski & Co,MATCH,(all),,,1.0,exact
business_06383,M. Leßmann,MATCH,(all),,,1.0,exact
business_06384,M. Lichtenstein Nchf. D. Cohn,FIELD_DIFF,original_address,"( Trade ) Eingetragen im Handelsregister/ Gründung 1931 Erloschen 1938 Grünstr. , Berlin","Grünstr. , Berlin",0.65,address_differs
business_06385,M. Liebshardt & Co E. Saemann,MATCH,(all),,,1.0,exact
business_06386,M. Liemann & Co,MATCH,(all),,,1.0,exact_ambiguous_2
business_06387,M. Liemann & Co,FIELD_DIFF,original_address,"Müllerstr. 12, Berlin","Alexandrinenstr. 11, Berlin",0.65,address_differs
business_06387,M. Liemann & Co,FIELD_DIFF,startDate,1920,1933,0.6,founding year mismatch
business_06387,M. Liemann & Co,FIELD_DIFF,endDate,1933,1940,0.6,closing/takeover year mismatch
business_06388,M. Liemann & Co Zigaretten-Vertrieb GmbH,FIELD_DIFF,original_address,"Müllerstr. 12, Berlin","Müllerstr. 12c, Berlin",0.65,address_differs
business_06389,M. Lissauer & Cie ZN Berlin,MATCH,(all),,,1.0,exact
business_06390,M. Loewenstern,MATCH,(all),,,1.0,exact
business_06391,M. Sondheimer,MATCH,(all),,,1.0,exact
business_06392,M. Sonnenblick & Sohn,MATCH,(all),,,1.0,exact
business_06393,M. Sperling,MATCH,(all),,,1.0,exact
business_06394,M. Sperling Getreide-AG,MATCH,(all),,,1.0,exact
business_06395,M. Straus & Co,MATCH,(all),,,1.0,exact
business_06396,M. Strauss,MATCH,(all),,,1.0,exact
business_06397,M. Taussig & Co,MATCH,(all),,,1.0,exact
business_06398,M. Wainstock & S. Arendt,MATCH,(all),,,1.0,exact
business_06399,M. Waldberg,MATCH,(all),,,1.0,exact
business_06400,M. Wilde,FIELD_DIFF,original_address,"Friedrichstr. 79, Berlin","Neue Friedrichstr. 79a, Berlin",0.65,address_differs
business_06401,M. Ruben & Benedik,MATCH,(all),,,1.0,exact
business_06402,M. Rudnik GmbH,FIELD_DIFF,original_address,"Friedrichstr. 77, Berlin","Neue Friedrichstr. 77, Berlin",0.65,address_differs
business_06403,M. Schauer,MATCH,(all),,,1.0,exact
business_06404,M. Schlanger & Co Pelzkürschnerei und Pelzversand,FIELD_DIFF,original_address,"Paul-Singer-Str. 17, Berlin","Paul-Singer-Str. (Grüner Weg - Brauner Weg) 17, Berlin",0.65,address_differs
business_06405,M. Schmoller & Fabian,MATCH,(all),,,1.0,exact
business_06406,M. Schopflocher & Söhne,MATCH,(all),,,1.0,exact
business_06407,M. Schott & Co,MATCH,(all),,,1.0,exact
business_06408,M. Seefeld & Co,MATCH,(all),,,1.0,exact
business_06409,M. Siegfried Weishaus,MATCH,(all),,,1.0,exact
business_06410,M. Silberblatt,MATCH,(all),,,1.0,exact
business_06411,M. Neufeld & Co,MATCH,(all),,,1.0,exact
business_06412,M. Neutuch,MATCH,(all),,,1.0,exact
business_06413,M. Oberzimmer,MATCH,(all),,,1.0,exact
business_06414,M. Oppenheim & Co,MATCH,(all),,,1.0,exact
business_06415,M. Pauly,MATCH,(all),,,1.0,exact
business_06416,M. Pech GmbH für sanitären Bedarf und Hygiene,MATCH,(all),,,1.0,exact
business_06417,M. Ponikowsky & Co,MATCH,(all),,,1.0,exact
business_06418,M. Poppelauer,FIELD_DIFF,original_address,"Friedrichstr. 59, Berlin","Neue Friedrichstr. 59, Berlin",0.65,address_differs
business_06419,M. Reich,MATCH,(all),,,1.0,exact
business_06420,M. Rosenthal Moderne Drucksachen,MATCH,(all),,,1.0,exact
business_06421,Maiyor Frye,MATCH,(all),,,1.0,exact
business_06422,Majestic Film GmbH,MATCH,(all),,,1.0,exact
business_06423,Majnzer,MATCH,(all),,,1.0,exact
business_06424,Makkabiah Transport-GmbH,MATCH,(all),,,1.0,exact
business_06425,Mal-Kah Zigarettenfabrik AG,MATCH,(all),,,1.0,exact
business_06426,Malerei Spiegel,MATCH,(all),,,1.0,exact
business_06427,Malik Verlag AG,MATCH,(all),,,1.0,exact
business_06428,Malzbierbrauerei Groterjan & Co AG,MATCH,(all),,,1.0,exact
business_06429,Malzfabrik Spandau GmbH,MATCH,(all),,,1.0,exact
business_06430,Mamlok & Söhne Wein und Spirituosen AG,MATCH,(all),,,1.0,exact
business_06431,Machol & Lewin,FIELD_DIFF,original_address,"Friedrichstr. 37, Berlin","Neue Friedrichstr. 37, Berlin",0.65,address_differs
business_06432,Maendl & Co,MATCH,(all),,,1.0,exact
business_06433,Maertin,MATCH,(all),,,1.0,exact
business_06434,Magazin Fortuna Herbert Lewy,MATCH,(all),,,1.0,exact
business_06435,Magnus Fraenkel,MATCH,(all),,,1.0,exact
business_06436,Magnus Goldschmidt,MATCH,(all),,,1.0,exact
business_06437,Magnus Marcus,MATCH,(all),,,1.0,exact
business_06438,Magnus Nachum,MATCH,(all),,,1.0,exact
business_06439,"Magnus, Benjamin David",MATCH,(all),,,1.0,exact
business_06440,Maier Margulies,MATCH,(all),,,1.0,exact
business_06441,M. Wolfsky & Co,MATCH,(all),,,1.0,exact
business_06442,M. Wollner´s Möbeltischlerei Nachf.,MATCH,(all),,,1.0,exact
business_06443,M. Wosner,MATCH,(all),,,1.0,exact
business_06444,M. Wurzel & Sohn Mützenfabrikation,MATCH,(all),,,1.0,exact
business_06445,M. Zachart,MATCH,(all),,,1.0,exact
business_06446,M. Zellermayer GmbH,MATCH,(all),,,1.0,exact
business_06447,M. Zmigrod,MATCH,(all),,,1.0,exact
business_06448,Ma(x) Karo Rohstoffe für die Papier-Industrie,MATCH,(all),,,1.0,exact
business_06449,Maaß & Röhmann,MATCH,(all),,,1.0,exact
business_06450,Macco-Wäscheversandhaus Schlüsselberg & Stub,MATCH,(all),,,1.0,exact
business_06451,Mannheim & Wolff,MATCH,(all),,,1.0,exact
business_06452,"Mannheimer, Albert",MATCH,(all),,,1.0,exact
business_06453,Manole Rosenberg,MATCH,(all),,,1.0,exact
business_06454,Manoli AG,MATCH,(all),,,1.0,exact
business_06455,Marcel Steinbach,MATCH,(all),,,1.0,exact
business_06456,Marcus & Nathansen,MATCH,(all),,,1.0,exact
business_06457,Marcus & Rosenberg,MATCH,(all),,,1.0,exact
business_06458,Marcus & Volkmar,FIELD_DIFF,original_address,"( Trade ) Eingetragen im Handelsregister/ Gründung 1900 Erloschen 1937 Am Weidendamm 1a, Berlin","Am Weidendamm 1a, Berlin",0.65,address_differs
business_06459,Marcus Fleischmann,MATCH,(all),,,1.0,exact
business_06460,Marcus Frankenstein,MATCH,(all),,,1.0,exact
business_06461,"Mamlok, Messow & Hirschfeldt",MATCH,(all),,,1.0,exact
business_06462,"Mamlok, Messow & Hirschfeldt, Furniermesserei, GmbH",MATCH,(all),,,1.0,exact
business_06463,Mamroth & Brodda,MATCH,(all),,,1.0,exact
business_06464,Manasse Hanfling gen. Burta,MATCH,(all),,,1.0,exact
business_06465,"Mandl, Leopold",MATCH,(all),,,1.0,exact
business_06466,Manes & Co GmbH,MATCH,(all),,,1.0,exact
business_06467,Manfred Gruber,MATCH,(all),,,1.0,exact
business_06468,Manfred Leopold,MATCH,(all),,,1.0,exact
business_06469,Manfred Schall,MATCH,(all),,,1.0,exact
business_06470,Mann & Scheidemann,FIELD_DIFF,original_address,"Linienstr. 3, Berlin","Linienstr. 3a, Berlin",0.65,address_differs
business_06471,Marcus Israel Söhne,FIELD_DIFF,original_address,"Kottbusser Ufer 17, Berlin","Kottbusser Ufer 17a, Berlin",0.65,address_differs
business_06472,Marcus Lewin,MATCH,(all),,,1.0,exact
business_06473,Marcus Nagler,MATCH,(all),,,1.0,exact
business_06474,Marcus Treitel,MATCH,(all),,,1.0,exact
business_06475,Marcuse & Orbach GmbH,MATCH,(all),,,1.0,exact
business_06476,"Marcuse, Regina",MATCH,(all),,,1.0,exact
business_06477,Marg. Krumnow,MATCH,(all),,,1.0,exact
business_06478,Marg. Reichmann,MATCH,(all),,,1.0,exact
business_06479,Marga Hecht-Lubinski,MATCH,(all),,,1.0,exact
business_06480,Margarete Almus,FIELD_DIFF,original_address,"Stromstr. 70, Berlin","Stromstr. 70 (Privatwohnung), Berlin",0.65,address_differs
business_06481,Marie Lichtenfeld,MATCH,(all),,,1.0,exact
business_06482,Marie Lindenstädt Nachf.,MATCH,(all),,,1.0,exact
business_06483,Marien-Apotheke Sonntag & Oelsner,MATCH,(all),,,1.0,exact
business_06484,Mariendorfer Gummiwarenfabrik GmbH,MATCH,(all),,,1.0,exact
business_06485,Mariendorfer Verlagsanstalt und Druckerei Hermann Wegner & Co,MATCH,(all),,,1.0,exact
business_06486,Marion Grundstücksgesellschaft mbH,MATCH,(all),,,1.0,exact
business_06487,Markel Friedmann,MATCH,(all),,,1.0,exact
business_06488,Markendorf & Ackermann,MATCH,(all),,,1.0,exact
business_06489,Markendorf & Co,FIELD_DIFF,original_address,"Jüdenstr. 55, Berlin","Jüdenstr. 55 I, Berlin",0.65,address_differs
business_06490,Markgrafen-Konditorei,MATCH,(all),,,1.0,exact
business_06491,Margarete Bernstein,MATCH,(all),,,1.0,exact
business_06492,Margarete Bornstein,MATCH,(all),,,1.0,exact
business_06493,"Margarete Gerson, Bismarck-Photo",MATCH,(all),,,1.0,exact
business_06494,Margarete Hirschfeld,MATCH,(all),,,1.0,exact
business_06495,Margarete Hurtig,MATCH,(all),,,1.0,exact
business_06496,Margarete Neuhoff,MATCH,(all),,,1.0,exact
business_06497,Margarete Philippi,MATCH,(all),,,1.0,exact
business_06498,Margareten Apotheke Emil Hübner,MATCH,(all),,,1.0,exact
business_06499,Margareten Apotheke Konrad Lanzenberger,MATCH,(all),,,1.0,exact
business_06500,Margarethe Meyer (Papier-Meyer),MATCH,(all),,,1.0,exact
business_06501,Margarinefabrik Groß-Berlin GmbH,MATCH,(all),,,1.0,exact
business_06502,Margarno Destillerie Arnold Aron,MATCH,(all),,,1.0,exact
business_06503,Marggraffs Rothe Apotheke Dr. Wilhelm Wartenberg,MATCH,(all),,,1.0,exact
business_06504,Margot Keßler,MATCH,(all),,,1.0,exact
business_06505,Margot Meth,MATCH,(all),,,1.0,exact
business_06506,"Margraf & Co, GmbH",MATCH,(all),,,1.0,exact
business_06507,Marianne Singer,MATCH,(all),,,1.0,exact
business_06508,Mariannen-Apotheke Dr. Samuel Lachmann,MATCH,(all),,,1.0,exact
business_06509,Marie Auerbach,MATCH,(all),,,1.0,exact
business_06510,Marie Hüttel Steppdeckenfabrikation,FIELD_DIFF,original_address,"Paul-Singer-Str. 31, Berlin","Paul-Singer-Str. (Grüner Weg - Brauner Weg) 31, Berlin",0.65,address_differs
business_06511,Markisen-Kilz,MATCH,(all),,,1.0,exact
business_06512,Markmann & Jacoby,MATCH,(all),,,1.0,exact
business_06513,Marksohn & Scheyer,MATCH,(all),,,1.0,exact
business_06514,Marku. Solomon,MATCH,(all),,,1.0,exact
business_06515,Markus Billet,MATCH,(all),,,1.0,exact
business_06516,Markus Englaender,MATCH,(all),,,1.0,exact
business_06517,Markus Frankenstein,MATCH,(all),,,1.0,exact
business_06518,Markus Freiser,MATCH,(all),,,1.0,exact
business_06519,Markus Isler,MATCH,(all),,,1.0,exact
business_06520,Markus Kleinberger,MATCH,(all),,,1.0,exact
business_06521,Markus Wolkowitz,MATCH,(all),,,1.0,exact
business_06522,Markus Zobel,MATCH,(all),,,1.0,exact
business_06523,Markwald & Co in Liqu.,MATCH,(all),,,1.0,exact
business_06524,Markwald & Scheidemann,MATCH,(all),,,1.0,exact
business_06525,"Markwald, Rosenthal & Kosterlitz Damenmäntel-Confetion",MATCH,(all),,,1.0,exact
business_06526,Marot - Tabakfabrikate Max Rothschild,MATCH,(all),,,1.0,exact
business_06527,Maroti & Freink GmbH,MATCH,(all),,,1.0,exact
business_06528,Marowitz,MATCH,(all),,,1.0,exact
business_06529,Marta Görtel,MATCH,(all),,,1.0,exact
business_06530,"Marta Seeligmann, in Firma Fleckweg",MATCH,(all),,,1.0,exact
business_06531,Markus Kreisberg,MATCH,(all),,,1.0,exact
business_06532,Markus Last Textil-Rohstoffe,MATCH,(all),,,1.0,exact
business_06533,Markus Löwenthal,MATCH,(all),,,1.0,exact
business_06534,Markus M. Bach,MATCH,(all),,,1.0,exact
business_06535,Markus Milet,MATCH,(all),,,1.0,exact
business_06536,Markus Mondschein,MATCH,(all),,,1.0,exact
business_06537,Markus Rebensaft,MATCH,(all),,,1.0,exact
business_06538,Markus Reiter,MATCH,(all),,,1.0,exact
business_06539,Markus Riesel,MATCH,(all),,,1.0,exact
business_06540,Markus Schattner,MATCH,(all),,,1.0,exact
business_06541,Martin Besser,MATCH,(all),,,1.0,exact
business_06542,Martin Blaustein,MATCH,(all),,,1.0,exact
business_06543,Martin Brann,MATCH,(all),,,1.0,exact
business_06544,Martin Brasch,MATCH,(all),,,1.0,exact
business_06545,Martin Breslauer,MATCH,(all),,,1.0,exact
business_06546,Martin Bukofzer,MATCH,(all),,,1.0,exact
business_06547,Martin Cohn,MATCH,(all),,,1.0,exact
business_06548,Martin Cohn Bankkommissionsgeschäft,MATCH,(all),,,1.0,exact
business_06549,Martin David,FIELD_DIFF,original_address,"Helmstedterstr. 1, Berlin","Helmstedterstr. (Zimmer in Privatwohnung (1)) 1, Berlin",0.65,address_differs
business_06550,Martin Davidsohn,MATCH,(all),,,1.0,exact
business_06551,Martha Ruppin,MATCH,(all),,,1.0,exact
business_06552,Martha Siedner,MATCH,(all),,,1.0,exact
business_06553,Martha Thamm,MATCH,(all),,,1.0,exact
business_06554,Martin Abraham früher Bazar Wolfenstein,MATCH,(all),,,1.0,exact
business_06555,Martin Aronsohn,MATCH,(all),,,1.0,exact
business_06556,Martin Baum,MATCH,(all),,,1.0,exact
business_06557,Martin Becker,MATCH,(all),,,1.0,exact
business_06558,Martin Bendix,MATCH,(all),,,1.0,exact
business_06559,Martin Berju,MATCH,(all),,,1.0,exact
business_06560,Martin Bernhold,MATCH,(all),,,1.0,exact
business_06561,Marta Tischler,MATCH,(all),,,1.0,exact
business_06562,Martha Adler,MATCH,(all),,,1.0,exact
business_06563,Martha Bucki,MATCH,(all),,,1.0,exact
business_06564,Martha Eisenberg ( Maria Eisenberg),MATCH,(all),,,1.0,exact
business_06565,Martha Grund,MATCH,(all),,,1.0,exact
business_06566,Martha Hirsch Fisch- und Krebs-Großhandlung,MATCH,(all),,,1.0,exact
business_06567,Martha Konicki,MATCH,(all),,,1.0,exact
business_06568,Martha Ladewig,MATCH,(all),,,1.0,exact
business_06569,Martha Lewinsky Wäsche und Schürzenfabrikation,MATCH,(all),,,1.0,exact
business_06570,Martha Rosenthal,MATCH,(all),,,1.0,exact
business_06571,Martin Feuerstein,MATCH,(all),,,1.0,exact
business_06572,Martin Friedeberg,MATCH,(all),,,1.0,exact
business_06573,Martin Friedländer & Co,FIELD_DIFF,original_address,"Friedrichstr. 38/40, Berlin","Neue Friedrichstr. 38/40, Berlin",0.65,address_differs
business_06574,Martin Glas,MATCH,(all),,,1.0,exact
business_06575,Martin Glück Bankcommission,MATCH,(all),,,1.0,exact
business_06576,Martin Glücksmann,MATCH,(all),,,1.0,exact
business_06577,Martin Goldberg & Co,MATCH,(all),,,1.0,exact
business_06578,Martin Gottliebsohn,MATCH,(all),,,1.0,exact
business_06579,Martin Gottschalk,MATCH,(all),,,1.0,exact
business_06580,Martin Guggenheim Fabrik für Beleuchtungsgegenstände AG,MATCH,(all),,,1.0,exact
business_06581,Martin Gülzow & Co,MATCH,(all),,,1.0,exact
business_06582,Martin Günther GmbH,MATCH,(all),,,1.0,exact
business_06583,Martin Hirschfeld,MATCH,(all),,,1.0,exact
business_06584,Martin Holzapfel,MATCH,(all),,,1.0,exact
business_06585,Martin Horwitz,FIELD_DIFF,cleaned_address,,"Keine Angabe , Berlin",0.65,address_differs
business_06586,Martin J. Salomon & Co,MATCH,(all),,,1.0,exact
business_06587,Martin Jacobson,MATCH,(all),,,1.0,exact
business_06588,Martin Jacoby (Martin Jacobi),MATCH,(all),,,1.0,exact
business_06589,Martin Jaffe,MATCH,(all),,,1.0,exact
business_06590,Martin Jany Radiogroßhandel,MATCH,(all),,,1.0,exact
business_06591,Martin Kramarski,MATCH,(all),,,1.0,exact
business_06592,Martin L. Cohn,MATCH,(all),,,1.0,exact
business_06593,Martin Langer,MATCH,(all),,,1.0,exact
business_06594,Martin Lehmann,MATCH,(all),,,1.0,exact
business_06595,Martin Levy,MATCH,(all),,,1.0,exact
business_06596,Martin Liebenwalde,MATCH,(all),,,1.0,exact
business_06597,Martin Liepmann,MATCH,(all),,,1.0,exact
business_06598,Martin Loewenthal & Co,MATCH,(all),,,1.0,exact
business_06599,Martin Louis,MATCH,(all),,,1.0,exact
business_06600,Martin Lublinsky,MATCH,(all),,,1.0,exact
business_06601,Martin Kahn & Co GmbH,MATCH,(all),,,1.0,exact
business_06602,Martin Kalischer,MATCH,(all),,,1.0,exact
business_06603,Martin Kallmann,MATCH,(all),,,1.0,exact
business_06604,Martin Kanter,MATCH,(all),,,1.0,exact
business_06605,Martin Kantorowicz,MATCH,(all),,,1.0,exact
business_06606,Martin Katz & Co,MATCH,(all),,,1.0,exact
business_06607,Martin Kirschberg,MATCH,(all),,,1.0,exact
business_06608,Martin Kleinecke Wieland-Apotheke,MATCH,(all),,,1.0,exact
business_06609,Martin Koeppel,MATCH,(all),,,1.0,exact
business_06610,Martin Koster,MATCH,(all),,,1.0,exact
business_06611,Martin Schiff - Marcus Nelken & Sohn,MATCH,(all),,,1.0,exact
business_06612,Martin Schiff - Markus Nelken & Sohn,MATCH,(all),,,1.0,exact
business_06613,Martin Schwersenz,MATCH,(all),,,1.0,exact
business_06614,Martin Solomon,MATCH,(all),,,1.0,exact
business_06615,Martin Sonntag,MATCH,(all),,,1.0,exact
business_06616,Martin Sternberg & Co,MATCH,(all),,,1.0,exact
business_06617,Martin Striem,MATCH,(all),,,1.0,exact
business_06618,Martin Tichauer,MATCH,(all),,,1.0,exact
business_06619,Martin Treitel,MATCH,(all),,,1.0,exact
business_06620,Martin Wangenheim,MATCH,(all),,,1.0,exact
business_06621,Martin Moses,MATCH,(all),,,1.0,exact
business_06622,Martin Nathan,MATCH,(all),,,1.0,exact
business_06623,Martin Neumann,FIELD_DIFF,original_address,"Kantstr. 32, Berlin","Neue Kantstr. 32, Berlin",0.65,address_differs
business_06624,Martin Neustadt & Co,FIELD_DIFF,original_address,"e Frankfurter Str. 73, Berlin","Große Frankfurter Str. 73, Berlin",0.65,address_differs
business_06625,Martin Philipsen,MATCH,(all),,,1.0,exact
business_06626,Martin Pintus,MATCH,(all),,,1.0,exact
business_06627,Martin Pollak,MATCH,(all),,,1.0,exact
business_06628,Martin Rosenthal,MATCH,(all),,,1.0,exact
business_06629,Martin Salinger,MATCH,(all),,,1.0,exact
business_06630,Martin Salomon Landesprodukte,MATCH,(all),,,1.0,exact
business_06631,Martin Lücking Nflg.,MATCH,(all),,,1.0,exact
business_06632,Martin M. Sternberg,MATCH,(all),,,1.0,exact
business_06633,Martin M. Sternberg Mehl- und Getreide-Großhandel,MATCH,(all),,,1.0,exact
business_06634,Martin M. Sternburg Mehl- und Getreide-Großhandel GmbH,MATCH,(all),,,1.0,exact
business_06635,Martin Marcuse,MATCH,(all),,,1.0,exact
business_06636,Martin Markus,MATCH,(all),,,1.0,exact
business_06637,Martin Maschler,MATCH,(all),,,1.0,exact
business_06638,Martin Mendelsohn Versicherungsdienst,MATCH,(all),,,1.0,exact
business_06639,Martin Mendelssohn,MATCH,(all),,,1.0,exact
business_06640,Martin Michaelis Cohn,MATCH,(all),,,1.0,exact
business_06641,Martin Wittenberg in Firma Fuchs,MATCH,(all),,,1.0,exact
business_06642,Martin Würzburg,MATCH,(all),,,1.0,exact
business_06643,Martin Zander,MATCH,(all),,,1.0,exact
business_06644,Martin Zwirner,MATCH,(all),,,1.0,exact
business_06645,Marx & Sündermann,MATCH,(all),,,1.0,exact
business_06646,"Marx, Hartl & Co",MATCH,(all),,,1.0,exact
business_06647,Maschinenfabrik Stöhr,MATCH,(all),,,1.0,exact
business_06648,Maschinenoel Import Gesellschaft Foellner & Sachs,MATCH,(all),,,1.0,exact
business_06649,Massary Zigarettenfabrik GmbH,MATCH,(all),,,1.0,exact
business_06650,Masta-Schuhfabrik Maier Pomeranzblum,MATCH,(all),,,1.0,exact
business_06651,Max Abraham Bankkommissionsgeschäft,MATCH,(all),,,1.0,exact
business_06652,Max Adam GmbH,MATCH,(all),,,1.0,exact
business_06653,Max Albert Meyer,MATCH,(all),,,1.0,exact
business_06654,"Max Alexander, Herrenmoden",MATCH,(all),,,1.0,exact
business_06655,Max Aris,MATCH,(all),,,1.0,exact
business_06656,Max Aronsohn,MATCH,(all),,,1.0,exact
business_06657,Max Ascher Bankkommission,MATCH,(all),,,1.0,exact
business_06658,Max Ascher Großhandel in Kleiderstoffen,MATCH,(all),,,1.0,exact
business_06659,Max Aufrichtig,MATCH,(all),,,1.0,exact
business_06660,Max Bank & Co,MATCH,(all),,,1.0,exact
business_06661,Masting & Co,MATCH,(all),,,1.0,exact
business_06662,Matador-Film GmbH,MATCH,(all),,,1.0,exact
business_06663,Mathias Förster Wolga GmbH,MATCH,(all),,,1.0,exact
business_06664,Matrazen-Industrie GmbH,MATCH,(all),,,1.0,exact
business_06665,Mattissohn & Fiedler,MATCH,(all),,,1.0,exact
business_06666,Maurer & Bracht,MATCH,(all),,,1.0,exact
business_06667,Mauritius-Verlag Ernst Mayer,MATCH,(all),,,1.0,exact
business_06668,Max & Fritz Stammreich,MATCH,(all),,,1.0,exact
business_06669,Max & J. Goldmann Luxusschuhfabrikation,FIELD_DIFF,original_address,"Meyerbeerstr. 1, Berlin","Meyerbeerstr. 1-4, Berlin",0.65,address_differs
business_06670,Max A. Goldschmidt,FIELD_DIFF,original_address,"( Trade ) Eingetragen im Handelsregister/ Gründung 1927 Erloschen 1938 Am Weidendamm 1a, Berlin","Am Weidendamm 1a, Berlin",0.65,address_differs
business_06671,Max Bank & Co Pelzwaren GmbH,MATCH,(all),,,1.0,exact
business_06672,Max Bauchwitz jr.,MATCH,(all),,,1.0,exact
business_06673,Max Beer,MATCH,(all),,,1.0,exact
business_06674,Max Behrendt,MATCH,(all),,,1.0,exact
business_06675,Max Berg & Co,MATCH,(all),,,1.0,exact
business_06676,Max Bergmann,MATCH,(all),,,1.0,exact
business_06677,Max Berlfein,MATCH,(all),,,1.0,exact
business_06678,Max Berliner,MATCH,(all),,,1.0,exact
business_06679,"Max Berliner, Bankkommission",MATCH,(all),,,1.0,exact
business_06680,Max Bernstein,MATCH,(all),,,1.0,exact
business_06681,"Max Bernstein, Vertreter der Würtembergischen Metallwarenfabrik",MATCH,(all),,,1.0,exact
business_06682,Max Bertuch,MATCH,(all),,,1.0,exact
business_06683,Max Beuthner,MATCH,(all),,,1.0,exact
business_06684,Max Beutner vorm. R. & C. v. Normann,MATCH,(all),,,1.0,exact
business_06685,Max Bielschowsky,MATCH,(all),,,1.0,exact
business_06686,Max Blaustein Parfum-Import,MATCH,(all),,,1.0,exact
business_06687,Max Bloch & Co GmbH,MATCH,(all),,,1.0,exact
business_06688,Max Blumenau,MATCH,(all),,,1.0,exact
business_06689,Max Boas,MATCH,(all),,,1.0,exact
business_06690,Max Bohne,MATCH,(all),,,1.0,exact
business_06691,Max Breslauer,MATCH,(all),,,1.0,exact
business_06692,Max Brinitzer,MATCH,(all),,,1.0,exact
business_06693,Max Brisgelski,MATCH,(all),,,1.0,exact
business_06694,"Max Buchholz, in Firma Elektro-Buchholz",MATCH,(all),,,1.0,exact
business_06695,Max Bukofzer Getreide Futtermittel,MATCH,(all),,,1.0,exact
business_06696,Max Bürmann & Co,MATCH,(all),,,1.0,exact
business_06697,Max Cohn Inh. Georg Hirschfeld,MATCH,(all),,,1.0,exact
business_06698,Max Coper,MATCH,(all),,,1.0,exact
business_06699,Max D. Wolff,MATCH,(all),,,1.0,exact
business_06700,Max David Getreide-Geschäft,MATCH,(all),,,1.0,exact
business_06701,Max Franken,MATCH,(all),,,1.0,exact
business_06702,Max Frankenbach,MATCH,(all),,,1.0,exact
business_06703,Max Freidberg,FIELD_DIFF,original_address,"Jakobstr. 23/24, Berlin","Alte Jakobstr. 23/24, Berlin",0.65,address_differs
business_06704,Max Friede Linonformenfabrik,MATCH,(all),,,1.0,exact
business_06705,Max Friedeberg,MATCH,(all),,,1.0,exact
business_06706,Max Friedlaender Strauß-Apotheke,MATCH,(all),,,1.0,exact
business_06707,Max Friedländer,MATCH,(all),,,1.0,exact
business_06708,Max Fritsch,MATCH,(all),,,1.0,exact
business_06709,"Max Fuerst, Vertretungen",MATCH,(all),,,1.0,exact
business_06710,Max Fürst GmbH,FIELD_DIFF,original_address,"Wilmersdorfer Str. 81, Berlin","Wilmersdorfer Str. 81 (bei Fürst), Berlin",0.65,address_differs
business_06711,Max Davidsohn Käse-Engros,MATCH,(all),,,1.0,exact
business_06712,Max Dienstag,MATCH,(all),,,1.0,exact
business_06713,Max Dresdner,MATCH,(all),,,1.0,exact
business_06714,Max Dresel,FIELD_DIFF,original_address,"Jakobstr. 173, Berlin","Alte Jakobstr. 173, Berlin",0.65,address_differs
business_06715,Max Dürfeldt & Co,MATCH,(all),,,1.0,exact
business_06716,Max Eger,MATCH,(all),,,1.0,exact
business_06717,Max Eisenberg & Co,MATCH,(all),,,1.0,exact
business_06718,Max Eisenstaedt Druckerei u. Papierhandlung,MATCH,(all),,,1.0,exact
business_06719,Max Elkan,MATCH,(all),,,1.0,exact
business_06720,Max Epstein,MATCH,(all),,,1.0,exact
business_06721,Max Fabisch & Co,MATCH,(all),,,1.0,exact
business_06722,Max Falck,MATCH,(all),,,1.0,exact
business_06723,Max Fichtmann,MATCH,(all),,,1.0,exact
business_06724,Max Finkelstein u. Co Kohlenhandels-GmbH,MATCH,(all),,,1.0,exact
business_06725,Max Fischel's Konfektion,MATCH,(all),,,1.0,exact
business_06726,Max Fleischer,MATCH,(all),,,1.0,exact
business_06727,Max Fluß GmbH,MATCH,(all),,,1.0,exact
business_06728,Max Fraenkel Regierungs-Baumeister a. D.,MATCH,(all),,,1.0,exact
business_06729,Max Franck,MATCH,(all),,,1.0,exact
business_06730,Max Frank jr.,MATCH,(all),,,1.0,exact
business_06731,Max Giesen,MATCH,(all),,,1.0,exact
business_06732,Max Glasberg,MATCH,(all),,,1.0,exact
business_06733,Max Glaser,MATCH,(all),,,1.0,exact
business_06734,Max Glaser Papiergroßhandlung,FIELD_DIFF,original_address,"Alexanderstr. 39/40, Berlin","Alexanderstr. 39/40 (Passage), Berlin",0.65,address_differs
business_06735,Max Gleitzmann,MATCH,(all),,,1.0,exact
business_06736,Max Gold,MATCH,(all),,,1.0,exact
business_06737,Max Goldberg,MATCH,(all),,,1.0,exact
business_06738,Max Goldmann,MATCH,(all),,,1.0,exact
business_06739,Max Goldner Kursmakler,FIELD_DIFF,original_address,"Burgstr. 25, Berlin","Burgstr. 25 (Börse), Berlin",0.65,address_differs
business_06740,Max Goldstein Chocoladen & Zuckerwaren-engros,MATCH,(all),,,1.0,exact
business_06741,Max Gutkind,MATCH,(all),,,1.0,exact
business_06742,Max Guttmann,MATCH,(all),,,1.0,exact
business_06743,Max Haase Buchdruckerei,MATCH,(all),,,1.0,exact
business_06744,Max Halbreich,MATCH,(all),,,1.0,exact
business_06745,Max Harrwitz,MATCH,(all),,,1.0,exact
business_06746,Max Heilbronner,MATCH,(all),,,1.0,exact
business_06747,Max Heimann,FIELD_DIFF,original_address,"( Trade ) Eingetragen im Handelsregister/ Gründung 1924 Erloschen 1939 Südhafen , Berlin","Südhafen , Berlin",0.65,address_differs
business_06748,Max Heller,MATCH,(all),,,1.0,exact
business_06749,Max Hergershausen,MATCH,(all),,,1.0,exact
business_06750,Max Herrscher,MATCH,(all),,,1.0,exact
business_06751,Max Grand & Co,MATCH,(all),,,1.0,exact
business_06752,Max Grebler,MATCH,(all),,,1.0,exact
business_06753,Max Grebler & Co GmbH,MATCH,(all),,,1.0,exact
business_06754,Max Grebler GmbH,MATCH,(all),,,1.0,exact
business_06755,Max Grodszinsky,MATCH,(all),,,1.0,exact
business_06756,Max Gronemann,MATCH,(all),,,1.0,exact
business_06757,Max Groß,MATCH,(all),,,1.0,exact
business_06758,Max Grunsfeld Wäschefabrik Textilwaren-Großhandel Inhaber Kurt Hartstein,FIELD_DIFF,original_address,"Königstr. 60, Berlin","Neue Königstr. 60, Berlin",0.65,address_differs
business_06759,Max Gundelfinger,MATCH,(all),,,1.0,exact
business_06760,Max Gutfeld,MATCH,(all),,,1.0,exact
business_06761,Max Herzberg Agenturen,MATCH,(all),,,1.0,exact
business_06762,Max Herzberger & Co,MATCH,(all),,,1.0,exact
business_06763,Max Hesse,MATCH,(all),,,1.0,exact
business_06764,Max Hesse Industriedruck,MATCH,(all),,,1.0,exact
business_06765,Max Heyde & Co,MATCH,(all),,,1.0,exact
business_06766,Max Hirsch & Co,MATCH,(all),,,1.0,exact
business_06767,Max Hirsch Bankkommissionsgeschäft,MATCH,(all),,,1.0,exact
business_06768,Max Hirsch Grundstücks- u.Hypotheken-Verkehr,MATCH,(all),,,1.0,exact
business_06769,Max Hirsch Knaben-Confection engros,MATCH,(all),,,1.0,exact
business_06770,"Max Hirsch, Wäschefabrik",FIELD_DIFF,original_address,"Friedrichstr. 23, Berlin","Neue Friedrichstr. 23, Berlin",0.65,address_differs
business_06771,Max Jany,MATCH,(all),,,1.0,exact
business_06772,Max Japha,MATCH,(all),,,1.0,exact
business_06773,Max Jaschunsky,MATCH,(all),,,1.0,exact
business_06774,Max Joachimsthal GmbH,MATCH,(all),,,1.0,exact
business_06775,Max Joel,MATCH,(all),,,1.0,exact
business_06776,Max Jonas,MATCH,(all),,,1.0,exact
business_06777,Max Jonas Textil,FIELD_DIFF,original_address,"Jakobstr. 64, Berlin","Alte Jakobstr. 64a, Berlin",0.65,address_differs
business_06778,Max Joseph Podolski,MATCH,(all),,,1.0,exact
business_06779,Max Jungstein Elektro-Radio-Großhandlung,MATCH,(all),,,1.0,exact
business_06780,Max Kalenscher,MATCH,(all),,,1.0,exact
business_06781,Max Hirschberg,MATCH,(all),,,1.0,exact
business_06782,Max Hirschberg Häute und Felle,FIELD_DIFF,original_address,"Alexanderstr. 8, Berlin","Alexanderstr. 8a, Berlin",0.65,address_differs
business_06783,Max Hirschberg Textilvertretungen,MATCH,(all),,,1.0,exact
business_06784,Max Hirschel,MATCH,(all),,,1.0,exact
business_06785,Max Isak,MATCH,(all),,,1.0,exact
business_06786,Max Jacob,MATCH,(all),,,1.0,exact
business_06787,Max Jacobsen Agency,MATCH,(all),,,1.0,exact
business_06788,Max Jacoby & Co,MATCH,(all),,,1.0,exact
business_06789,Max Jacoby Corsetfabrik,MATCH,(all),,,1.0,exact
business_06790,Max Jacoby jr.,MATCH,(all),,,1.0,exact
business_06791,Max Kalischer,MATCH,(all),,,1.0,exact
business_06792,"Max Kallenbach, Holz-Kommission und Holz en gros",MATCH,(all),,,1.0,exact
business_06793,Max Kanarek,MATCH,(all),,,1.0,exact
business_06794,Max Kanarienvogel,MATCH,(all),,,1.0,exact
business_06795,Max Kann,FIELD_DIFF,original_address,"Friedrichstr. 48, Berlin","Neue Friedrichstr. 48, Berlin",0.65,address_differs
business_06796,Max Kaplan Mechanische Stickerei,MATCH,(all),,,1.0,exact
business_06797,Max Karminski,MATCH,(all),,,1.0,exact
business_06798,Max Kasper Blusen u. Wäsche-Konfektion,MATCH,(all),,,1.0,exact
business_06799,Max Kawa,FIELD_DIFF,original_address,"Hausvogteiplatz 11, Berlin","Hausvogteiplatz 11a, Berlin",0.65,address_differs
business_06800,Max Kayser,MATCH,(all),,,1.0,exact
business_06801,Max Kulies,FIELD_DIFF,original_address,"Jacobstr. 78, Berlin","Alte Jacobstr. 78, Berlin",0.65,address_differs
business_06802,Max Kuntzschmann & Co,MATCH,(all),,,1.0,exact
business_06803,Max Kupfer & Sohn,MATCH,(all),,,1.0,exact
business_06804,Max Kuttner,MATCH,(all),,,1.0,exact
business_06805,Max Laksberger,MATCH,(all),,,1.0,exact
business_06806,Max Lasnitzki,MATCH,(all),,,1.0,exact
business_06807,Max Lazarus,MATCH,(all),,,1.0,exact
business_06808,Max Lehmann Agentur,MATCH,(all),,,1.0,exact
business_06809,Max Lehrer,MATCH,(all),,,1.0,exact
business_06810,Max Leissner,MATCH,(all),,,1.0,exact
business_06811,Max Kempler,MATCH,(all),,,1.0,exact
business_06812,Max Kestel,MATCH,(all),,,1.0,exact
business_06813,Max Klein & Co,MATCH,(all),,,1.0,exact
business_06814,Max Klein OHG,FIELD_DIFF,original_address,"Königstr. 38, Berlin","Neue Königstr. 38, Berlin",0.65,address_differs
business_06815,Max Knepel,MATCH,(all),,,1.0,exact
business_06816,Max Kramer,MATCH,(all),,,1.0,exact
business_06817,Max Kray & Co Glasindustrie Schreiber AG & Co - GmbH,MATCH,(all),,,1.0,exact
business_06818,Max Kreslawsky,MATCH,(all),,,1.0,exact
business_06819,Max Krotoschiner,MATCH,(all),,,1.0,exact
business_06820,Max Krüger Berliner Kartonfabrik,MATCH,(all),,,1.0,exact
business_06821,Max Leser,MATCH,(all),,,1.0,exact
business_06822,Max Lesser jr.,MATCH,(all),,,1.0,exact
business_06823,Max Lesser jr. GmbH,MATCH,(all),,,1.0,exact
business_06824,Max Levi Lederwaren,MATCH,(all),,,1.0,exact
business_06825,Max Lewin,MATCH,(all),,,1.0,exact
business_06826,"Max Lewin AG für Fabrikation von Kinderkopfbedeckungen, Sporthüten und Baby-Konfektion",MATCH,(all),,,1.0,exact
business_06827,Max Lewy,MATCH,(all),,,1.0,exact
business_06828,Max Lewy Landesproducte,MATCH,(all),,,1.0,exact
business_06829,Max Lichtenstein,MATCH,(all),,,1.0,exact_ambiguous_2
business_06830,Max Lichtenstein,FIELD_DIFF,original_address,"Kantstr. 30, Berlin","Kantstr. 86, Berlin",0.65,address_differs
business_06830,Max Lichtenstein,FIELD_DIFF,startDate,1938,1924,0.6,founding year mismatch
business_06830,Max Lichtenstein,FIELD_DIFF,endDate,1939,1935,0.6,closing/takeover year mismatch
business_06831,Max Lichtwitz,FIELD_DIFF,original_address,"Grünstr. 30, Berlin","Neue Grünstr. 30, Berlin",0.65,address_differs
business_06832,Max Liebes,MATCH,(all),,,1.0,exact
business_06833,Max Lindemann - Etam,MATCH,(all),,,1.0,exact
business_06834,Max Lippmann & Co,MATCH,(all),,,1.0,exact
business_06835,Max Loebell,FIELD_DIFF,original_address,"Friedrichstr. 49, Berlin","Friedrichstr. 49a, Berlin",0.65,address_differs
business_06836,Max Loewinsohn,MATCH,(all),,,1.0,exact
business_06837,Max Lopatka,MATCH,(all),,,1.0,exact
business_06838,Max Luft,FIELD_DIFF,original_address,"Friedrichstr. 38/40, Berlin","Neue Friedrichstr. 38/40, Berlin",0.65,address_differs
business_06839,Max Löwenberg Deutsches Bücher-Versandhaus,MATCH,(all),,,1.0,exact
business_06840,Max Löwenthal,FIELD_DIFF,original_address,"Königstr. 89, Berlin","Neue Königstr. 89, Berlin",0.65,address_differs
business_06841,Max M. Hirschberg,MATCH,(all),,,1.0,exact
business_06842,Max M. Neufeld,MATCH,(all),,,1.0,exact
business_06843,Max M. Neumann,MATCH,(all),,,1.0,exact
business_06844,Max M. Weinreich,MATCH,(all),,,1.0,exact
business_06845,Max Maennlein,MATCH,(all),,,1.0,exact
business_06846,Max Maibaum Technische Vertretungen,MATCH,(all),,,1.0,exact
business_06847,Max Marcus & Co,MATCH,(all),,,1.0,exact
business_06848,Max Marcus & Söhne,MATCH,(all),,,1.0,exact
business_06849,Max Marcus Nachf.,MATCH,(all),,,1.0,exact
business_06850,Max Markowicz,MATCH,(all),,,1.0,exact
business_06851,Max Müller Uhrmacher,MATCH,(all),,,1.0,exact
business_06852,Max N. Weiß,MATCH,(all),,,1.0,exact
business_06853,Max Neufeld & Co,MATCH,(all),,,1.0,exact
business_06854,"Max Neumann Bau- und Nutzholzhandlung vorm. L. S. Neumann, Konitz, Wpr.",MATCH,(all),,,1.0,exact
business_06855,Max Neumann Gürtel & Strumpfhalter Fabrik,MATCH,(all),,,1.0,exact
business_06856,Max Neumann Verisana-Kosmetik,MATCH,(all),,,1.0,exact
business_06857,Max Nußbaum,MATCH,(all),,,1.0,exact
business_06858,Max Ochs & Co Holzgroßhandlung,MATCH,(all),,,1.0,exact
business_06859,Max Oppen in Güstrow (Mecklenburg) mit gleichnamiger Zweigniederlassung Berlin,MATCH,(all),,,1.0,exact
business_06860,Max Ordo,MATCH,(all),,,1.0,exact
business_06861,Max Markus,MATCH,(all),,,1.0,exact
business_06862,Max Markuse,MATCH,(all),,,1.0,exact
business_06863,Max Masius,MATCH,(all),,,1.0,exact
business_06864,Max Mendelsohn,MATCH,(all),,,1.0,exact
business_06865,Max Meyer,MATCH,(all),,,1.0,exact
business_06866,Max Meyer Kursmakler,FIELD_DIFF,original_address,"Burgstr. 26, Berlin","Burgstr. 26 (Börse), Berlin",0.65,address_differs
business_06867,Max Michaelis,MATCH,(all),,,1.0,exact
business_06868,Max Michelsohn,MATCH,(all),,,1.0,exact
business_06869,Max Modzejewski,MATCH,(all),,,1.0,exact
business_06870,Max Mollheim,MATCH,(all),,,1.0,exact
business_06871,Max Panthauer,MATCH,(all),,,1.0,exact
business_06872,Max Pelz,MATCH,(all),,,1.0,exact
business_06873,Max Perl,MATCH,(all),,,1.0,exact
business_06874,Max Phiebig,MATCH,(all),,,1.0,exact
business_06875,Max Pick,MATCH,(all),,,1.0,exact
business_06876,Max Pilpel & Co,MATCH,(all),,,1.0,exact
business_06877,Max Pinkas,MATCH,(all),,,1.0,exact
business_06878,Max Pinner,MATCH,(all),,,1.0,exact
business_06879,Max Placzek,FIELD_DIFF,original_address,"Königstr. 15, Berlin","Neue Königstr. 15, Berlin",0.65,address_differs
business_06880,Max Platschek,MATCH,(all),,,1.0,exact
business_06881,Max Reinherz,FIELD_DIFF,original_address,"Burgstr. 25, Berlin","Burgstr. 25 (Börse), Berlin",0.65,address_differs
business_06882,Max Rittler,MATCH,(all),,,1.0,exact
business_06883,Max Rosenbaum Filiale Berlin,MATCH,(all),,,1.0,exact
business_06884,Max Rosenberg,MATCH,(all),,,1.0,exact
business_06885,Max Rosenberg Blusenkonfektion,MATCH,(all),,,1.0,exact
business_06886,Max Rosenberg Schreibwaren,MATCH,(all),,,1.0,exact
business_06887,"Max Rosendorff, Konfektionswerkstatt für Damenröcke",MATCH,(all),,,1.0,exact
business_06888,Max Rosenheimer,MATCH,(all),,,1.0,exact
business_06889,Max Rosenthal,MATCH,(all),,,1.0,exact
business_06890,Max Rosenthal Hut und Pelzwaren Fabrik,MATCH,(all),,,1.0,exact
business_06891,Max Rothmann,MATCH,(all),,,1.0,exact
business_06892,Max Rothstein's Wwe. Ida Rothstein,MATCH,(all),,,1.0,exact
business_06893,Max Ruschin & Co,MATCH,(all),,,1.0,exact
business_06894,Max Sabersky,MATCH,(all),,,1.0,exact
business_06895,Max Salomon,MATCH,(all),,,1.0,exact_ambiguous_2
business_06896,Max Salomon,FIELD_DIFF,original_address,"Franseckistr. 12/13, Berlin","Kurfürstenstr. 8, Berlin",0.65,address_differs
business_06896,Max Salomon,FIELD_DIFF,startDate,1904,1920,0.6,founding year mismatch
business_06896,Max Salomon,FIELD_DIFF,endDate,1937,1938,0.6,closing/takeover year mismatch
business_06897,Max Salzhauer,MATCH,(all),,,1.0,exact
business_06898,Max Samson,MATCH,(all),,,1.0,exact
business_06899,Max Samuelis,MATCH,(all),,,1.0,exact
business_06900,Max Saul,MATCH,(all),,,1.0,exact
business_06901,Max Pollak & Co GmbH,MATCH,(all),,,1.0,exact
business_06902,Max Pollnow,MATCH,(all),,,1.0,exact
business_06903,Max Posner,MATCH,(all),,,1.0,exact
business_06904,Max Prager & Jenny Prager,MATCH,(all),,,1.0,exact
business_06905,Max Preiß & Co,MATCH,(all),,,1.0,exact
business_06906,Max Presch & Co,MATCH,(all),,,1.0,exact
business_06907,Max Rawitz Nachf.,FIELD_DIFF,original_address,"Friedrichstr. 72, Berlin","Neue Friedrichstr. 72, Berlin",0.65,address_differs
business_06908,Max Rector,MATCH,(all),,,1.0,exact
business_06909,Max Redlin,MATCH,(all),,,1.0,exact
business_06910,Max Reichel & Co Buchhandlung für Architektur und Kunstgewerbe,MATCH,(all),,,1.0,exact
business_06911,Max Schachnow & Co AG für Toilette-Artikel,MATCH,(all),,,1.0,exact
business_06912,Max Scheier,MATCH,(all),,,1.0,exact
business_06913,Max Schildberger Inhaber Arthur Schlesinger,MATCH,(all),,,1.0,exact
business_06914,Max Schkoll,MATCH,(all),,,1.0,exact
business_06915,Max Schlamm,MATCH,(all),,,1.0,exact
business_06916,Max Schlesinger,MATCH,(all),,,1.0,exact
business_06917,Max Schmal,MATCH,(all),,,1.0,exact
business_06918,Max Schneller,FIELD_DIFF,original_address,"Rosenthaler Str. 58, Berlin","Rosenthaler Str. 58 (1930), Berlin",0.65,address_differs
business_06919,Max Schottländer,MATCH,(all),,,1.0,exact
business_06920,Max Schulmann,MATCH,(all),,,1.0,exact
business_06921,Max Schulvater,MATCH,(all),,,1.0,exact
business_06922,Max Schwarzwald,MATCH,(all),,,1.0,exact
business_06923,Max Schwenke,MATCH,(all),,,1.0,exact
business_06924,Max Schwerin,MATCH,(all),,,1.0,exact
business_06925,Max Schwersenzer,FIELD_DIFF,original_address,"e Frankfurter Str. 127, Berlin","Große Frankfurter Str. 127, Berlin",0.65,address_differs
business_06926,Max Schöneberg,MATCH,(all),,,1.0,exact
business_06927,Max Schönfeld,MATCH,(all),,,1.0,exact
business_06928,Max Schönwald,MATCH,(all),,,1.0,exact
business_06929,Max Seefeldt,MATCH,(all),,,1.0,exact
business_06930,Max Seldis,MATCH,(all),,,1.0,exact
business_06931,Max Seligmann,MATCH,(all),,,1.0,exact
business_06932,Max Seligsohn Mäntel - Kostüme,MATCH,(all),,,1.0,exact
business_06933,Max Silbermann,MATCH,(all),,,1.0,exact
business_06934,Max Silbermann Blusen-Confektion,MATCH,(all),,,1.0,exact
business_06935,Max Simon,MATCH,(all),,,1.0,exact
business_06936,Max Simon Juwelier,MATCH,(all),,,1.0,exact
business_06937,Max Sittner Gotzkowsky-Apotheke Allopathie u. Homöopathie engros u. Export,MATCH,(all),,,1.0,exact
business_06938,Max Smoliansky,MATCH,(all),,,1.0,exact
business_06939,Max Sommerfeld,MATCH,(all),,,1.0,exact
business_06940,Max Srebnik Wäschefabrikation,MATCH,(all),,,1.0,exact
business_06941,Max Stadthagen,MATCH,(all),,,1.0,exact
business_06942,Max Steinert,MATCH,(all),,,1.0,exact
business_06943,Max Steinhagen,MATCH,(all),,,1.0,exact
business_06944,Max Stern - Blusen KG,MATCH,(all),,,1.0,exact
business_06945,Max Strauß,MATCH,(all),,,1.0,exact
business_06946,Max Stroheim & Co,MATCH,(all),,,1.0,exact
business_06947,Max Stöckler,MATCH,(all),,,1.0,exact
business_06948,Max Süßermann,MATCH,(all),,,1.0,exact
business_06949,Max Tarlowsky,MATCH,(all),,,1.0,exact
business_06950,Max Tiefenthal,MATCH,(all),,,1.0,exact
business_06951,Max Wandermann,MATCH,(all),,,1.0,exact
business_06952,Max Warszawski,MATCH,(all),,,1.0,exact
business_06953,Max Weile junior,MATCH,(all),,,1.0,exact
business_06954,Max Weinberg,MATCH,(all),,,1.0,exact
business_06955,Max Weiß & Sohn,MATCH,(all),,,1.0,exact
business_06956,Max Weißbrod,MATCH,(all),,,1.0,exact
business_06957,Max Wertheim Agenturgeschäft,MATCH,(all),,,1.0,exact
business_06958,Max Westheimer,FIELD_DIFF,original_address,"Jakobstr. 12, Berlin","Neue Jakobstr. 12, Berlin",0.65,address_differs
business_06959,Max Wilh. Wegner Nchf.,MATCH,(all),,,1.0,exact
business_06960,Max Wittkowski,MATCH,(all),,,1.0,exact
business_06961,Max Todtenkopf,MATCH,(all),,,1.0,exact
business_06962,"Max Tonn Anfertigung u. Vertrieb von Kontor- und Geschäftsmöbeln, Geldschrankschlosserei",FIELD_DIFF,original_address,"Präsidentenstr. 6, Berlin","Kleine Präsidentenstr. 6, Berlin",0.65,address_differs
business_06963,"Max Trakatsch, in Firma Drecoll",MATCH,(all),,,1.0,exact
business_06964,Max Treu,MATCH,(all),,,1.0,exact
business_06965,Max Tubin,MATCH,(all),,,1.0,exact
business_06966,Max Tyger,MATCH,(all),,,1.0,exact
business_06967,Max Unger jr.,FIELD_DIFF,original_address,"Friedrichstr. 38/40, Berlin","Neue Friedrichstr. 38/40, Berlin",0.65,address_differs
business_06968,Max Wachtel,FIELD_DIFF,original_address,"e Frankfurter Str. 32, Berlin","Große Frankfurter Str. 32, Berlin",0.65,address_differs
business_06969,Max Wagner,MATCH,(all),,,1.0,exact
business_06970,Max Waldstein,FIELD_DIFF,original_address,"Friedrichstr. 37, Berlin","Neue Friedrichstr. 37, Berlin",0.65,address_differs
business_06971,Max Wolff,MATCH,(all),,,1.0,exact
business_06972,Max Wolff & Co GmbH,MATCH,(all),,,1.0,exact
business_06973,Max Wolff Baumwollwaren,MATCH,(all),,,1.0,exact
business_06974,Max Wolff Blusen-Fabrikation,MATCH,(all),,,1.0,exact
business_06975,Max Wolffsky,MATCH,(all),,,1.0,exact
business_06976,Max Wreschinski,MATCH,(all),,,1.0,exact
business_06977,Max Würzburg,MATCH,(all),,,1.0,exact
business_06978,Max Würzburger,MATCH,(all),,,1.0,exact
business_06979,Max Zeidler,MATCH,(all),,,1.0,exact
business_06980,Max von Knoblauch GmbH,MATCH,(all),,,1.0,exact
business_06981,Maximilian Fürst,MATCH,(all),,,1.0,exact
business_06982,Maximilian Meyer,MATCH,(all),,,1.0,exact
business_06983,Maximilian Zweig,MATCH,(all),,,1.0,exact
business_06984,Maxon GmbH,MATCH,(all),,,1.0,exact
business_06985,Mayer & Cie Pelzwaren-Confection,MATCH,(all),,,1.0,exact
business_06986,Mayer Anfang,MATCH,(all),,,1.0,exact
business_06987,Mayr Scheer,MATCH,(all),,,1.0,exact
business_06988,Mech. Kleiderfabrik Emil Gerson,MATCH,(all),,,1.0,exact
business_06989,Mechanische Matratzenfabrik M. Guttmann GmbH,MATCH,(all),,,1.0,exact
business_06990,Mechanische Weberei-Erzeugnisse Jakob Walzer,MATCH,(all),,,1.0,exact
business_06991,Meier-Hersch Platzker,MATCH,(all),,,1.0,exact
business_06992,Meiloch Kühl,MATCH,(all),,,1.0,exact
business_06993,Meinhard Borchardt,MATCH,(all),,,1.0,exact
business_06994,Meinhard Lipschitz,MATCH,(all),,,1.0,exact
business_06995,Meißner & Co,MATCH,(all),,,1.0,exact
business_06996,Melotyp-Export Rechnitz & Co,MATCH,(all),,,1.0,exact
business_06997,Mendel Anhang,MATCH,(all),,,1.0,exact
business_06998,Mendel Aratyn,MATCH,(all),,,1.0,exact
business_06999,Mendel Becker,MATCH,(all),,,1.0,exact
business_07000,Mendel Blumenberg,MATCH,(all),,,1.0,exact
business_07001,Mechel Malter,MATCH,(all),,,1.0,exact
business_07002,Mechler & Pinkus,MATCH,(all),,,1.0,exact
business_07003,Meder & Thiele GmbH,MATCH,(all),,,1.0,exact
business_07004,Medidenta Vertriebs-Gesellschaft medizinischer- und zahnärztlicher Bedarfsartikel mbH,FIELD_DIFF,original_address,"e Frankfurter Str. 137, Berlin","Große Frankfurter Str. 137, Berlin",0.65,address_differs
business_07005,Meerbothe Grundbesitz GmbH,FIELD_DIFF,original_address,"Behrenstr. 26, Berlin","Behrenstr. 26a, Berlin",0.65,address_differs
business_07006,Meico Wäsche Spezial Haus Ludwig Mayer,MATCH,(all),,,1.0,exact
business_07007,Meier,MATCH,(all),,,1.0,exact
business_07008,Meier Göttinger,MATCH,(all),,,1.0,exact
business_07009,Meier Matthias Gummiwaren-Großvertrieb,MATCH,(all),,,1.0,exact
business_07010,Meier Twiasschor,MATCH,(all),,,1.0,exact
business_07011,Mendel Engländer,MATCH,(all),,,1.0,exact
business_07012,Mendel Gefen,MATCH,(all),,,1.0,exact
business_07013,Mendel Holländer junior,MATCH,(all),,,1.0,exact
business_07014,Mendel Kesten,FIELD_DIFF,original_address,"15, Berlin","Schönstedtr. 15, Berlin",0.65,address_differs
business_07015,Mendel Kurz,MATCH,(all),,,1.0,exact
business_07016,Mendel Niederhoffer,MATCH,(all),,,1.0,exact
business_07017,Mendel Prober,MATCH,(all),,,1.0,exact
business_07018,Mendel Safir,MATCH,(all),,,1.0,exact
business_07019,"Mendel, Alfred",MATCH,(all),,,1.0,exact
business_07020,"Mendelsohn, Anna",MATCH,(all),,,1.0,exact
business_07021,Mercedes-Schuhvertrieb M. Rosenthal,MATCH,(all),,,1.0,exact
business_07022,Merkur Immobilien GmbH,MATCH,(all),,,1.0,exact
business_07023,Merkur chemisch-pharmazeutische GmbH,FIELD_DIFF,original_address,"Kamerunerstraße 43, Berlin","Werderstr. 10, Berlin",0.65,address_differs
business_07024,Merkur-Apotheke Sigmund Friedlaender,MATCH,(all),,,1.0,exact
business_07025,"Merten, Leo",MATCH,(all),,,1.0,exact
business_07026,Meta Fuhrmann,MATCH,(all),,,1.0,exact
business_07027,Meta Handelsgesellschaft für Waren Ein- und Ausfuhr mbH,MATCH,(all),,,1.0,exact
business_07028,Meta Jacoby,MATCH,(all),,,1.0,exact
business_07029,Meta Mossner,MATCH,(all),,,1.0,exact
business_07030,Meta Sawady,MATCH,(all),,,1.0,exact
business_07031,"Mendelsohn, Meyerhof & Co",FIELD_DIFF,original_address,"Taubenstr. 23, Berlin","Taubenstr. 23a, Berlin",0.65,address_differs
business_07032,"Mendelsohn, Meyerhof & Co Bernhard Mendelsohn Blusen und Kleider",MATCH,(all),,,1.0,exact
business_07033,Mendelssohn & Co,FIELD_DIFF,original_address,"Jägerstr. 49/50, Berlin","Jägerstr. 49/50, Berlin Kurstr. 36/51, Berlin",0.65,address_differs
business_07034,Mendl Baruch,MATCH,(all),,,1.0,exact
business_07035,Menelaos Grundstückserwerbsgesellschaft mbH,FIELD_DIFF,original_address,"( Trade ) Eingetragen im Handelsregister/ Gründung 1922 Badener Ring 36 (Quelle: 6), Berlin","Badener Ring 36 (Quelle: 6), Berlin",0.65,address_differs
business_07036,Menke & Herzfeld,MATCH,(all),,,1.0,exact
business_07037,Menki Zimmer,MATCH,(all),,,1.0,exact
business_07038,Mentheim Silberstein,MATCH,(all),,,1.0,exact
business_07039,Menzel & Co,MATCH,(all),,,1.0,exact
business_07040,Mercedes Palast Lichtspieltheater Hermannstrasse GmbH,MATCH,(all),,,1.0,exact
business_07041,Meta Simon,MATCH,(all),,,1.0,exact
business_07042,Meta Steinberg,MATCH,(all),,,1.0,exact
business_07043,Meta Wachtel GmbH,MATCH,(all),,,1.0,exact
business_07044,Metallbedarf Gerhard Jaffé,MATCH,(all),,,1.0,exact
business_07045,Metalle und Hüttenprodukte GmbH,MATCH,(all),,,1.0,exact
business_07046,Metallfabrikate GmbH,MATCH,(all),,,1.0,exact
business_07047,Metallfarben-GmbH,MATCH,(all),,,1.0,exact
business_07048,Metallgesellschaft AG Abteilung Berlin,MATCH,(all),,,1.0,exact
business_07049,Metallhütte GmbH,MATCH,(all),,,1.0,exact
business_07050,Metallkontor GmbH,MATCH,(all),,,1.0,exact
business_07051,Meyer & Weinlaub,MATCH,(all),,,1.0,exact
business_07052,Meyer Gebrüder Agentur,MATCH,(all),,,1.0,exact
business_07053,Meyer Levy jun. GmbH,MATCH,(all),,,1.0,exact
business_07054,Meyer's Weinvertriebsgesellschaft mbH,MATCH,(all),,,1.0,exact
business_07055,Meyerhof & Co,FIELD_DIFF,original_address,"Friedrichstr. 48, Berlin","Neue Friedrichstr. 48, Berlin",0.65,address_differs
business_07056,Meyerhof & Kaufmann GmbH,MATCH,(all),,,1.0,exact
business_07057,Meyersohn & Co,MATCH,(all),,,1.0,exact
business_07058,Meyersohn & Tobias,MATCH,(all),,,1.0,exact
business_07059,Mica-Haus GmbH,MATCH,(all),,,1.0,exact
business_07060,Michael & Wilhelm Chaskel,MATCH,(all),,,1.0,exact
business_07061,Metallochemische Fabrik AG,MATCH,(all),,,1.0,exact
business_07062,Metallrelief GmbH,MATCH,(all),,,1.0,exact
business_07063,Metallwarenfabrik AG vorm. Ed. Lachmann,MATCH,(all),,,1.0,exact
business_07064,Metrix-Apparate GmbH,MATCH,(all),,,1.0,exact
business_07065,Meyer,MATCH,(all),,,1.0,exact
business_07066,Meyer & Co,MATCH,(all),,,1.0,exact
business_07067,Meyer & Engel,MATCH,(all),,,1.0,exact
business_07068,Meyer & Herz,MATCH,(all),,,1.0,exact
business_07069,Meyer & Hirsch,MATCH,(all),,,1.0,exact
business_07070,Meyer & Messow Nachf.,MATCH,(all),,,1.0,exact
business_07071,Michael Zilker Ledergroßhandlung,FIELD_DIFF,original_address,"Friedrichstr. 3, Berlin","Neue Friedrichstr. 3, Berlin",0.65,address_differs
business_07072,Michaelis & Gräfenberg,MATCH,(all),,,1.0,exact
business_07073,Michaelis Haase,MATCH,(all),,,1.0,exact
business_07074,Michaels & Panthauer,MATCH,(all),,,1.0,exact
business_07075,Michaelson & Hermann,MATCH,(all),,,1.0,exact
business_07076,Michalowitz & Voß,MATCH,(all),,,1.0,exact
business_07077,Michalski & Lazarus,MATCH,(all),,,1.0,exact
business_07078,Michalski & Striemer,MATCH,(all),,,1.0,exact
business_07079,Michel Chalfon Cigarren Cigaretten engros Vertrieb,MATCH,(all),,,1.0,exact
business_07080,Michels & Cie,MATCH,(all),,,1.0,exact
business_07081,Mikra Biblische Verlags-GmbH,MATCH,(all),,,1.0,exact
business_07082,Mineralölgesellschaft Alfred Cohn und Söhne GmbH,MATCH,(all),,,1.0,exact
business_07083,Minerva Apotheke Dr. S. Kobylinski,MATCH,(all),,,1.0,exact
business_07084,Minifex Gesellschaft für photographische und optische Erzeugnisse mbH,MATCH,(all),,,1.0,exact
business_07085,Minna Fiedler,MATCH,(all),,,1.0,exact
business_07086,Minna Fuchs,MATCH,(all),,,1.0,exact
business_07087,Minna Landauer,MATCH,(all),,,1.0,exact
business_07088,"Minna Löwy, Eisdiele",MATCH,(all),,,1.0,exact
business_07089,Minnie Nachschön,MATCH,(all),,,1.0,exact
business_07090,Minoga & Bok GmbH,MATCH,(all),,,1.0,exact
business_07091,Michael Adler & Co,MATCH,(all),,,1.0,exact
business_07092,Michael Eisenthal,MATCH,(all),,,1.0,exact
business_07093,Michael Gundermann,MATCH,(all),,,1.0,exact
business_07094,Michael Holzmann,MATCH,(all),,,1.0,exact
business_07095,Michael Karpf,MATCH,(all),,,1.0,exact
business_07096,Michael Liebshardt,MATCH,(all),,,1.0,exact
business_07097,Michael Meiseles,MATCH,(all),,,1.0,exact
business_07098,Michael Pordes,MATCH,(all),,,1.0,exact
business_07099,Michael Varro,MATCH,(all),,,1.0,exact
business_07100,Michael Weitz Textilwaren GmbH,FIELD_DIFF,original_address,"Charlottenstr. 65, Berlin","Charlottenstr. 65a, Berlin",0.65,address_differs
business_07101,Modehaus Neutempelhof Max Samelsohn,MATCH,(all),,,1.0,exact
business_07102,Modehaus Wilhelm Metzner,FIELD_DIFF,original_address,"e Frankfurter Str. 92, Berlin","Große Frankfurter Str. 92, Berlin",0.65,address_differs
business_07103,Modejournal-Centrale Arthur Tischauer,MATCH,(all),,,1.0,exact
business_07104,Modekunst Inhaber Herbert Popiel,MATCH,(all),,,1.0,exact
business_07105,Modell-Haus Ehrlich & Friedländer,MATCH,(all),,,1.0,exact
business_07106,Modellhaus Auguste Münzer,MATCH,(all),,,1.0,exact
business_07107,Modellhaus Norbert Jutschenka,MATCH,(all),,,1.0,exact
business_07108,Modellhaus Schwabe GmbH,MATCH,(all),,,1.0,exact
business_07109,Modellhaus Schwabe KG,MATCH,(all),,,1.0,exact
business_07110,Modemagazin Haus Winterfeldt,MATCH,(all),,,1.0,exact
business_07111,Miraculum GmbH Vertriebsgesellschaft für Dr. Luster's ärztlich-kosmetische Produkte,MATCH,(all),,,1.0,exact
business_07112,"Mitex, Mitteldeutsche Textil-AG",MATCH,(all),,,1.0,exact
business_07113,Mitteldeutsche Bodenkredit-Anstalt,MATCH,(all),,,1.0,exact
business_07114,Mitteldeutsche Herrenkleiderfabrikation GmbH,MATCH,(all),,,1.0,exact
business_07115,Mitteldeutsche Schwellenindustrie GmbH,MATCH,(all),,,1.0,exact
business_07116,"Mitteldeutsche mechanische Papierwaren - Fabrik GmbH, Zweigniederlassung Berlin",MATCH,(all),,,1.0,exact
business_07117,Mo Le Wo Der Lesezirkel Adolf Weiß,MATCH,(all),,,1.0,exact
business_07118,"Mockrauer, Fritz",MATCH,(all),,,1.0,exact
business_07119,Mode-König Paul Hamm,MATCH,(all),,,1.0,exact
business_07120,Modehaus Hammer GmbH,MATCH,(all),,,1.0,exact
business_07121,Modern Rahmen und Leisten Albert Pincus,MATCH,(all),,,1.0,exact
business_07122,Moderna-Kleider GmbH,MATCH,(all),,,1.0,exact
business_07123,Moderne Kunst Gemäldegalerie Ignaz Regierer,MATCH,(all),,,1.0,exact
business_07124,Moderner Schuhsalon Gebrüder Weisz,MATCH,(all),,,1.0,exact
business_07125,Modesalon Claire Glaser,MATCH,(all),,,1.0,exact
business_07126,Modesalon E. Lichtblau,MATCH,(all),,,1.0,exact
business_07127,Modesalon Herrmann & Co,MATCH,(all),,,1.0,exact
business_07128,Modewa Hugo Hirsch,MATCH,(all),,,1.0,exact
business_07129,Modewarenhaus Max Oppenheim,MATCH,(all),,,1.0,exact
business_07130,Modische Kleinigkeiten Kurt Rosenberg,MATCH,(all),,,1.0,exact
business_07131,Moritz & Georg Israel,MATCH,(all),,,1.0,exact
business_07132,Moritz & Korn,MATCH,(all),,,1.0,exact
business_07133,Moritz Amtmann,MATCH,(all),,,1.0,exact
business_07134,Moritz Ascher,MATCH,(all),,,1.0,exact
business_07135,Moritz Bendix,MATCH,(all),,,1.0,exact
business_07136,Moritz Blasbalg Ball- und Luxus-Schuhfabrik,MATCH,(all),,,1.0,exact
business_07137,Moritz Breitenfeld,MATCH,(all),,,1.0,exact
business_07138,Moritz Buchdahl,MATCH,(all),,,1.0,exact
business_07139,Moritz Cohn Textil-Agentur,MATCH,(all),,,1.0,exact
business_07140,Moritz Dembitzer's Möbellager,MATCH,(all),,,1.0,exact
business_07141,Moritz Dobrin,MATCH,(all),,,1.0,exact
business_07142,Moritz Ephraim,MATCH,(all),,,1.0,exact
business_07143,Moritz Freyer Agentur & Kommission in Getreide Futtermittel,MATCH,(all),,,1.0,exact
business_07144,Moritz Galberg,MATCH,(all),,,1.0,exact
business_07145,Moritz Gollandt,MATCH,(all),,,1.0,exact
business_07146,Moritz Greiner,MATCH,(all),,,1.0,exact
business_07147,Moritz Heilbrun,FIELD_DIFF,original_address,"( Trade ) Eingetragen im Handelsregister/ Gründung 1912 Erloschen 1936 Potsdamer Str. 123a, Berlin","Potsdamer Str. 123a, Berlin",0.65,address_differs
business_07148,Moritz Heymann,MATCH,(all),,,1.0,exact
business_07149,Moritz Hirschowitz,MATCH,(all),,,1.0,exact
business_07150,Moritz Holz Bergwerks- und Hüttenprodukte,FIELD_DIFF,original_address,"( Industry ) Eingetragen im Handelsregister/ Gründung 1919 Erloschen 1934 Granitzstr. , Berlin","Granitzstr. , Berlin",0.65,address_differs
business_07151,Moeller & Schwarz,MATCH,(all),,,1.0,exact
business_07152,Moguntia Grundstücksverwaltungsgesellschaft mbH,MATCH,(all),,,1.0,exact
business_07153,"Mohr'sches Conservatorium, Direktor: Fritz Vogel",MATCH,(all),,,1.0,exact
business_07154,"Mohr, Adolf",MATCH,(all),,,1.0,exact
business_07155,"Molling, Hans",MATCH,(all),,,1.0,exact
business_07156,Moltke-Apotheke Louis Laser,MATCH,(all),,,1.0,exact
business_07157,Mondial Schulmeister & Krohn,MATCH,(all),,,1.0,exact
business_07158,Monette Asbestdraht GmbH,MATCH,(all),,,1.0,exact
business_07159,"Monopol-Drogerie, B. Oschinsky",MATCH,(all),,,1.0,exact
business_07160,"Mordko, Kalman Wilf, gen. Clemens Treibicz",MATCH,(all),,,1.0,exact
business_07161,Moritz Lewinski Arbeiterconfektion,MATCH,(all),,,1.0,exact
business_07162,Moritz Licht,MATCH,(all),,,1.0,exact
business_07163,Moritz Loeb & Co,FIELD_DIFF,original_address,"Scharrenstr. 9, Berlin","Scharrenstr. 9a, Berlin",0.65,address_differs
business_07164,Moritz Lomnitz,MATCH,(all),,,1.0,exact
business_07165,Moritz Löffler,MATCH,(all),,,1.0,exact
business_07166,Moritz Mailich Hosen engros-export,MATCH,(all),,,1.0,exact
business_07167,Moritz Marcus,FIELD_DIFF,original_address,"( Trade ) Eingetragen im Handelsregister/ Gründung 1919 Erloschen 1938 Magerviehhof , Berlin","Magerviehhof , Berlin",0.65,address_differs
business_07168,Moritz Marcus Vertreter auswärtiger Häuser,MATCH,(all),,,1.0,exact
business_07169,Moritz Markowits,MATCH,(all),,,1.0,exact
business_07170,Moritz Marx Musterlager,MATCH,(all),,,1.0,exact
business_07171,Moritz Moll jun.,MATCH,(all),,,1.0,exact
business_07172,Moritz Nauenberg,MATCH,(all),,,1.0,exact
business_07173,Moritz Pfeil,MATCH,(all),,,1.0,exact
business_07174,Moritz Popower,MATCH,(all),,,1.0,exact
business_07175,Moritz Rosenstein,MATCH,(all),,,1.0,exact
business_07176,Moritz Rosenthal,MATCH,(all),,,1.0,exact
business_07177,Moritz Sandelowsky,MATCH,(all),,,1.0,exact
business_07178,Moritz Schachian,MATCH,(all),,,1.0,exact
business_07179,Moritz Schaul,MATCH,(all),,,1.0,exact
business_07180,Moritz Schereck,MATCH,(all),,,1.0,exact
business_07181,Moritz J. Marcus,MATCH,(all),,,1.0,exact
business_07182,Moritz Jacoby,MATCH,(all),,,1.0,exact
business_07183,Moritz Kaffmann,MATCH,(all),,,1.0,exact
business_07184,Moritz Kaufmann junior,MATCH,(all),,,1.0,exact
business_07185,Moritz Kleemann,MATCH,(all),,,1.0,exact
business_07186,Moritz Krieger,MATCH,(all),,,1.0,exact
business_07187,Moritz Lefebre,MATCH,(all),,,1.0,exact
business_07188,Moritz Leiser Nfg.,MATCH,(all),,,1.0,exact
business_07189,Moritz Lemberg,MATCH,(all),,,1.0,exact
business_07190,Moritz Levy Nachfl.,MATCH,(all),,,1.0,exact
business_07191,Moritz Vogel,MATCH,(all),,,1.0,exact
business_07192,Moritz Vortrefflich,MATCH,(all),,,1.0,exact
business_07193,Moritz Warschauer,MATCH,(all),,,1.0,exact
business_07194,Moritz Wassermann,MATCH,(all),,,1.0,exact
business_07195,Moritz Wegier Baugeschäft und Architekturbüro,MATCH,(all),,,1.0,exact
business_07196,Moro Reklamekunst Carla Rosenfeld,MATCH,(all),,,1.0,exact
business_07197,Moser jr. & Co,MATCH,(all),,,1.0,exact
business_07198,Moses & Friedländer,MATCH,(all),,,1.0,exact
business_07199,Moses Benensohn,MATCH,(all),,,1.0,exact
business_07200,Moses Bernstein,MATCH,(all),,,1.0,exact
business_07201,Moses Blum,MATCH,(all),,,1.0,exact
business_07202,Moses Brandler,MATCH,(all),,,1.0,exact
business_07203,Moses Brandler Eier Import & Commissions Geschäft,MATCH,(all),,,1.0,exact
business_07204,Moses Fertig,MATCH,(all),,,1.0,exact
business_07205,Moses Gottfeldt,MATCH,(all),,,1.0,exact
business_07206,Moses Honig,MATCH,(all),,,1.0,exact
business_07207,Moses Kaufmann,MATCH,(all),,,1.0,exact
business_07208,Moses Kirschenbaum,MATCH,(all),,,1.0,exact
business_07209,Moses Koller,MATCH,(all),,,1.0,exact
business_07210,Moses Lautmann,MATCH,(all),,,1.0,exact
business_07211,Moritz Schild,MATCH,(all),,,1.0,exact
business_07212,Moritz Schloß Bankcommissionsgeschäft,MATCH,(all),,,1.0,exact
business_07213,Moritz Silberberg,MATCH,(all),,,1.0,exact
business_07214,Moritz Silberstein,FIELD_DIFF,original_address,"Königstr. 12, Berlin","Neue Königstr. 12, Berlin",0.65,address_differs
business_07215,Moritz Sommerfeld,MATCH,(all),,,1.0,exact
business_07216,Moritz Sternberg,FIELD_DIFF,original_address,"Hausvogteiplatz 11, Berlin","Hausvogteiplatz 11a, Berlin",0.65,address_differs
business_07217,Moritz Tasselkraut,MATCH,(all),,,1.0,exact
business_07218,Moritz Teschner,MATCH,(all),,,1.0,exact
business_07219,Moritz Türk GmbH,MATCH,(all),,,1.0,exact
business_07220,Moritz Veiß (Veiss),MATCH,(all),,,1.0,exact
business_07221,"Moses Lesnik, Juwelen und Bijouteriewaren",MATCH,(all),,,1.0,exact
business_07222,Moses Lesser Beutler,MATCH,(all),,,1.0,exact
business_07223,Moses Lowicki,MATCH,(all),,,1.0,exact
business_07224,Moses Salamander,MATCH,(all),,,1.0,exact
business_07225,Moses Schlachet,MATCH,(all),,,1.0,exact
business_07226,Moses Warkowetzky,MATCH,(all),,,1.0,exact
business_07227,Moses Zierler,MATCH,(all),,,1.0,exact
business_07228,Moses Zweig,FIELD_DIFF,original_address,"11, Berlin","Ravenéstr. 11, Berlin",0.65,address_differs
business_07229,"Moses, Franziska",MATCH,(all),,,1.0,exact
business_07230,"Mosler, Süsskind & Co KG",MATCH,(all),,,1.0,exact
business_07231,Mundus Grundstücks-GmbH,MATCH,(all),,,1.0,exact
business_07232,"Murray, Wollstein & Co Bankkommission",FIELD_DIFF,original_address,"( Trade ) Eingetragen im Handelsregister/ Gründung 1925 Erloschen 1937 Französische Str. , Berlin","Französische Str. , Berlin",0.65,address_differs
business_07233,Musik- und Theaterverlag Wolf Mandel,MATCH,(all),,,1.0,exact
business_07234,Musikhaus Simon,MATCH,(all),,,1.0,exact
business_07235,Musikverlag Lyra Translateur & Co,MATCH,(all),,,1.0,exact
business_07236,Muske & Co,MATCH,(all),,,1.0,exact
business_07237,Mussa Sefiha Juwelier,MATCH,(all),,,1.0,exact
business_07238,Mylauer Weberei Gebrüder Berglas AG,MATCH,(all),,,1.0,exact
business_07239,Märkische Isolierfabrik Eugen Samuels,MATCH,(all),,,1.0,exact
business_07240,Märkische Karton- und Kartonnagen AG,MATCH,(all),,,1.0,exact
business_07241,"Mossner, Max",MATCH,(all),,,1.0,exact
business_07242,"Mosson, Henny",MATCH,(all),,,1.0,exact
business_07243,Moster-Penkala GmbH,MATCH,(all),,,1.0,exact
business_07244,Moszek Zielinski,MATCH,(all),,,1.0,exact
business_07245,Motorwagen-Vertrieb Ludwig u. Robert Reichmann,MATCH,(all),,,1.0,exact
business_07246,Mottenschmidt,MATCH,(all),,,1.0,exact
business_07247,Motü Modische Kleider und Blusen GmbH,MATCH,(all),,,1.0,exact
business_07248,Mozartsaal Theaterbetriebsgesellschaft mbH,FIELD_DIFF,cleaned_address,,"Keine Angabe , Berlin",0.65,address_differs
business_07249,Multiprint GmbH,MATCH,(all),,,1.0,exact
business_07250,Multotyp Richard Salomonsen,MATCH,(all),,,1.0,exact
business_07251,Märkische Leihwäsche GmbH,MATCH,(all),,,1.0,exact
business_07252,Märkische Likörfabrik Inh. Samuel Zondeck,FIELD_DIFF,original_address,"Lynarstr. 35, Berlin","Lynarstr. 35a, Berlin",0.65,address_differs
business_07253,Märkische Likörfabrikation und Weinhandlung Rudolf Rosenberg,MATCH,(all),,,1.0,exact
business_07254,Märkische Registrierkassen GmbH,MATCH,(all),,,1.0,exact
business_07255,Märkische Teppich-Vertriebs-GmbH,FIELD_DIFF,original_address,"Paul-Singer-Str. 111, Berlin","Paul-Singer-Str. (Grüner Weg - Brauner Weg) 111, Berlin",0.65,address_differs
business_07256,Märkische Terrain-Gesellschaft mbH,MATCH,(all),,,1.0,exact
business_07257,Märkische Verlagsbuchbinderei GmbH,MATCH,(all),,,1.0,exact
business_07258,Märkische Wachsschmelze-Luxor GmbH,MATCH,(all),,,1.0,exact
business_07259,Märkischer Lederwaren-Vertrieb Alfred Stein,MATCH,(all),,,1.0,exact
business_07260,Märtag Grundstücks-AG,MATCH,(all),,,1.0,exact
business_07261,Möbel Fröhlich Koppel Fröhlich,MATCH,(all),,,1.0,exact
business_07262,Möbel Gerson Fachler,MATCH,(all),,,1.0,exact
business_07263,Möbel u. Waren-Kreditgeschäft Nord-West Vogel & Bretter Inhaber Benno Vogel,MATCH,(all),,,1.0,exact
business_07264,Möbel- und Waren-Ausstattung Abisch & Co,MATCH,(all),,,1.0,exact
business_07265,Möbel- und Warenausstattung Erna Thau,MATCH,(all),,,1.0,exact
business_07266,Möbel-Alexander Heinrich Alexander,MATCH,(all),,,1.0,exact
business_07267,Möbel-Ausstattungshaus Julius Schrager Möbel Schrager Schrager-Möbel,MATCH,(all),,,1.0,exact
business_07268,Möbel-Cohn Louis Cohn,FIELD_DIFF,original_address,"e Frankfurter Str. 84, Berlin","Große Frankfurter Str. 84, Berlin",0.65,address_differs
business_07269,Möbel-Groß Credithaus Frankfurter Tor Benno Groß,FIELD_DIFF,original_address,"e Frankfurter Str. 135, Berlin","Große Frankfurter Str. 135, Berlin",0.65,address_differs
business_07270,Möbel-Gryzb,MATCH,(all),,,1.0,exact
business_07271,Möbel-Hansa Margarete Scharlinski,MATCH,(all),,,1.0,exact
business_07272,Möbel-Magazin Elias Gottlieb,MATCH,(all),,,1.0,exact
business_07273,Möbel-Polsterwaren AG Möpag,MATCH,(all),,,1.0,exact
business_07274,Möbel-Posner Ignaz Posner,FIELD_DIFF,original_address,"Oranienstr. 14, Berlin","Oranienstr. 14a, Berlin",0.65,address_differs
business_07275,Möbel-Schickler Jacob Schickler,MATCH,(all),,,1.0,exact
business_07276,"Möbelbazar Kreismann, Schulmann & Co",MATCH,(all),,,1.0,exact
business_07277,Möbelhaus 'Alexander-Eck',MATCH,(all),,,1.0,exact
business_07278,Möbelhaus David Ornstein,MATCH,(all),,,1.0,exact
business_07279,Möbelhaus Leo Kamil,MATCH,(all),,,1.0,exact
business_07280,Möbelhaus Luisenstadt Gedalie Lechner,MATCH,(all),,,1.0,exact
business_07281,Möbelhaus Scheenfeldt,MATCH,(all),,,1.0,exact
business_07282,Möbelhaus Wendt & Co,MATCH,(all),,,1.0,exact
business_07283,Möbelhaus Winterfeld & Co,FIELD_DIFF,original_address,"e Frankfurter Str. 29, Berlin","Große Frankfurter Str. 29, Berlin",0.65,address_differs
business_07284,Möbelstoffe und Teppiche Held & Klein AG,MATCH,(all),,,1.0,exact
business_07285,"Mühlberg, Helene",MATCH,(all),,,1.0,exact
business_07286,Mühlenau Boden-AG,MATCH,(all),,,1.0,exact
business_07287,"Müller & Co, Sportbekleidung",MATCH,(all),,,1.0,exact
business_07288,Müller & Gerechter GmbH,MATCH,(all),,,1.0,exact
business_07289,Müller & Leopold,MATCH,(all),,,1.0,exact
business_07290,Müller & Pollak,MATCH,(all),,,1.0,exact
business_07291,Müller & Stroh,MATCH,(all),,,1.0,exact
business_07292,Müller & Sussmann,MATCH,(all),,,1.0,exact
business_07293,"Müller, Heldmann & Leon",MATCH,(all),,,1.0,exact
business_07294,"Müller, Rosenthal & Co",MATCH,(all),,,1.0,exact
business_07295,Mützen-Fabrik Franz Jellinek,MATCH,(all),,,1.0,exact
business_07296,N. & M. Roll,FIELD_DIFF,original_address,"e Frankfurter Str. 102, Berlin","Große Frankfurter Str. 102, Berlin",0.65,address_differs
business_07297,N. & S. Graetz,MATCH,(all),,,1.0,exact
business_07298,N. Beinowitz,MATCH,(all),,,1.0,exact
business_07299,N. Beitler,MATCH,(all),,,1.0,exact
business_07300,N. Brock,MATCH,(all),,,1.0,exact
business_07301,N. Ginsberg & Sohn,MATCH,(all),,,1.0,exact
business_07302,N. Gottschalk,FIELD_DIFF,original_address,"Lindenstr. 106, Berlin","Lindenstr. 106 (108 lt. 30), Berlin",0.65,address_differs
business_07303,N. Gurfinkel,MATCH,(all),,,1.0,exact
business_07304,N. Heimann & Co,MATCH,(all),,,1.0,exact
business_07305,N. Helfft & Co,MATCH,(all),,,1.0,exact
business_07306,N. Israel,MATCH,(all),,,1.0,exact
business_07307,N. Levy-Stern & Co AG,MATCH,(all),,,1.0,exact
business_07308,N. Moses,MATCH,(all),,,1.0,exact
business_07309,N. Rieß,MATCH,(all),,,1.0,exact
business_07310,N. Schneidemühl,MATCH,(all),,,1.0,exact
business_07311,N. Wolff & Sohn,MATCH,(all),,,1.0,exact
business_07312,NORMA Textilges. mbH,MATCH,(all),,,1.0,exact
business_07313,Nachem Hirschowitz,MATCH,(all),,,1.0,exact
business_07314,Nachem Hirschowitz junior Inhaber Albert Bilewski,MATCH,(all),,,1.0,exact
business_07315,Nachf. Carl Seeger,MATCH,(all),,,1.0,exact
business_07316,Nachf. Geschw. Zeininger,MATCH,(all),,,1.0,exact
business_07317,"Nachf. Oscar Schwanhäuser., Walter Kornblum",MATCH,(all),,,1.0,exact
business_07318,Nachfl. B. Daldrup,MATCH,(all),,,1.0,exact
business_07319,Nachfl. H. Hess,MATCH,(all),,,1.0,exact
business_07320,Nachfl. Hch. Voß,MATCH,(all),,,1.0,exact
business_07321,Nachfl. Paul Lustig,MATCH,(all),,,1.0,exact
business_07322,Nachfolger C. Boas,MATCH,(all),,,1.0,exact
business_07323,Nachfolger E. Kunzendorf,MATCH,(all),,,1.0,exact
business_07324,Nachmann Süßermann,MATCH,(all),,,1.0,exact
business_07325,Nachum Felix,MATCH,(all),,,1.0,exact
business_07326,Naftali Parnes,FIELD_DIFF,original_address,"Kaiserstr. 25, Berlin","Kaiserstr. 25a, Berlin",0.65,address_differs
business_07327,Naftali Parnes,FIELD_DIFF,original_address,"Zionskirchstr. 11, Berlin","Kaiserstr. 25a, Berlin",0.65,address_differs
business_07327,Naftali Parnes,FIELD_DIFF,endDate,1922,1939,0.6,closing/takeover year mismatch
business_07328,"Nakler, Max",MATCH,(all),,,1.0,exact
business_07329,Nakus Chmelnitzki,MATCH,(all),,,1.0,exact
business_07330,Nanuk Genußmittelwerk GmbH,MATCH,(all),,,1.0,exact
business_07331,Naphta Industrie- und Tankanlagen AG (Nitag),MATCH,(all),,,1.0,exact
business_07332,Natalie Schendel,MATCH,(all),,,1.0,exact
business_07333,Natalie Westmann Damenkonfektion & Trauermagazin,FIELD_DIFF,original_address,"e Frankfurter Str. 114, Berlin","Große Frankfurter Str. 114, Berlin",0.65,address_differs
business_07334,Nathan & Co,MATCH,(all),,,1.0,exact
business_07335,Nathan & Rosenkranz,MATCH,(all),,,1.0,exact
business_07336,Nathan Baruch,MATCH,(all),,,1.0,exact
business_07337,Nathan Berg,MATCH,(all),,,1.0,exact
business_07338,Nathan Berger,MATCH,(all),,,1.0,exact
business_07339,Nathan Bronheim,MATCH,(all),,,1.0,exact
business_07340,Nathan Chmelnitzki,MATCH,(all),,,1.0,exact
business_07341,Nathan Düsterwald,MATCH,(all),,,1.0,exact
business_07342,Nathan Edelstein,FIELD_DIFF,original_address,"Königstr. 62, Berlin","Königstr. 62b, Berlin",0.65,address_differs
business_07343,Nathan Flatauer,FIELD_DIFF,original_address,"Friedrichstr. 3, Berlin","Neue Friedrichstr. 3, Berlin",0.65,address_differs
business_07344,Nathan Goldschmidt,MATCH,(all),,,1.0,exact
business_07345,Nathan Guttfeld & Co,FIELD_DIFF,original_address,"Paul-Singer-Str. 72, Berlin","Paul-Singer-Str. (Grüner Weg - Brauner Weg) 72, Berlin",0.65,address_differs
business_07346,Nathan Guttmann,MATCH,(all),,,1.0,exact
business_07347,Nathan Havelland,MATCH,(all),,,1.0,exact
business_07348,Nathan Hendelsohn,MATCH,(all),,,1.0,exact
business_07349,Nathan Kristeller,MATCH,(all),,,1.0,exact
business_07350,Nathan Lewin,FIELD_DIFF,original_address,"Königstr. 5, Berlin","Neue Königstr. 5, Berlin",0.65,address_differs
business_07351,Nathan Loewy,MATCH,(all),,,1.0,exact
business_07352,Nathan Manne,MATCH,(all),,,1.0,exact
business_07353,Nathan Markowicz,MATCH,(all),,,1.0,exact
business_07354,Nathan Pollak & Co,MATCH,(all),,,1.0,exact
business_07355,Nathan Rosenberg,MATCH,(all),,,1.0,exact
business_07356,Nathan Rosenkranz,MATCH,(all),,,1.0,exact
business_07357,Nathan Rubenzik,MATCH,(all),,,1.0,exact
business_07358,Nathan Salzmann,MATCH,(all),,,1.0,exact
business_07359,Nathan Schweitzer,MATCH,(all),,,1.0,exact
business_07360,Nathan Stern,MATCH,(all),,,1.0,exact
business_07361,Neederländische Grond- und Kreditbank,MATCH,(all),,,1.0,exact
business_07362,Neiß & Co,MATCH,(all),,,1.0,exact
business_07363,Nelson & Co GmbH,MATCH,(all),,,1.0,exact
business_07364,Neo AG für Handel und Industrie,MATCH,(all),,,1.0,exact
business_07365,"Neopon, Fabrik chemisch-pharmazeutischer Präparate, Inhaber Apotheker Alfred Hirschfeld",MATCH,(all),,,1.0,exact
business_07366,Neos Laboratorium Dr. Ludwig Cohn,MATCH,(all),,,1.0,exact
business_07367,Nero-Film AG,MATCH,(all),,,1.0,exact
business_07368,Nesselberger & Herz,MATCH,(all),,,1.0,exact
business_07369,Nettelbeck-Apotheke Franz Hartwig,MATCH,(all),,,1.0,exact
business_07370,Netter & Co,MATCH,(all),,,1.0,exact
business_07371,Nathan Tarrasch,MATCH,(all),,,1.0,exact
business_07372,Nathan Weiß,MATCH,(all),,,1.0,exact
business_07373,Nathan Willig,MATCH,(all),,,1.0,exact
business_07374,Nathan Winter,MATCH,(all),,,1.0,exact
business_07375,Nathan Ziege,MATCH,(all),,,1.0,exact
business_07376,Nathusius & Sulke GmbH,MATCH,(all),,,1.0,exact
business_07377,Nationale Automobil-Gesellschaft AG,MATCH,(all),,,1.0,exact
business_07378,Naum Pecker,MATCH,(all),,,1.0,exact
business_07379,Naumann Gutstadt,MATCH,(all),,,1.0,exact
business_07380,Neander Apotheke Conrad Fischel,MATCH,(all),,,1.0,exact
business_07381,Nettersche Verwaltungsgesellschaft mbH,MATCH,(all),,,1.0,exact
business_07382,Neu Hollywood GmbH,FIELD_DIFF,original_address,"Bellevuestr. 11, Berlin","Bellevuestr. 11a, Berlin",0.65,address_differs
business_07383,Neuburger & Co,MATCH,(all),,,1.0,exact
business_07384,Neue Apotheke Adolf Braunspan,MATCH,(all),,,1.0,exact
business_07385,Neue Berliner Baugesellschaft mbH,MATCH,(all),,,1.0,exact
business_07386,Neue Berliner Dampf-Watten-Fabrik Drope & Looser,MATCH,(all),,,1.0,exact
business_07387,"Neue Berliner Zeitungsgesellschaft mbH, Steinthal, Stern u. Co",MATCH,(all),,,1.0,exact
business_07388,Neue Boden-AG,MATCH,(all),,,1.0,exact
business_07389,Neue Häuserausbau-Gesellschaft mbH,MATCH,(all),,,1.0,exact
business_07390,Neufeld & Henius,MATCH,(all),,,1.0,exact
business_07391,Neuköllner Eisenmöbelfabrik Georg Brandt,MATCH,(all),,,1.0,exact
business_07392,Neuköllner Möbelvertriebsgesellschaft Leiser & Rogasner,MATCH,(all),,,1.0,exact
business_07393,Neuköllner Pfandleihe Richard Springer,MATCH,(all),,,1.0,exact
business_07394,Neuköllner Reparaturwerk Wolf,MATCH,(all),,,1.0,exact
business_07395,Neuköllner-Elektrizitäts-Zentrale,MATCH,(all),,,1.0,exact
business_07396,Neumann & Co Automobile Handelsgesellschaft mbH,MATCH,(all),,,1.0,exact
business_07397,Neumann & Co Modische Blusen,MATCH,(all),,,1.0,exact
business_07398,Neumann & Grunardt Textil-Agenturen,MATCH,(all),,,1.0,exact
business_07399,Neumann & Kolski,MATCH,(all),,,1.0,exact
business_07400,Neumann & Perls,FIELD_DIFF,original_address,"Paulstr. 20, Berlin","Paulstr. 20c, Berlin",0.65,address_differs
business_07401,Neumann Hahn,MATCH,(all),,,1.0,exact
business_07402,"Neumann, Alice Sara",MATCH,(all),,,1.0,exact
business_07403,"Neumann, Lichtenthal, Wieselberg & Co",MATCH,(all),,,1.0,exact
business_07404,Neumark & Baer GmbH,MATCH,(all),,,1.0,exact
business_07405,Neupa AG für Papier- und Pappenvertrieb,MATCH,(all),,,1.0,exact
business_07406,Neustadt & Blumenthal,MATCH,(all),,,1.0,exact
business_07407,Neustadt & Co,MATCH,(all),,,1.0,exact
business_07408,Neuwäscherei Berlin-Mitte Richard Stechow GmbH,MATCH,(all),,,1.0,exact
business_07409,Nica Goldenberg,FIELD_DIFF,original_address,"Tauentzienstr. 12, Berlin","Tauentzienstr. 12b, Berlin",0.65,address_differs
business_07410,Niche Holländer,MATCH,(all),,,1.0,exact
business_07411,Nicolaus Stern,MATCH,(all),,,1.0,exact
business_07412,Niederlage auswärtiger Lederfabriken Fritz Löwenstein,MATCH,(all),,,1.0,exact
business_07413,Nina Rittenberg,MATCH,(all),,,1.0,exact
business_07414,Niobe Grunderwerbs- und Holzvertriebsgesellschaft mbH,MATCH,(all),,,1.0,exact
business_07415,Nirgends besser als bei Schneidermeister Lesser Nathan Lesser,FIELD_DIFF,original_address,"Jakobstr. 88, Berlin","Alte Jakobstr. 88, Berlin",0.65,address_differs
business_07416,Nissenbaum,MATCH,(all),,,1.0,exact
business_07417,Nissim Zacouto,MATCH,(all),,,1.0,exact
business_07418,Niunia Marbach,MATCH,(all),,,1.0,exact
business_07419,Noah Sarembowitz,MATCH,(all),,,1.0,exact
business_07420,Noech Seitelbach,MATCH,(all),,,1.0,exact
business_07421,Nollendorf-Buchdruckerei,MATCH,(all),,,1.0,exact
business_07422,Nomburg & Co,MATCH,(all),,,1.0,exact
business_07423,Nonnendamm Apotheke Karl Schuchardt,MATCH,(all),,,1.0,exact
business_07424,Nora-Radio GmbH,MATCH,(all),,,1.0,exact
business_07425,Norbert Faklier,FIELD_DIFF,original_address,"Jakobstr. 48, Berlin","Alte Jakobstr. 48, Berlin",0.65,address_differs
business_07426,Norbert Kohlmann,MATCH,(all),,,1.0,exact
business_07427,Norbert Losch,MATCH,(all),,,1.0,exact
business_07428,Norbert Sachter,MATCH,(all),,,1.0,exact
business_07429,Nord-Apotheke Hermann Sachs,MATCH,(all),,,1.0,exact
business_07430,Nord-West-Apotheke Dr. Louis Mottek,MATCH,(all),,,1.0,exact
business_07431,Norddeutsche Celluloidwaren-Fabrik H. & M. Hirsch,MATCH,(all),,,1.0,exact
business_07432,Norddeutsche Chemische Fabrik GmbH,MATCH,(all),,,1.0,exact
business_07433,Norddeutsche Eisengesellschaft AG,MATCH,(all),,,1.0,exact
business_07434,Norddeutsche Gummimäntel-Fabrik David Schrubski,MATCH,(all),,,1.0,exact
business_07435,"Norddeutsche Herrenkleider Fabrik Drucker, Wachtel & Co",MATCH,(all),,,1.0,exact
business_07436,Norddeutsche Hut-Compagnie Leopold Levy & Co,MATCH,(all),,,1.0,exact
business_07437,Norddeutsche Kunsthonig Max Holzer,MATCH,(all),,,1.0,exact
business_07438,Norddeutsche Melassefutterfabrik Albrecht Berliner AG,MATCH,(all),,,1.0,exact
business_07439,"Norddeutsches Duroplattenwerk, GmbH",MATCH,(all),,,1.0,exact
business_07440,Nordheimer,MATCH,(all),,,1.0,exact
business_07441,Nordland-Verkehre Ernst Huffmann KG,MATCH,(all),,,1.0,exact
business_07442,Nordpol-Pelze Benno Reicher,FIELD_DIFF,original_address,"( Trade ) Eingetragen im Handelsregister/ Gründung 1921 Erloschen 1939 Potsdamer Str. 31a, Berlin","Potsdamer Str. 31a, Berlin",0.65,address_differs
business_07443,Nordring-Apotheke Dr. Kurt Fraenkel,MATCH,(all),,,1.0,exact
business_07444,Norma-Textil-GmbH,MATCH,(all),,,1.0,exact
business_07445,Normannia Handelsauskunftei und Inkassobureau Julius Stein,MATCH,(all),,,1.0,exact
business_07446,Normen Lager Gesellschaft Trinks & Cie,MATCH,(all),,,1.0,exact
business_07447,Nornen-Verlag GmbH,MATCH,(all),,,1.0,exact
business_07448,"Nothmann, Georg",MATCH,(all),,,1.0,exact
business_07449,Nototyp Rundstatler GmbH,MATCH,(all),,,1.0,exact
business_07450,Nouvel & Stern,MATCH,(all),,,1.0,exact
business_07451,Novopin-Fabrik Pharmocosma GmbH,FIELD_DIFF,original_address,"Sturmvogelstr. 1, Berlin","Sturmvogelstr. 1b, Berlin",0.65,address_differs
business_07452,Nußbaum & Co,MATCH,(all),,,1.0,exact
business_07453,Nußbaum & Friedmann Bankgeschäft,MATCH,(all),,,1.0,exact
business_07454,Nähmaschinen-Haus Berthold Barczinski,MATCH,(all),,,1.0,exact
business_07455,Nährmittelfabrik Julius Penner AG,MATCH,(all),,,1.0,exact
business_07456,Nährmittelfabrik Motzen GmbH,MATCH,(all),,,1.0,exact
business_07457,Nürnberger Pinsel-Lager Max Rothschild,MATCH,(all),,,1.0,exact
business_07458,Nürnberger Schraubenfabrik und Facondreherei Zweigniederlassung Berlin,MATCH,(all),,,1.0,exact
business_07459,O. Drabinowski,MATCH,(all),,,1.0,exact
business_07460,O. Lietzmann KG,MATCH,(all),,,1.0,exact
business_07461,Ohnstein & Matheus,MATCH,(all),,,1.0,exact
business_07462,"Ohnstein, Dr. Siegfried",MATCH,(all),,,1.0,exact
business_07463,Ojser Fingerhut,MATCH,(all),,,1.0,exact
business_07464,Oker-Apotheke Bruno Krah,MATCH,(all),,,1.0,exact
business_07465,Olbrich & Co,MATCH,(all),,,1.0,exact
business_07466,Olen Reklame GmbH,MATCH,(all),,,1.0,exact
business_07467,Olga Bossack,MATCH,(all),,,1.0,exact
business_07468,Olga Hecht,MATCH,(all),,,1.0,exact
business_07469,Olga Schubert,MATCH,(all),,,1.0,exact
business_07470,Oliva-Buchhandlung Berthold Wolfssohn Bücher und Kunst,MATCH,(all),,,1.0,exact
business_07471,Obelisk Verlags-GmbH,MATCH,(all),,,1.0,exact
business_07472,Obst- und Gartenbau-GmbH,MATCH,(all),,,1.0,exact
business_07473,Odenheimer & Fink Weingroßhandlung und Likörfabrik,MATCH,(all),,,1.0,exact
business_07474,Odenheimer & Marx,MATCH,(all),,,1.0,exact
business_07475,"Oelsner, Josephson & Co",MATCH,(all),,,1.0,exact
business_07476,Oesterheld & Co,MATCH,(all),,,1.0,exact
business_07477,"Oesterreichisch-Ungarische Gummischuh-Manufactur-Compagnie ""Monopol"" Max Scherer & Co",FIELD_DIFF,original_address,"Friedrichstr. 38/40, Berlin","Neue Friedrichstr. 38/40, Berlin",0.65,address_differs
business_07478,Oesterreichische Perlmutterknopf-Industrie Max Kohner,FIELD_DIFF,original_address,"Schäferstr. 6, Berlin","Schäferstr. 6a, Berlin",0.65,address_differs
business_07479,Ofenhaus-Centrum,MATCH,(all),,,1.0,exact
business_07480,Officinalia Pharmazeutische Chemikalien engros Apotheker Leo Löwenthal,MATCH,(all),,,1.0,exact
business_07481,"Oppenheimer, Erich",MATCH,(all),,,1.0,exact
business_07482,Optiker Alexander Fromm & Co GmbH,MATCH,(all),,,1.0,exact
business_07483,Optikopie Fototechnische Gesellschaft mbH,MATCH,(all),,,1.0,exact
business_07484,Optisch mechanische Fabrik Steindorff & Co,MATCH,(all),,,1.0,exact
business_07485,Orbach & Ucko,MATCH,(all),,,1.0,exact
business_07486,Orbis Film GmbH,MATCH,(all),,,1.0,exact
business_07487,Orchestra GmbH,MATCH,(all),,,1.0,exact
business_07488,Orenstein & Koppel AG,MATCH,(all),,,1.0,exact
business_07489,"Orgler, Elsbeth",MATCH,(all),,,1.0,exact
business_07490,"Orgler, Fidélmann & Co",MATCH,(all),,,1.0,exact
business_07491,Olly Saenger,MATCH,(all),,,1.0,exact
business_07492,"Olschewitz, Julius (Max)",MATCH,(all),,,1.0,exact
business_07493,Omik,MATCH,(all),,,1.0,exact
business_07494,Ondra-Lamac-Film-Gesellschaft mbH,FIELD_DIFF,original_address,"Cicerostr. 59, Berlin","Cicerostr. 59 (bei Lamac), Berlin",0.65,address_differs
business_07495,Oppenheim & Hausen,MATCH,(all),,,1.0,exact
business_07496,Oppenheim & Stern,MATCH,(all),,,1.0,exact
business_07497,Oppenheim's Familienheim,MATCH,(all),,,1.0,exact
business_07498,Oppenheimer & Co,MATCH,(all),,,1.0,exact
business_07499,Oppenheimer & Hartog,MATCH,(all),,,1.0,exact
business_07500,Oppenheimer & Rosenbaum,MATCH,(all),,,1.0,exact
business_07501,Orient Teppich Import-Gesellschaft Ernst Philipsborn & Co,MATCH,(all),,,1.0,exact
business_07502,Orient-Tabak- u. Zigaretten-Gesellschaft Brussa A. Levy & Co,MATCH,(all),,,1.0,exact
business_07503,Orient-Teppich-Handlung Oskar Aberbach,MATCH,(all),,,1.0,exact
business_07504,Orientalische Cigaretten-Tabakfabrik Max Glückmann,MATCH,(all),,,1.0,exact
business_07505,Orion Grundstücks-AG,MATCH,(all),,,1.0,exact
business_07506,Orion Grundstücksverwertungs-AG,MATCH,(all),,,1.0,exact
business_07507,Orion Hausverwaltungsgesellschaft mbH,MATCH,(all),,,1.0,exact
business_07508,Orion Schleifmittelwerk GmbH,MATCH,(all),,,1.0,exact
business_07509,Orpheum Theater-Betriebs-GmbH,MATCH,(all),,,1.0,exact
business_07510,Oscar A. Rosenberg,MATCH,(all),,,1.0,exact
business_07511,Oscar Blumenau,MATCH,(all),,,1.0,exact
business_07512,Oscar Blüthe,MATCH,(all),,,1.0,exact
business_07513,Oscar Brauer,MATCH,(all),,,1.0,exact
business_07514,Oscar Bruck,MATCH,(all),,,1.0,exact
business_07515,Oscar Fenchel,MATCH,(all),,,1.0,exact
business_07516,Oscar Friedlaender vorm. Helene Friedlaender,MATCH,(all),,,1.0,exact
business_07517,Oscar Goldschmidt,MATCH,(all),,,1.0,exact
business_07518,Oscar Goldstein & Luise Goldstein,MATCH,(all),,,1.0,exact
business_07519,Oscar Gärtner,MATCH,(all),,,1.0,exact
business_07520,Oscar Heimann & Co,MATCH,(all),,,1.0,exact
business_07521,Oscar Turgel,MATCH,(all),,,1.0,exact
business_07522,Oscar Winter Kaufhaus,MATCH,(all),,,1.0,exact
business_07523,Oscar Wolff,MATCH,(all),,,1.0,exact
business_07524,Oschinsky & Brieger,MATCH,(all),,,1.0,exact
business_07525,"Oschitzki, Leo",MATCH,(all),,,1.0,exact
business_07526,Osias Goldstein,MATCH,(all),,,1.0,exact
business_07527,Osias Mückenbrunn,MATCH,(all),,,1.0,exact
business_07528,Oskar Brandeis,MATCH,(all),,,1.0,exact
business_07529,Oskar Drachsler,MATCH,(all),,,1.0,exact_ambiguous_2
business_07530,Oskar Drachsler,FIELD_DIFF,startDate,1930,1937,0.6,founding year mismatch
business_07530,Oskar Drachsler,FIELD_DIFF,endDate,1932,1939,0.6,closing/takeover year mismatch
business_07531,Oscar Hein & Co,MATCH,(all),,,1.0,exact
business_07532,Oscar Hirsch,MATCH,(all),,,1.0,exact
business_07533,Oscar Kugelmann,MATCH,(all),,,1.0,exact
business_07534,Oscar Naumann,MATCH,(all),,,1.0,exact
business_07535,Oscar Richter,MATCH,(all),,,1.0,exact
business_07536,Oscar Rättig Nchf.,FIELD_DIFF,original_address,"Jerusalemer Str. 58, Berlin","Jerusalemer Str. 58, Berlin Jerusalemer Str. 111/12, Berlin",0.65,address_differs
business_07537,Oscar Schmaltz GmbH,FIELD_DIFF,original_address,"Saarlandstr. 25, Berlin","Königgrätzer Str. (Saarlandstr.) 25, Berlin",0.65,address_differs
business_07538,Oscar Schulz GmbH,MATCH,(all),,,1.0,exact
business_07539,Oscar Schön & Co,MATCH,(all),,,1.0,exact
business_07540,Oscar Simenauer,MATCH,(all),,,1.0,exact
business_07541,Oskar Edinger,FIELD_DIFF,original_address,"Heerstr. 77, Berlin","An der Heerstr. 77, Berlin",0.65,address_differs
business_07542,Oskar Hanke's Brotbäckerei,MATCH,(all),,,1.0,exact
business_07543,Oskar Jonas,MATCH,(all),,,1.0,exact
business_07544,Oskar Kronfeld,MATCH,(all),,,1.0,exact
business_07545,Oskar Kämpfe,MATCH,(all),,,1.0,exact
business_07546,Oskar Laboschin Holzhandlung,MATCH,(all),,,1.0,exact
business_07547,Oskar Leibnitz,MATCH,(all),,,1.0,exact
business_07548,Oskar Leidersdorf,MATCH,(all),,,1.0,exact
business_07549,Oskar Mowschowitz,MATCH,(all),,,1.0,exact
business_07550,Oskar Müller Wäschefabrik,MATCH,(all),,,1.0,exact
business_07551,Oskar Presser Schrauben- und Metallwarenfabrik,MATCH,(all),,,1.0,exact
business_07552,Oskar Schloß Verlag GmbH,MATCH,(all),,,1.0,exact
business_07553,Oskar Schulze,MATCH,(all),,,1.0,exact
business_07554,Oskar Selzer Tabakwaren-Großhandlung,MATCH,(all),,,1.0,exact
business_07555,Oskar Wertheim,MATCH,(all),,,1.0,exact
business_07556,Oskar Witkowsky,MATCH,(all),,,1.0,exact
business_07557,Oskar Zinstein,MATCH,(all),,,1.0,exact
business_07558,Osmanische Papierhandlung David J. Cohen,MATCH,(all),,,1.0,exact
business_07559,Ospa,MATCH,(all),,,1.0,exact
business_07560,Osram GmbH,MATCH,(all),,,1.0,exact
business_07561,Otto & Carl Philipp,MATCH,(all),,,1.0,exact
business_07562,Otto Becker Handwäscherei,MATCH,(all),,,1.0,exact
business_07563,Otto E. Liebrecht,MATCH,(all),,,1.0,exact
business_07564,Otto Flatauer Nachf.,MATCH,(all),,,1.0,exact
business_07565,Otto Fleischer,MATCH,(all),,,1.0,exact
business_07566,Otto Geller,MATCH,(all),,,1.0,exact
business_07567,Otto Gröner,FIELD_DIFF,original_address,"e Hamburger Str. 20, Berlin","Große Hamburger Str. 20, Berlin",0.65,address_differs
business_07568,Otto Haas & Co,MATCH,(all),,,1.0,exact
business_07569,Otto Handl & Co,MATCH,(all),,,1.0,exact
business_07570,Otto Heilbrunn,MATCH,(all),,,1.0,exact
business_07571,Ost- und Nord-Expreß,MATCH,(all),,,1.0,exact
business_07572,"Ostdeutsche Gesellschaft für den Handel mit Chemikalien, kosmetischen Artikeln und Drogen (Ostdrog) mbH",MATCH,(all),,,1.0,exact
business_07573,Ostdeutsches Holzkontor Alexander Bodzanowski,MATCH,(all),,,1.0,exact
business_07574,Ostfried-Kaffee,MATCH,(all),,,1.0,exact
business_07575,Ostpreußische Sägewerke Julius Hirsch GmbH,MATCH,(all),,,1.0,exact
business_07576,Oswald & Isaac GmbH,MATCH,(all),,,1.0,exact
business_07577,Oswald Kurzer,MATCH,(all),,,1.0,exact
business_07578,Oswald Weber GmbH,MATCH,(all),,,1.0,exact
business_07579,Otag Orient Teppich AG,MATCH,(all),,,1.0,exact
business_07580,Ottilie Angreß,MATCH,(all),,,1.0,exact
business_07581,Otto Heinrich Nachf.,MATCH,(all),,,1.0,exact
business_07582,Otto Henschel,FIELD_DIFF,original_address,"Burgstr. 25, Berlin","Burgstr. 25 (Börse), Berlin",0.65,address_differs
business_07583,Otto Hirschfeldt,MATCH,(all),,,1.0,exact
business_07584,Otto Hochstim Nachf. Karl-Heinz Jaekel,MATCH,(all),,,1.0,exact
business_07585,Otto Häufler & Co GmbH,MATCH,(all),,,1.0,exact
business_07586,Otto Jacob Goldschmidt,MATCH,(all),,,1.0,exact
business_07587,Otto Kempner (Kemper),MATCH,(all),,,1.0,exact
business_07588,Otto Klausner GmbH,MATCH,(all),,,1.0,exact
business_07589,Otto Lewy,MATCH,(all),,,1.0,exact
business_07590,Otto Liebmann,MATCH,(all),,,1.0,exact
business_07591,Otto Lietsche,MATCH,(all),,,1.0,exact
business_07592,Otto Loeb & Co,FIELD_DIFF,original_address,"Industr, Berlin",", Falkensee",0.65,address_differs
business_07593,Otto Markwardt,MATCH,(all),,,1.0,exact
business_07594,"Otto Menzel, Antiquariat Hansa",MATCH,(all),,,1.0,exact
business_07595,Otto Metz & Co GmbH,FIELD_DIFF,original_address,"Schmidstr. 8, Berlin","Schmidstr. 8a, Berlin",0.65,address_differs
business_07596,Otto Milkuschütz,MATCH,(all),,,1.0,exact
business_07597,Otto Neuhaus und Co GmbH,MATCH,(all),,,1.0,exact
business_07598,Otto Pulvermacher,MATCH,(all),,,1.0,exact
business_07599,Otto Richter Großbuchbinderei,MATCH,(all),,,1.0,exact
business_07600,"Otto Rosenberg, Holzgroßhandlung GmbH",MATCH,(all),,,1.0,exact
business_07601,Otto Sander,MATCH,(all),,,1.0,exact
business_07602,Otto Segall,FIELD_DIFF,original_address,"Blumenstr. 49, Berlin","Blumenstr. 49/III, Berlin",0.65,address_differs
business_07603,Otto Sochaczewer,MATCH,(all),,,1.0,exact
business_07604,Otto Spitzer,MATCH,(all),,,1.0,exact
business_07605,Otto Staar,MATCH,(all),,,1.0,exact
business_07606,Otto Steiner Eisenwarenengros,MATCH,(all),,,1.0,exact
business_07607,Otto Sußmann,MATCH,(all),,,1.0,exact
business_07608,Otto Thau,FIELD_DIFF,original_address,"e Frankfurter Str. 66, Berlin","Große Frankfurter Str. 66, Berlin",0.65,address_differs
business_07609,Otto Thürmann GmbH,MATCH,(all),,,1.0,exact
business_07610,"Otto Weil, Seidenwaren-Export & Commission",MATCH,(all),,,1.0,exact
business_07611,Otto Wolff Filiale Berlin,MATCH,(all),,,1.0,exact
business_07612,P. C. D. Maehler GmbH,MATCH,(all),,,1.0,exact
business_07613,"P. Fonquet, Inh. Salomon",MATCH,(all),,,1.0,exact
business_07614,"P. Hagelberg, GmbH",MATCH,(all),,,1.0,exact
business_07615,P. Hahn & Co,MATCH,(all),,,1.0,exact
business_07616,P. Hartwich & Co,MATCH,(all),,,1.0,exact
business_07617,P. Katz & Co,MATCH,(all),,,1.0,exact
business_07618,P. Kosterlitz & Co,MATCH,(all),,,1.0,exact
business_07619,P.Quasner,MATCH,(all),,,1.0,exact
business_07620,Pacific Im- und Export-Gesellschaft mbH,MATCH,(all),,,1.0,exact
business_07621,Parzellen-Laszlo,MATCH,(all),,,1.0,exact
business_07622,Patent Matratzenfabrik Globus Ludwig Lewin,MATCH,(all),,,1.0,exact
business_07623,Paul & Jul. Cassel,MATCH,(all),,,1.0,exact
business_07624,Paul & Oskar Kohorn,MATCH,(all),,,1.0,exact
business_07625,Paul Adam Gardinen und Teppiche,MATCH,(all),,,1.0,exact
business_07626,Paul Aschner GmbH,FIELD_DIFF,original_address,"Mohenstr. 37, Berlin","Mohenstr. 37a, Berlin",0.65,address_differs
business_07627,Paul Ball,MATCH,(all),,,1.0,exact
business_07628,Paul Berliner & Co KG,MATCH,(all),,,1.0,exact
business_07629,Paul Blumenthal,MATCH,(all),,,1.0,exact
business_07630,Paul Blumenthal & Co,MATCH,(all),,,1.0,exact
business_07631,Paketfahrt des Westens Speditions-Gesellschaft für Stadt- und Fernverkehr mbH,MATCH,(all),,,1.0,exact
business_07632,"Paketfahrt, Abrollspedition Bismarck 8888 Max Langner",MATCH,(all),,,1.0,exact
business_07633,Palatin Handels- und Grundstücksgesellschaft mbH,MATCH,(all),,,1.0,exact
business_07634,Palestine & Orient Lloyd GmbH,MATCH,(all),,,1.0,exact
business_07635,Pallas Grundstückshandelsgesellschaft mbH,MATCH,(all),,,1.0,exact
business_07636,Palous & Co,MATCH,(all),,,1.0,exact
business_07637,Palästina-Industrie-Syndikat mbH,MATCH,(all),,,1.0,exact
business_07638,Palästina-Treuhandstelle zur Beratung deutscher Juden GmbH,MATCH,(all),,,1.0,exact
business_07639,"Pander, Else geb. Blum",MATCH,(all),,,1.0,exact
business_07640,Pann & Sternberg,MATCH,(all),,,1.0,exact
business_07641,Papiervertrieb Askania Nathan Schestelowitz,MATCH,(all),,,1.0,exact
business_07642,Paradies & Co,MATCH,(all),,,1.0,exact
business_07643,Parat Sparstift-Vertrieb Paul Salomon,MATCH,(all),,,1.0,exact
business_07644,Parfümerie Eilenberg & Appel,MATCH,(all),,,1.0,exact
business_07645,Parfümerie und Drogerie am Bayerischen Platz 6 Paul Lustig Nachfolger Erich Wangenheim,FIELD_DIFF,original_address,"Parfümerie und Drogerie am Bayerischen Platz 6 9, Berlin","Bayerischer Platz 6 & 9, Berlin",0.65,address_differs
business_07646,Parfümerie- und Seifen Fabrik B. Triebler & Co GmbH,MATCH,(all),,,1.0,exact
business_07647,Pariser & Silber,MATCH,(all),,,1.0,exact
business_07648,Pariser Neuheiten Trianon Clothilde Subkis,MATCH,(all),,,1.0,exact
business_07649,Park-Lichtspiele-GmbH,MATCH,(all),,,1.0,exact
business_07650,Parker Pen GmbH,MATCH,(all),,,1.0,exact
business_07651,Paul Boroschek,FIELD_DIFF,original_address,"( Trade ) Eingetragen im Handelsregister/ Gründung 1926 Erloschen 1936 Rönnebergstr. , Berlin","Rönnebergstr. , Berlin",0.65,address_differs
business_07652,Paul Bouveron GmbH,FIELD_DIFF,original_address,"Karl-Friedrich-Platz 3, Berlin","Karl-Friedrich-Platz (Klausener Platz) 3, Berlin",0.65,address_differs
business_07653,Paul Brandel,MATCH,(all),,,1.0,exact
business_07654,Paul Bronheim,MATCH,(all),,,1.0,exact
business_07655,Paul Bruckner (Brückner),MATCH,(all),,,1.0,exact
business_07656,Paul Buttermilch,MATCH,(all),,,1.0,exact
business_07657,Paul C. Landshoff & Co,MATCH,(all),,,1.0,exact
business_07658,Paul Caspari,MATCH,(all),,,1.0,exact_ambiguous_2
business_07659,Paul Caspari,MATCH,(all),,,1.0,exact_ambiguous_2
business_07660,Paul Cassirer,MATCH,(all),,,1.0,exact
business_07661,Paul Chan Inhaber Alfred Neuberg,MATCH,(all),,,1.0,exact
business_07662,Paul Colani,MATCH,(all),,,1.0,exact
business_07663,Paul Crohn Kursmakler,MATCH,(all),,,1.0,exact
business_07664,Paul Dannenberg,MATCH,(all),,,1.0,exact
business_07665,Paul Dorff GmbH,FIELD_DIFF,original_address,"Allee 108/109, Berlin","Kaiserin-Augusta-Allee 108/109, Berlin",0.65,address_differs
business_07666,Paul E. Cohn,FIELD_DIFF,original_address,"vrestr. 18, Berlin","Lefèvrestr. 18, Berlin",0.65,address_differs
business_07667,Paul Ehrhard,MATCH,(all),,,1.0,exact
business_07668,"Paul Elias, Dipl.-Ing.",MATCH,(all),,,1.0,exact
business_07669,Paul Falkenstein,MATCH,(all),,,1.0,exact
business_07670,Paul Frankenberg,MATCH,(all),,,1.0,exact
business_07671,Paul Fuß & Co Möbeltransport,MATCH,(all),,,1.0,exact
business_07672,Paul Fürstenau,MATCH,(all),,,1.0,exact
business_07673,Paul Fürstenheim,MATCH,(all),,,1.0,exact
business_07674,Paul Goldschmidt,MATCH,(all),,,1.0,exact
business_07675,Paul Gottschalksohn,MATCH,(all),,,1.0,exact
business_07676,Paul Graupe,MATCH,(all),,,1.0,exact
business_07677,Paul Graupe Antiquariat,MATCH,(all),,,1.0,exact
business_07678,"Paul Griese, Nachf.",MATCH,(all),,,1.0,exact
business_07679,Paul Grunwald,MATCH,(all),,,1.0,exact
business_07680,Paul Guttmann jr.,MATCH,(all),,,1.0,exact
business_07681,Paul Hutzelmann,MATCH,(all),,,1.0,exact
business_07682,Paul Immerglück,MATCH,(all),,,1.0,exact
business_07683,Paul Jacoby junr.,FIELD_DIFF,original_address,"Friedrichstr. 38/40, Berlin","Neue Friedrichstr. 38/40, Berlin",0.65,address_differs
business_07684,Paul Joachim,MATCH,(all),,,1.0,exact
business_07685,Paul Joseph,MATCH,(all),,,1.0,exact
business_07686,Paul Kadisch,MATCH,(all),,,1.0,exact
business_07687,Paul Kaminski,MATCH,(all),,,1.0,exact
business_07688,Paul Katz,FIELD_DIFF,original_address,"Burgstr. 25, Berlin","Burgstr. 25 (Börse), Berlin",0.65,address_differs
business_07689,Paul Klein,MATCH,(all),,,1.0,exact
business_07690,Paul Klein Inh. Erwin Klein,MATCH,(all),,,1.0,exact
business_07691,Paul Hamm & Co,MATCH,(all),,,1.0,exact
business_07692,Paul Hammer,MATCH,(all),,,1.0,exact
business_07693,Paul Hartwich Kartoffelgroßhandlung,MATCH,(all),,,1.0,exact
business_07694,Paul Helfer,MATCH,(all),,,1.0,exact
business_07695,Paul Henschel,MATCH,(all),,,1.0,exact
business_07696,"Paul Herrmann, Mäntel",MATCH,(all),,,1.0,exact
business_07697,Paul Herzberg & Co GmbH,MATCH,(all),,,1.0,exact
business_07698,Paul Hirschfeld,MATCH,(all),,,1.0,exact
business_07699,Paul Hirschfeld Spinnerei-Vertretungen,MATCH,(all),,,1.0,exact
business_07700,Paul Hochschild,MATCH,(all),,,1.0,exact
business_07701,"Paul Klein, Schirmfabrik",MATCH,(all),,,1.0,exact
business_07702,Paul Knoblauch & Co,MATCH,(all),,,1.0,exact
business_07703,Paul Kohn,MATCH,(all),,,1.0,exact
business_07704,Paul Koratkowski,MATCH,(all),,,1.0,exact
business_07705,Paul L. Meyer,MATCH,(all),,,1.0,exact
business_07706,"Paul Langer, Fabrikation und Export zeitgemäßer Werbeartikel für Industrie, Handel und Gewerbe",MATCH,(all),,,1.0,exact
business_07707,Paul Latte,MATCH,(all),,,1.0,exact
business_07708,Paul Leib,MATCH,(all),,,1.0,exact
business_07709,Paul Lewisohn,MATCH,(all),,,1.0,exact
business_07710,Paul Linick vormals Metzger,FIELD_DIFF,original_address,"e Frankfurter Str. 126, Berlin","Große Frankfurter Str. 126, Berlin",0.65,address_differs
business_07711,Paul Litten,MATCH,(all),,,1.0,exact
business_07712,Paul Loeb,MATCH,(all),,,1.0,exact
business_07713,Paul Loewe,MATCH,(all),,,1.0,exact
business_07714,Paul Löwinsohn Blusen & Kleider engros,MATCH,(all),,,1.0,exact
business_07715,Paul Lüdersdorf Nachf. Alfred Schindler,MATCH,(all),,,1.0,exact
business_07716,Paul M. Hahn,MATCH,(all),,,1.0,exact
business_07717,Paul Mannheim,MATCH,(all),,,1.0,exact
business_07718,Paul Marcus Bankkommissionsgeschäft,MATCH,(all),,,1.0,exact
business_07719,"Paul Marcuse, Vertreter",MATCH,(all),,,1.0,exact
business_07720,Paul Marx,MATCH,(all),,,1.0,exact
business_07721,Paul Maschke,MATCH,(all),,,1.0,exact
business_07722,"Paul Meier ""Wäscherei Gaugel""""""",MATCH,(all),,,1.0,exact
business_07723,Paul Merel Pappen-Großhandlung,MATCH,(all),,,1.0,exact
business_07724,Paul Mermelstein,MATCH,(all),,,1.0,exact
business_07725,Paul Meyer I,MATCH,(all),,,1.0,exact
business_07726,Paul Meyer Inh. Rudolf Meyer,FIELD_DIFF,original_address,"Friedrichstr. 4, Berlin","Neue Friedrichstr. 4, Berlin",0.65,address_differs
business_07727,Paul Mikolajewicz,MATCH,(all),,,1.0,exact
business_07728,Paul Moser,MATCH,(all),,,1.0,exact
business_07729,Paul Nathanson,MATCH,(all),,,1.0,exact
business_07730,Paul Neugebauer GmbH,MATCH,(all),,,1.0,exact
business_07731,Paul Samter,MATCH,(all),,,1.0,exact
business_07732,Paul Sauerlandt Nachf.,MATCH,(all),,,1.0,exact
business_07733,Paul Schulvater,FIELD_DIFF,original_address,"Königstr. 38, Berlin","Neue Königstr. 38, Berlin",0.65,address_differs
business_07734,Paul Schwarz Wäscheausstattung,MATCH,(all),,,1.0,exact
business_07735,Paul Schweitzer,MATCH,(all),,,1.0,exact
business_07736,Paul Schwerin,MATCH,(all),,,1.0,exact
business_07737,Paul Seidel,FIELD_DIFF,original_address,"Friedrichstr. 103/104, Berlin","Friedrichstr. 103/104a, Berlin",0.65,address_differs
business_07738,Paul Silber Nachf. Inhaber Dipl.-Ing. Hans Mosler,MATCH,(all),,,1.0,exact
business_07739,Paul Silberberg,MATCH,(all),,,1.0,exact
business_07740,Paul Sonnenfeld,MATCH,(all),,,1.0,exact
business_07741,Paul Oppler,MATCH,(all),,,1.0,exact
business_07742,Paul Orbach,MATCH,(all),,,1.0,exact
business_07743,Paul Panitz,MATCH,(all),,,1.0,exact
business_07744,Paul Pinkus,MATCH,(all),,,1.0,exact
business_07745,Paul Pniower,MATCH,(all),,,1.0,exact
business_07746,Paul Quetschke,MATCH,(all),,,1.0,exact
business_07747,Paul Ramlau,MATCH,(all),,,1.0,exact
business_07748,Paul Redelsheimer & Co Einrichtungshaus GmbH,MATCH,(all),,,1.0,exact
business_07749,Paul Reich,MATCH,(all),,,1.0,exact
business_07750,Paul Saalfeld,FIELD_DIFF,original_address,"Präsidentenstr. 8, Berlin","Große Präsidentenstr. 8, Berlin",0.65,address_differs
business_07751,Paul Steinberg & Co,MATCH,(all),,,1.0,exact
business_07752,Paul Steinberg Bankgeschäft,MATCH,(all),,,1.0,exact
business_07753,Paul Stern,MATCH,(all),,,1.0,exact
business_07754,Paul Sternberg Export,MATCH,(all),,,1.0,exact
business_07755,Paul Szepanski,MATCH,(all),,,1.0,exact
business_07756,Paul Süssmann GmbH,MATCH,(all),,,1.0,exact
business_07757,Paul Süßkind,MATCH,(all),,,1.0,exact
business_07758,Paul Trachtenberg & Co,MATCH,(all),,,1.0,exact
business_07759,Paul Valentin,FIELD_DIFF,original_address,"Friedrichstr. 51/52, Berlin","Neue Friedrichstr. 51/52, Berlin",0.65,address_differs
business_07760,Paul Victor Stern,MATCH,(all),,,1.0,exact
business_07761,Peisach Katz,MATCH,(all),,,1.0,exact
business_07762,Pelikan Leihwäsche Jakob Walzer,MATCH,(all),,,1.0,exact
business_07763,Pelikan-Apotheke Isaak Bry,MATCH,(all),,,1.0,exact
business_07764,Pelz-Haus Tauentzien Fritz Weißler,MATCH,(all),,,1.0,exact
business_07765,Pelz-Modell-Haus Max Weissler,MATCH,(all),,,1.0,exact
business_07766,Pelz-Müller Rauchwarengesellschaft mbH,MATCH,(all),,,1.0,exact
business_07767,Pelzhaus Felix Nathan,FIELD_DIFF,original_address,"Platz 6, Berlin","Belle-Alliance-Platz 6, Berlin",0.65,address_differs
business_07768,Pelzhaus Sabo Salamon Bochenek,MATCH,(all),,,1.0,exact
business_07769,Pelzhaus Sibiriak A. Ourin & Co,MATCH,(all),,,1.0,exact
business_07770,Pelzmodehaus Kaluski,MATCH,(all),,,1.0,exact
business_07771,Paul Zielinski,MATCH,(all),,,1.0,exact
business_07772,Paula Buschke,FIELD_DIFF,original_address,"( Trade ) Eingetragen im Handelsregister/ Gründung 1936 Erloschen 1939 Alt Moabit 85a, Berlin","Alt Moabit 85a, Berlin",0.65,address_differs
business_07773,Paula Elsberg,MATCH,(all),,,1.0,exact
business_07774,Paula Gerstel & Co OHG i. L.,MATCH,(all),,,1.0,exact
business_07775,Paula Langer,MATCH,(all),,,1.0,exact
business_07776,"Paula Phillippsohn, Vertreterin der Firma F. W. Grosse Söhne GmbH",MATCH,(all),,,1.0,exact
business_07777,Paula Schwarz,MATCH,(all),,,1.0,exact
business_07778,Pauly & Pinner,MATCH,(all),,,1.0,exact
business_07779,Pax-Schirme und Handtaschen,MATCH,(all),,,1.0,exact
business_07780,Pechbrenner,MATCH,(all),,,1.0,exact
business_07781,Paul Walk,MATCH,(all),,,1.0,exact
business_07782,Paul Wallach,MATCH,(all),,,1.0,exact
business_07783,Paul Wertheimer,MATCH,(all),,,1.0,exact
business_07784,Paul Wienskowitz,MATCH,(all),,,1.0,exact
business_07785,Paul Wolff & Co,FIELD_DIFF,original_address,"Kirchstr. 16, Berlin","Neustädtische Kirchstr. 16, Berlin",0.65,address_differs
business_07786,Paul Wolfsohn & Co KG,MATCH,(all),,,1.0,exact
business_07787,Paul Woliner (Paul Wollner),MATCH,(all),,,1.0,exact
business_07788,Paul Zeidler,MATCH,(all),,,1.0,exact
business_07789,Paul Zeller,MATCH,(all),,,1.0,exact
business_07790,Paul Ziege KG,MATCH,(all),,,1.0,exact
business_07791,Pension Berendt,MATCH,(all),,,1.0,exact
business_07792,Pension Bernhardt,MATCH,(all),,,1.0,exact
business_07793,Pension Bernstein,MATCH,(all),,,1.0,exact_ambiguous_2
business_07794,Pension Bernstein,MATCH,(all),,,1.0,exact_ambiguous_2
business_07795,Pension Boas,MATCH,(all),,,1.0,exact
business_07796,Pension Camilla Milch,MATCH,(all),,,1.0,exact
business_07797,Pension Castell,MATCH,(all),,,1.0,exact
business_07798,Pension Charlottenburg,MATCH,(all),,,1.0,exact
business_07799,Pension Egra,MATCH,(all),,,1.0,exact
business_07800,Pension Elton,MATCH,(all),,,1.0,exact
business_07801,Pension Flora,MATCH,(all),,,1.0,exact
business_07802,Pension Glaser,MATCH,(all),,,1.0,exact
business_07803,Pension Goldstein,MATCH,(all),,,1.0,exact
business_07804,Pension Hoffmann,MATCH,(all),,,1.0,exact
business_07805,Pension Ilse,MATCH,(all),,,1.0,exact
business_07806,Pension Ingrid,MATCH,(all),,,1.0,exact
business_07807,Pension Kahn,MATCH,(all),,,1.0,exact
business_07808,Pension Klein,MATCH,(all),,,1.0,exact
business_07809,Pension Körber,MATCH,(all),,,1.0,exact
business_07810,Pension Liaschinsky,MATCH,(all),,,1.0,exact
business_07811,Pelzmodehaus Leo Einhorn,MATCH,(all),,,1.0,exact
business_07812,Pelzmoden Kant GmbH,MATCH,(all),,,1.0,exact
business_07813,Pelzwaren Teit Martin Teit,MATCH,(all),,,1.0,exact
business_07814,Pelzwaren-Niko,MATCH,(all),,,1.0,exact
business_07815,Penizek & Rainer,MATCH,(all),,,1.0,exact
business_07816,Penner & Amster,MATCH,(all),,,1.0,exact
business_07817,Pension Anna Misch,MATCH,(all),,,1.0,exact
business_07818,Pension Ascher,MATCH,(all),,,1.0,exact
business_07819,Pension Atlanta,MATCH,(all),,,1.0,exact
business_07820,Pension Bechthold,MATCH,(all),,,1.0,exact
business_07821,Pension Lissauer,MATCH,(all),,,1.0,exact
business_07822,Pension Lüdecke,MATCH,(all),,,1.0,exact
business_07823,Pension Metropol,MATCH,(all),,,1.0,exact
business_07824,Pension Modern,MATCH,(all),,,1.0,exact
business_07825,Pension Oliva GmbH,MATCH,(all),,,1.0,exact
business_07826,Pension Olympic,MATCH,(all),,,1.0,exact
business_07827,Pension Pariser Eck,MATCH,(all),,,1.0,exact
business_07828,Pension Phiebig,MATCH,(all),,,1.0,exact
business_07829,Pension Philipp,MATCH,(all),,,1.0,exact
business_07830,Pension Rinkel,MATCH,(all),,,1.0,exact
business_07831,Pension Roma,MATCH,(all),,,1.0,exact
business_07832,Pension Rosa Stössinger,MATCH,(all),,,1.0,exact
business_07833,Pension Rose Struck,MATCH,(all),,,1.0,exact
business_07834,Pension Rosenbaum,MATCH,(all),,,1.0,exact_ambiguous_2
business_07835,Pension Rosenbaum,MATCH,(all),,,1.0,exact_ambiguous_2
business_07836,Pension Schlesinger,MATCH,(all),,,1.0,exact
business_07837,Pension Schmidt,MATCH,(all),,,1.0,exact
business_07838,Pension Schwalbe,MATCH,(all),,,1.0,exact
business_07839,Pension Select,MATCH,(all),,,1.0,exact
business_07840,Pension Steinthal,MATCH,(all),,,1.0,exact
business_07841,Pension Stern,MATCH,(all),,,1.0,exact
business_07842,Pension Teske,MATCH,(all),,,1.0,exact
business_07843,Pension Wegner,MATCH,(all),,,1.0,exact
business_07844,Pension Wieland,MATCH,(all),,,1.0,exact
business_07845,Pension am Platze,MATCH,(all),,,1.0,exact
business_07846,Pension am Zoo,MATCH,(all),,,1.0,exact
business_07847,Pension von Kessel,MATCH,(all),,,1.0,exact
business_07848,Pepi Leibowicz,MATCH,(all),,,1.0,exact
business_07849,Perla Kunst GmbH,MATCH,(all),,,1.0,exact
business_07850,Perlen-Manufactur Richard Goldmann,MATCH,(all),,,1.0,exact
business_07851,Philipp Elden Kinderbekleidung GmbH,MATCH,(all),,,1.0,exact
business_07852,Philipp Fabisch GmbH,MATCH,(all),,,1.0,exact
business_07853,Philipp Feibusch,MATCH,(all),,,1.0,exact
business_07854,Philipp Frenkel,MATCH,(all),,,1.0,exact
business_07855,"Philipp Gerber, Blusen",MATCH,(all),,,1.0,exact
business_07856,Philipp Jacobius,MATCH,(all),,,1.0,exact
business_07857,Philipp Jaroszynsky,MATCH,(all),,,1.0,exact
business_07858,Philipp Kastelan,MATCH,(all),,,1.0,exact
business_07859,Philipp Kochmann Chemische Fabrik,MATCH,(all),,,1.0,exact
business_07860,Philipp Kosack & Co,MATCH,(all),,,1.0,exact
business_07861,"Persicaner, Bernhard",MATCH,(all),,,1.0,exact
business_07862,Perugia Bankgeschäft GmbH,MATCH,(all),,,1.0,exact
business_07863,Peter Prichodko,MATCH,(all),,,1.0,exact
business_07864,Peters & Schulze,MATCH,(all),,,1.0,exact
business_07865,Petropolis-Verlag AG,MATCH,(all),,,1.0,exact
business_07866,Pfeffer & Goldberg,MATCH,(all),,,1.0,exact
business_07867,Pfeil-Verlag GmbH,FIELD_DIFF,original_address,"Industr 27, Berlin","Königgrätzer Str. (Saarlandstr.) 27, Berlin",0.65,address_differs
business_07868,Ph. Brand & Co,FIELD_DIFF,original_address,"Platz 8, Berlin","Belle-Alliance-Platz 8, Berlin",0.65,address_differs
business_07869,Ph. Stein,MATCH,(all),,,1.0,exact
business_07870,Phantasie-Stoff-Wirkerei GmbH,FIELD_DIFF,original_address,"Jakobstr. 20/22, Berlin","Alte Jakobstr. 20/22, Berlin",0.65,address_differs
business_07871,Pharma - Max Loebinger & Co GmbH für chemische und chemisch-pharmazeutische Produkte,MATCH,(all),,,1.0,exact
business_07872,Pharmaport Gesellschaft für chemisch-pharmazeutische Produkte mbH,MATCH,(all),,,1.0,exact
business_07873,Pharmarium GmbH,MATCH,(all),,,1.0,exact
business_07874,Pharmazeutikon AG für chemisch-pharmazeutische Produkte,MATCH,(all),,,1.0,exact
business_07875,Pharmazeutisches Laboratorium Deutschland Apotheker Georg Deutschland,MATCH,(all),,,1.0,exact
business_07876,Philharmonischer Verlag Benno Goldfeder,MATCH,(all),,,1.0,exact
business_07877,Philipp & Co,MATCH,(all),,,1.0,exact
business_07878,Philipp & Hugo Lewy,MATCH,(all),,,1.0,exact
business_07879,Philipp Bendikowsky,MATCH,(all),,,1.0,exact
business_07880,Philipp Elden,MATCH,(all),,,1.0,exact
business_07881,Philippsohn & Leschziner Wäschefabrik GmbH,MATCH,(all),,,1.0,exact
business_07882,Philippson & Friedländer,MATCH,(all),,,1.0,exact
business_07883,"Philippson, Margarete geb. Salomon",MATCH,(all),,,1.0,exact
business_07884,"Philipsborn, Victor",MATCH,(all),,,1.0,exact
business_07885,Philo Verlag und Buchhandlung GmbH,MATCH,(all),,,1.0,exact
business_07886,Phoebus Medizin. Institut Dr. Heinrich Haller,MATCH,(all),,,1.0,exact
business_07887,Phoenix Bau-GmbH,MATCH,(all),,,1.0,exact
business_07888,Phono-Radio Großhandlung H. Jaraczewski & Co,MATCH,(all),,,1.0,exact
business_07889,Phonogramm-Verlag GmbH,MATCH,(all),,,1.0,exact
business_07890,Photo-Dzubas,MATCH,(all),,,1.0,exact
business_07891,Photo-Richtheimer,MATCH,(all),,,1.0,exact
business_07892,Photo-Spiegel,MATCH,(all),,,1.0,exact
business_07893,Photogramm-Gesellschaft G. & C. Klingelhöfer,MATCH,(all),,,1.0,exact
business_07894,Photohaus Schlesinger,MATCH,(all),,,1.0,exact
business_07895,Photokino Verlag GmbH,MATCH,(all),,,1.0,exact
business_07896,Photothek Römer & Bernstein,MATCH,(all),,,1.0,exact
business_07897,Phönix AG für Braunkohlenverwertung,MATCH,(all),,,1.0,exact
business_07898,Phönix Handelsgesellschaft für Textilwaren mbH,MATCH,(all),,,1.0,exact
business_07899,Phönix-Apotheke Willy Goldberg,MATCH,(all),,,1.0,exact
business_07900,Phönix-Fabrik Walter Behrens & Co,MATCH,(all),,,1.0,exact
business_07901,Philipp Lewy & Co KG,MATCH,(all),,,1.0,exact
business_07902,Philipp Lewy GmbH,MATCH,(all),,,1.0,exact
business_07903,Philipp Moschkowitz,MATCH,(all),,,1.0,exact
business_07904,Philipp Rosenberg,MATCH,(all),,,1.0,exact
business_07905,Philipp Rosenthal,MATCH,(all),,,1.0,exact
business_07906,Philipp Schwersenz,MATCH,(all),,,1.0,exact
business_07907,Philipp Solms,MATCH,(all),,,1.0,exact
business_07908,Philipp Stotzki,MATCH,(all),,,1.0,exact
business_07909,Philipp Weiß & Söhne & Co mbH,MATCH,(all),,,1.0,exact
business_07910,Philipp Wollenberg,MATCH,(all),,,1.0,exact
business_07911,Piccolo-Automaten GmbH,MATCH,(all),,,1.0,exact
business_07912,Pichler & Müller GmbH,MATCH,(all),,,1.0,exact
business_07913,Pictura GmbH Gemälde und Plastik,MATCH,(all),,,1.0,exact
business_07914,Piket & Noher,MATCH,(all),,,1.0,exact
business_07915,Pilsner Urquell Biervertriebsgesellschaft mbH (vormals F. & M. Camphausen),MATCH,(all),,,1.0,exact
business_07916,Pincevski & Sadowski,MATCH,(all),,,1.0,exact
business_07917,Pincus Schmelzer Möbel-Ausstattungshaus,MATCH,(all),,,1.0,exact
business_07918,Pinkus Hauser Reclame Neuheiten Industrie,MATCH,(all),,,1.0,exact
business_07919,Pinkus Szydlow,MATCH,(all),,,1.0,exact
business_07920,Pinner & Weinstock,MATCH,(all),,,1.0,exact
business_07921,"Pinner, Eva",MATCH,(all),,,1.0,exact
business_07922,Pinschewer Film AG,FIELD_DIFF,original_address,"Genthinerstraße 32, Berlin","Genthiner Str. 32, Berlin",0.65,address_differs
business_07923,Pintus & Scharfe,MATCH,(all),,,1.0,exact
business_07924,"Pintus, Max",MATCH,(all),,,1.0,exact
business_07925,Plachte & Salomon,MATCH,(all),,,1.0,exact
business_07926,"Plachte, Martin",MATCH,(all),,,1.0,exact
business_07927,Plakatanschlag-Vermittlung Jacques Albachary GmbH,MATCH,(all),,,1.0,exact
business_07928,Plan- & Sack-Industrie Oppenheimer & Nürnberg,MATCH,(all),,,1.0,exact
business_07929,Plaut & Daniel,MATCH,(all),,,1.0,exact
business_07930,Plaza Theater-GmbH,MATCH,(all),,,1.0,exact
business_07931,Pleß & Löwenthal,MATCH,(all),,,1.0,exact
business_07932,Pleßner & Co,MATCH,(all),,,1.0,exact
business_07933,Plissee-Biene,MATCH,(all),,,1.0,exact
business_07934,Plissee-Maschke,MATCH,(all),,,1.0,exact
business_07935,Plombenhirsch Ludwig Hirsch,MATCH,(all),,,1.0,exact
business_07936,Pluma Bettfedern GmbH,MATCH,(all),,,1.0,exact
business_07937,Pneurapid Autotechnische Spezialartikel Walter Caminer,MATCH,(all),,,1.0,exact
business_07938,Pogliani und Hepner GmbH,MATCH,(all),,,1.0,exact
business_07939,Pohly & Marcus,MATCH,(all),,,1.0,exact
business_07940,Polensky & Co KG,MATCH,(all),,,1.0,exact
business_07941,Polke & Jokobowski,MATCH,(all),,,1.0,exact
business_07942,Polsterwaren-Wegner,MATCH,(all),,,1.0,exact
business_07943,Polyderma Vertriebs GmbH,MATCH,(all),,,1.0,exact
business_07944,Poper & Fürth,MATCH,(all),,,1.0,exact
business_07945,Poppert & Co,MATCH,(all),,,1.0,exact
business_07946,"Porfi, Karl",MATCH,(all),,,1.0,exact
business_07947,"Portica GmbH Fabrikation von Verpackungsmitteln aus Papier, Pappe und Holzstoff",FIELD_DIFF,original_address,"Grünstr. 17, Berlin","Neue Grünstr. 17, Berlin",0.65,address_differs
business_07948,Posner & Phillipson GmbH,MATCH,(all),,,1.0,exact
business_07949,Postkartenverlag Landsberger & Co,MATCH,(all),,,1.0,exact
business_07950,Pototzky & Co,FIELD_DIFF,original_address,"Präsidentenstr. 9, Berlin","Große Präsidentenstr. 9, Berlin",0.65,address_differs
business_07951,Pototzky & Co AG für Versicherungswesen,FIELD_DIFF,original_address,"Präsidentenstr. 9, Berlin","Große Präsidentenstr. 9, Berlin",0.65,address_differs
business_07952,Potsdamer-Lützowstraße-Grundstücks-GmbH,MATCH,(all),,,1.0,exact
business_07953,Prager & Ansorge,MATCH,(all),,,1.0,exact
business_07954,Prager & Lojda,MATCH,(all),,,1.0,exact
business_07955,Pralina GmbH,MATCH,(all),,,1.0,exact
business_07956,Prerauer & Co,MATCH,(all),,,1.0,exact
business_07957,Presse-Photo GmbH,MATCH,(all),,,1.0,exact
business_07958,Preuß & Wittich GmbH,MATCH,(all),,,1.0,exact
business_07959,Preußen-Apotheke Johannes Bockshammer,MATCH,(all),,,1.0,exact
business_07960,"Priester, Emil",MATCH,(all),,,1.0,exact
business_07961,Primissima Metallbettstellen-AG,MATCH,(all),,,1.0,exact
business_07962,Primus Traktoren GmbH,MATCH,(all),,,1.0,exact
business_07963,Printator GmbH,FIELD_DIFF,original_address,"Charlottenstr. 50/51, Berlin","Charlottenstr. 50/51, Berlin Lehderstr 20/21,",0.65,address_differs
business_07964,Prinz & Memisohn,MATCH,(all),,,1.0,exact
business_07965,Prinzen Apotheke Julius Jacob,MATCH,(all),,,1.0,exact
business_07966,Prinzessinen-Kaffee,MATCH,(all),,,1.0,exact
business_07967,Privat-Ambulatorium Siegfried Phillippson,MATCH,(all),,,1.0,exact
business_07968,Privat-Auskunftei u. Detektei Gerhard Stensch,MATCH,(all),,,1.0,exact
business_07969,Private Musikschule Hollaender,MATCH,(all),,,1.0,exact
business_07970,Priviligierte Apotheke zum roten Adler,MATCH,(all),,,1.0,exact
business_07971,Prodonta Grundstücks-Verwaltungs-GmbH,MATCH,(all),,,1.0,exact
business_07972,Produktenmarkt Verlags-Gesellschaft mbH,MATCH,(all),,,1.0,exact
business_07973,Promural Gesellschaft Schömann & Co,MATCH,(all),,,1.0,exact
business_07974,Proskauer & Pauson,MATCH,(all),,,1.0,exact
business_07975,Protos Telefon GmbH,MATCH,(all),,,1.0,exact
business_07976,Prudentia Handelsgesellschaft für Ein- und Ausfuhr mbH,MATCH,(all),,,1.0,exact
business_07977,Puhl & Wagner Gottfried Heinersdorff,MATCH,(all),,,1.0,exact
business_07978,Pulvermacher & Segall,MATCH,(all),,,1.0,exact
business_07979,Putzfachschule Beer,MATCH,(all),,,1.0,exact
business_07980,Putziger & Brandt,MATCH,(all),,,1.0,exact
business_07981,Pyrophor-Feuerzeug-Fabrik GmbH,MATCH,(all),,,1.0,exact
business_07982,Quandt & Spritz,FIELD_DIFF,original_address,"e Hamburger Str. 1, Berlin","Große Hamburger Str. 1, Berlin",0.65,address_differs
business_07983,Quick Deutsche Automaten-Gaststätten GmbH,MATCH,(all),,,1.0,exact
business_07984,R. & A. Hertz,MATCH,(all),,,1.0,exact
business_07985,R. & S. Moses,MATCH,(all),,,1.0,exact
business_07986,R. Abraham GmbH,MATCH,(all),,,1.0,exact
business_07987,"R. B. Polak & Schwarz's Essencefabrieken, Zweigniederlassung Berlin",FIELD_DIFF,original_address,"Königstr. 83, Berlin","Neue Königstr. 83, Berlin",0.65,address_differs
business_07988,R. Baer & Söhne,MATCH,(all),,,1.0,exact
business_07989,R. Baumann Filiale Nachf. Max Pinkus,MATCH,(all),,,1.0,exact
business_07990,R. Bellair & Co,MATCH,(all),,,1.0,exact
business_07991,R. Blume GmbH,MATCH,(all),,,1.0,exact
business_07992,"R. Blume GmbH / Paul Lindemann(Schlosser), F. Neumann(Dipl. Ing.)",MATCH,(all),,,1.0,exact
business_07993,R. Blume Metallbaugesellschaft mbH,MATCH,(all),,,1.0,exact
business_07994,R. Boll Buchdruckerei und Verlagsbuchhandlung,MATCH,(all),,,1.0,exact
business_07995,R. Bredow,MATCH,(all),,,1.0,exact
business_07996,R. Brisgelsky,MATCH,(all),,,1.0,exact
business_07997,R. Cohn junior,FIELD_DIFF,original_address,"Jakobstr. 93, Berlin","Alte Jakobstr. 93, Berlin",0.65,address_differs
business_07998,R. E. Mucha & Co,MATCH,(all),,,1.0,exact
business_07999,R. Einhorn u. Co Herrenkleider-Fabrik,FIELD_DIFF,original_address,"Friedrichstr. 43, Berlin","Neue Friedrichstr. 43, Berlin",0.65,address_differs
business_08000,R. Eisenmann GmbH,MATCH,(all),,,1.0,exact
business_08001,R. Eisenschmidt,MATCH,(all),,,1.0,exact
business_08002,R. Eisland & Co Herrenkleider- und Gummimäntelfabrik,MATCH,(all),,,1.0,exact
business_08003,R. Eplinius,MATCH,(all),,,1.0,exact
business_08004,R. F. Waechter & Co GmbH,FIELD_DIFF,original_address,"Kurfürstenstr. 125, Berlin","Kurfürstenstr. 125a, Berlin",0.65,address_differs
business_08005,R. Fichtmann,MATCH,(all),,,1.0,exact
business_08006,R. Flockenhaus sen. Nachf. Dr. Elkeles,MATCH,(all),,,1.0,exact
business_08007,R. Frister AG,MATCH,(all),,,1.0,exact
business_08008,"R. Frister AG, Zweigniederlassung (in) Oberschöneweide",MATCH,(all),,,1.0,exact
business_08009,R. Fröschke & Co,MATCH,(all),,,1.0,exact
business_08010,R. G. Brandt & Co GmbH,MATCH,(all),,,1.0,exact
business_08011,R. Hammer & Co,MATCH,(all),,,1.0,exact
business_08012,R. Landauer Nachf.,FIELD_DIFF,original_address,"Monbijouplatz 3, Berlin","Monbijouplatz 3b, Berlin",0.65,address_differs
business_08013,R. Lewinski,MATCH,(all),,,1.0,exact
business_08014,R. Lewy & Co Vereinigte Hut Compagnie,MATCH,(all),,,1.0,exact
business_08015,R. M. Maassen GmbH,MATCH,(all),,,1.0,exact
business_08016,R. Markowits (Markowitz),MATCH,(all),,,1.0,exact
business_08017,R. Sachs GmbH,MATCH,(all),,,1.0,exact
business_08018,R. Scherk & Hermann Scherk,MATCH,(all),,,1.0,exact
business_08019,R. Schramm & F. Wüste,MATCH,(all),,,1.0,exact
business_08020,R. Schweizer & Co,MATCH,(all),,,1.0,exact
business_08021,R. T. Glanternik,MATCH,(all),,,1.0,exact
business_08022,R. Urrisch,MATCH,(all),,,1.0,exact
business_08023,R. Wangenheim & Co,MATCH,(all),,,1.0,exact
business_08024,R. Zernik Großvertrieb von Weißwaren und Stickereien AG,MATCH,(all),,,1.0,exact
business_08025,Radio GmbH D. S. Loewe,MATCH,(all),,,1.0,exact
business_08026,Radio-Gesellschaft Aron & Co GmbH,MATCH,(all),,,1.0,exact
business_08027,Radio-Haus Clou,MATCH,(all),,,1.0,exact
business_08028,Radio-Hilfe,MATCH,(all),,,1.0,exact
business_08029,Radio-Huppert Arthur Huppert,MATCH,(all),,,1.0,exact
business_08030,Radio-Neuheiten,MATCH,(all),,,1.0,exact
business_08031,Radio-Tempo Hutterer & Co,MATCH,(all),,,1.0,exact
business_08032,"Radio-Vertrieb Bayrischer Platz, A. Kraus",MATCH,(all),,,1.0,exact
business_08033,Radio-Vertrieb Record Salomon Zuckermann,FIELD_DIFF,original_address,"Tauentzienstr. 18, Berlin","Tauentzienstr. 18a, Berlin",0.65,address_differs
business_08034,Radio-Windmüller,MATCH,(all),,,1.0,exact
business_08035,Radioaktiengesellschaft D. S. Loewe,MATCH,(all),,,1.0,exact
business_08036,Radiohaus Friedenau,MATCH,(all),,,1.0,exact
business_08037,Radiophon Company mbH,MATCH,(all),,,1.0,exact
business_08038,Radiosclerin-Gesellschaft mbH,MATCH,(all),,,1.0,exact
business_08039,Radiovertrieb Record,MATCH,(all),,,1.0,exact
business_08040,Radlauer's Kronen-Apotheke Leon Stolzmann,MATCH,(all),,,1.0,exact
business_08041,Rafael Perez,MATCH,(all),,,1.0,exact
business_08042,Ranis & Co GmbH,MATCH,(all),,,1.0,exact
business_08043,Rapid Kopier-GmbH,MATCH,(all),,,1.0,exact
business_08044,Rapid-Entfleckerei Kaminski & Hassan,MATCH,(all),,,1.0,exact
business_08045,Rapid-Kohlepapiere Gerda Fritzen,MATCH,(all),,,1.0,exact
business_08046,Rappolt & Söhne,MATCH,(all),,,1.0,exact
business_08047,Ratafia Abraham,MATCH,(all),,,1.0,exact
business_08048,Rath & Weißbach,MATCH,(all),,,1.0,exact
business_08049,Rathaus-Apotheke Louis Kempner,MATCH,(all),,,1.0,exact
business_08050,Rawack & Grünfeld AG,MATCH,(all),,,1.0,exact
business_08051,"Rawetzky, Litry (?)",MATCH,(all),,,1.0,exact
business_08052,Rebecca Marcus Nachf.,MATCH,(all),,,1.0,exact
business_08053,Recha Heymann,MATCH,(all),,,1.0,exact
business_08054,"Record, die gute Herrenkleidung GmbH",MATCH,(all),,,1.0,exact
business_08055,Redeventza Deutsch-Rumänische Petroleum-Verkaufs-Gesellschaft mbH,MATCH,(all),,,1.0,exact
business_08056,"Redlich, Fritz",MATCH,(all),,,1.0,exact
business_08057,"Redlich, Kurt",MATCH,(all),,,1.0,exact
business_08058,Regenmäntelfabrik Esko-Pluvius AG,MATCH,(all),,,1.0,exact
business_08059,Regenmäntelfabrik S. Silberstein   S. Silberstein & Co AG,MATCH,(all),,,1.0,exact
business_08060,Regenmäntelfabrik S. Silberstein & Co GmbH,MATCH,(all),,,1.0,exact
business_08061,Regenmäntelfabrik Waterproof Kiewe & Saenger,MATCH,(all),,,1.0,exact
business_08062,Regenmäntelfabrikation Favorit Siegbert Kiewe,MATCH,(all),,,1.0,exact
business_08063,Regina Friedlaender GmbH,MATCH,(all),,,1.0,exact
business_08064,Regina Löwinsohn,MATCH,(all),,,1.0,exact
business_08065,Regina Schabinski,MATCH,(all),,,1.0,exact
business_08066,Regina Steiner,MATCH,(all),,,1.0,exact
business_08067,Regina und Manny Leiser,MATCH,(all),,,1.0,exact
business_08068,Reh & Praedel,MATCH,(all),,,1.0,exact
business_08069,Reich & Baehr,MATCH,(all),,,1.0,exact
business_08070,Reich & Golombek,MATCH,(all),,,1.0,exact
business_08071,Reich & Loewenstein,MATCH,(all),,,1.0,exact
business_08072,Reichenthal & Ringel Herrenkonfection Engros-Export,MATCH,(all),,,1.0,exact
business_08073,Reichs-Apotheke Leonhard Krause,MATCH,(all),,,1.0,exact
business_08074,Reichsadler-Apotheke & Droguerie Paul Schoenbeck,FIELD_DIFF,original_address,"e Frankfurter Str. 134, Berlin","Große Frankfurter Str. 134, Berlin",0.65,address_differs
business_08075,Rein-Gold Wäscherei Cöpenick Max Lehmann,MATCH,(all),,,1.0,exact
business_08076,Reinhard Sachs,MATCH,(all),,,1.0,exact
business_08077,Reinhardt & Höffler,FIELD_DIFF,original_address,"Rungestr. 18, Berlin","Rungestr. 18a, Berlin",0.65,address_differs
business_08078,Reinhold Albert Simon,MATCH,(all),,,1.0,exact
business_08079,Reinhold Fischer & Co,MATCH,(all),,,1.0,exact
business_08080,Reinhold Grün Leder-Abfälle und Ausrüstungsbedarf,FIELD_DIFF,original_address,"Friedrichstr. 3, Berlin","Neue Friedrichstr. 3, Berlin",0.65,address_differs
business_08081,Reinhold Kühn AG,MATCH,(all),,,1.0,exact
business_08082,Reinhold Staudemeyer,MATCH,(all),,,1.0,exact
business_08083,Reinigungsinstitut Gegenbauer,MATCH,(all),,,1.0,exact
business_08084,Reinstein & Simon,MATCH,(all),,,1.0,exact
business_08085,Reissmann & Chaim,MATCH,(all),,,1.0,exact
business_08086,Reiwald & Hirsch,MATCH,(all),,,1.0,exact
business_08087,"Reißner, Wohl & Co GmbH",MATCH,(all),,,1.0,exact
business_08088,Reklame-Löwe Erwin Löwe,MATCH,(all),,,1.0,exact
business_08089,Rekord Spezialhaus für Wäsche und Strümpfe Benjamin Vogelsdorff,MATCH,(all),,,1.0,exact
business_08090,Remak & Co GmbH,MATCH,(all),,,1.0,exact
business_08091,Remak & Silber,MATCH,(all),,,1.0,exact
business_08092,Rembrandt Atelier für künstlerische Aufnahmen Alfred Cohn,FIELD_DIFF,original_address,"Winterfeldstr. 26, Berlin","Neue Winterfeldstr. 26, Berlin",0.65,address_differs
business_08093,René Wasserthal,MATCH,(all),,,1.0,exact
business_08094,Reproduktion GmbH,MATCH,(all),,,1.0,exact
business_08095,Residenz-Apotheke mit Drogenhandlung Dr. Hans Friedländer Apothekenbesitzer,MATCH,(all),,,1.0,exact
business_08096,Restaurant Ansbach,MATCH,(all),,,1.0,exact
business_08097,Restaurant Friedmann Paul Friedmann,MATCH,(all),,,1.0,exact
business_08098,Restaurant Lucullus,MATCH,(all),,,1.0,exact
business_08099,Restaurant Moustafa Ciro GmbH,MATCH,(all),,,1.0,exact
business_08100,Restaurant Pschorr-Haus Abler & Meisel,MATCH,(all),,,1.0,exact
business_08101,"Restaurant Rubinstein, Wiener Cafè",MATCH,(all),,,1.0,exact
business_08102,Reuß & Pollack,MATCH,(all),,,1.0,exact
business_08103,Revag Grundstücksverwaltungs AG,MATCH,(all),,,1.0,exact
business_08104,Rewa Grundstücksgesellschaft mbH,MATCH,(all),,,1.0,exact
business_08105,Rewald & Weißberg Export-Gesellschaft,MATCH,(all),,,1.0,exact
business_08106,Rheingau-Apotheke Paul Laukin,MATCH,(all),,,1.0,exact
business_08107,Rheinhessische Weinhandlung Josef Schindler,MATCH,(all),,,1.0,exact
business_08108,Rheinische Weinvertriebs-Gesellschaft Block & Co,FIELD_DIFF,original_address,"Barbarossastr. 32, Berlin","Barbarossastr. 32a, Berlin",0.65,address_differs
business_08109,Rhenania-Kunheim Chemische Fabriken GmbH,MATCH,(all),,,1.0,exact
business_08110,Rialto-Fortuna Lichtspiele GmbH,FIELD_DIFF,original_address,"( Services ) Eingetragen im Handelsregister/ Gründung 1933 Erloschen 1935 Keine Angabe , Berlin","Keine Angabe , Berlin",0.65,address_differs
business_08111,"Ricardo Falero, ""Pasta all' Uovo""""""",MATCH,(all),,,1.0,exact
business_08112,Richard Adam,FIELD_DIFF,original_address,"Tempelhofer Ufer 3, Berlin","Tempelhofer Ufer 3a, Berlin",0.65,address_differs
business_08113,Richard Althoff,FIELD_DIFF,original_address,"Burgstr. 25, Berlin","Burgstr. 25 (Börse), Berlin",0.65,address_differs
business_08114,Richard Baer & Co,MATCH,(all),,,1.0,exact
business_08115,Richard Brandt,FIELD_DIFF,original_address,"e Frankfurter Str. 87, Berlin","Große Frankfurter Str. 87, Berlin",0.65,address_differs
business_08116,Richard Brat,MATCH,(all),,,1.0,exact
business_08117,Richard Brody,MATCH,(all),,,1.0,exact
business_08118,Richard Davidsohn,MATCH,(all),,,1.0,exact
business_08119,Richard Dienstfertig,MATCH,(all),,,1.0,exact
business_08120,Richard E. Cohn,MATCH,(all),,,1.0,exact
business_08121,Richard Eloesser & Co GmbH,MATCH,(all),,,1.0,exact
business_08122,Richard Fleischhauer,MATCH,(all),,,1.0,exact
business_08123,Richard Frey,MATCH,(all),,,1.0,exact
business_08124,"Richard Fröhlich, Fabrikation kunstseidener Damenwäsche",MATCH,(all),,,1.0,exact
business_08125,Richard Fuchs,MATCH,(all),,,1.0,exact
business_08126,Richard Fuchs Bank-Kommissionsgeschäft,MATCH,(all),,,1.0,exact
business_08127,Richard Galle Mechanische Werkstatt,MATCH,(all),,,1.0,exact
business_08128,Richard Geduldig,MATCH,(all),,,1.0,exact
business_08129,Richard Gimpel,MATCH,(all),,,1.0,exact
business_08130,Richard Glaser,MATCH,(all),,,1.0,exact
business_08131,Richard Goetz,MATCH,(all),,,1.0,exact
business_08132,Richard Goldmann,MATCH,(all),,,1.0,exact
business_08133,Richard Gottschalk,MATCH,(all),,,1.0,exact
business_08134,Richard Gradenwitz GmbH,MATCH,(all),,,1.0,exact
business_08135,Richard Hammerstein GmbH,MATCH,(all),,,1.0,exact
business_08136,Richard Hecht,MATCH,(all),,,1.0,exact
business_08137,Richard Hecht & Co,MATCH,(all),,,1.0,exact
business_08138,Richard Herrnstadt,MATCH,(all),,,1.0,exact
business_08139,Richard Humberg vorm. Tarrasch & Co,FIELD_DIFF,original_address,"( Trade ) Eingetragen im Handelsregister/ Gründung 1920 Erloschen 1940 Keine Angabe , Berlin","Keine Angabe , Berlin",0.65,address_differs
business_08140,Richard Hurwitz,MATCH,(all),,,1.0,exact
business_08141,Richard I. David,MATCH,(all),,,1.0,exact
business_08142,Richard J. Frank,MATCH,(all),,,1.0,exact
business_08143,Richard Jacobs Verlag,FIELD_DIFF,original_address,"Universitätsstr. 3, Berlin","Universitätsstr. 3b, Berlin",0.65,address_differs
business_08144,Richard Jacobsohn jur.,MATCH,(all),,,1.0,exact
business_08145,Richard Jolles,MATCH,(all),,,1.0,exact
business_08146,Richard Kantorowicz,MATCH,(all),,,1.0,exact
business_08147,Richard Karo,MATCH,(all),,,1.0,exact
business_08148,Richard Katz & Co Parfümerie-Großhandlung,MATCH,(all),,,1.0,exact
business_08149,Richard Kaufmann,MATCH,(all),,,1.0,exact
business_08150,Richard Kayser,MATCH,(all),,,1.0,exact
business_08151,Richard Korant,MATCH,(all),,,1.0,exact
business_08152,Richard Kuntze,MATCH,(all),,,1.0,exact
business_08153,Richard Labisch & Co Graphische Kunstanstalt GmbH,MATCH,(all),,,1.0,exact
business_08154,Richard Ladendorff französische gewebte Gobelins und Möbelstoffe,MATCH,(all),,,1.0,exact
business_08155,Richard Landsberger,FIELD_DIFF,original_address,"Friedrichstr. 53/56, Berlin","Neue Friedrichstr. 53/56, Berlin",0.65,address_differs
business_08156,Richard Lebram,FIELD_DIFF,original_address,"Wallstr. 15/15, Berlin","Wallstr. 15/15a, Berlin",0.65,address_differs
business_08157,Richard Lion,MATCH,(all),,,1.0,exact
business_08158,Richard Loewe,MATCH,(all),,,1.0,exact
business_08159,Richard Löwi,MATCH,(all),,,1.0,exact
business_08160,Richard Mannheim,MATCH,(all),,,1.0,exact
business_08161,Richard Mannheimer,MATCH,(all),,,1.0,exact
business_08162,Richard Marsop,MATCH,(all),,,1.0,exact
business_08163,Richard May Dipl.-Ing.,MATCH,(all),,,1.0,exact
business_08164,Richard Nawratzki Nord-West-Garage,MATCH,(all),,,1.0,exact
business_08165,Richard Nußbaum jr.,MATCH,(all),,,1.0,exact
business_08166,Richard Oschinsky,MATCH,(all),,,1.0,exact
business_08167,Richard Perls,MATCH,(all),,,1.0,exact
business_08168,Richard Philippsborn,MATCH,(all),,,1.0,exact
business_08169,Richard Rosenberger,MATCH,(all),,,1.0,exact
business_08170,Richard S. Kaufmann,MATCH,(all),,,1.0,exact
business_08171,Richard Sinasohn,MATCH,(all),,,1.0,exact
business_08172,Richard Singer,MATCH,(all),,,1.0,exact
business_08173,Richard Sommerfeld,FIELD_DIFF,original_address,"Paul-Singer-Str., Berlin","Paul-Singer-Str. (Grüner Weg - Brauner Weg) , Berlin",0.65,address_differs
business_08174,Richard Stein,MATCH,(all),,,1.0,exact
business_08175,Richard Steinberg Schaufenster Ausstattung,MATCH,(all),,,1.0,exact
business_08176,Richard Stern,MATCH,(all),,,1.0,exact
business_08177,Richard Walter Fürst,MATCH,(all),,,1.0,exact
business_08178,Richard Wanderer Nutzholzhandlung GmbH & Co,FIELD_DIFF,original_address,"( Trade ) Eingetragen im Handelsregister/ Gründung 1935 Kiefholzstr. , Berlin","Kiefholzstr. , Berlin",0.65,address_differs
business_08179,Richard Weinberg,MATCH,(all),,,1.0,exact
business_08180,Richard Wolff Landesproduktengroßhandlung,MATCH,(all),,,1.0,exact
business_08181,Richter & Schneeberg,MATCH,(all),,,1.0,exact
business_08182,Rico Berliner Spitzenmanufaktur Richard Cohn,MATCH,(all),,,1.0,exact
business_08183,"Rieck, Paul",MATCH,(all),,,1.0,exact
business_08184,"Riesenfeld, Bernhard",MATCH,(all),,,1.0,exact
business_08185,Rieß & Osenberg,MATCH,(all),,,1.0,exact
business_08186,Rieß & Osenberg & Co GmbH,MATCH,(all),,,1.0,exact
business_08187,Ringkrawatte Dorenbus & Hilowicz,MATCH,(all),,,1.0,exact
business_08188,Rio-Rita Restaurations-Gesellschaft Tauentzienstraße 12 mbH,MATCH,(all),,,1.0,exact
business_08189,Risma Grundstücksgesellschaft mbH,MATCH,(all),,,1.0,exact
business_08190,Rita Luft,MATCH,(all),,,1.0,exact
business_08191,Rita Seelig,MATCH,(all),,,1.0,exact
business_08192,Ritscher GmbH,MATCH,(all),,,1.0,exact
business_08193,Ritter & Co,MATCH,(all),,,1.0,exact
business_08194,Riwkess-Döll ( weibl.),MATCH,(all),,,1.0,exact
business_08195,Rißmann & Panker GmbH,MATCH,(all),,,1.0,exact
business_08196,Rob. Hartmann & Neuhahn,MATCH,(all),,,1.0,exact
business_08197,Rob. Neuhoff's Erben,MATCH,(all),,,1.0,exact
business_08198,Rob. Seelisch,MATCH,(all),,,1.0,exact
business_08199,Roba Krawatten Isidor Rosenbaum,MATCH,(all),,,1.0,exact
business_08200,Rober Plocki,MATCH,(all),,,1.0,exact
business_08201,Robert Gerechter,MATCH,(all),,,1.0,exact
business_08202,Robert Ginsberg,MATCH,(all),,,1.0,exact
business_08203,Robert Gohlke Wäscheverleihgeschäft und Dampfwäscherei,MATCH,(all),,,1.0,exact
business_08204,Robert Herde,MATCH,(all),,,1.0,exact
business_08205,Robert Josephson,MATCH,(all),,,1.0,exact
business_08206,Robert Kerb,MATCH,(all),,,1.0,exact
business_08207,Robert Kimmelstiel,MATCH,(all),,,1.0,exact
business_08208,Robert Mühlberg,MATCH,(all),,,1.0,exact
business_08209,Robert Plocki,MATCH,(all),,,1.0,exact
business_08210,Robert R. Wittenberg,MATCH,(all),,,1.0,exact
business_08211,Robert & Hugo Goldstein,MATCH,(all),,,1.0,exact
business_08212,Robert Abrahamsohn GmbH Spezialfabrik elektrischer Meßinstrumente und Regulier Widerstände,MATCH,(all),,,1.0,exact
business_08213,Robert Asch,FIELD_DIFF,original_address,"Gervinusstr. 12, Berlin","Gervinusstr. 12a, Berlin",0.65,address_differs
business_08214,Robert Baumgarten,MATCH,(all),,,1.0,exact
business_08215,Robert Blumenrath,MATCH,(all),,,1.0,exact
business_08216,Robert Dresel & Co,MATCH,(all),,,1.0,exact
business_08217,Robert Ehrlich,MATCH,(all),,,1.0,exact
business_08218,Robert Engel Nachf.,FIELD_DIFF,original_address,"Winterfeldstr. 20, Berlin","Neue Winterfeldstr. 20, Berlin",0.65,address_differs
business_08219,Robert Ettelson & Co,MATCH,(all),,,1.0,exact
business_08220,Robert Flatow,MATCH,(all),,,1.0,exact
business_08221,Robert Reich,MATCH,(all),,,1.0,exact
business_08222,Robert Reno & Co,MATCH,(all),,,1.0,exact
business_08223,"Robert Rothe, Inhaber Hermann Herzfeld",MATCH,(all),,,1.0,exact
business_08224,Robert Seligmann,MATCH,(all),,,1.0,exact
business_08225,Robert Sieburth Söhne,MATCH,(all),,,1.0,exact
business_08226,Robert Simon,MATCH,(all),,,1.0,exact
business_08227,Robert Weinberg,FIELD_DIFF,original_address,"Königstr. 61/62, Berlin","Neue Königstr. 61/62, Berlin",0.65,address_differs
business_08228,"Roh-Putz- und Bettfedern Engros, Import- und Export-GmbH",MATCH,(all),,,1.0,exact
business_08229,Rohde & Schulz,FIELD_DIFF,original_address,"Neanderstr. 11, Berlin","Neanderstr. 11a, Berlin",0.65,address_differs
business_08230,Rohfedern-Handelsgesellschaft Ruben & Bielefeld mbH,MATCH,(all),,,1.0,exact
business_08231,Rohprodukten-Verwertung Georg und Bruno Cohn,FIELD_DIFF,original_address,"Friedrichstr. 5/8, Berlin","Neue Friedrichstr. 5/8, Berlin",0.65,address_differs
business_08232,Roigk & Schendel,MATCH,(all),,,1.0,exact
business_08233,Roman Najuch GmbH,MATCH,(all),,,1.0,exact
business_08234,Rondo-Verlag GmbH,MATCH,(all),,,1.0,exact
business_08235,Ronle Baran,MATCH,(all),,,1.0,exact
business_08236,Rosa Beier,MATCH,(all),,,1.0,exact
business_08237,Rosa Binner,MATCH,(all),,,1.0,exact
business_08238,Rosa Birnbaum,MATCH,(all),,,1.0,exact
business_08239,Rosa Blumenfeld,MATCH,(all),,,1.0,exact
business_08240,Rosa Fischel,MATCH,(all),,,1.0,exact
business_08241,Rosa Schnitzer,MATCH,(all),,,1.0,exact
business_08242,Rosa Wegner,MATCH,(all),,,1.0,exact
business_08243,Rose Benzion,MATCH,(all),,,1.0,exact
business_08244,Rose Struck,MATCH,(all),,,1.0,exact
business_08245,Rosegger-Garagen,MATCH,(all),,,1.0,exact
business_08246,Rosemann & Co,MATCH,(all),,,1.0,exact
business_08247,"Rosen-Apotheke Arnold Marcus, Homoepathische Centralapotheke und Versand Officin",MATCH,(all),,,1.0,exact
business_08248,Rosenbaum & Górski,MATCH,(all),,,1.0,exact
business_08249,Rosenberg,MATCH,(all),,,1.0,exact
business_08250,Rosenberg & Gaßmann,MATCH,(all),,,1.0,exact
business_08251,Rosa Israelowicz,MATCH,(all),,,1.0,exact
business_08252,Rosa Josephsohn,MATCH,(all),,,1.0,exact
business_08253,Rosa Keske,MATCH,(all),,,1.0,exact
business_08254,Rosa Krastel,MATCH,(all),,,1.0,exact
business_08255,Rosa Lang-Nathanson,MATCH,(all),,,1.0,exact
business_08256,Rosa Lindenbaum,MATCH,(all),,,1.0,exact
business_08257,Rosa Menchau,MATCH,(all),,,1.0,exact
business_08258,Rosa Metzger,MATCH,(all),,,1.0,exact
business_08259,Rosa Padwa,MATCH,(all),,,1.0,exact
business_08260,Rosa Pick,MATCH,(all),,,1.0,exact
business_08261,Rosenthal & Buchholz,FIELD_DIFF,original_address,"Zimmerstr. 48, Berlin","Zimmerstr. 48a, Berlin",0.65,address_differs
business_08262,Rosenthal & Co,MATCH,(all),,,1.0,exact
business_08263,Rosenthal & Co Textilwaren-Engrosgeschäft,MATCH,(all),,,1.0,exact
business_08264,Rosenthal & Jacobsohn,MATCH,(all),,,1.0,exact
business_08265,Rosenthal & Schey,MATCH,(all),,,1.0,exact
business_08266,Rosenthal & Schäde,MATCH,(all),,,1.0,exact
business_08267,Rosenthal & Schäde Export-GmbH,FIELD_DIFF,original_address,"Pflügerstraße 4, Berlin","Friedrichstr. 248, Berlin",0.65,address_differs
business_08268,Rosenthal & Tobias,MATCH,(all),,,1.0,exact
business_08269,Rosenthal & Tützer,MATCH,(all),,,1.0,exact
business_08270,Rosette Eger,MATCH,(all),,,1.0,exact
business_08271,Rosenberg & Krumbeck GmbH,MATCH,(all),,,1.0,exact
business_08272,Rosenberg & Lewy,MATCH,(all),,,1.0,exact
business_08273,Rosenberg & Philipsthal,MATCH,(all),,,1.0,exact
business_08274,Rosenberg & Stern,MATCH,(all),,,1.0,exact
business_08275,Rosenblüth & Leschkowitz,MATCH,(all),,,1.0,exact
business_08276,Rosenfeld & Co Groß-Konfektionsvertrieb,MATCH,(all),,,1.0,exact
business_08277,Rosenfeld & Nathan,MATCH,(all),,,1.0,exact
business_08278,Rosenfeld & Schönhorn Perserteppiche GmbH,MATCH,(all),,,1.0,exact
business_08279,"Rosenstock, Frieda",MATCH,(all),,,1.0,exact
business_08280,"Rosenstrauch, Herbert",MATCH,(all),,,1.0,exact
business_08281,Rosi Laufer,MATCH,(all),,,1.0,exact
business_08282,"Rosner, Jacob",MATCH,(all),,,1.0,exact
business_08283,Rossica GmbH,MATCH,(all),,,1.0,exact
business_08284,Rosy Steindorff,MATCH,(all),,,1.0,exact
business_08285,Roth & Co,MATCH,(all),,,1.0,exact
business_08286,"Roth, Ludwig",MATCH,(all),,,1.0,exact
business_08287,Roth-Büchner GmbH,MATCH,(all),,,1.0,exact
business_08288,Rothbart & Litorin Bodengesellschaft mbH,MATCH,(all),,,1.0,exact
business_08289,Rothbart & Littorin Baugesellschaft mbH,MATCH,(all),,,1.0,exact
business_08290,Rothbart & Littorin Berliner Grundstücks-GmbH,MATCH,(all),,,1.0,exact
business_08291,Rothbart & Littorin Bodengesellschaft mbH,MATCH,(all),,,1.0,exact
business_08292,Rothe David,MATCH,(all),,,1.0,exact
business_08293,Rothenberg & Co GmbH,MATCH,(all),,,1.0,exact
business_08294,Rothenberg & Engel,MATCH,(all),,,1.0,exact
business_08295,"Rothenberg, Leib",MATCH,(all),,,1.0,exact
business_08296,Rotholz & Berliner,MATCH,(all),,,1.0,exact
business_08297,Rothschild & Richard Süßkind,MATCH,(all),,,1.0,exact
business_08298,"Rothschild, Bernhard",MATCH,(all),,,1.0,exact
business_08299,Rotophot AG für graphische Industrie,MATCH,(all),,,1.0,exact
business_08300,Rotterkonzern,MATCH,(all),,,1.0,exact
business_08301,Rowag,MATCH,(all),,,1.0,exact
business_08302,Rowelski & Hese,MATCH,(all),,,1.0,exact
business_08303,Roxy Lichtspieltheater GmbH,MATCH,(all),,,1.0,exact
business_08304,Roß Bromsilber-Vertriebs-GmbH,MATCH,(all),,,1.0,exact
business_08305,Roßhändler & Holzer Juwelen,MATCH,(all),,,1.0,exact
business_08306,Ruben,MATCH,(all),,,1.0,exact
business_08307,Ruben & Abrahamsohn,MATCH,(all),,,1.0,exact
business_08308,Ruben & Bielefeld,MATCH,(all),,,1.0,exact
business_08309,Ruben & Lippmann,MATCH,(all),,,1.0,exact
business_08310,Ruben Waller,MATCH,(all),,,1.0,exact
business_08311,Rubin Wochenmarkt,MATCH,(all),,,1.0,exact
business_08312,Rubinstein & Torczaner,MATCH,(all),,,1.0,exact
business_08313,Rudi Buchholz,MATCH,(all),,,1.0,exact
business_08314,Rudi Schlesinger,MATCH,(all),,,1.0,exact
business_08315,"Rudnai, David",MATCH,(all),,,1.0,exact
business_08316,Rudolf  Holzheim,MATCH,(all),,,1.0,exact
business_08317,Rudolf & Alfons Guttmann,MATCH,(all),,,1.0,exact
business_08318,Rudolf Bachrach,MATCH,(all),,,1.0,exact
business_08319,"Rudolf Bandmann ( Rolf Bandmann, Rudi Bandmann)",MATCH,(all),,,1.0,exact
business_08320,"Rudolf Barber, Getreide",MATCH,(all),,,1.0,exact
business_08321,Rudolf Behmack,MATCH,(all),,,1.0,exact
business_08322,Rudolf Bieber & Co,MATCH,(all),,,1.0,exact
business_08323,Rudolf Birmbaum,MATCH,(all),,,1.0,exact
business_08324,"Rudolf Blumenthal, Dipl.-Ing.",MATCH,(all),,,1.0,exact
business_08325,Rudolf Bredt,MATCH,(all),,,1.0,exact
business_08326,Rudolf Cohn,MATCH,(all),,,1.0,exact
business_08327,Rudolf Czwiklitzer,FIELD_DIFF,original_address,"Paul-Singer-Str. 100, Berlin","Paul-Singer-Str. (Grüner Weg - Brauner Weg) 100, Berlin",0.65,address_differs
business_08328,Rudolf Ehrenhaus & Co,MATCH,(all),,,1.0,exact
business_08329,"Rudolf Herzberg, Vertreter",MATCH,(all),,,1.0,exact
business_08330,Rudolf Herzfeld,MATCH,(all),,,1.0,exact
business_08331,Rudolf Israel,FIELD_DIFF,original_address,"Paul-Singer-Str. 27, Berlin","Paul-Singer-Str. (Grüner Weg - Brauner Weg) 27, Berlin",0.65,address_differs
business_08332,Rudolf J. Eskenasy,FIELD_DIFF,original_address,"( Trade ) Eingetragen im Handelsregister/ Gründung 1919 Erloschen 1935 Prenzlauer Str. 19a, Berlin","Prenzlauer Str. 19a, Berlin",0.65,address_differs
business_08333,Rudolf Karmeinsky,MATCH,(all),,,1.0,exact
business_08334,Rudolf Kiefel,MATCH,(all),,,1.0,exact
business_08335,Rudolf Klein,MATCH,(all),,,1.0,exact
business_08336,Rudolf Koenig & Co,FIELD_DIFF,original_address,"e Frankfurter Str. 69, Berlin","Große Frankfurter Str. 69, Berlin",0.65,address_differs
business_08337,Rudolf M. Faust,MATCH,(all),,,1.0,exact
business_08338,Rudolf Meyer,MATCH,(all),,,1.0,exact
business_08339,Rudolf Mosse,MATCH,(all),,,1.0,exact
business_08340,Rudolf Pelziger,MATCH,(all),,,1.0,exact
business_08341,Rudolf Rieß,MATCH,(all),,,1.0,exact
business_08342,Rudolf Saloschin,MATCH,(all),,,1.0,exact
business_08343,Rudolf Salzmann,MATCH,(all),,,1.0,exact
business_08344,Rudolf Schelonka,MATCH,(all),,,1.0,exact
business_08345,Rudolf Schreier,MATCH,(all),,,1.0,exact
business_08346,Rudolf Schweitzer Tuche,MATCH,(all),,,1.0,exact
business_08347,Rudolf Sommer,MATCH,(all),,,1.0,exact
business_08348,Rudolf Stein,MATCH,(all),,,1.0,exact
business_08349,Rudolf Weiler,FIELD_DIFF,original_address,"( Trade ) Eingetragen im Handelsregister/ Gründung 1927 Erloschen 1936 Suarezstr. , Berlin","Suarezstr. , Berlin",0.65,address_differs
business_08350,Rudolf Weiß,MATCH,(all),,,1.0,exact
business_08351,Rudolf Wolf,MATCH,(all),,,1.0,exact
business_08352,Rudolph Bernstein,MATCH,(all),,,1.0,exact
business_08353,Rudolph Lepke's Kunst-Auctions-Haus,MATCH,(all),,,1.0,exact
business_08354,Rudolph Löwinberg,MATCH,(all),,,1.0,exact
business_08355,Rudolph Neumann Optisches Institut GmbH,MATCH,(all),,,1.0,exact
business_08356,Ruhepause Parzellierungs-AG,MATCH,(all),,,1.0,exact
business_08357,Ruilos Knoblauch Verwertungs-GmbH,MATCH,(all),,,1.0,exact
business_08358,Rumpler Motoren GmbH,MATCH,(all),,,1.0,exact
business_08359,Rumpler Ocean-Flug GmbH,MATCH,(all),,,1.0,exact
business_08360,Rumpler-Vorntrieb GmbH,MATCH,(all),,,1.0,exact
business_08361,S. & F. Loewenthal,MATCH,(all),,,1.0,exact
business_08362,S. & J. Cohn Damenconfektion,MATCH,(all),,,1.0,exact
business_08363,S. & L. J. Moses,MATCH,(all),,,1.0,exact
business_08364,S. & L. Kadisch,MATCH,(all),,,1.0,exact
business_08365,S. & L. Rochelsohn,MATCH,(all),,,1.0,exact
business_08366,S. & M. Rosenthal,MATCH,(all),,,1.0,exact
business_08367,S. & R. Moses,MATCH,(all),,,1.0,exact
business_08368,S. & R. Revy,MATCH,(all),,,1.0,exact
business_08369,S. & S. Braun,MATCH,(all),,,1.0,exact
business_08370,S. A. Loevy,MATCH,(all),,,1.0,exact
business_08371,Rund & Sohn,MATCH,(all),,,1.0,exact
business_08372,"Runge-Werke, AG",MATCH,(all),,,1.0,exact
business_08373,Russischer Geflügel-Handel Herschlowitz & Intrator GmbH,MATCH,(all),,,1.0,exact
business_08374,Ruth Frankenthal,MATCH,(all),,,1.0,exact
business_08375,"Ruwin Rosowsky Holzimport Vertretung der Fa. N. Blumstein & Rosowsky, Libau",MATCH,(all),,,1.0,exact
business_08376,Rynarzewski & Chaskel,MATCH,(all),,,1.0,exact
business_08377,Rüschen-Fabrik A. Engel GmbH,FIELD_DIFF,original_address,"Grünstr. 17, Berlin","Neue Grünstr. 17, Berlin",0.65,address_differs
business_08378,Rütgerswerke-AG,FIELD_DIFF,original_address,"Lützowstr. 33, Berlin","Lützowstr. 33/ 36, Berlin",0.65,address_differs
business_08379,S . L. Minsker & Co,MATCH,(all),,,1.0,exact
business_08380,S. & E. Neumann,MATCH,(all),,,1.0,exact
business_08381,S. A. Loewy,MATCH,(all),,,1.0,exact
business_08382,S. Abraham Teppiche und Gardinen,MATCH,(all),,,1.0,exact
business_08383,S. Abraham jr.,MATCH,(all),,,1.0,exact
business_08384,S. Adam,MATCH,(all),,,1.0,exact
business_08385,S. Auerhann OHG,MATCH,(all),,,1.0,exact
business_08386,S. Baerwald Nachf.,MATCH,(all),,,1.0,exact
business_08387,S. Bareinscheck & Co,FIELD_DIFF,original_address,"Königstr. 5/6, Berlin","Neue Königstr. 5/6, Berlin",0.65,address_differs
business_08388,S. Belitzer,MATCH,(all),,,1.0,exact
business_08389,S. Bendit Konfektions Exportgesellschaft mbH,MATCH,(all),,,1.0,exact
business_08390,S. Berkowitz & Sohn,MATCH,(all),,,1.0,exact
business_08391,S. Cohn Papierhandlung,MATCH,(all),,,1.0,exact
business_08392,S. Croner & Co,MATCH,(all),,,1.0,exact
business_08393,S. D. Jaffé,MATCH,(all),,,1.0,exact
business_08394,S. E. Goldschmidt & Sohn Zweigniederlassung Berlin,MATCH,(all),,,1.0,exact
business_08395,S. Ehrlich & Co,MATCH,(all),,,1.0,exact
business_08396,S. Fabisch & Co,MATCH,(all),,,1.0,exact
business_08397,S. Faludi,MATCH,(all),,,1.0,exact
business_08398,S. Feldmann,MATCH,(all),,,1.0,exact
business_08399,S. Fischer Verlag AG,MATCH,(all),,,1.0,exact
business_08400,S. Foerstner,MATCH,(all),,,1.0,exact
business_08401,S. Bernstein & Co,FIELD_DIFF,original_address,"Brückenstr. 10, Berlin","Brückenstr. 10a, Berlin",0.65,address_differs
business_08402,S. Berschadsky,MATCH,(all),,,1.0,exact
business_08403,S. Binswanger,MATCH,(all),,,1.0,exact
business_08404,S. Blauwol & Co,MATCH,(all),,,1.0,exact
business_08405,S. Bleichröder,MATCH,(all),,,1.0,exact
business_08406,S. Bocksch & Co,MATCH,(all),,,1.0,exact
business_08407,S. Brauer & Co,MATCH,(all),,,1.0,exact
business_08408,S. Brenner & Co,MATCH,(all),,,1.0,exact
business_08409,S. Calvary & Co,MATCH,(all),,,1.0,exact
business_08410,S. Cohn & Söhne,MATCH,(all),,,1.0,exact
business_08411,S. Frenkel,MATCH,(all),,,1.0,exact
business_08412,S. Friedländer Kalk- & Steingeschäft,MATCH,(all),,,1.0,exact
business_08413,S. Gabriel jr.,MATCH,(all),,,1.0,exact
business_08414,S. Gelbermann,MATCH,(all),,,1.0,exact
business_08415,S. Gerstmann's Verlag,MATCH,(all),,,1.0,exact
business_08416,S. Glücksohn,MATCH,(all),,,1.0,exact
business_08417,S. Goldstein,MATCH,(all),,,1.0,exact
business_08418,S. Gottlob,MATCH,(all),,,1.0,exact
business_08419,S. Gottschalk & Cie,MATCH,(all),,,1.0,exact
business_08420,S. Graupe,MATCH,(all),,,1.0,exact
business_08421,S. Katz,FIELD_DIFF,original_address,"Jakobstr. 24, Berlin","Alte Jakobstr. 24, Berlin",0.65,address_differs
business_08422,S. Katz Straußfedernfabrik,MATCH,(all),,,1.0,exact
business_08423,S. Kaufmann & Co,MATCH,(all),,,1.0,exact
business_08424,S. Kollender & Co,MATCH,(all),,,1.0,exact
business_08425,S. Kornreich & Co Metallwaren-GmbH,MATCH,(all),,,1.0,exact
business_08426,S. Kristeller,MATCH,(all),,,1.0,exact
business_08427,S. Krotoschin,MATCH,(all),,,1.0,exact
business_08428,S. Kutschera Café-Restaurant GmbH,MATCH,(all),,,1.0,exact
business_08429,S. L. Cahen,MATCH,(all),,,1.0,exact
business_08430,S. L. Landsberger in Liqu.,MATCH,(all),,,1.0,exact
business_08431,S. Jacoby Papierwaren,MATCH,(all),,,1.0,exact
business_08432,"S. Japhet & Co KG, Nachf.",MATCH,(all),,,1.0,exact
business_08433,S. Jaraczewer,MATCH,(all),,,1.0,exact
business_08434,S. Jaretzki,MATCH,(all),,,1.0,exact
business_08435,S. Jourdan,FIELD_DIFF,original_address,"Friedrichstr. 47, Berlin","Neue Friedrichstr. 47, Berlin",0.65,address_differs
business_08436,S. Juda,MATCH,(all),,,1.0,exact
business_08437,S. Kaliski & Co,FIELD_DIFF,original_address,"Tauentzienstr. 7, Berlin","Tauentzienstr. 7b, Berlin",0.65,address_differs
business_08438,S. Kant,FIELD_DIFF,original_address,"Friedrichstr. 22, Berlin","Neue Friedrichstr. 22, Berlin",0.65,address_differs
business_08439,S. Karger Verlagsbuchhandlung,MATCH,(all),,,1.0,exact
business_08440,S. Karpmann,MATCH,(all),,,1.0,exact
business_08441,S. Großer,MATCH,(all),,,1.0,exact
business_08442,S. Grünmann & Co,MATCH,(all),,,1.0,exact
business_08443,S. Gutherz,MATCH,(all),,,1.0,exact
business_08444,S. Guttfeld & Co,MATCH,(all),,,1.0,exact
business_08445,S. Gärtner & Co,MATCH,(all),,,1.0,exact
business_08446,S. Heymann & Co,MATCH,(all),,,1.0,exact
business_08447,S. Hoffnung,MATCH,(all),,,1.0,exact
business_08448,S. Hurtig & Co,MATCH,(all),,,1.0,exact
business_08449,S. Isralit,MATCH,(all),,,1.0,exact
business_08450,"S. J. Jewelowski, Danzig, mit Zweigniederlassung in Berlin",MATCH,(all),,,1.0,exact
business_08451,S. L. Schlesinger,MATCH,(all),,,1.0,exact
business_08452,S. Laqueur Nachf. Bock & Co GmbH,MATCH,(all),,,1.0,exact
business_08453,S. Levy,MATCH,(all),,,1.0,exact
business_08454,S. Levy & Co,MATCH,(all),,,1.0,exact
business_08455,S. Lipski,MATCH,(all),,,1.0,exact
business_08456,S. Loewenstein & Co,FIELD_DIFF,original_address,"Friedrichstr. 69, Berlin","Neue Friedrichstr. 69, Berlin",0.65,address_differs
business_08457,S. Mamlok & Co,MATCH,(all),,,1.0,exact
business_08458,S. Mark & Co,MATCH,(all),,,1.0,exact
business_08459,S. Meseritzer,FIELD_DIFF,original_address,"Müllerstr. 173, Berlin","Müllerstr. 173a, Berlin",0.65,address_differs
business_08460,S. Michaelis Import-Geschäft,MATCH,(all),,,1.0,exact
business_08461,S. Mugdan,FIELD_DIFF,original_address,"Jakobstr. 93, Berlin","Alte Jakobstr. 93, Berlin",0.65,address_differs
business_08462,S. Neuberg,MATCH,(all),,,1.0,exact
business_08463,S. Neumann & Co GmbH,MATCH,(all),,,1.0,exact
business_08464,S. Pollack & Co Nachfolger,MATCH,(all),,,1.0,exact
business_08465,S. Pukasz,MATCH,(all),,,1.0,exact
business_08466,S. Rand GmbH,MATCH,(all),,,1.0,exact
business_08467,S. Rawitzki,MATCH,(all),,,1.0,exact
business_08468,S. Reich & Co,MATCH,(all),,,1.0,exact
business_08469,S. Reichmann,MATCH,(all),,,1.0,exact
business_08470,S. Rieß & Sohn,MATCH,(all),,,1.0,exact
business_08471,S. Rinzler & Sohn,MATCH,(all),,,1.0,exact
business_08472,S. Robert & Co,MATCH,(all),,,1.0,exact
business_08473,S. Roeder,MATCH,(all),,,1.0,exact
business_08474,S. Rogasinski,MATCH,(all),,,1.0,exact
business_08475,S. Rosenbaum,MATCH,(all),,,1.0,exact
business_08476,"S. S. Kettenläden für gute Herrenkleidung, Schroeder-Spezial GmbH",FIELD_DIFF,original_address,"Friedrichstr. 31/32, Berlin","Friedrichstr. 31/32, Berlin Königstr. 39, Berlin",0.65,address_differs
business_08477,S. Schindler Weingroßhandlung,MATCH,(all),,,1.0,exact
business_08478,S. Schlachtaub,MATCH,(all),,,1.0,exact
business_08479,S. Schlesinger,FIELD_DIFF,original_address,"Königstr. 21, Berlin","Neue Königstr. 21, Berlin",0.65,address_differs
business_08480,S. Schlesinger & Sohn,MATCH,(all),,,1.0,exact
business_08481,"S. Schlesinger, Agentur und Kommission",MATCH,(all),,,1.0,exact
business_08482,S. Schoenberger & Co,MATCH,(all),,,1.0,exact
business_08483,S. Schwarzschild,MATCH,(all),,,1.0,exact
business_08484,S. Schweitzer,MATCH,(all),,,1.0,exact
business_08485,S. Segall & Co,FIELD_DIFF,original_address,"( Trade ) Eingetragen im Handelsregister/ Gründung 1900 Erloschen 1937 Leipziger Str. , Berlin","Leipziger Str. , Berlin",0.65,address_differs
business_08486,S. Selo & Co,MATCH,(all),,,1.0,exact
business_08487,S. Silbermann,FIELD_DIFF,original_address,"Friedrichstr. 89, Berlin","Friedrichstr. 89b, Berlin",0.65,address_differs
business_08488,S. Simonson,FIELD_DIFF,original_address,"( Trade ) Eingetragen im Handelsregister/ Gründung 1900 Erloschen 1939 Potsdamer Str. 23a, Berlin","Potsdamer Str. 23a, Berlin",0.65,address_differs
business_08489,S. Strenger,MATCH,(all),,,1.0,exact
business_08490,S. Tichauer & Co,MATCH,(all),,,1.0,exact
business_08491,S. Weinstock & Co GmbH,FIELD_DIFF,original_address,"Friedrichstr. 38/40, Berlin","Neue Friedrichstr. 38/40, Berlin",0.65,address_differs
business_08492,S. Windreich,MATCH,(all),,,1.0,exact
business_08493,S. Wollenberger & Co Weine und Spirituosen,FIELD_DIFF,original_address,"Hochstr. 19, Berlin","Neue Hochstr. 19, Berlin",0.65,address_differs
business_08494,S. Wroblewski,MATCH,(all),,,1.0,exact
business_08495,S. Zedermann & Co,MATCH,(all),,,1.0,exact
business_08496,Sabine Schließer,MATCH,(all),,,1.0,exact
business_08497,Sacher Neumann Engros- und Detailhandel mit Wolle und Seide,MATCH,(all),,,1.0,exact
business_08498,Sachs & Coper,MATCH,(all),,,1.0,exact
business_08499,Sachs & Ruß,FIELD_DIFF,original_address,"Rungestr. 18, Berlin","Rungestr. 18a, Berlin",0.65,address_differs
business_08500,"Sachs, Fritz",MATCH,(all),,,1.0,exact
business_08501,Salinger & Benda,MATCH,(all),,,1.0,exact
business_08502,Salinger & Co,FIELD_DIFF,original_address,"Schönhauser Allee 70, Berlin","Schönhauser Allee 70 d, Berlin",0.65,address_differs
business_08503,Salinger & Leppmann,MATCH,(all),,,1.0,exact
business_08504,"Salinger, Friedrich",MATCH,(all),,,1.0,exact
business_08505,Salke Gettinger Putz- und Bettfedern Engros,MATCH,(all),,,1.0,exact
business_08506,Salli Jacob,FIELD_DIFF,original_address,"Burgstr. 25, Berlin","Burgstr. 25 (Börse), Berlin",0.65,address_differs
business_08507,Salli Mendheim,MATCH,(all),,,1.0,exact
business_08508,Sally Appel,MATCH,(all),,,1.0,exact
business_08509,Sally Atlas,MATCH,(all),,,1.0,exact
business_08510,Sally Bick,MATCH,(all),,,1.0,exact
business_08511,Sally Binder,MATCH,(all),,,1.0,exact
business_08512,Sally Blumenfeld,FIELD_DIFF,original_address,"Königstr. 39, Berlin","Neue Königstr. 39, Berlin",0.65,address_differs
business_08513,Sally Brilles Nachf. Julius Brilles,MATCH,(all),,,1.0,exact
business_08514,Sally Casper,MATCH,(all),,,1.0,exact
business_08515,Sally Dawidowitz,MATCH,(all),,,1.0,exact
business_08516,Sally Fraenkel,MATCH,(all),,,1.0,exact
business_08517,Sally Goldberg,FIELD_DIFF,original_address,"enburger Str. 14, Berlin","Weißenburger Str. 14, Berlin",0.65,address_differs
business_08518,Sally Goldschmidt,MATCH,(all),,,1.0,exact
business_08519,Sally Goldstein,MATCH,(all),,,1.0,exact
business_08520,Sally Guggenheim GmbH,MATCH,(all),,,1.0,exact
business_08521,Sachsenplatz Grundstücksgesellschaft mbH,MATCH,(all),,,1.0,exact
business_08522,"Sacks, Obert & Co",MATCH,(all),,,1.0,exact
business_08523,Safier & Co,MATCH,(all),,,1.0,exact
business_08524,"Saft, Hamburger & Co GmbH",MATCH,(all),,,1.0,exact
business_08525,Sagall,MATCH,(all),,,1.0,exact
business_08526,Sahmer & Loewenheim,MATCH,(all),,,1.0,exact
business_08527,Sain & Co,FIELD_DIFF,original_address,"Platz 6, Berlin","Victoria-Luise-Platz 6, Berlin",0.65,address_differs
business_08528,Salamander AG Zweigniederlassung Berlin,MATCH,(all),,,1.0,exact
business_08529,Salberg,MATCH,(all),,,1.0,exact
business_08530,Salem Goldfarb,MATCH,(all),,,1.0,exact
business_08531,Sally Gumpert,MATCH,(all),,,1.0,exact
business_08532,Sally Gustmann,MATCH,(all),,,1.0,exact
business_08533,"Sally Herzfeld Röcke, Kostüme, Mäntel-Fabrikation",MATCH,(all),,,1.0,exact
business_08534,Sally Heymann,MATCH,(all),,,1.0,exact
business_08535,Sally Joseph,MATCH,(all),,,1.0,exact
business_08536,Sally Klein,FIELD_DIFF,original_address,"Alexanderstr. 46, Berlin","Alexanderstr. 46 II, Berlin",0.65,address_differs
business_08537,Sally Last,FIELD_DIFF,original_address,"Alexanderstr. 26, Berlin","Kleine Alexanderstr. 26, Berlin",0.65,address_differs
business_08538,Sally Lewinski,MATCH,(all),,,1.0,exact
business_08539,Sally Liebenau,MATCH,(all),,,1.0,exact
business_08540,Sally Lindemann,MATCH,(all),,,1.0,exact
business_08541,Sally Lippmann,MATCH,(all),,,1.0,exact
business_08542,Sally Littmann,MATCH,(all),,,1.0,exact
business_08543,Sally Lübeck,MATCH,(all),,,1.0,exact
business_08544,Sally Maretzki,MATCH,(all),,,1.0,exact
business_08545,Sally Meilick,MATCH,(all),,,1.0,exact
business_08546,Sally Mittwoch,MATCH,(all),,,1.0,exact
business_08547,Sally Preßburger,MATCH,(all),,,1.0,exact
business_08548,Sally Rosenberg & Robert Rötschke AG,MATCH,(all),,,1.0,exact
business_08549,Sally Rosenthal,MATCH,(all),,,1.0,exact
business_08550,Sally Rosner,MATCH,(all),,,1.0,exact
business_08551,Sally Scheidemann Schürzenfabrikation und Textilwaren-Großhandlung,MATCH,(all),,,1.0,exact
business_08552,Sally Schieren,MATCH,(all),,,1.0,exact
business_08553,Sally Schkoll,MATCH,(all),,,1.0,exact
business_08554,Sally Schwarz,MATCH,(all),,,1.0,exact
business_08555,Sally Selbiger,MATCH,(all),,,1.0,exact
business_08556,Sally Stenger,MATCH,(all),,,1.0,exact
business_08557,"Sally Weil, Carlsbader Feinbäckerei",MATCH,(all),,,1.0,exact
business_08558,Sally Wittenberg,MATCH,(all),,,1.0,exact
business_08559,Salmansohn David,MATCH,(all),,,1.0,exact
business_08560,Salo Baecker,MATCH,(all),,,1.0,exact
business_08561,Salo Brück,MATCH,(all),,,1.0,exact
business_08562,Salo Fraenkel,MATCH,(all),,,1.0,exact
business_08563,Salo Freund,MATCH,(all),,,1.0,exact
business_08564,Salo Friedmann,MATCH,(all),,,1.0,exact
business_08565,Salo Goldstein,MATCH,(all),,,1.0,exact
business_08566,Salo Graetzer Agtenur & Commission,MATCH,(all),,,1.0,exact
business_08567,Salo Herzberg,MATCH,(all),,,1.0,exact
business_08568,Salo Hopp,MATCH,(all),,,1.0,exact
business_08569,Salo Kalman,FIELD_DIFF,original_address,"e Frankfurter Str. 86, Berlin","Große Frankfurter Str. 86, Berlin",0.65,address_differs
business_08570,Salo Kastan,MATCH,(all),,,1.0,exact
business_08571,Salomon & Oppenheim,MATCH,(all),,,1.0,exact
business_08572,Salomon & Sturm,MATCH,(all),,,1.0,exact
business_08573,Salomon Biermann,MATCH,(all),,,1.0,exact
business_08574,Salomon Ettinger Schuhwaren-Engros,MATCH,(all),,,1.0,exact
business_08575,Salomon Gottheimer,MATCH,(all),,,1.0,exact
business_08576,Salomon Gutherz,MATCH,(all),,,1.0,exact
business_08577,Salomon Joffe,MATCH,(all),,,1.0,exact
business_08578,Salomon Kindermann,MATCH,(all),,,1.0,exact
business_08579,Salomon Kracher,MATCH,(all),,,1.0,exact
business_08580,Salomon Krakauer,MATCH,(all),,,1.0,exact
business_08581,Salo Rokach,MATCH,(all),,,1.0,exact
business_08582,Salo Rosenthal,MATCH,(all),,,1.0,exact
business_08583,Salo Scheyer Bankkommissionsgeschäft,MATCH,(all),,,1.0,exact
business_08584,Salo Silbermann,MATCH,(all),,,1.0,exact
business_08585,Salo Tworoger,MATCH,(all),,,1.0,exact
business_08586,Salo Wildmann,MATCH,(all),,,1.0,exact
business_08587,Saloman Krausz,MATCH,(all),,,1.0,exact
business_08588,Salomo Kaufmann,MATCH,(all),,,1.0,exact
business_08589,Salomon & Co,MATCH,(all),,,1.0,exact
business_08590,Salomon & Kaminsky,MATCH,(all),,,1.0,exact
business_08591,Salomon Kurzweg GmbH,MATCH,(all),,,1.0,exact
business_08592,Salomon Lent,MATCH,(all),,,1.0,exact
business_08593,Salomon Leschkowitz,MATCH,(all),,,1.0,exact
business_08594,Salomon Levy,MATCH,(all),,,1.0,exact
business_08595,Salomon Messinger,MATCH,(all),,,1.0,exact
business_08596,Salomon Mottek,MATCH,(all),,,1.0,exact
business_08597,Salomon Neustadt,MATCH,(all),,,1.0,exact
business_08598,Salomon Perl,MATCH,(all),,,1.0,exact
business_08599,Salomon Rabinowicz,MATCH,(all),,,1.0,exact
business_08600,Salomon Rotholz,MATCH,(all),,,1.0,exact
business_08601,Salomon S. Wagner,FIELD_DIFF,original_address,"a Stand 309, Berlin","Zentralmarkthalle 1a Stand 309, Berlin",0.65,address_differs
business_08602,Salomon Schipper,MATCH,(all),,,1.0,exact
business_08603,Salomon Silberfeld,MATCH,(all),,,1.0,exact
business_08604,Salomon Szydlow,MATCH,(all),,,1.0,exact
business_08605,Salomon Windmüller,MATCH,(all),,,1.0,exact
business_08606,"Salomon-Salter, Günter",MATCH,(all),,,1.0,exact
business_08607,Salomonowitsch,MATCH,(all),,,1.0,exact
business_08608,Salomonski & Pufeles,MATCH,(all),,,1.0,exact
business_08609,Salon Bellevue,MATCH,(all),,,1.0,exact
business_08610,Salon Chalé,MATCH,(all),,,1.0,exact
business_08611,Salon Charlott-Kiucznik,MATCH,(all),,,1.0,exact
business_08612,Salon Claire,MATCH,(all),,,1.0,exact
business_08613,Salon Gransee,MATCH,(all),,,1.0,exact
business_08614,"Salon Grünler, vormals: Salon Boch",MATCH,(all),,,1.0,exact
business_08615,Salon Gurth,MATCH,(all),,,1.0,exact
business_08616,Salon Hilda,MATCH,(all),,,1.0,exact
business_08617,Salon Höhne,MATCH,(all),,,1.0,exact
business_08618,Salon Jacoby Arthur Jacoby,MATCH,(all),,,1.0,exact
business_08619,Salon Krüger,MATCH,(all),,,1.0,exact
business_08620,Salon Maria Werk,MATCH,(all),,,1.0,exact
business_08621,Samter & Happek AG,MATCH,(all),,,1.0,exact
business_08622,Samuel Arthur Lewkowicz,MATCH,(all),,,1.0,exact
business_08623,Samuel Baum,FIELD_DIFF,original_address,"Friedrichstr. 43, Berlin","Neue Friedrichstr. 43, Berlin",0.65,address_differs
business_08624,Samuel Bercovitz,MATCH,(all),,,1.0,exact
business_08625,Samuel Bienenstock,FIELD_DIFF,original_address,"Hochstr. 23, Berlin","Neue Hochstr. 23, Berlin",0.65,address_differs
business_08626,Samuel Blumenthal,MATCH,(all),,,1.0,exact
business_08627,Samuel Bossack,MATCH,(all),,,1.0,exact
business_08628,Samuel Elkeles,MATCH,(all),,,1.0,exact
business_08629,Samuel Engel,MATCH,(all),,,1.0,exact
business_08630,Samuel Finkel,MATCH,(all),,,1.0,exact
business_08631,"Salon Meran, W. Hufschmidt",MATCH,(all),,,1.0,exact
business_08632,Salon Strelitz ( Adele Strelitz),MATCH,(all),,,1.0,exact
business_08633,Salon Vilma Kohn & Hepp,MATCH,(all),,,1.0,exact
business_08634,Salon Woelfel,MATCH,(all),,,1.0,exact
business_08635,Saly Benjamin vormals Sigmund Feiering,MATCH,(all),,,1.0,exact
business_08636,"Salzmann, Hubert G.",MATCH,(all),,,1.0,exact
business_08637,Samariter-Apotheke Leo Müller,MATCH,(all),,,1.0,exact
business_08638,Sambach Edellikörfabrik Dr. Auerbach & Samelson GmbH,MATCH,(all),,,1.0,exact
business_08639,Samek Feintuch-Fabrikations GmbH,MATCH,(all),,,1.0,exact
business_08640,Samson Schömann,MATCH,(all),,,1.0,exact
business_08641,Samuel Goldschmidt,MATCH,(all),,,1.0,exact
business_08642,Samuel Greismann,MATCH,(all),,,1.0,exact
business_08643,Samuel Grundleger,MATCH,(all),,,1.0,exact
business_08644,Samuel Haasz,MATCH,(all),,,1.0,exact
business_08645,Samuel Hiesiger,FIELD_DIFF,original_address,"Winterfeldtstr. 2, Berlin","Neue Winterfeldtstr. 2, Berlin",0.65,address_differs
business_08646,Samuel Hollaender,MATCH,(all),,,1.0,exact
business_08647,Samuel Horowitz genannt Achtentuch-Eierhandlung,FIELD_DIFF,original_address,"Nonnendammallee 93, Berlin","Nonnendammallee 93 b, Berlin",0.65,address_differs
business_08648,Samuel Igra,MATCH,(all),,,1.0,exact
business_08649,Samuel Intrator Fabrikation feiner Pelzwaren,MATCH,(all),,,1.0,exact
business_08650,Samuel Jacobus,MATCH,(all),,,1.0,exact
business_08651,Samuel Jacoby Textilvertretungen,MATCH,(all),,,1.0,exact
business_08652,Samuel Jurovics,FIELD_DIFF,original_address,"Präsidentenstr. 3, Berlin","Kleine Präsidentenstr. 3, Berlin",0.65,address_differs
business_08653,Samuel Kohan,MATCH,(all),,,1.0,exact
business_08654,Samuel Kron,MATCH,(all),,,1.0,exact
business_08655,Samuel Lachs,MATCH,(all),,,1.0,exact
business_08656,Samuel Leibholz,MATCH,(all),,,1.0,exact
business_08657,Samuel Marcus,MATCH,(all),,,1.0,exact
business_08658,Samuel Meyer,MATCH,(all),,,1.0,exact
business_08659,Samuel N. Witkowsky,MATCH,(all),,,1.0,exact
business_08660,Samuel Neumann,MATCH,(all),,,1.0,exact
business_08661,Samuel Weile,MATCH,(all),,,1.0,exact
business_08662,Samuel Weisz,MATCH,(all),,,1.0,exact
business_08663,"Samuel, Ernst Wilhelm",MATCH,(all),,,1.0,exact
business_08664,"Samulon, Erich",MATCH,(all),,,1.0,exact
business_08665,Sanatola Gesellschaft Pohl & Co,MATCH,(all),,,1.0,exact
business_08666,Sanitätshaus Bernhard Fuchs,MATCH,(all),,,1.0,exact
business_08667,Sanol U. C. GmbH,MATCH,(all),,,1.0,exact
business_08668,Sanosa GmbH,FIELD_DIFF,original_address,"Alexanderstr. 36, Berlin","Alexanderstr. 36a, Berlin",0.65,address_differs
business_08669,Sanox-Fabrikate Kurt Jacobsohn,MATCH,(all),,,1.0,exact
business_08670,Sara Epstein,MATCH,(all),,,1.0,exact
business_08671,Samuel Noah,MATCH,(all),,,1.0,exact
business_08672,Samuel Sadagurski,MATCH,(all),,,1.0,exact
business_08673,Samuel Schafranek,MATCH,(all),,,1.0,exact
business_08674,Samuel Schiller,MATCH,(all),,,1.0,exact
business_08675,Samuel Schleimer,MATCH,(all),,,1.0,exact
business_08676,Samuel Spira,MATCH,(all),,,1.0,exact
business_08677,Samuel Szántó,MATCH,(all),,,1.0,exact
business_08678,Samuel Unger,MATCH,(all),,,1.0,exact
business_08679,Samuel Wachtel,MATCH,(all),,,1.0,exact
business_08680,Samuel Wald,MATCH,(all),,,1.0,exact
business_08681,Sara Schmalinski,MATCH,(all),,,1.0,exact
business_08682,Sara Seitelbach,MATCH,(all),,,1.0,exact
business_08683,Sascha Mosch,MATCH,(all),,,1.0,exact
business_08684,Sascha Sußmann GmbH,MATCH,(all),,,1.0,exact
business_08685,Sauber & Kramer,MATCH,(all),,,1.0,exact
business_08686,Sauerstoff Centrale für medizinische Zwecke Dr. Ernst Silten,FIELD_DIFF,original_address,"Karlstr. 20, Berlin","Karlstr. 20a, Berlin",0.65,address_differs
business_08687,Sauerstoff-Fabrik Berlin GmbH,MATCH,(all),,,1.0,exact
business_08688,Saul Bronn,MATCH,(all),,,1.0,exact
business_08689,Saul Schmer,MATCH,(all),,,1.0,exact
business_08690,Saul-Zygmunt Weißmann,FIELD_DIFF,cleaned_address,,"Keine Angabe , Berlin",0.65,address_differs
business_08691,Savigny Drogerie & Parfümerie Apotheker Dr. Hans Jablonsky,MATCH,(all),,,1.0,exact
business_08692,"Savigny-Magazin, Inh. Hugo Appelbaum",MATCH,(all),,,1.0,exact
business_08693,Savoy Café Harry Kaplan,MATCH,(all),,,1.0,exact
business_08694,Saxa Bekleidung für Sport und Beruf Willy Sax,MATCH,(all),,,1.0,exact
business_08695,Saxa Parfümerie Fabrik B. & T. Herrmann,MATCH,(all),,,1.0,exact
business_08696,Saxonia Gerhard Weil,MATCH,(all),,,1.0,exact
business_08697,Scala Palast GmbH,MATCH,(all),,,1.0,exact
business_08698,Scala Theater GmbH,MATCH,(all),,,1.0,exact
business_08699,Sch. Zarywacs,MATCH,(all),,,1.0,exact
business_08700,Schab & Neumann Wiener-Industriewaren-Centrale,MATCH,(all),,,1.0,exact
business_08701,Schaje Israel Landau,MATCH,(all),,,1.0,exact
business_08702,Schall und Rauch Leo Arndt,MATCH,(all),,,1.0,exact
business_08703,Schallplatten-Volksverband Clangor-Schallplatten GmbH,MATCH,(all),,,1.0,exact
business_08704,Schalscha & Co,MATCH,(all),,,1.0,exact
business_08705,Schapiro & Elsner,MATCH,(all),,,1.0,exact
business_08706,Schapiro Häuserverwaltungsgesellschaft mbH,MATCH,(all),,,1.0,exact
business_08707,Scharren-Drogerie,MATCH,(all),,,1.0,exact
business_08708,Schauburg Neukölln Filmtheater-Betriebs-GmbH,MATCH,(all),,,1.0,exact
business_08709,Schaul & Manasse,MATCH,(all),,,1.0,exact
business_08710,"Scheftel Germer, Sperrholz & Furniere",MATCH,(all),,,1.0,exact
business_08711,Scheier & Herz,MATCH,(all),,,1.0,exact
business_08712,Scheiner & Co,MATCH,(all),,,1.0,exact
business_08713,Schenker & Co,MATCH,(all),,,1.0,exact
business_08714,Scherk GmbH,MATCH,(all),,,1.0,exact
business_08715,"Schermann, Michael",MATCH,(all),,,1.0,exact
business_08716,Scherzer & Broh,MATCH,(all),,,1.0,exact
business_08717,Scheuer & Co Kanülen-Fabrik,MATCH,(all),,,1.0,exact
business_08718,"Scheuertuchvertrieb ""Ritter"" Simonson & Hirschel",MATCH,(all),,,1.0,exact
business_08719,Schickler & Zywitz,FIELD_DIFF,original_address,"Platz 20, Berlin","Belle-Alliance-Platz 20, Berlin",0.65,address_differs
business_08720,Schie & Nathusius GmbH,MATCH,(all),,,1.0,exact
business_08721,Schlochauer & Co,MATCH,(all),,,1.0,exact
business_08722,"Schlochoff, Dr. phil. Paul",MATCH,(all),,,1.0,exact
business_08723,Schloßgarten-Apotheke Dr. Isidor Blaß,MATCH,(all),,,1.0,exact
business_08724,Schloßpark Film- und Bühnenschau GmbH,MATCH,(all),,,1.0,exact
business_08725,Schlüter-Confiserie,MATCH,(all),,,1.0,exact
business_08726,Schmelke Weber,FIELD_DIFF,original_address,"( Trade ) Eingetragen im Handelsregister/ Gründung 1922 Erloschen 1937 Gontardstr. k. A., Berlin","Gontardstr. k. A., Berlin",0.65,address_differs
business_08727,Schmerzier & Sohn ( Schmerzler & Sohn),MATCH,(all),,,1.0,exact
business_08728,Schmidt & Co,FIELD_DIFF,original_address,"Universitätsstr. 2, Berlin","Universitätsstr. 2b, Berlin",0.65,address_differs
business_08729,Schmoller & Gordon,FIELD_DIFF,original_address,"Lindenstr. 74, Berlin","Lindenstr. 74 II, Berlin",0.65,address_differs
business_08730,Schmul & Sohn,MATCH,(all),,,1.0,exact
business_08731,"Schneemann-Handschuhe, Inhaber Werner Szneemann",MATCH,(all),,,1.0,exact
business_08732,"Schneider & Co, Herren- und Knabenkleiderfabrik, GmbH",MATCH,(all),,,1.0,exact
business_08733,Schneider & Oppenheimer,MATCH,(all),,,1.0,exact
business_08734,Schneiderei Grützbach,MATCH,(all),,,1.0,exact
business_08735,Schneiderwerkstatt Max Spitz,MATCH,(all),,,1.0,exact
business_08736,Schnittkin & Co,MATCH,(all),,,1.0,exact
business_08737,Schnitzer & Lewin,MATCH,(all),,,1.0,exact
business_08738,"Schocken Verlag, Jüdischer Buchverlag, GmbH",FIELD_DIFF,original_address,"Industr, Berlin","Keine Angabe , Berlin",0.65,address_differs
business_08739,Schokoladen Großhandlung Westen Alfred Margulies,MATCH,(all),,,1.0,exact
business_08740,Schokoladen und Lebensmittel engros Therese Cohn,FIELD_DIFF,cleaned_address,,"Zentralmarkthalle Reihe IV, Berlin",0.65,address_differs
business_08741,"Schilderfabrik Segal, Inh. Willy & Paul Segal",MATCH,(all),,,1.0,exact
business_08742,Schill's Krokodil-Restaurations-Betriebe Gesellschaft mbH,MATCH,(all),,,1.0,exact
business_08743,Schiller & Co,MATCH,(all),,,1.0,exact
business_08744,Schiller Glasmaschinen-Industrie GmbH,MATCH,(all),,,1.0,exact
business_08745,Schindler & Presch,MATCH,(all),,,1.0,exact
business_08746,Schlesinger & Davidsohn,MATCH,(all),,,1.0,exact
business_08747,Schlesinger & Meyer,MATCH,(all),,,1.0,exact
business_08748,Schlesinger & Nachum GmbH,MATCH,(all),,,1.0,exact
business_08749,Schlesingers Apotheke am Gustav Adolf-Platz Charlottenburg Ludwig Schlesinger,FIELD_DIFF,original_address,"Allee 79, Berlin","Kaiserin-Augusta-Allee 79, Berlin",0.65,address_differs
business_08750,Schlesische Bahnbau Gesellschaft,MATCH,(all),,,1.0,exact
business_08751,Schuhhaus Hermann Leiser,FIELD_DIFF,original_address,"Müllerstr. 3, Berlin","Müllerstr. 3a, Berlin",0.65,address_differs
business_08752,Schuhhaus Herpa Inh. Chaim Papiermeister,MATCH,(all),,,1.0,exact
business_08753,Schuhhaus Mercedes,MATCH,(all),,,1.0,exact
business_08754,Schuhhaus Münzer & Co,MATCH,(all),,,1.0,exact
business_08755,Schuhlokal des Ostens Kurt Levy,MATCH,(all),,,1.0,exact
business_08756,Schuhpflege des Westens,MATCH,(all),,,1.0,exact
business_08757,Schuhreparatur Rialto,MATCH,(all),,,1.0,exact
business_08758,Schuhvertrieb Kniprode Leo Mendelsohn,MATCH,(all),,,1.0,exact
business_08759,Schuhwarengroßhandlung Casper Jacobsohn,MATCH,(all),,,1.0,exact
business_08760,Schuhwarenhaus Adolf Sommerfeld,MATCH,(all),,,1.0,exact
business_08761,Schreiner,MATCH,(all),,,1.0,exact
business_08762,Schufa (Schutzgemeinschaft für allgemeine Kreditversicherung),MATCH,(all),,,1.0,exact
business_08763,Schuh Klausner Josef Klausner,MATCH,(all),,,1.0,exact
business_08764,Schuh Witt Ernst Witt,MATCH,(all),,,1.0,exact
business_08765,Schuh-Beigel Martin Beigel,FIELD_DIFF,original_address,"e Frankfurter Str. 119, Berlin","Große Frankfurter Str. 119, Berlin",0.65,address_differs
business_08766,"Schuh-Diele ""La Florida""""""",MATCH,(all),,,1.0,exact
business_08767,Schuh-Leyde Walter Leyde,MATCH,(all),,,1.0,exact
business_08768,Schuhbeschaffung Walther Loewendahl GmbH,MATCH,(all),,,1.0,exact
business_08769,Schuhbesohlung Herkules,MATCH,(all),,,1.0,exact
business_08770,Schuhfabrik Germania Kramarski & Co,MATCH,(all),,,1.0,exact
business_08771,Schokoladen- und Zuckerwarenfabrik Venetia,MATCH,(all),,,1.0,exact
business_08772,Schokoladengroßhandlung Eisen & Co,MATCH,(all),,,1.0,exact
business_08773,Scholem Okun,MATCH,(all),,,1.0,exact
business_08774,Schoyer & Co,MATCH,(all),,,1.0,exact
business_08775,Schrage & Putziger,MATCH,(all),,,1.0,exact
business_08776,Schreiber & Goldberger,MATCH,(all),,,1.0,exact
business_08777,Schreiber & Ligum Fruchtimport GmbH,FIELD_DIFF,original_address,"Friedrichstr. 78, Berlin","Neue Friedrichstr. 78, Berlin",0.65,address_differs
business_08778,Schreibmaschinenbüro Ehrlich,MATCH,(all),,,1.0,exact
business_08779,Schreibmaschinenbüro Lychenheim (Schreibbüro Börse),MATCH,(all),,,1.0,exact
business_08780,Schreibwarenvertrieb S. Hilsenrath & Co GmbH,FIELD_DIFF,original_address,"Grünstr. 40, Berlin","Neue Grünstr. 40, Berlin",0.65,address_differs
business_08781,Schwarz & Wächter,MATCH,(all),,,1.0,exact
business_08782,"Schwarz, Goldschmidt & Co",MATCH,(all),,,1.0,exact
business_08783,"Schwarz, Sachs & Wolfsohn",MATCH,(all),,,1.0,exact
business_08784,"Schwarzleder, Efim",MATCH,(all),,,1.0,exact
business_08785,"Schwarzschild, Fritz",MATCH,(all),,,1.0,exact
business_08786,Schweda & Donath Zeitschriften Verlag,MATCH,(all),,,1.0,exact
business_08787,Schweizer Apotheke Albert Happ,MATCH,(all),,,1.0,exact
business_08788,"Schwerin, Samuel",MATCH,(all),,,1.0,exact
business_08789,"Schwinke, Paula",MATCH,(all),,,1.0,exact
business_08790,Schönbach & Co,MATCH,(all),,,1.0,exact
business_08791,"Schuhwarenhaus Hermann Völker, Max Czerninski",MATCH,(all),,,1.0,exact
business_08792,Schulim Grebenik,MATCH,(all),,,1.0,exact
business_08793,Schulzbach Julius,MATCH,(all),,,1.0,exact
business_08794,Schulzke & Claßmann Linoleum- u. Teppichhandel GmbH,MATCH,(all),,,1.0,exact
business_08795,Schusterjunge,MATCH,(all),,,1.0,exact
business_08796,Schutzstelle für das Zeitungsgewerbe Werner Friedrichs,MATCH,(all),,,1.0,exact
business_08797,Schwabe & Co AG,MATCH,(all),,,1.0,exact
business_08798,"Schwan-Drogerie, Bernhard Cohn",MATCH,(all),,,1.0,exact
business_08799,Schwarz & Keiler,MATCH,(all),,,1.0,exact
business_08800,Schwarz & Rosenau,MATCH,(all),,,1.0,exact
business_08801,Schöneberg & Co GmbH,MATCH,(all),,,1.0,exact
business_08802,"Schönfeld, Ilse",MATCH,(all),,,1.0,exact
business_08803,Schönland & Sohn,MATCH,(all),,,1.0,exact
business_08804,"Schönwald, Ernst",MATCH,(all),,,1.0,exact
business_08805,Schönwetter & Grünewald,MATCH,(all),,,1.0,exact
business_08806,"Schürzen-Fiege, OHG",MATCH,(all),,,1.0,exact
business_08807,Schüßler,MATCH,(all),,,1.0,exact
business_08808,"Sears, Roebuck & Co GmbH",MATCH,(all),,,1.0,exact
business_08809,Sebald S. Kornik,MATCH,(all),,,1.0,exact
business_08810,Secunda Grundstückserwerbsgesellschaft mbH,MATCH,(all),,,1.0,exact
business_08811,Securex-Glas GmbH,MATCH,(all),,,1.0,exact
business_08812,Sedan-Apotheke Dr. Conrad Wedel,MATCH,(all),,,1.0,exact
business_08813,Seeler & Cohn,MATCH,(all),,,1.0,exact
business_08814,Seesenerstraße Grundstücksverwaltungsgesellschaft mbH,MATCH,(all),,,1.0,exact
business_08815,Segall-Film Siegfried Segall,MATCH,(all),,,1.0,exact
business_08816,Seide Rosner,MATCH,(all),,,1.0,exact
business_08817,Seidel-Schweröl-Apparatur Vertriebsgesellschaft mbH,MATCH,(all),,,1.0,exact
business_08818,Seidels Handarbeiten Herta Seidel,MATCH,(all),,,1.0,exact
business_08819,Seidemann & Co,MATCH,(all),,,1.0,exact
business_08820,Seiden-Meyer GmbH,MATCH,(all),,,1.0,exact
business_08821,Selma Ebstein,MATCH,(all),,,1.0,exact
business_08822,Selma Jedwab,MATCH,(all),,,1.0,exact
business_08823,"Selma Lewin, Zigarettengeschäft",MATCH,(all),,,1.0,exact
business_08824,Selma Saft,MATCH,(all),,,1.0,exact
business_08825,Selman Baum,MATCH,(all),,,1.0,exact
business_08826,"Selmann, Schnellfoto-Anstalt",MATCH,(all),,,1.0,exact
business_08827,Selmar Bayer,MATCH,(all),,,1.0,exact
business_08828,Selmar Bergmann,MATCH,(all),,,1.0,exact
business_08829,Selmar Boehm,MATCH,(all),,,1.0,exact
business_08830,Selmar Heilbrun Nachf.,MATCH,(all),,,1.0,exact
business_08831,Seidenband-Handelsgesellschaft Weißenburg & David,MATCH,(all),,,1.0,exact
business_08832,Seidenunion Tarnowski & Blumberg und Schaefer & Zahl,MATCH,(all),,,1.0,exact
business_08833,"Seidmann, Mohaim",MATCH,(all),,,1.0,exact
business_08834,Seifengroßhandlung Arronge & Co,MATCH,(all),,,1.0,exact
business_08835,Seifenkoenig Willy Naschelski,MATCH,(all),,,1.0,exact
business_08836,"Seifert, Henni",MATCH,(all),,,1.0,exact
business_08837,Selig Halpern,MATCH,(all),,,1.0,exact
business_08838,Seliger & Co,MATCH,(all),,,1.0,exact
business_08839,Sello Fraenkel Holzgroßhandlung,MATCH,(all),,,1.0,exact
business_08840,Selly Haase,MATCH,(all),,,1.0,exact
business_08841,Siegbert Bermann,MATCH,(all),,,1.0,exact
business_08842,Siegbert Borinsky,MATCH,(all),,,1.0,exact
business_08843,Siegbert Fuchs,MATCH,(all),,,1.0,exact
business_08844,Siegbert Katzky,MATCH,(all),,,1.0,exact
business_08845,Siegbert Lazarus,MATCH,(all),,,1.0,exact
business_08846,Siegbert Levy,MATCH,(all),,,1.0,exact
business_08847,Siegbert Lewin,MATCH,(all),,,1.0,exact
business_08848,Siegbert Loewenberg,MATCH,(all),,,1.0,exact
business_08849,Siegbert Rein,MATCH,(all),,,1.0,exact
business_08850,Siegbert Salinger,MATCH,(all),,,1.0,exact
business_08851,Selmar Kaufmann GmbH,MATCH,(all),,,1.0,exact
business_08852,Selmar Salinger,MATCH,(all),,,1.0,exact
business_08853,"Selwyn Fabrikation und Vertrieb von Neuheiten aller Art, GmbH",MATCH,(all),,,1.0,exact
business_08854,Semmel & Friedlaender GmbH,MATCH,(all),,,1.0,exact
business_08855,Semy Hirschfeld,MATCH,(all),,,1.0,exact
business_08856,Senger & Stockwald,FIELD_DIFF,original_address,"Landsberger Str. 92, Berlin","Landsberger Str. 92, Fürstenwalde",0.65,address_differs
business_08857,"Senger, Gertrud",MATCH,(all),,,1.0,exact
business_08858,"Senius AG, Maschinen, Eisen, Berg-, Hütten- und Rohprodukte",MATCH,(all),,,1.0,exact
business_08859,Sensch & Co Gesellschaft für Industrie-Reklame KG,MATCH,(all),,,1.0,exact
business_08860,Septima Grundstückserwerbsgesellschaft mbH,MATCH,(all),,,1.0,exact
business_08861,Serlin & Co GmbH,MATCH,(all),,,1.0,exact
business_08862,Servos & Co,FIELD_DIFF,original_address,"( Trade ) Eingetragen im Handelsregister/ Gründung 1913 Besitzübernahme 1936 Magerviehhof , Berlin","Magerviehhof , Berlin",0.65,address_differs
business_08863,Sherlock GmbH,MATCH,(all),,,1.0,exact
business_08864,Sichel & Co,MATCH,(all),,,1.0,exact
business_08865,Sida Gesellschaft für photographische Apparate mbH,MATCH,(all),,,1.0,exact
business_08866,Siebenhimmel-Metallbettstellen Max Mendelsohn,MATCH,(all),,,1.0,exact
business_08867,Siedner & Co,MATCH,(all),,,1.0,exact
business_08868,Siegbert Abramczyk,MATCH,(all),,,1.0,exact
business_08869,Siegbert Barber & Co,MATCH,(all),,,1.0,exact
business_08870,Siegbert Baum,MATCH,(all),,,1.0,exact
business_08871,Siegbert Schwarz,MATCH,(all),,,1.0,exact
business_08872,Siegbert Seckelsohn,MATCH,(all),,,1.0,exact
business_08873,Siegbert Stern KG,FIELD_DIFF,original_address,"Hausvogteiplatz 11, Berlin","Hausvogteiplatz 11a, Berlin",0.65,address_differs
business_08874,Siegbert Sternberg,MATCH,(all),,,1.0,exact
business_08875,Siegbert Wolff,MATCH,(all),,,1.0,exact
business_08876,Siegel & Co,MATCH,(all),,,1.0,exact
business_08877,Siegesmund Selbiger,MATCH,(all),,,1.0,exact
business_08878,Siegfr. Lewin Berliner-Planen-und -Deckenfabrik,MATCH,(all),,,1.0,exact
business_08879,Siegfr. Loriesohn,MATCH,(all),,,1.0,exact
business_08880,Siegfried & Max Auerbach,MATCH,(all),,,1.0,exact
business_08881,Siegfried Apotheke Georg Hornig,MATCH,(all),,,1.0,exact
business_08882,Siegfried Bauchwitz,MATCH,(all),,,1.0,exact
business_08883,Siegfried Baum,MATCH,(all),,,1.0,exact
business_08884,Siegfried Baumgart,MATCH,(all),,,1.0,exact
business_08885,Siegfried Berndt,MATCH,(all),,,1.0,exact
business_08886,Siegfried Bernhardt,MATCH,(all),,,1.0,exact
business_08887,Siegfried Bloch,FIELD_DIFF,original_address,"Lützowstr. 106, Berlin","Lützowstr. 106, Berlin Müllerstr 180, Berlin Landsbergerstr. 23, Berlin Bayrischer Platz 11, Berlin Innsbruckerstr. 72, Berlin Nauenerstr. 21, Potsdam Hauptstr. 2, Berlin",0.65,address_differs
business_08888,Siegfried Bock,MATCH,(all),,,1.0,exact
business_08889,Siegfried Brann,MATCH,(all),,,1.0,exact
business_08890,Siegfried Brasch,MATCH,(all),,,1.0,exact
business_08891,Siegfried Brat,MATCH,(all),,,1.0,exact
business_08892,Siegfried Brenner,MATCH,(all),,,1.0,exact
business_08893,Siegfried Budzislawski,MATCH,(all),,,1.0,exact
business_08894,Siegfried Cohn,MATCH,(all),,,1.0,exact_ambiguous_2
business_08895,Siegfried Cohn,FIELD_DIFF,original_address,"Oranienburger Str. 17, Berlin","Rankestr. 31/32, Berlin",0.65,address_differs
business_08895,Siegfried Cohn,FIELD_DIFF,startDate,1900,1922,0.6,founding year mismatch
business_08896,Siegfried Cronbach,MATCH,(all),,,1.0,exact
business_08897,Siegfried Czapski,MATCH,(all),,,1.0,exact
business_08898,Siegfried Eisner,MATCH,(all),,,1.0,exact
business_08899,Siegfried Emanuel,MATCH,(all),,,1.0,exact
business_08900,Siegfried Engel,MATCH,(all),,,1.0,exact
business_08901,Siegfried Engel Häute & Felle,MATCH,(all),,,1.0,exact
business_08902,Siegfried Fink,MATCH,(all),,,1.0,exact
business_08903,Siegfried Foerder,MATCH,(all),,,1.0,exact
business_08904,Siegfried Frank & Co,FIELD_DIFF,original_address,"( Trade ) Eingetragen im Handelsregister/ Gründung 1903 Besitzübernahme 1936 Magerviehhof , Berlin","Magerviehhof , Berlin",0.65,address_differs
business_08905,Siegfried Franzos,MATCH,(all),,,1.0,exact
business_08906,"Siegfried Freund, kaufmännisches Büro",MATCH,(all),,,1.0,exact
business_08907,Siegfried Gabriel,MATCH,(all),,,1.0,exact
business_08908,Siegfried Gerson,MATCH,(all),,,1.0,exact
business_08909,Siegfried Glaser Getreide und Futtermittel,MATCH,(all),,,1.0,exact
business_08910,Siegfried Glückmann,MATCH,(all),,,1.0,exact
business_08911,Siegfried Goerke,MATCH,(all),,,1.0,exact
business_08912,Siegfried Goldschmidt,MATCH,(all),,,1.0,exact
business_08913,Siegfried Grün,MATCH,(all),,,1.0,exact
business_08914,Siegfried Grünberger,MATCH,(all),,,1.0,exact
business_08915,Siegfried Gunzenhäuser,MATCH,(all),,,1.0,exact
business_08916,Siegfried H. Ginsberg,MATCH,(all),,,1.0,exact
business_08917,Siegfried Hamburger,MATCH,(all),,,1.0,exact
business_08918,Siegfried Hammel,MATCH,(all),,,1.0,exact
business_08919,Siegfried Heumann,MATCH,(all),,,1.0,exact
business_08920,Siegfried Hirsch,MATCH,(all),,,1.0,exact
business_08921,Siegfried Hirsch Schuhwaren,MATCH,(all),,,1.0,exact
business_08922,Siegfried Hirschberg,MATCH,(all),,,1.0,exact
business_08923,Siegfried Hollaender,MATCH,(all),,,1.0,exact
business_08924,Siegfried Israel,MATCH,(all),,,1.0,exact
business_08925,Siegfried Jacobowicz Nachf.,MATCH,(all),,,1.0,exact
business_08926,Siegfried Jacoby,MATCH,(all),,,1.0,exact
business_08927,Siegfried Jellinek,MATCH,(all),,,1.0,exact
business_08928,Siegfried Jolles,MATCH,(all),,,1.0,exact
business_08929,Siegfried Jonas,MATCH,(all),,,1.0,exact
business_08930,Siegfried Juda,MATCH,(all),,,1.0,exact
business_08931,Siegfried Jungmann,MATCH,(all),,,1.0,exact
business_08932,Siegfried Jüttner,MATCH,(all),,,1.0,exact
business_08933,Siegfried Kadisch Modehaus Deutschland,MATCH,(all),,,1.0,exact
business_08934,"Siegfried Kaphan, staatl. Geprüfter Masseur",MATCH,(all),,,1.0,exact
business_08935,"Siegfried Klopstock, Textilagenturen",MATCH,(all),,,1.0,exact
business_08936,Siegfried Koh & Cie,MATCH,(all),,,1.0,exact
business_08937,Siegfried Kosak & Co,MATCH,(all),,,1.0,exact
business_08938,Siegfried Landsberger,MATCH,(all),,,1.0,exact
business_08939,"Siegfried Lichtenstein, Tuche",MATCH,(all),,,1.0,exact
business_08940,Siegfried Lippmann Gebr.,MATCH,(all),,,1.0,exact
business_08941,Siegfried Lipschütz,FIELD_DIFF,original_address,"Goethestr. 17, Berlin","Goethestr. 17a, Berlin",0.65,address_differs
business_08942,Siegfried Littauer,MATCH,(all),,,1.0,exact
business_08943,Siegfried Littmann,MATCH,(all),,,1.0,exact
business_08944,Siegfried Loeser,MATCH,(all),,,1.0,exact
business_08945,Siegfried Maerzon,FIELD_DIFF,original_address,"Friedrichstr. 65/66, Berlin","Neue Friedrichstr. 65/66, Berlin",0.65,address_differs
business_08946,Siegfried Magnus,MATCH,(all),,,1.0,exact
business_08947,Siegfried Maier Chem.-Techn. Produkte,MATCH,(all),,,1.0,exact
business_08948,Siegfried Mamlok,MATCH,(all),,,1.0,exact
business_08949,Siegfried Markowitz,MATCH,(all),,,1.0,exact
business_08950,Siegfried Markus,MATCH,(all),,,1.0,exact
business_08951,Siegfried Michlowitz,MATCH,(all),,,1.0,exact
business_08952,Siegfried Mielzynski,MATCH,(all),,,1.0,exact
business_08953,Siegfried Mottek,MATCH,(all),,,1.0,exact
business_08954,Siegfried Neuhofer,MATCH,(all),,,1.0,exact
business_08955,Siegfried Niclas,MATCH,(all),,,1.0,exact
business_08956,Siegfried Peisachowitz,MATCH,(all),,,1.0,exact
business_08957,Siegfried Pollner,MATCH,(all),,,1.0,exact
business_08958,Siegfried Robert,MATCH,(all),,,1.0,exact
business_08959,Siegfried Rosenthal Ingenieur,MATCH,(all),,,1.0,exact
business_08960,Siegfried Rothenberg,MATCH,(all),,,1.0,exact
business_08961,Siegfried Sand & Biesenthal,MATCH,(all),,,1.0,exact
business_08962,Siegfried Sandberg,MATCH,(all),,,1.0,exact
business_08963,Siegfried Sch. Goldstein,MATCH,(all),,,1.0,exact
business_08964,Siegfried Schefftel,FIELD_DIFF,original_address,"Weberstr. 15, Berlin","Weberstr. 15a, Berlin",0.65,address_differs
business_08965,Siegfried Schleimer,MATCH,(all),,,1.0,exact
business_08966,Siegfried Schlutz,MATCH,(all),,,1.0,exact
business_08967,Siegfried Schlüsselberg,MATCH,(all),,,1.0,exact
business_08968,Siegfried Scholem,MATCH,(all),,,1.0,exact
business_08969,Siegfried Schwarz,MATCH,(all),,,1.0,exact
business_08970,Siegfried Seemann Akademische Buchhandlung und Antiquariat,MATCH,(all),,,1.0,exact
business_08971,Siegfried Silberberg,MATCH,(all),,,1.0,exact
business_08972,Siegfried Silberstein Manufacturwaren,MATCH,(all),,,1.0,exact
business_08973,Siegfried Silberstein Morgenröcke,MATCH,(all),,,1.0,exact
business_08974,Siegfried Silberstein jr.,MATCH,(all),,,1.0,exact
business_08975,Siegfried Simoni,MATCH,(all),,,1.0,exact
business_08976,Siegfried Sommerfeld,MATCH,(all),,,1.0,exact
business_08977,Siegfried Steinecke Nachf. David Riklowitz,MATCH,(all),,,1.0,exact
business_08978,Siegfried Süßkind,MATCH,(all),,,1.0,exact
business_08979,Siegfried Tockus,MATCH,(all),,,1.0,exact
business_08980,Siegfried Tradelius & Co,MATCH,(all),,,1.0,exact
business_08981,Siegfried Treumann Handelsvertretungen,MATCH,(all),,,1.0,exact
business_08982,Siegfried Waldstein,MATCH,(all),,,1.0,exact
business_08983,Siegfried Weinbaum,MATCH,(all),,,1.0,exact
business_08984,Siegfried Zacharias Inh. Frau Clara Zacharias,MATCH,(all),,,1.0,exact
business_08985,Siegfried Zadek et Comp.,MATCH,(all),,,1.0,exact
business_08986,Siegfried Zempelburg,MATCH,(all),,,1.0,exact
business_08987,Siegmund & Ernst Cohn,MATCH,(all),,,1.0,exact
business_08988,Siegmund Baer,MATCH,(all),,,1.0,exact
business_08989,Siegmund Barth,MATCH,(all),,,1.0,exact
business_08990,Siegmund Bernhardt,MATCH,(all),,,1.0,exact
business_08991,Siegmund Bernstein,MATCH,(all),,,1.0,exact
business_08992,Siegmund Brühl,FIELD_DIFF,original_address,"Stallschreiberstr. 23, Berlin","Stallschreiberstr. 23a, Berlin",0.65,address_differs
business_08993,Siegmund Cohn,MATCH,(all),,,1.0,exact
business_08994,Siegmund Dorn,MATCH,(all),,,1.0,exact
business_08995,Siegmund Ebenstein,MATCH,(all),,,1.0,exact
business_08996,Siegmund Ehrenberg Kohlen-Vertrieb,MATCH,(all),,,1.0,exact
business_08997,Siegmund Eisenstaedt,MATCH,(all),,,1.0,exact
business_08998,Siegmund Engel Schuhwaren Agentur,MATCH,(all),,,1.0,exact
business_08999,Siegmund Epstein,FIELD_DIFF,original_address,"Charlottenstr. 32, Berlin","Charlottenstr. 32a, Berlin",0.65,address_differs
business_09000,Siegmund Garfunkel & Co,MATCH,(all),,,1.0,exact
business_09001,Siegmund Pincus,MATCH,(all),,,1.0,exact
business_09002,Siegmund Riese,MATCH,(all),,,1.0,exact
business_09003,"Siegmund Rottenberg, Kürschnerwerkstatt",MATCH,(all),,,1.0,exact
business_09004,Siegmund Salinger Kursmakler,MATCH,(all),,,1.0,exact
business_09005,Siegmund Schiller,MATCH,(all),,,1.0,exact
business_09006,Siegmund Schindler,MATCH,(all),,,1.0,exact
business_09007,Siegmund Teschner,MATCH,(all),,,1.0,exact
business_09008,Siegmund Wagschal,MATCH,(all),,,1.0,exact
business_09009,Siegmund Wasserberg,MATCH,(all),,,1.0,exact
business_09010,Siegrfried Heymann,FIELD_DIFF,original_address,"Friedrichstr. 59, Berlin","Neue Friedrichstr. 59, Berlin",0.65,address_differs
business_09011,Siegmund Gutmann Modewaren,MATCH,(all),,,1.0,exact
business_09012,Siegmund Hertz,MATCH,(all),,,1.0,exact
business_09013,Siegmund Heymann Polstermöbelfabrik,MATCH,(all),,,1.0,exact
business_09014,Siegmund Hirsch,MATCH,(all),,,1.0,exact
business_09015,Siegmund Hirschmann,MATCH,(all),,,1.0,exact
business_09016,Siegmund Hurtig,MATCH,(all),,,1.0,exact
business_09017,Siegmund Keßler,MATCH,(all),,,1.0,exact
business_09018,Siegmund Kraut,MATCH,(all),,,1.0,exact
business_09019,Siegmund Kurz,MATCH,(all),,,1.0,exact
business_09020,Siegmund Mosler,MATCH,(all),,,1.0,exact
business_09021,Siegried Isaac & Co,MATCH,(all),,,1.0,exact
business_09022,Siergmund Holländer,MATCH,(all),,,1.0,exact
business_09023,Sigbert Ephraim,MATCH,(all),,,1.0,exact
business_09024,Sigbert Gehr,MATCH,(all),,,1.0,exact
business_09025,Sigfried Neuhoefer Rohprodukte Gummi Abfälle-Regenerate,MATCH,(all),,,1.0,exact
business_09026,Sigismund Lewek,MATCH,(all),,,1.0,exact
business_09027,Sigismund Lewin,MATCH,(all),,,1.0,exact
business_09028,Sigismund Marcus,MATCH,(all),,,1.0,exact
business_09029,Sigismund Raphael,MATCH,(all),,,1.0,exact
business_09030,Sigm. Karger,MATCH,(all),,,1.0,exact
business_09031,Sigmund Falkenstein,MATCH,(all),,,1.0,exact
business_09032,Sigmund Frank,MATCH,(all),,,1.0,exact
business_09033,Sigmund Goeritz AG,MATCH,(all),,,1.0,exact
business_09034,Sigmund Gros,MATCH,(all),,,1.0,exact
business_09035,Sigmund Jäger,MATCH,(all),,,1.0,exact
business_09036,Sigmund Karplus,MATCH,(all),,,1.0,exact
business_09037,Sigmund Reiß,MATCH,(all),,,1.0,exact
business_09038,Sigmund Simon,FIELD_DIFF,original_address,"( Trade ) Eingetragen im Handelsregister/ Gründung 1937 Erloschen 1939 Keine Angabe , Berlin","Keine Angabe , Berlin",0.65,address_differs
business_09039,Sigmund Stern,MATCH,(all),,,1.0,exact
business_09040,Sigmund Weltlinger,MATCH,(all),,,1.0,exact
business_09041,Sigmund Wolff,MATCH,(all),,,1.0,exact
business_09042,Silber & Apfelbaum,MATCH,(all),,,1.0,exact
business_09043,Silberberg & Auerbach,MATCH,(all),,,1.0,exact
business_09044,Silberberger Metallgießerei und Baubeschlagfabrik GmbH,MATCH,(all),,,1.0,exact
business_09045,Silbermann & Co GmbH,FIELD_DIFF,original_address,"Friedrichstr. 37, Berlin","Neue Friedrichstr. 37, Berlin",0.65,address_differs
business_09046,"Silbermann, Georg",MATCH,(all),,,1.0,exact
business_09047,"Silberstein & Co, Möbeltransport",MATCH,(all),,,1.0,exact
business_09048,Silberstein & Schybilski,MATCH,(all),,,1.0,exact
business_09049,Silberstein & Tockus,MATCH,(all),,,1.0,exact
business_09050,Silbiger-Wäsche-GmbH,MATCH,(all),,,1.0,exact
business_09051,Silco Herrenhüte Masur & Co,MATCH,(all),,,1.0,exact
business_09052,"Silesia, Hüttenprodukte GmbH",MATCH,(all),,,1.0,exact
business_09053,Simon Adler,MATCH,(all),,,1.0,exact
business_09054,Simon Barber,MATCH,(all),,,1.0,exact
business_09055,Simon Berju,MATCH,(all),,,1.0,exact
business_09056,Simon Boehm,MATCH,(all),,,1.0,exact
business_09057,Simon Dzialoszynski,MATCH,(all),,,1.0,exact
business_09058,Simon Ehrmann,FIELD_DIFF,original_address,"( Trade ) Eingetragen im Handelsregister/ Gründung 1937 Erloschen 1939 Kottbusser Damm 12a, Berlin","Kottbusser Damm 12a, Berlin",0.65,address_differs
business_09059,Simon Goldberger,MATCH,(all),,,1.0,exact
business_09060,Simon Goldmann,MATCH,(all),,,1.0,exact
business_09061,Simon Goldner,MATCH,(all),,,1.0,exact
business_09062,Simon Grundleger,MATCH,(all),,,1.0,exact
business_09063,Simon Gurewitsch,MATCH,(all),,,1.0,exact
business_09064,Simon Isidor,MATCH,(all),,,1.0,exact
business_09065,Simon Kaplan,MATCH,(all),,,1.0,exact
business_09066,Simon Kochmann,FIELD_DIFF,original_address,"Roßstr. 19/20, Berlin","Neue Roßstr. 19/20, Berlin",0.65,address_differs
business_09067,Simon Lissauer,MATCH,(all),,,1.0,exact
business_09068,Simon Loewenstamm,FIELD_DIFF,original_address,"e Frankfurter Str. 141, Berlin","Große Frankfurter Str. 141, Berlin",0.65,address_differs
business_09069,Simon Lubinski,MATCH,(all),,,1.0,exact
business_09070,Simon Neumann,MATCH,(all),,,1.0,exact
business_09071,Simon Westmann Damen Konfektion & Trauer Magazin,FIELD_DIFF,original_address,"Mohrenstr. 37, Berlin","Mohrenstr. 37a, Berlin",0.65,address_differs
business_09072,Simon Wolff,MATCH,(all),,,1.0,exact
business_09073,Simon's Apotheke,MATCH,(all),,,1.0,exact
business_09074,Simonowitz & Co,MATCH,(all),,,1.0,exact
business_09075,Simsche Scheidlinger,MATCH,(all),,,1.0,exact
business_09076,Singer & Schlesinger,MATCH,(all),,,1.0,exact
business_09077,Singer & Wahrenberg,MATCH,(all),,,1.0,exact
business_09078,Sittenfeld & Cossmann,MATCH,(all),,,1.0,exact
business_09079,Smoszewski & Oelsner KG,MATCH,(all),,,1.0,exact
business_09080,Sobel & Liebshardt,MATCH,(all),,,1.0,exact
business_09081,Simon Neumann Nutzholzhandlung,MATCH,(all),,,1.0,exact
business_09082,Simon Neumark,FIELD_DIFF,original_address,"Jakobstr. 75, Berlin","Alte Jakobstr. 75, Berlin",0.65,address_differs
business_09083,Simon Nosseck,MATCH,(all),,,1.0,exact
business_09084,Simon Raucher,MATCH,(all),,,1.0,exact
business_09085,Simon Rector,MATCH,(all),,,1.0,exact
business_09086,Simon Salomon,MATCH,(all),,,1.0,exact
business_09087,Simon Schwarzbaum,MATCH,(all),,,1.0,exact
business_09088,Simon Spangenthal,MATCH,(all),,,1.0,exact
business_09089,Simon Stern Möbel u. Warenkredithaus,MATCH,(all),,,1.0,exact
business_09090,Simon Westermann,MATCH,(all),,,1.0,exact
business_09091,"Sofie Bermann, Tuchgroßhandlung",MATCH,(all),,,1.0,exact
business_09092,"Sollinger, Wasserzug & Co",MATCH,(all),,,1.0,exact
business_09093,Solms-Apotheke Inhaber Salo Keins,MATCH,(all),,,1.0,exact
business_09094,Solon & Co GmbH,MATCH,(all),,,1.0,exact
business_09095,Solon & Eisner,MATCH,(all),,,1.0,exact
business_09096,Soloweitschik & Klusner,MATCH,(all),,,1.0,exact
business_09097,Soma Gutfreund,MATCH,(all),,,1.0,exact
business_09098,Sommer & Landsberger,MATCH,(all),,,1.0,exact
business_09099,"Sommer, Martha",MATCH,(all),,,1.0,exact
business_09100,Sommerguth & Aschner AG,MATCH,(all),,,1.0,exact
business_09101,Sonja Dreisiuk,MATCH,(all),,,1.0,exact
business_09102,Sonja Goldberg,MATCH,(all),,,1.0,exact
business_09103,Sonja Goldstein,FIELD_DIFF,original_address,"Panoramastr. 1, Berlin","Panoramastr. 1, Berlin Neue Friedrichstr. 23, Berlin",0.65,address_differs
business_09104,Sonnen-Apotheke Carl Reinsch,MATCH,(all),,,1.0,exact
business_09105,Sonnenfeld & Jaroczynski,MATCH,(all),,,1.0,exact
business_09106,Sophie Homburger,MATCH,(all),,,1.0,exact
business_09107,Sophie Jablonski,MATCH,(all),,,1.0,exact
business_09108,Sophie Katz,MATCH,(all),,,1.0,exact
business_09109,Sophie Lachmann,MATCH,(all),,,1.0,exact
business_09110,Sophie Mayer,MATCH,(all),,,1.0,exact
business_09111,Sophie Spiegel,MATCH,(all),,,1.0,exact
business_09112,Spandau & Schwerin,MATCH,(all),,,1.0,exact
business_09113,Spandauer Möbelhaus Siegfried Tuchmann,FIELD_DIFF,original_address,"( Trade ) Eingetragen im Handelsregister/ Gründung 1935 Erloschen 1939 Hoher Steinweg 1a, Berlin","Hoher Steinweg 1a, Berlin",0.65,address_differs
business_09114,"Specialhaus Wäsche, Blusen, Röcke, Leopold Edelstein",MATCH,(all),,,1.0,exact
business_09115,Specialhaus für Herren- und Knabenbekleidung Hermann Pinkas,MATCH,(all),,,1.0,exact
business_09116,Spedition und Lagerung Merkur Leopold Abraham,FIELD_DIFF,original_address,"( Services ) Eingetragen im Handelsregister/ Gründung 1935 Erloschen 1939 Keine Angabe , Berlin","Keine Angabe , Berlin",0.65,address_differs
business_09117,Speer & Schmidt Buchdruckerei,MATCH,(all),,,1.0,exact
business_09118,Sperrholz-Kaminsky Lydia Kaminsky,MATCH,(all),,,1.0,exact
business_09119,Spezial-Radio-Haus Lukra Moritz Lewin,MATCH,(all),,,1.0,exact
business_09120,Spezialbau Spandau GmbH,MATCH,(all),,,1.0,exact
business_09121,Spezialgeschäft Nordring für Arbeiter- & Berufskleidung L. & S. Kahn,MATCH,(all),,,1.0,exact
business_09122,Spichernstraße Grundstücksgesellschaft mbH,MATCH,(all),,,1.0,exact
business_09123,Spichernsäle GmbH,MATCH,(all),,,1.0,exact
business_09124,Spießmann,MATCH,(all),,,1.0,exact
business_09125,Spiro & Salomon,MATCH,(all),,,1.0,exact
business_09126,Spitz & Spitz GmbH,MATCH,(all),,,1.0,exact
business_09127,Spitzenhaus Arnold Sontag,MATCH,(all),,,1.0,exact
business_09128,Spitzenkunst GmbH,MATCH,(all),,,1.0,exact
business_09129,"Splendid, Die Filmbühne am Kaiserdamm GmbH",MATCH,(all),,,1.0,exact
business_09130,Sponholz & Co (vorm. H. Herz) KG,MATCH,(all),,,1.0,exact
business_09131,Sport Beruf Kaufhaus Deutsche Lederwarenfabrikation Inhaber Willy Sax,MATCH,(all),,,1.0,exact
business_09132,Sport-Adam GmbH,MATCH,(all),,,1.0,exact
business_09133,Sprai & Cie,MATCH,(all),,,1.0,exact
business_09134,Sprechmaschinen Centrale J. Katz & Sohn,MATCH,(all),,,1.0,exact
business_09135,Spreewa Waren-Handelsgesellschaft mbH,FIELD_DIFF,original_address,"Wilhelminenhofstr. 82, Berlin","Wilhelminenhofstr. 82a, Berlin",0.65,address_differs
business_09136,Springer's Apotheke Inhaber Carl Issel,MATCH,(all),,,1.0,exact
business_09137,Spritz- und Handdruck GmbH,MATCH,(all),,,1.0,exact
business_09138,St. Thomas-Apotheke Julius Lewy,MATCH,(all),,,1.0,exact
business_09139,"Stadion, Brecht & Co",MATCH,(all),,,1.0,exact
business_09140,Stadt- und Land-Hygiene GmbH,MATCH,(all),,,1.0,exact
business_09141,Stadt-Apotheke Hermann Königsberger,MATCH,(all),,,1.0,exact
business_09142,Stadtküche Veit,MATCH,(all),,,1.0,exact
business_09143,Stambul-Bazar C. Kraus,MATCH,(all),,,1.0,exact
business_09144,Standard Deutsche Sichtkartei-GmbH,MATCH,(all),,,1.0,exact
business_09145,Standard Gummischuhvertriebsgesellschaft mbH,MATCH,(all),,,1.0,exact
business_09146,Stanislaus Neuding,MATCH,(all),,,1.0,exact
business_09147,Stanislaus Sachs,MATCH,(all),,,1.0,exact
business_09148,Stanislaw H. Knaster,MATCH,(all),,,1.0,exact
business_09149,Stargardter & Co,MATCH,(all),,,1.0,exact
business_09150,Stark & Co,MATCH,(all),,,1.0,exact
business_09151,Stechschneider GmbH,MATCH,(all),,,1.0,exact
business_09152,"Stecklmacher, Dipl-Ing.",MATCH,(all),,,1.0,exact
business_09153,Stefan Simon,FIELD_DIFF,original_address,"( Trade ) Eingetragen im Handelsregister/ Gründung 1928 Erloschen 1935 Passauer Str. 37a, Berlin","Passauer Str. 37a, Berlin",0.65,address_differs
business_09154,"Stefi Gollop, künstliche Blumen und andere Modeartikel",MATCH,(all),,,1.0,exact
business_09155,Steglitzer Grundstücksverwertungs-GmbH,MATCH,(all),,,1.0,exact
business_09156,Stein & Labaschin Inhaber Oscar Stein,MATCH,(all),,,1.0,exact
business_09157,Stein Söhne,MATCH,(all),,,1.0,exact
business_09158,"Stein, Haber & Baumann",MATCH,(all),,,1.0,exact
business_09159,Stein-Apotheke Walter Bloch,MATCH,(all),,,1.0,exact
business_09160,Steinberg & Co,MATCH,(all),,,1.0,exact
business_09161,Steinberg & Kohler,MATCH,(all),,,1.0,exact
business_09162,Steinberg & Krebs GmbH,MATCH,(all),,,1.0,exact
business_09163,"Steinbruch, Herrenmoden",MATCH,(all),,,1.0,exact
business_09164,Steiner GmbH,MATCH,(all),,,1.0,exact
business_09165,Steinfeld & Adler,MATCH,(all),,,1.0,exact
business_09166,"Steinhagen, Hugo",MATCH,(all),,,1.0,exact
business_09167,Steinhardt's Kostümrock-Fabrik GmbH,MATCH,(all),,,1.0,exact
business_09168,Steinhardt's Kostümrock-Fabrik Rosa Steinhardt,MATCH,(all),,,1.0,exact
business_09169,"Stela Strümpfe, Wäsche Alfred und Max Pollack",MATCH,(all),,,1.0,exact
business_09170,Stella Schuhfabrik Baumfeld & Co,MATCH,(all),,,1.0,exact
business_09171,Stempel-Kaffee,MATCH,(all),,,1.0,exact
business_09172,Stensch Ballnath & Co GmbH,MATCH,(all),,,1.0,exact
business_09173,Stephan Auerbach,MATCH,(all),,,1.0,exact
business_09174,Stephan Jonas,MATCH,(all),,,1.0,exact
business_09175,Stephan Weindling,FIELD_DIFF,original_address,"Königstr. 34, Berlin","Neue Königstr. 34, Berlin",0.65,address_differs
business_09176,Stepp-Daunendecken-Fabrikation Regina Leibler,FIELD_DIFF,original_address,"( Trade ) Eingetragen im Handelsregister/ Gründung 1936 Erloschen 1939 Keine Angabe , Berlin","Keine Angabe , Berlin",0.65,address_differs
business_09177,Stern & Schiele,MATCH,(all),,,1.0,exact
business_09178,"Stern, Otto",MATCH,(all),,,1.0,exact
business_09179,Stern-Apotheke August Otto,MATCH,(all),,,1.0,exact
business_09180,Stern-Lehmann & Co,MATCH,(all),,,1.0,exact
business_09181,Stern-Lichtspielhaus GmbH,MATCH,(all),,,1.0,exact
business_09182,Stern-Verschlüsse GmbH,MATCH,(all),,,1.0,exact
business_09183,Sternapotheke Hugo Eilenberg,MATCH,(all),,,1.0,exact
business_09184,Sternberg & Hamlet GmbH,MATCH,(all),,,1.0,exact
business_09185,Sternberg & Salomon,MATCH,(all),,,1.0,exact
business_09186,"Sternberg, Haberland, Liebert & Co",MATCH,(all),,,1.0,exact
business_09187,Sternheim Film GmbH,MATCH,(all),,,1.0,exact
business_09188,Steyer & Co GmbH,MATCH,(all),,,1.0,exact
business_09189,Stickstoff-Treuhand GmbH,MATCH,(all),,,1.0,exact
business_09190,Stiefelkönig Heinrich Klausner,FIELD_DIFF,original_address,"Friedrichstr. 131, Berlin","Friedrichstr. 131c, Berlin",0.65,address_differs
business_09191,Stockheim & Wasserreich,MATCH,(all),,,1.0,exact
business_09192,Strasser & Co Bankgeschäft,MATCH,(all),,,1.0,exact
business_09193,Straßenbau-Gesellschaft Zoeller Wolfers Droege,MATCH,(all),,,1.0,exact
business_09194,Strelitz & Soldin GmbH,MATCH,(all),,,1.0,exact
business_09195,Stresow-Apotheke Erich Ostertum,FIELD_DIFF,original_address,"Stresowplatz 16, Berlin","Stresowplatz 16a, Berlin",0.65,address_differs
business_09196,Strettiner,MATCH,(all),,,1.0,exact
business_09197,Strickwaren- Wäsche- u. Trikotagen Markt Feiwel Troper,MATCH,(all),,,1.0,exact
business_09198,Stroh und Filzhutfabrik Leopold Schewach,MATCH,(all),,,1.0,exact
business_09199,Strumpf-Eck Erich Tockuß,MATCH,(all),,,1.0,exact
business_09200,Strumpfhaus Elite Paul Abrahamsohn,MATCH,(all),,,1.0,exact
business_09201,Strumpfhaus Fortuna Manes Fenichel,MATCH,(all),,,1.0,exact
business_09202,"Strumpfhaus Kawed, M. Wilder",MATCH,(all),,,1.0,exact
business_09203,Strumpfhaus Krisch & Co,FIELD_DIFF,original_address,"Wexstr. 33, Berlin","Wexstr. 33a, Berlin",0.65,address_differs
business_09204,"Strumpfhaus Metzger Nachfolger Bad-Nauheim, Inhaber: Kaufmann Hans Strupp in Friedeberg i. Hessen",FIELD_DIFF,original_address,"( Trade ) Eingetragen im Handelsregister/ Gründung 1933 Besitzübernahme 1939 Keine Angabe , Berlin","Keine Angabe , Berlin",0.65,address_differs
business_09205,Strumpfhaus Samuel Schmuckler,MATCH,(all),,,1.0,exact
business_09206,Studiengesellschaft für Radiotechnik mbH,MATCH,(all),,,1.0,exact
business_09207,Studiengesellschaft für elektrische Beleuchtung mbH,MATCH,(all),,,1.0,exact
business_09208,Studtzinski,MATCH,(all),,,1.0,exact
business_09209,Sturmthal & Co,MATCH,(all),,,1.0,exact
business_09210,Stutinsky & Land,FIELD_DIFF,original_address,"Grünstr. 17/18, Berlin","Neue Grünstr. 17/18, Berlin",0.65,address_differs
business_09211,Stöß & Saberski,MATCH,(all),,,1.0,exact
business_09212,Sualin-AG,MATCH,(all),,,1.0,exact
business_09213,Suden & Lauer Modelle GmbH,MATCH,(all),,,1.0,exact
business_09214,Sulamith Beer,MATCH,(all),,,1.0,exact
business_09215,Sulfit-Cellulose-Fabrik Tillgner & Co AG,MATCH,(all),,,1.0,exact
business_09216,Suomi Deutsch-Finnische Export-GmbH,MATCH,(all),,,1.0,exact
business_09217,Supamali Vermögensverwertungsgesellschaft mbH,MATCH,(all),,,1.0,exact
business_09218,Supinator,MATCH,(all),,,1.0,exact
business_09219,Sura-Ettel und Cypra Redisch,MATCH,(all),,,1.0,exact
business_09220,Surach Adler,MATCH,(all),,,1.0,exact
business_09221,Susanne Kuznitzky,MATCH,(all),,,1.0,exact
business_09222,Susanne Riegner,MATCH,(all),,,1.0,exact
business_09223,Suse Byk Atelier für photographische Porträts,MATCH,(all),,,1.0,exact
business_09224,Sußmann & Co GmbH,MATCH,(all),,,1.0,exact
business_09225,Sußmann & Wiesenthal,MATCH,(all),,,1.0,exact
business_09226,Swerdloff & Co,MATCH,(all),,,1.0,exact
business_09227,Synagoge Unter Lippmann & Tauß,MATCH,(all),,,1.0,exact
business_09228,Szilard Diamant,MATCH,(all),,,1.0,exact
business_09229,Süd-Ost Apotheke Benno Salinger,MATCH,(all),,,1.0,exact
business_09230,Süddeutsche Kinematografengesellschaft mbH,MATCH,(all),,,1.0,exact
business_09231,Südost-Handelsgesellschaft von Ramin & Co,FIELD_DIFF,original_address,"( Trade ) Eingetragen im Handelsregister/ Gründung 1937 Keine Angabe , Berlin","Keine Angabe , Berlin",0.65,address_differs
business_09232,Süß & Friedmann GmbH,MATCH,(all),,,1.0,exact
business_09233,Süßapfel,MATCH,(all),,,1.0,exact
business_09234,Süßmann & Co,MATCH,(all),,,1.0,exact
business_09235,T. B. G. Tuch-Vertriebs-Gesellschaft Wilhelm Perlberg u. Co,MATCH,(all),,,1.0,exact
business_09236,T. Steinberg,MATCH,(all),,,1.0,exact
business_09237,Tabaco Tabakwarenvertrieb GmbH,MATCH,(all),,,1.0,exact
business_09238,Tabak- und Zigarettenfabrik Stambul Kurt Borg GmbH,MATCH,(all),,,1.0,exact
business_09239,Tabakwaren engros für Gastwirte Tefga GmbH,MATCH,(all),,,1.0,exact
business_09240,Tabakwaren-Großhandlung Nordost Asriel Israilovici,FIELD_DIFF,original_address,"( Trade ) Eingetragen im Handelsregister/ Gründung 1934 Erloschen 1938 Keine Angabe , Berlin","Keine Angabe , Berlin",0.65,address_differs
business_09241,Tabakwarenvertrieb Zentrum GmbH,MATCH,(all),,,1.0,exact
business_09242,Taffel,MATCH,(all),,,1.0,exact
business_09243,Tannenbaum & Co,MATCH,(all),,,1.0,exact
business_09244,"Tannenbaum, Pariser & Co GmbH",MATCH,(all),,,1.0,exact
business_09245,Tannenzapf & Co,MATCH,(all),,,1.0,exact
business_09246,Tanzpalast Sevilla Arthur Lefebre,MATCH,(all),,,1.0,exact
business_09247,Tapetenfabrik Emil Liepmann,MATCH,(all),,,1.0,exact
business_09248,Tasso Grundstückserwerbsgesellschaft mbH,MATCH,(all),,,1.0,exact
business_09249,Tauber & Co,MATCH,(all),,,1.0,exact
business_09250,Tauber & Co GmbH,MATCH,(all),,,1.0,exact
business_09251,Tauentzien-Apotheke Sally Freundlich,FIELD_DIFF,original_address,"Tauentzienstr. 13, Berlin","Tauentzienstr. 13a, Berlin",0.65,address_differs
business_09252,Tausk & Günzburger,MATCH,(all),,,1.0,exact
business_09253,"Te-Gro, Textilgroßhandlung Heinz Rautenberg",MATCH,(all),,,1.0,exact
business_09254,Te-We-Textil-Werbedienst GmbH,MATCH,(all),,,1.0,exact
business_09255,Technisches Bureau Ingenieure Maag & Baron,MATCH,(all),,,1.0,exact
business_09256,Technologischer Verlag Oscar Italiener,MATCH,(all),,,1.0,exact
business_09257,Teeruß Gesellschaft Plotkin & Co mbH,MATCH,(all),,,1.0,exact
business_09258,Tefiko Textil-Finanzierungs-Kontor Hermann Unger,FIELD_DIFF,original_address,"Poststr. 20, Berlin","Poststr. 20a, Berlin Klosterstr. 17/19, Berlin",0.65,address_differs
business_09259,Tegge und Neubert,MATCH,(all),,,1.0,exact
business_09260,Teigwaren-Fabrik Merkur GmbH,MATCH,(all),,,1.0,exact
business_09261,Teima Interessenvertretung für Hausbesitz GmbH,MATCH,(all),,,1.0,exact
business_09262,Tekla Stern,MATCH,(all),,,1.0,exact
business_09263,"Tellus, Grundstücksgesellschaft mbH",MATCH,(all),,,1.0,exact
business_09264,Tempelhofer Wäsche-Heißmangel,MATCH,(all),,,1.0,exact
business_09265,Tempo Kraftdroschken-Betriebsgesellschaft mbH,MATCH,(all),,,1.0,exact
business_09266,Tempophon Max Marcus,MATCH,(all),,,1.0,exact
business_09267,Teppich Geißenberger GmbH,MATCH,(all),,,1.0,exact
business_09268,Teppich-Bursch Kirchhoff und Nürnberg GmbH,MATCH,(all),,,1.0,exact
business_09269,Teppich-Haus Stein Moritz Stein,MATCH,(all),,,1.0,exact
business_09270,Teppich-Haus Zentrum Siegfried Moses,MATCH,(all),,,1.0,exact
business_09271,"Teppich-Import Orientcompagnie GmbH, Zweigniederlassung Berlin",MATCH,(all),,,1.0,exact
business_09272,Teppich-Thomas GmbH,MATCH,(all),,,1.0,exact
business_09273,Terra-Aktiengesellschaft für Grundbesitz,MATCH,(all),,,1.0,exact
business_09274,Terra-Postkarten-Verlag Ernst Ney,MATCH,(all),,,1.0,exact
business_09275,Terrain-AG Botanischer Garten-Zehlendorf West,MATCH,(all),,,1.0,exact
business_09276,Terrain-Gesellschaft Rummelsburger Straße mbH,MATCH,(all),,,1.0,exact
business_09277,Terraingesellschaft Berlin-Südwesten,MATCH,(all),,,1.0,exact
business_09278,Textil-Agentur Stier & Co,MATCH,(all),,,1.0,exact
business_09279,Textil-Verlag GmbH,MATCH,(all),,,1.0,exact
business_09280,Textil-Versand Alfred Feige,MATCH,(all),,,1.0,exact
business_09281,Textil-Versand Heimann Rosenbaum,MATCH,(all),,,1.0,exact
business_09282,Textil-Versandhaus Rudolf Schulze & Co,MATCH,(all),,,1.0,exact
business_09283,Textila Textil Ausfuhrgesellschaft mbH,MATCH,(all),,,1.0,exact
business_09284,"Textilgroßhandlung Gebrüder Sklarek Max, Leo, Willy Sklarek",MATCH,(all),,,1.0,exact
business_09285,Textilhaus Steglitz Badrian & Co GmbH,MATCH,(all),,,1.0,exact
business_09286,Textilia Treuhand- und Verwaltungs-Gesellschaft mbH,MATCH,(all),,,1.0,exact
business_09287,Textilwaren-Vertrieb Edith Scheer,MATCH,(all),,,1.0,exact
business_09288,Th. Alschwang,MATCH,(all),,,1.0,exact
business_09289,Th. Baruch & Co,MATCH,(all),,,1.0,exact
business_09290,Th. Blumenthal,MATCH,(all),,,1.0,exact
business_09291,Th. Flörsheim & Cie,MATCH,(all),,,1.0,exact
business_09292,Th. Keßler,MATCH,(all),,,1.0,exact
business_09293,Th. Roubinzik & Co,MATCH,(all),,,1.0,exact
business_09294,Th. Sommerfeld GmbH,MATCH,(all),,,1.0,exact
business_09295,Th.Flörsheim & Cie,MATCH,(all),,,1.0,exact
business_09296,The Gentleman Walther Silberstein,MATCH,(all),,,1.0,exact
business_09297,The New York Times GmbH Wide World Photos,MATCH,(all),,,1.0,exact
business_09298,Thea Baruch,MATCH,(all),,,1.0,exact
business_09299,Theater am Kurfürstendamm GmbH,MATCH,(all),,,1.0,exact
business_09300,Theater in der Königsgrätzer Straße GmbH,MATCH,(all),,,1.0,exact
business_09301,Theaterabonnement GmbH,MATCH,(all),,,1.0,exact
business_09302,Theaterkunst Hermann J. Kaufmann,MATCH,(all),,,1.0,exact
business_09303,Thega-Kontakt GmbH,MATCH,(all),,,1.0,exact
business_09304,Thekla Ehrmann,MATCH,(all),,,1.0,exact
business_09305,Theodor & Co,MATCH,(all),,,1.0,exact
business_09306,Theodor Ahlmann,MATCH,(all),,,1.0,exact
business_09307,Theodor Baumgarten,MATCH,(all),,,1.0,exact
business_09308,Theodor Breslauer,MATCH,(all),,,1.0,exact
business_09309,Theodor Dannenberg,MATCH,(all),,,1.0,exact
business_09310,Theodor Dreyfuß,MATCH,(all),,,1.0,exact
business_09311,Theodor Fröhlich AG,MATCH,(all),,,1.0,exact
business_09312,Theodor Gollop,MATCH,(all),,,1.0,exact
business_09313,Theodor Gottschalk Nf.,MATCH,(all),,,1.0,exact
business_09314,Theodor Heilpern,MATCH,(all),,,1.0,exact
business_09315,Theodor Herzog Victoria Neue Berliner Brot-Fabrik,MATCH,(all),,,1.0,exact
business_09316,Theodor Israel,MATCH,(all),,,1.0,exact
business_09317,Theodor Kabaker,MATCH,(all),,,1.0,exact
business_09318,Theodor Levy Herrenartikel,MATCH,(all),,,1.0,exact
business_09319,Theodor Liedtke,MATCH,(all),,,1.0,exact
business_09320,Theodor Löwenthal,MATCH,(all),,,1.0,exact
business_09321,Theodor Pincuß,MATCH,(all),,,1.0,exact
business_09322,Theodor Redlich,MATCH,(all),,,1.0,exact
business_09323,Theodor Rothschild & Co,MATCH,(all),,,1.0,exact
business_09324,Theodor Schück,MATCH,(all),,,1.0,exact
business_09325,Theodor Simon & Co,MATCH,(all),,,1.0,exact
business_09326,Theodor Stein & Co,MATCH,(all),,,1.0,exact
business_09327,Theophil Aschheim,FIELD_DIFF,original_address,"Kommandantenstr 10/11, Berlin","Kommandantenstr, 10/11, Berlin",0.65,address_differs
business_09328,Thiele & Buggisch,MATCH,(all),,,1.0,exact
business_09329,Thoas Grundstückserwerbsgesellschaft mbH,MATCH,(all),,,1.0,exact
business_09330,Thüringer-Apotheke,MATCH,(all),,,1.0,exact
business_09331,"Thüringische Kohlen- und Brikett-Verkaufsgesellschaft mbH, Zweigniederlassung Berlin",MATCH,(all),,,1.0,exact
business_09332,Tieder,MATCH,(all),,,1.0,exact
business_09333,Tietz Anschluß- und Export-GmbH,MATCH,(all),,,1.0,exact
business_09334,Tiewo Tietz Wohnstätten GmbH,MATCH,(all),,,1.0,exact
business_09335,Tillemann & Hohenstein,MATCH,(all),,,1.0,exact
business_09336,Tillgner & Co Zellstoffwerke,MATCH,(all),,,1.0,exact
business_09337,Tirkschleit,MATCH,(all),,,1.0,exact
business_09338,Tischfabrik Benno Segall,MATCH,(all),,,1.0,exact
business_09339,Titania-Palast-Gesellschaft Hugo Lemke,MATCH,(all),,,1.0,exact
business_09340,Tobias Gottfeld,MATCH,(all),,,1.0,exact
business_09341,Translateur Gesellschaft für Metallverwertung mbH,MATCH,(all),,,1.0,exact
business_09342,"Transvaalstr. 17 Grunstücksgesellschaft mbH in Liqu., z.Hd. d. Herrn Ferd. Naggatz",MATCH,(all),,,1.0,exact
business_09343,Trattner,MATCH,(all),,,1.0,exact
business_09344,Traube & Co Damenhutfabrikation,MATCH,(all),,,1.0,exact
business_09345,Traube Damenhutfabrik GmbH,MATCH,(all),,,1.0,exact
business_09346,Trauermagazin des Westens Rubens & Co,MATCH,(all),,,1.0,exact
business_09347,Treitel & Meyer,MATCH,(all),,,1.0,exact
business_09348,Trenkwald & Co GmbH,FIELD_DIFF,original_address,"Königstr. 61/62, Berlin","Neue Königstr. 61/62, Berlin",0.65,address_differs
business_09349,"Trenta, Grundstückserwerbsgesellschaft mbH",MATCH,(all),,,1.0,exact
business_09350,Treuherz & Fuß,MATCH,(all),,,1.0,exact
business_09351,Tobias Stern,MATCH,(all),,,1.0,exact
business_09352,"Tolirag, Ton- und Lichtbild Reklame, AG",FIELD_DIFF,original_address,"Markgrafenstr. 77, Berlin","Markgrafenstr. 77, III, Berlin",0.65,address_differs
business_09353,Tonfilm-Apparate-GmbH,MATCH,(all),,,1.0,exact
business_09354,"Toni Lessler, Private Waldschule Grunewald",MATCH,(all),,,1.0,exact
business_09355,Toni Levi & E. Malinowski,MATCH,(all),,,1.0,exact
business_09356,Tonophon GmbH,MATCH,(all),,,1.0,exact
business_09357,Torfwerk Hamers & Cie KG,MATCH,(all),,,1.0,exact
business_09358,Transatlantisches Reise- und Verkehrsbüro Samuel Kleinschmidt,MATCH,(all),,,1.0,exact
business_09359,Transcontinentale Correspondenz Ottmar Schwarz,MATCH,(all),,,1.0,exact
business_09360,Translateur & Co,FIELD_DIFF,original_address,"Kottbusser Ufer 17, Berlin","Kottbusser Ufer 17a, Berlin",0.65,address_differs
business_09361,Tuch & Löwensberg,MATCH,(all),,,1.0,exact
business_09362,Tuchex-Kleiderstoffe-Vertriebs-GmbH,MATCH,(all),,,1.0,exact
business_09363,Tuchhaendler & Co,MATCH,(all),,,1.0,exact
business_09364,Tuchhandlung Hansa Heinrich Silberspitz,FIELD_DIFF,original_address,"Müllerstr. 40, Berlin","Müllerstr. 40 b, Berlin",0.65,address_differs
business_09365,Tuchhaus Josef Fabian,FIELD_DIFF,original_address,"( Trade ) Eingetragen im Handelsregister/ Gründung 1935 Erloschen 1941 Prenzlauer Str. 32a, Berlin","Prenzlauer Str. 32a, Berlin",0.65,address_differs
business_09366,Tuchhaus Norden Max Sieburth,MATCH,(all),,,1.0,exact
business_09367,Tuchler & Comp,MATCH,(all),,,1.0,exact
business_09368,"Tuchler, Lina",MATCH,(all),,,1.0,exact
business_09369,Tuchmann & Co,MATCH,(all),,,1.0,exact
business_09370,Tuchner & Zwaß,MATCH,(all),,,1.0,exact
business_09371,"Tucholski, Paul",MATCH,(all),,,1.0,exact
business_09372,Tufiag Vertriebsgesellschaft mbH,MATCH,(all),,,1.0,exact
business_09373,Turbon Ventilatoren- und Apparatebau GmbH,FIELD_DIFF,original_address,"Allee 1/2, Berlin","Graf-Roedern-Allee 1/2, Berlin",0.65,address_differs
business_09374,Turm-Apotheke Reinhold Peters,MATCH,(all),,,1.0,exact
business_09375,Turnen-Spiel-Sport-GmbH,MATCH,(all),,,1.0,exact
business_09376,Türk & Co Knaben- u. Jünglingsbekleidung,MATCH,(all),,,1.0,exact
business_09377,Türk & Wassermann,MATCH,(all),,,1.0,exact
business_09378,Türkisch-Persischer Teppichimport Max Orlanski,MATCH,(all),,,1.0,exact
business_09379,U. Goldenberg & Sohn,MATCH,(all),,,1.0,exact
business_09380,"USA Bier, Wein, Spirituosen Export GmbH",MATCH,(all),,,1.0,exact
business_09381,Trianon Pariser Neuheiten GmbH,MATCH,(all),,,1.0,exact
business_09382,Trias & Verschleißer,MATCH,(all),,,1.0,exact
business_09383,Trick Hans Wohlmann,MATCH,(all),,,1.0,exact
business_09384,Trick Willy Brandt,MATCH,(all),,,1.0,exact
business_09385,Triumph Tuche GmbH,MATCH,(all),,,1.0,exact
business_09386,Triumph- Schuhreparatur,MATCH,(all),,,1.0,exact
business_09387,Trop & Dr. Kaim,MATCH,(all),,,1.0,exact
business_09388,Tropia Zigarren-Großhandlung Erich Hirschfeld,MATCH,(all),,,1.0,exact
business_09389,Trubenis-Lizenzverwertungs-GmbH,MATCH,(all),,,1.0,exact
business_09390,Tuch & Co,FIELD_DIFF,original_address,"Friedrichstr. 37, Berlin","Neue Friedrichstr. 37, Berlin",0.65,address_differs
business_09391,UVAG Universalverlag W. Vobach & Co - Bernhard Meyer - Curt Hamel,MATCH,(all),,,1.0,exact
business_09392,Udo Simon,FIELD_DIFF,original_address,"Friedrichstr. 53/56, Berlin","Neue Friedrichstr. 53/56, Berlin",0.65,address_differs
business_09393,Uhland-Drogerie Apotheker Rudolf Weidner,MATCH,(all),,,1.0,exact
business_09394,Uhlandapotheke Julius Mehler,MATCH,(all),,,1.0,exact
business_09395,Uhlig & Baumgärtel,MATCH,(all),,,1.0,exact
business_09396,Uhrenfabrikation Montania GmbH,MATCH,(all),,,1.0,exact
business_09397,Ukrainischer Verlag,MATCH,(all),,,1.0,exact
business_09398,Ullendorf & Bieber,MATCH,(all),,,1.0,exact
business_09399,Ullmann GmbH,MATCH,(all),,,1.0,exact
business_09400,Ullstein AG,MATCH,(all),,,1.0,exact
business_09401,Union Club Paul Bernhard,MATCH,(all),,,1.0,exact
business_09402,Union Fabrik pharmaceutischer Bedarfsartikel GmbH,MATCH,(all),,,1.0,exact
business_09403,Union Patent Comp. GmbH,MATCH,(all),,,1.0,exact
business_09404,Union Treibriemen- und Ledermanschetten-Fabrik GmbH,MATCH,(all),,,1.0,exact
business_09405,Union Wein GmbH,MATCH,(all),,,1.0,exact
business_09406,Union-Knopf GmbH,MATCH,(all),,,1.0,exact
business_09407,Unitex technische GmbH,MATCH,(all),,,1.0,exact
business_09408,Universal-Drogerie,MATCH,(all),,,1.0,exact
business_09409,Urias Oberdorfer,MATCH,(all),,,1.0,exact
business_09410,Ury & Sohn,MATCH,(all),,,1.0,exact
business_09411,Ulman & Matzdorf,MATCH,(all),,,1.0,exact
business_09412,Ulrich Weinberg & Co,MATCH,(all),,,1.0,exact
business_09413,"Ulrich Wollstein, Dipl. Kfm, Dipl. Hdl. Lehrer",MATCH,(all),,,1.0,exact
business_09414,Ultrazell GmbH,MATCH,(all),,,1.0,exact
business_09415,Umlauf & Engl,MATCH,(all),,,1.0,exact
business_09416,Ungar & Rothweingroßhandlung Andras & Kohn,MATCH,(all),,,1.0,exact
business_09417,Ungarisches Restaurant bei Mikosch Max Herzfeld,MATCH,(all),,,1.0,exact
business_09418,Union Annaberg Passementerie GmbH,MATCH,(all),,,1.0,exact
business_09419,Union Bergbaugesellschaft mbH,MATCH,(all),,,1.0,exact
business_09420,Union Bodengesellschaft mbH,FIELD_DIFF,original_address,"Levetzowstr. 19, Berlin","Levetzowstr. 19a, Berlin",0.65,address_differs
business_09421,Ury Gebrüder AG,MATCH,(all),,,1.0,exact
business_09422,Uscherenko,MATCH,(all),,,1.0,exact
business_09423,Usticolor Farben und Chemikalien Vertriebsgesellschaft mbH,MATCH,(all),,,1.0,exact
business_09424,Utrechter Apotheke Jakob Fischer,MATCH,(all),,,1.0,exact
business_09425,V. Brieger & Co GmbH Fabrik chemisch-pharmazeutischer Präparate Export - Import Drogen Großhandlung,MATCH,(all),,,1.0,exact
business_09426,V. Waschke & Co,MATCH,(all),,,1.0,exact
business_09427,Valencia Siegmund Arndt,MATCH,(all),,,1.0,exact
business_09428,Valeta (oder Veleta/Velcta/Belcta),MATCH,(all),,,1.0,exact
business_09429,Vally Bacharach,MATCH,(all),,,1.0,exact
business_09430,Vally Hendelsohn,MATCH,(all),,,1.0,exact
business_09431,Vereinigte Herren- und Sportkleiderfabrik GmbH u. Co,MATCH,(all),,,1.0,exact
business_09432,"Vereinigte Knopffabriken J. Abramowsky, Caspar Cohn & Söhne",MATCH,(all),,,1.0,exact
business_09433,Vereinigte Modehäuser Gerson-Prager Hausdorff,MATCH,(all),,,1.0,exact
business_09434,"Vereinigte Portland-Zement- und Kalkwerke Schimischow, Sileisa und Frauendorf AG",MATCH,(all),,,1.0,exact
business_09435,Vereinigte Sack- und Jute-Waren-Fabriken GmbH,MATCH,(all),,,1.0,exact
business_09436,Veritas Gummiwerke AG,MATCH,(all),,,1.0,exact
business_09437,Verkaufsniederlassung Deutscher Webstoffe GmbH,MATCH,(all),,,1.0,exact
business_09438,Verkehrs- und Nachrichten-GmbH,MATCH,(all),,,1.0,exact
business_09439,Verlag Alexander Ehrlich,MATCH,(all),,,1.0,exact
business_09440,Verlag Eschkol AG,MATCH,(all),,,1.0,exact
business_09441,Van den Bergh's Margarine AG,MATCH,(all),,,1.0,exact
business_09442,Varia-Verlagsauslieferung Wilhelm Schlesinger,MATCH,(all),,,1.0,exact
business_09443,"Vedesfa, Verkaufsgemeinschaft deutscher Eisen- und Stahlwarenfabriken GmbH",MATCH,(all),,,1.0,exact
business_09444,"Veit, Selberg & Cie",MATCH,(all),,,1.0,exact
business_09445,Vera Verlagsanstalt GmbH,FIELD_DIFF,original_address,"Birkenallee. 3, Berlin","Birkenallee. 3 (lt. 30), Berlin",0.65,address_differs
business_09446,Vereinigte Deckenfabriken Adolph Ostberg & Siegfried Blochert,MATCH,(all),,,1.0,exact
business_09447,Vereinigte Filmtheater-GmbH,MATCH,(all),,,1.0,exact
business_09448,"Vereinigte Geflügelimporteure Menck, Krüger, Berkmann GmbH",MATCH,(all),,,1.0,exact
business_09449,"Vereinigte Glasindustrie, vormals Thümler & Swarrte, GmbH",MATCH,(all),,,1.0,exact
business_09450,Vereinigte Herren- und Sportkleiderfabrik GmbH,MATCH,(all),,,1.0,exact
business_09451,Vertrieb von Erzeugnissen sächsischer Gardinen-Fabriken Johann Pellot & Co GmbH,FIELD_DIFF,original_address,"Königstr. 61/63, Berlin","Neue Königstr. 61/63, Berlin",0.65,address_differs
business_09452,Vertriebsgesellschaft für Immobilien mbH,MATCH,(all),,,1.0,exact
business_09453,Verwa Gesellschaft zur Verwaltung von Beteiligungen mbH,MATCH,(all),,,1.0,exact
business_09454,Verwertungsgesellschaft Bornholmer Str. 89 mbH,MATCH,(all),,,1.0,exact
business_09455,"Vesta, Apparate- und Metallwarenfabrik GmbH",MATCH,(all),,,1.0,exact
business_09456,"Veterinaria, Gesellschaft für Tierarztbedarf GmbH",MATCH,(all),,,1.0,exact
business_09457,Victor & Co,MATCH,(all),,,1.0,exact
business_09458,Victor Bergmann Flora-Apotheke-Lankwitz,MATCH,(all),,,1.0,exact
business_09459,Victor Blumenfeld General-Einkaufs-Vertretung der Atlas Film A.B. Stockholm-Oslo-Kopenhagen ZN Berlin,MATCH,(all),,,1.0,exact
business_09460,Victor Cahn,MATCH,(all),,,1.0,exact
business_09461,Verlag für jüdische Kunst und Literatur Rimon GmbH,MATCH,(all),,,1.0,exact
business_09462,Verlagsanstalt Leo Hohenstein,MATCH,(all),,,1.0,exact
business_09463,Verlagsanstalt Neue Zeit GmbH,MATCH,(all),,,1.0,exact
business_09464,Verlagsgesellschaft Huck GmbH,MATCH,(all),,,1.0,exact
business_09465,Vermietungsgesellschaft in Forst (Lausitz) mbH,MATCH,(all),,,1.0,exact
business_09466,Versandhaus Fritz Nürnberg,MATCH,(all),,,1.0,exact
business_09467,Versandhaus Stadtpark,MATCH,(all),,,1.0,exact
business_09468,"Versicherungsbüro Europa GmbH, H. Manasse",MATCH,(all),,,1.0,exact
business_09469,Versicherungsbüro Hans Beermann,MATCH,(all),,,1.0,exact
business_09470,Versicherungsbüro Hugo Neuburger,FIELD_DIFF,original_address,"Hallesches Ufer 21, Berlin","Hallesches Ufer 21 (46), Berlin",0.65,address_differs
business_09471,Verlag Harry Friedländer,MATCH,(all),,,1.0,exact
business_09472,Verlag Hausfreund Dr. Moritz Stern,MATCH,(all),,,1.0,exact
business_09473,Verlag Ose-Rundschau Dr. Zipkin und Fritz Friedeberger,MATCH,(all),,,1.0,exact
business_09474,Verlag Ost und West Leo Winz,MATCH,(all),,,1.0,exact
business_09475,Verlag der Deutschen Destillateur-Zeitung Caesar Lax,MATCH,(all),,,1.0,exact
business_09476,Verlag der Gesellschaft deutscher Literaturfreunde Robert Alter,MATCH,(all),,,1.0,exact
business_09477,Verlag der Weltbühne Siegfried Jacobsohn & Co,MATCH,(all),,,1.0,exact
business_09478,Verlag für Fachliteratur GmbH,MATCH,(all),,,1.0,exact
business_09479,Verlag für Sprach- und Handelswissenschaft Sally Simon,MATCH,(all),,,1.0,exact
business_09480,Verlag für Staatswissenschaften und Geschichte GmbH,MATCH,(all),,,1.0,exact
business_09481,Voigt & Co Blusen & Kleider,FIELD_DIFF,original_address,"e Frankfurter Str. 36, Berlin","Große Frankfurter Str. 36, Berlin",0.65,address_differs
business_09482,Volksbank Iwria eGMBH,MATCH,(all),,,1.0,exact
business_09483,Volksbühnen-Verlags und Vertriebsgesellschaft mbH,MATCH,(all),,,1.0,exact
business_09484,Volkstechnik GmbH,MATCH,(all),,,1.0,exact
business_09485,Vollbrot Verwertungs-GmbH,MATCH,(all),,,1.0,exact
business_09486,"Voss, Hertha",MATCH,(all),,,1.0,exact
business_09487,W. &  M. Bernhard,MATCH,(all),,,1.0,exact
business_09488,W. & A. Glaser Zweigniederlassung Berlin,MATCH,(all),,,1.0,exact
business_09489,W. & L. Engelberg,FIELD_DIFF,original_address,"Alexanderstr. 35, Berlin","Alexanderstr. 35, Berlin Münzstr. 8,",0.65,address_differs
business_09490,W. & S. Loewenthal,MATCH,(all),,,1.0,exact
business_09491,Victor Cohn,MATCH,(all),,,1.0,exact
business_09492,Victor Fischmann,FIELD_DIFF,cleaned_address,,"Keine Angabe , Berlin",0.65,address_differs
business_09493,Victor Joseph & Co,FIELD_DIFF,original_address,"Jerusalemer Str. 17, Berlin","Jerusalemer Str. 17 III, Berlin",0.65,address_differs
business_09494,Victor Pollak,FIELD_DIFF,original_address,"( Trade ) Eingetragen im Handelsregister/ Gründung 1926 Erloschen 1937 Kottbusser Damm , Berlin","Kottbusser Damm , Berlin",0.65,address_differs
business_09495,Victor Rubin KG,MATCH,(all),,,1.0,exact
business_09496,Victor S. Wittenberg,FIELD_DIFF,original_address,"( Trade ) Eingetragen im Handelsregister/ Gründung 1910 Erloschen 1938 Am Kupfergraben 4a, Berlin","Am Kupfergraben 4a, Berlin",0.65,address_differs
business_09497,Victor Sand,MATCH,(all),,,1.0,exact
business_09498,Victor Sternberg,MATCH,(all),,,1.0,exact
business_09499,Victor Szanto Kunstwerkstätte für Möbel und Innenausbau,MATCH,(all),,,1.0,exact
business_09500,Victor Teichmann,MATCH,(all),,,1.0,exact
business_09501,"Victoria Apotheke Fabrik chemisch-pharmazeutischer Praeparate, Drogen, Chemikalien engros Dr. Erwin Schwarz",MATCH,(all),,,1.0,exact
business_09502,"Victoria Luise - Drogerie und Parfümerie, Chem. Laboratorium Dr. Heinrich Jacoby, Apotheker",MATCH,(all),,,1.0,exact
business_09503,Viktor Bernhardt,MATCH,(all),,,1.0,exact
business_09504,Villen-Parzellen-AG,MATCH,(all),,,1.0,exact
business_09505,Villenterraingesellschaft Wannsee mbH,MATCH,(all),,,1.0,exact
business_09506,Vineta Keks-und Kuchenbäckerei,MATCH,(all),,,1.0,exact
business_09507,Vineta-Apotheke Witwe Ida Schoenknecht,MATCH,(all),,,1.0,exact
business_09508,Virginie Rosenberg,MATCH,(all),,,1.0,exact
business_09509,Vita Reklame-GmbH,MATCH,(all),,,1.0,exact
business_09510,Vitali Taragona,MATCH,(all),,,1.0,exact
business_09511,W. Magener GmbH,MATCH,(all),,,1.0,exact
business_09512,W. Mewes Inh. I. Ball,MATCH,(all),,,1.0,exact
business_09513,W. Müller Stärkefabrik GmbH,MATCH,(all),,,1.0,exact
business_09514,W. Peck,MATCH,(all),,,1.0,exact
business_09515,W. Pinkus & Co GmbH,MATCH,(all),,,1.0,exact
business_09516,W. R. Kragen-Fabrik GmbH,MATCH,(all),,,1.0,exact
business_09517,W. Radleke,MATCH,(all),,,1.0,exact
business_09518,W. Romann,MATCH,(all),,,1.0,exact
business_09519,W. Siebe Nachf.,FIELD_DIFF,original_address,"Jakobstr. 106, Berlin","Alte Jakobstr. 106, Berlin",0.65,address_differs
business_09520,W. Simon,MATCH,(all),,,1.0,exact
business_09521,W. Abramczyk,MATCH,(all),,,1.0,exact
business_09522,W. Bandmann,MATCH,(all),,,1.0,exact
business_09523,W. Berger,MATCH,(all),,,1.0,exact
business_09524,W. Bernhard Nachf.,MATCH,(all),,,1.0,exact
business_09525,"W. Bernhard, Weingroßhandlung",MATCH,(all),,,1.0,exact
business_09526,W. Collin,MATCH,(all),,,1.0,exact
business_09527,W. Eisenhardt,MATCH,(all),,,1.0,exact
business_09528,W. Elges,MATCH,(all),,,1.0,exact
business_09529,W. Frankl,MATCH,(all),,,1.0,exact
business_09530,W. Gotthilf & Co,MATCH,(all),,,1.0,exact
business_09531,W. Gumpert & Sohn,MATCH,(all),,,1.0,exact
business_09532,W. Hamann & Co,MATCH,(all),,,1.0,exact
business_09533,W. Heimann KG für internationale Speditionen,MATCH,(all),,,1.0,exact
business_09534,W. Jacoby & Co,MATCH,(all),,,1.0,exact
business_09535,W. Just,MATCH,(all),,,1.0,exact
business_09536,W. Karger,MATCH,(all),,,1.0,exact
business_09537,W. Karpmann,MATCH,(all),,,1.0,exact
business_09538,W. Kochmann & Co,MATCH,(all),,,1.0,exact
business_09539,W. Krause & Co,MATCH,(all),,,1.0,exact
business_09540,W. Liebenhagen,MATCH,(all),,,1.0,exact
business_09541,Waldemar Caspari,MATCH,(all),,,1.0,exact
business_09542,Waldemar Joseph,MATCH,(all),,,1.0,exact
business_09543,Waldemar Strauß,MATCH,(all),,,1.0,exact
business_09544,Waldemar Wagner,MATCH,(all),,,1.0,exact
business_09545,Waldmann & Friedmann,MATCH,(all),,,1.0,exact
business_09546,Waldmanns Hutbügelfabrik Berta Waldmann,MATCH,(all),,,1.0,exact
business_09547,Wallach & Gordon,MATCH,(all),,,1.0,exact
business_09548,"Wallmann & Wassermann, Modelle",MATCH,(all),,,1.0,exact
business_09549,Walter Albrecht & Co GmbH,MATCH,(all),,,1.0,exact
business_09550,Walter Aronsohn,MATCH,(all),,,1.0,exact
business_09551,W. Spieldoch,MATCH,(all),,,1.0,exact
business_09552,Wa-Ly Filmverleih GmbH,FIELD_DIFF,original_address,"( Trade ) Eingetragen im Handelsregister/ Gründung 1929 Erloschen 1936 Keine Angabe , Berlin","Keine Angabe , Berlin",0.65,address_differs
business_09553,Wachtel & Trautmann,MATCH,(all),,,1.0,exact
business_09554,Waco Schuhfabrik Walzer & Co,MATCH,(all),,,1.0,exact
business_09555,Waeteb Wäsche Fabrikation und Vertrieb an Reichs- Staats- und Kommunal-Beamte GmbH,MATCH,(all),,,1.0,exact
business_09556,Wagner & Jacoby,MATCH,(all),,,1.0,exact
business_09557,"Wagner, Martin",MATCH,(all),,,1.0,exact
business_09558,Wahl & Petzal,MATCH,(all),,,1.0,exact
business_09559,"Wahrenburg, Erna",MATCH,(all),,,1.0,exact
business_09560,Wajsmann-Kaufmann,MATCH,(all),,,1.0,exact
business_09561,Walter Baum,MATCH,(all),,,1.0,exact
business_09562,Walter Bernstein & Co,MATCH,(all),,,1.0,exact
business_09563,Walter Blumenthal,MATCH,(all),,,1.0,exact
business_09564,Walter Braun Agenturen,MATCH,(all),,,1.0,exact
business_09565,Walter Burger & Co,MATCH,(all),,,1.0,exact
business_09566,Walter Callmann,MATCH,(all),,,1.0,exact
business_09567,Walter Cohn,MATCH,(all),,,1.0,exact
business_09568,Walter Corti,FIELD_DIFF,original_address,"4, Berlin","Lennéstr. 4, Berlin",0.65,address_differs
business_09569,Walter Eisenstädt,MATCH,(all),,,1.0,exact
business_09570,"Walter Fabisch, Regen- und Sportmäntel",MATCH,(all),,,1.0,exact
business_09571,Walter Feldmann,MATCH,(all),,,1.0,exact
business_09572,Walter Friedlaender,MATCH,(all),,,1.0,exact
business_09573,"Walter Friedländer Getreide, Lebensmittel",MATCH,(all),,,1.0,exact
business_09574,Walter Fürst (nannte sich ab 1934 Spaarschuh),MATCH,(all),,,1.0,exact
business_09575,Walter Gomma,MATCH,(all),,,1.0,exact
business_09576,Walter Grunewald Textilvertretung,MATCH,(all),,,1.0,exact
business_09577,Walter Gutmann,MATCH,(all),,,1.0,exact
business_09578,Walter Guttmann,MATCH,(all),,,1.0,exact
business_09579,Walter Heilbrun Elektrische Großbesohlanstalt,MATCH,(all),,,1.0,exact
business_09580,Walter Ittmann Buchhandlung,MATCH,(all),,,1.0,exact
business_09581,Walter Jacobsohn,MATCH,(all),,,1.0,exact
business_09582,Walter Jaruslawsky,MATCH,(all),,,1.0,exact
business_09583,Walter Jungmann Knöpfe-Schnallen engros,MATCH,(all),,,1.0,exact
business_09584,"Walter Kalisch, Vertretungen auswärtiger Häuser",MATCH,(all),,,1.0,exact
business_09585,Walter Kantorowicz,MATCH,(all),,,1.0,exact
business_09586,Walter Kohn,MATCH,(all),,,1.0,exact
business_09587,Walter Kronenberg,FIELD_DIFF,original_address,"Friedrichstr. 59, Berlin","Neue Friedrichstr. 59, Berlin",0.65,address_differs
business_09588,Walter Lobatz,MATCH,(all),,,1.0,exact
business_09589,Walter Loebinger,MATCH,(all),,,1.0,exact
business_09590,Walter Marx & Co,MATCH,(all),,,1.0,exact
business_09591,Walter Michel,MATCH,(all),,,1.0,exact
business_09592,Walter Neuberg,MATCH,(all),,,1.0,exact
business_09593,Walter Quittner Filiale Berlin,MATCH,(all),,,1.0,exact
business_09594,Walter Reimann,MATCH,(all),,,1.0,exact
business_09595,Walter Reinhardt,MATCH,(all),,,1.0,exact
business_09596,Walter Rosenberg,MATCH,(all),,,1.0,exact
business_09597,Walter Rosenthal,MATCH,(all),,,1.0,exact
business_09598,Walter Rotter Darmgroßhandlung,FIELD_DIFF,original_address,"( Trade ) Eingetragen im Handelsregister/ Gründung 1927 Schönhauser Allee 163a, Berlin","Schönhauser Allee 163a, Berlin",0.65,address_differs
business_09599,Walter Ruttin,MATCH,(all),,,1.0,exact
business_09600,Walter Schmoller,MATCH,(all),,,1.0,exact
business_09601,Walter Schneeberg,MATCH,(all),,,1.0,exact
business_09602,Walter Schuftan,MATCH,(all),,,1.0,exact
business_09603,Walter Simon & Co,MATCH,(all),,,1.0,exact
business_09604,Walter Simon & Co GmbH,MATCH,(all),,,1.0,exact
business_09605,Walter Speier,MATCH,(all),,,1.0,exact
business_09606,Walter Stein,MATCH,(all),,,1.0,exact
business_09607,Walter Steinfeld,MATCH,(all),,,1.0,exact
business_09608,Walter Tausk,MATCH,(all),,,1.0,exact
business_09609,Walter Wachsner GmbH,MATCH,(all),,,1.0,exact
business_09610,Walter Wasserzug & Co GmbH,MATCH,(all),,,1.0,exact
business_09611,"Walter Zarek, Holzcommission",MATCH,(all),,,1.0,exact
business_09612,Walther,MATCH,(all),,,1.0,exact
business_09613,Walther Albrecht & Co,MATCH,(all),,,1.0,exact
business_09614,Walther Donig,MATCH,(all),,,1.0,exact
business_09615,Walther Ed. Müller,MATCH,(all),,,1.0,exact
business_09616,Walther Freund,MATCH,(all),,,1.0,exact
business_09617,Walther Kettner GmbH,MATCH,(all),,,1.0,exact
business_09618,Walther Machschefes,MATCH,(all),,,1.0,exact
business_09619,Walther Samson,MATCH,(all),,,1.0,exact
business_09620,Walther Wachsmann,MATCH,(all),,,1.0,exact
business_09621,Wartenberg & Co,MATCH,(all),,,1.0,exact
business_09622,Waschmittel-Vertrieb Bernhard Lewin,MATCH,(all),,,1.0,exact
business_09623,"Webag, Webwaren AG",MATCH,(all),,,1.0,exact
business_09624,Webwaren-Vertrieb Liebmann Weinstein,MATCH,(all),,,1.0,exact
business_09625,Wechsler & Hennig GmbH,MATCH,(all),,,1.0,exact
business_09626,Weck & Simberg,MATCH,(all),,,1.0,exact
business_09627,Wedel & Co,FIELD_DIFF,original_address,"Grünstr. 20, Berlin","Neue Grünstr. 20, Berlin",0.65,address_differs
business_09628,Wehrs & Co GmbH,MATCH,(all),,,1.0,exact
business_09629,Weichselaue Grundstücks-GmbH,MATCH,(all),,,1.0,exact
business_09630,Weigert & Tobias,MATCH,(all),,,1.0,exact
business_09631,Wanda Lewin,MATCH,(all),,,1.0,exact
business_09632,Wandel Lippowitz,MATCH,(all),,,1.0,exact
business_09633,Waren & Möbel Credit Gebrüder Schein,MATCH,(all),,,1.0,exact
business_09634,Waren Kredit und Versandgeschäft Königstadt Thau & Co,MATCH,(all),,,1.0,exact
business_09635,Warenhaus Julius Loewenberg Nachf.,MATCH,(all),,,1.0,exact
business_09636,Warenhaus Robert Glasfeld,MATCH,(all),,,1.0,exact
business_09637,Warenhaus Wertheim GmbH,FIELD_DIFF,original_address,"und 132/137, Berlin","Leipziger Str. 126/130 und 132/137, Berlin",0.65,address_differs
business_09638,Warnecke & Böhm AG,MATCH,(all),,,1.0,exact
business_09639,Warner Corsets GmbH,MATCH,(all),,,1.0,exact
business_09640,"Wartburg-Drogerie, Dr. Würst",MATCH,(all),,,1.0,exact
business_09641,Weihl & Feld,MATCH,(all),,,1.0,exact
business_09642,"Weiler, Nathansohn & Co",MATCH,(all),,,1.0,exact
business_09643,Weinberg & Gutmann,MATCH,(all),,,1.0,exact
business_09644,Weinberg & Kamerase GmbH,MATCH,(all),,,1.0,exact
business_09645,Weinberg Channa,MATCH,(all),,,1.0,exact
business_09646,Weinbrennereien Albert Buchholz GmbH,MATCH,(all),,,1.0,exact
business_09647,Weingart - Kaufmann - Landsberg Getreide-AG,MATCH,(all),,,1.0,exact
business_09648,Weingroßhandlung Alfred Strauß,MATCH,(all),,,1.0,exact
business_09649,Weingroßhandlung Bernhard Brauer,MATCH,(all),,,1.0,exact
business_09650,Weingroßhandlung Max Bernhard,MATCH,(all),,,1.0,exact
business_09651,Weinhandlung Martha Mamlok,MATCH,(all),,,1.0,exact
business_09652,"Weinreb, Ella, geb. Rottenberg",MATCH,(all),,,1.0,exact
business_09653,Weinstein & Co,MATCH,(all),,,1.0,exact
business_09654,Weinstein & Landauer AG,MATCH,(all),,,1.0,exact
business_09655,"Weiss, Eva",MATCH,(all),,,1.0,exact
business_09656,"Weissfeiler, Helene",MATCH,(all),,,1.0,exact
business_09657,Weisz & Weisz GmbH,MATCH,(all),,,1.0,exact
business_09658,Weitz & Bohne,MATCH,(all),,,1.0,exact
business_09659,Weitz & Co,MATCH,(all),,,1.0,exact
business_09660,Weiß & Alexander AG,MATCH,(all),,,1.0,exact
business_09661,Wenck & Neukircher,FIELD_DIFF,original_address,"Friedrichstr. 9/10, Berlin","Neue Friedrichstr. 9/10, Berlin",0.65,address_differs
business_09662,Wendt & Redlich,MATCH,(all),,,1.0,exact
business_09663,Werbe-Kunst Epoche Reklamegesellschaft mbH,MATCH,(all),,,1.0,exact
business_09664,Werbefilm-GmbH,MATCH,(all),,,1.0,exact
business_09665,Werbekraft GmbH,MATCH,(all),,,1.0,exact
business_09666,Werk-Verlag GmbH,MATCH,(all),,,1.0,exact
business_09667,Werksbedarf Kurt Methner,MATCH,(all),,,1.0,exact
business_09668,Werkstätten für Grabmalkunst Salomon Weiß,MATCH,(all),,,1.0,exact
business_09669,"Werkstätten für Ofen- und Kaminbau, Karl Lindner",MATCH,(all),,,1.0,exact
business_09670,Werner Adolph (Adolph Werner),MATCH,(all),,,1.0,exact
business_09671,Weiß & Co,MATCH,(all),,,1.0,exact
business_09672,Weiß & Götz,MATCH,(all),,,1.0,exact
business_09673,Weiß-Blusen GmbH,MATCH,(all),,,1.0,exact
business_09674,Weißbach & Fröhlich Tabakwaren-Großhandlung,MATCH,(all),,,1.0,exact
business_09675,"Weiße Kater, umbenannt in Prinzeß-Diele",MATCH,(all),,,1.0,exact
business_09676,Weißenburger Apotheke Walter von Drygalski,FIELD_DIFF,original_address,"enburger Str. 53, Berlin","Weißenburger Str. 53, Berlin",0.65,address_differs
business_09677,"Wellpappenwerke Hamburger und Fuchs GmbH, Zweigniederlassung Berlin",MATCH,(all),,,1.0,exact
business_09678,Weltrundschau Presse-Photo-Verlag Rudolf Birnbach,MATCH,(all),,,1.0,exact
business_09679,Wemona Wirkstoffabrik GmbH,MATCH,(all),,,1.0,exact
business_09680,Wena Stanzbetrieb und Lederwarenherstellung Georg Simon,MATCH,(all),,,1.0,exact
business_09681,Werner Danziger Möbelfabrik GmbH,MATCH,(all),,,1.0,exact
business_09682,Werner Eisig,MATCH,(all),,,1.0,exact
business_09683,Werner Haase,MATCH,(all),,,1.0,exact
business_09684,Werner Jaffé,MATCH,(all),,,1.0,exact
business_09685,Werner Lachs,MATCH,(all),,,1.0,exact
business_09686,Werner Pinner,MATCH,(all),,,1.0,exact
business_09687,Werth & Elwert,MATCH,(all),,,1.0,exact
business_09688,Wertheim AG für Handelsbeteiligungen,MATCH,(all),,,1.0,exact
business_09689,Wertheim Bank AG,MATCH,(all),,,1.0,exact
business_09690,Wertheim Einheitspreis-GmbH,MATCH,(all),,,1.0,exact
business_09691,Wertheim Export-Gesellschaft mbH,MATCH,(all),,,1.0,exact
business_09692,Wertheim GmbH,FIELD_DIFF,original_address,"und 132/137, Berlin","Leipziger Str. 126/130 und 132/137, Berlin",0.65,address_differs
business_09693,Wertheim Grundstücks-Gesellschaft mbH,MATCH,(all),,,1.0,exact
business_09694,Wertheim Immobiliengesellschaft mbH,FIELD_DIFF,original_address,"Stülerstraße 5, Berlin","Voßstr. 23/25, Berlin",0.65,address_differs
business_09695,Wertheim Sociedad Importadora y Exportadora GmbH,MATCH,(all),,,1.0,exact
business_09696,Wertheim Versicherungs-Vermittlung GmbH,MATCH,(all),,,1.0,exact
business_09697,Wertheim-Automobil-Gesellschaft mbH,MATCH,(all),,,1.0,exact
business_09698,"Weserstr. 44 Grundstücksges. mbH, Gesch.-f. Frau Margarete Mandelitz",MATCH,(all),,,1.0,exact
business_09699,Westend-Apotheke Adolf Cohn,MATCH,(all),,,1.0,exact
business_09700,Westfalia Kurzwaren-Großhandels-GmbH,MATCH,(all),,,1.0,exact
business_09701,Westfälischer Metallhandel GmbH,MATCH,(all),,,1.0,exact
business_09702,Wettiner Apotheke Otto Paul Dietrich,MATCH,(all),,,1.0,exact
business_09703,Wewo Werker & Wolffberg,MATCH,(all),,,1.0,exact
business_09704,Wichert-Jakoby-Weißmann-Schuhfabrik AG (Wiwag),MATCH,(all),,,1.0,exact
business_09705,"Wieland-Apotheke, Frau Anna Krause in Schöneberg",MATCH,(all),,,1.0,exact
business_09706,Wiener & Babst,MATCH,(all),,,1.0,exact
business_09707,Wiener & Co,MATCH,(all),,,1.0,exact
business_09708,Wiener & Friedländer,MATCH,(all),,,1.0,exact
business_09709,Wiener Frisierkunst Ernst Levy,MATCH,(all),,,1.0,exact
business_09710,Wiesbadener Immobilien-Erwerbs- und Verwertungs-GmbH,FIELD_DIFF,cleaned_address,,"Keine Angabe , Berlin",0.65,address_differs
business_09711,Wieselberg & Co,MATCH,(all),,,1.0,exact
business_09712,Wiesenthal & Weiß,MATCH,(all),,,1.0,exact
business_09713,Wilbert Taubmann,MATCH,(all),,,1.0,exact
business_09714,Wilh. Ermeler & Co GmbH,MATCH,(all),,,1.0,exact
business_09715,Wilh. Feilchenfeld,MATCH,(all),,,1.0,exact
business_09716,Wilh. Haber,MATCH,(all),,,1.0,exact
business_09717,Wilhelm Angreß & Co,MATCH,(all),,,1.0,exact
business_09718,Wilhelm Apfelbaum,MATCH,(all),,,1.0,exact
business_09719,Wilhelm Baum,MATCH,(all),,,1.0,exact
business_09720,Wilhelm Blumenthal,MATCH,(all),,,1.0,exact
business_09721,Wilhelm Hermann Lesser,MATCH,(all),,,1.0,exact
business_09722,Wilhelm Holdheim,MATCH,(all),,,1.0,exact
business_09723,Wilhelm Joseph,MATCH,(all),,,1.0,exact
business_09724,Wilhelm Kaim Nachfolger Georg Lewin,MATCH,(all),,,1.0,exact
business_09725,Wilhelm Kesseler,MATCH,(all),,,1.0,exact
business_09726,Wilhelm Kipf,MATCH,(all),,,1.0,exact
business_09727,Wilhelm Koretz,MATCH,(all),,,1.0,exact
business_09728,Wilhelm Kuczynski,MATCH,(all),,,1.0,exact
business_09729,Wilhelm Kuhn,MATCH,(all),,,1.0,exact
business_09730,Wilhelm Köster Präzisionswerkzeuge und Stanzerei,MATCH,(all),,,1.0,exact
business_09731,Wilhelm Fix Nachfolger,MATCH,(all),,,1.0,exact
business_09732,Wilhelm Flauter,MATCH,(all),,,1.0,exact
business_09733,Wilhelm Freystadt,MATCH,(all),,,1.0,exact
business_09734,Wilhelm Friedlaender,MATCH,(all),,,1.0,exact
business_09735,Wilhelm Geiseler,MATCH,(all),,,1.0,exact
business_09736,Wilhelm Gerndt,MATCH,(all),,,1.0,exact
business_09737,"Wilhelm Graetz, Bankgeschäft",MATCH,(all),,,1.0,exact
business_09738,Wilhelm Graf Filmverleih GmbH,FIELD_DIFF,original_address,"( Trade ) Eingetragen im Handelsregister/ Gründung 1932 Erloschen 1937 Keine Angabe , Berlin","Keine Angabe , Berlin",0.65,address_differs
business_09739,Wilhelm Grassow,MATCH,(all),,,1.0,exact
business_09740,Wilhelm Guttsmann GmbH,MATCH,(all),,,1.0,exact
business_09741,Wilhelm Bromberger,MATCH,(all),,,1.0,exact
business_09742,Wilhelm Bursch,MATCH,(all),,,1.0,exact
business_09743,Wilhelm Bursch Metallwaren GmbH,MATCH,(all),,,1.0,exact
business_09744,Wilhelm Busse und J. Perl & Co Machinen und Apparate für die Getränke- und chemische Industrie,FIELD_DIFF,original_address,"( Trade ) Eingetragen im Handelsregister/ Gründung 1920 Erloschen 1940 Köpenicker Str. 32a, Berlin","Köpenicker Str. 32a, Berlin",0.65,address_differs
business_09745,Wilhelm Caspary,MATCH,(all),,,1.0,exact
business_09746,Wilhelm Cohn,MATCH,(all),,,1.0,exact
business_09747,Wilhelm Cohnheim,MATCH,(all),,,1.0,exact
business_09748,Wilhelm Cono,MATCH,(all),,,1.0,exact
business_09749,Wilhelm Croner,MATCH,(all),,,1.0,exact
business_09750,Wilhelm Falk,MATCH,(all),,,1.0,exact
business_09751,Wilhelm Landauer,FIELD_DIFF,original_address,"Jakobstr. 20/22, Berlin","Alte Jakobstr. 20/22, Berlin",0.65,address_differs
business_09752,Wilhelm Laske,MATCH,(all),,,1.0,exact
business_09753,Wilhelm Manasse,FIELD_DIFF,original_address,"Paul-Singer-Str. 19, Berlin","Paul-Singer-Str. (Grüner Weg - Brauner Weg) 19, Berlin",0.65,address_differs
business_09754,Wilhelm Mandelbaum,MATCH,(all),,,1.0,exact
business_09755,Wilhelm Michaelis jr.,MATCH,(all),,,1.0,exact
business_09756,Wilhelm Misch,FIELD_DIFF,original_address,"e Frankfurter Str. 45/46, Berlin","Große Frankfurter Str. 45/46, Berlin",0.65,address_differs
business_09757,Wilhelm Oppenheimer,MATCH,(all),,,1.0,exact
business_09758,Wilhelm Pollack,MATCH,(all),,,1.0,exact
business_09759,Wilhelm Powidzer,MATCH,(all),,,1.0,exact
business_09760,Wilhelm Prokesch,MATCH,(all),,,1.0,exact
business_09761,Wilhelm Tscharntke,MATCH,(all),,,1.0,exact
business_09762,Wilhelm Wind,MATCH,(all),,,1.0,exact
business_09763,Wilhelm Wolff,MATCH,(all),,,1.0,exact
business_09764,Wilhelm Wollmers Schriftgießerei,MATCH,(all),,,1.0,exact
business_09765,Wilhelm Zorn,MATCH,(all),,,1.0,exact
business_09766,Wilka Drogen und Chemikalien GmbH,MATCH,(all),,,1.0,exact
business_09767,Wilkes & Cie. Aachener Tuchindustrie,MATCH,(all),,,1.0,exact
business_09768,Wilkow & Co KG,MATCH,(all),,,1.0,exact
business_09769,Willdorff's Hutvertrieb Benno Willdorff,MATCH,(all),,,1.0,exact
business_09770,Willi Adler,MATCH,(all),,,1.0,exact
business_09771,Wilhelm Rappaport,MATCH,(all),,,1.0,exact
business_09772,Wilhelm S. Schröder Nachf.,MATCH,(all),,,1.0,exact
business_09773,Wilhelm Sabor,FIELD_DIFF,original_address,"( Trade ) Eingetragen im Handelsregister/ Gründung 1911 Erloschen 1939 Potsdamer Str. 39a, Berlin","Potsdamer Str. 39a, Berlin",0.65,address_differs
business_09774,Wilhelm Salzwedel Nchf.,MATCH,(all),,,1.0,exact
business_09775,Wilhelm Schnurmacher & Sohn,MATCH,(all),,,1.0,exact
business_09776,Wilhelm Scholem,FIELD_DIFF,original_address,"Kaiserstr. 32, Berlin","Kaiserstr. 32a, Berlin",0.65,address_differs
business_09777,Wilhelm Schulze Nachf. Berliner Glimmerwarenfabrik,FIELD_DIFF,original_address,"( Industry ) Eingetragen im Handelsregister/ Gründung 1935 Erloschen 1940 Keine Angabe , Berlin","Keine Angabe , Berlin",0.65,address_differs
business_09778,Wilhelm Schwarz Modelle,MATCH,(all),,,1.0,exact
business_09779,Wilhelm Steinitz & Co,MATCH,(all),,,1.0,exact
business_09780,Wilhelm Steinlein,MATCH,(all),,,1.0,exact
business_09781,Willi Loewinsohn,MATCH,(all),,,1.0,exact
business_09782,Willi Mayer,MATCH,(all),,,1.0,exact
business_09783,Willi Naftaniel,MATCH,(all),,,1.0,exact
business_09784,Willi Orth,MATCH,(all),,,1.0,exact
business_09785,Willi Samter,MATCH,(all),,,1.0,exact
business_09786,Willi Schapira,MATCH,(all),,,1.0,exact
business_09787,Willi Silber,MATCH,(all),,,1.0,exact
business_09788,Willi Sinasohn & Co,MATCH,(all),,,1.0,exact
business_09789,Willi Sondheim,MATCH,(all),,,1.0,exact
business_09790,Willi W. Neumann,MATCH,(all),,,1.0,exact
business_09791,Willi Barschall,MATCH,(all),,,1.0,exact
business_09792,Willi Beck (Willy Beck),MATCH,(all),,,1.0,exact
business_09793,Willi Beissinger,MATCH,(all),,,1.0,exact
business_09794,Willi Friedland,MATCH,(all),,,1.0,exact
business_09795,Willi Gerichter Damen-Moden-GmbH,MATCH,(all),,,1.0,exact
business_09796,Willi Goldschmidt Metalle,MATCH,(all),,,1.0,exact
business_09797,Willi Hendelsohn,MATCH,(all),,,1.0,exact
business_09798,Willi Katzky,MATCH,(all),,,1.0,exact
business_09799,Willi Klopoter,MATCH,(all),,,1.0,exact
business_09800,Willi Loewenstein & Menzel Elektromotoren,MATCH,(all),,,1.0,exact
business_09801,William Fabian,MATCH,(all),,,1.0,exact
business_09802,William Flatow,MATCH,(all),,,1.0,exact
business_09803,William Geiger & Co,MATCH,(all),,,1.0,exact
business_09804,William Leiser,MATCH,(all),,,1.0,exact
business_09805,William Loewenstein,MATCH,(all),,,1.0,exact
business_09806,William Loewenthal,MATCH,(all),,,1.0,exact
business_09807,William Mendelssohn,MATCH,(all),,,1.0,exact
business_09808,William Müller,MATCH,(all),,,1.0,exact
business_09809,William Palnitzky,MATCH,(all),,,1.0,exact
business_09810,William Rosenheim & Co,MATCH,(all),,,1.0,exact
business_09811,Willy Gräfe,MATCH,(all),,,1.0,exact
business_09812,Willy Guggenheim,MATCH,(all),,,1.0,exact
business_09813,Willy Gumpel,MATCH,(all),,,1.0,exact
business_09814,Willy Hammerschlag,MATCH,(all),,,1.0,exact
business_09815,Willy Herz-Herzlicht,MATCH,(all),,,1.0,exact
business_09816,Willy Hirsch,MATCH,(all),,,1.0,exact
business_09817,Willy Holzer,MATCH,(all),,,1.0,exact
business_09818,Willy Jannausch,MATCH,(all),,,1.0,exact
business_09819,Willy Knobloch,MATCH,(all),,,1.0,exact
business_09820,Willy Knopfmacher,MATCH,(all),,,1.0,exact
business_09821,William Schwarz,MATCH,(all),,,1.0,exact
business_09822,William Silberstein,MATCH,(all),,,1.0,exact
business_09823,William Stern,MATCH,(all),,,1.0,exact
business_09824,Williams & Co Verlag GmbH,MATCH,(all),,,1.0,exact
business_09825,Willibald Jordan,MATCH,(all),,,1.0,exact
business_09826,Willy Baron,FIELD_DIFF,original_address,"Friedrichstr. 45, Berlin","Neue Friedrichstr. 45, Berlin",0.65,address_differs
business_09827,Willy Basch,MATCH,(all),,,1.0,exact
business_09828,Willy Becker Teppichreinigung,MATCH,(all),,,1.0,exact
business_09829,Willy Blumenthal,MATCH,(all),,,1.0,exact
business_09830,Willy Bragenheim,MATCH,(all),,,1.0,exact
business_09831,Willy Brandt,MATCH,(all),,,1.0,exact
business_09832,Willy Cale,FIELD_DIFF,original_address,"Friedrichstr. 47, Berlin","Neue Friedrichstr. 47, Berlin",0.65,address_differs
business_09833,Willy Czarlinsky,MATCH,(all),,,1.0,exact
business_09834,Willy Eichstädt,MATCH,(all),,,1.0,exact
business_09835,Willy Ferg Kreditverkaufs-GmbH,MATCH,(all),,,1.0,exact
business_09836,Willy Fischer Knöpfe-Schnallen-Engros-Export,MATCH,(all),,,1.0,exact
business_09837,Willy Fordanski,MATCH,(all),,,1.0,exact
business_09838,Willy Friedländer,MATCH,(all),,,1.0,exact
business_09839,Willy Frost,MATCH,(all),,,1.0,exact
business_09840,Willy Gottschalk,MATCH,(all),,,1.0,exact
business_09841,Willy Rosenthal Wiro Haus für Bedarfsartikel,MATCH,(all),,,1.0,exact
business_09842,Willy Rosenthal jr. & Co,MATCH,(all),,,1.0,exact
business_09843,Willy Salkow GmbH,MATCH,(all),,,1.0,exact
business_09844,Willy Saly Looser,MATCH,(all),,,1.0,exact
business_09845,Willy Sklarek Inhaber Gebrüder Sklarek,MATCH,(all),,,1.0,exact
business_09846,Willy Sußmann,MATCH,(all),,,1.0,exact
business_09847,Willy Vorholz,MATCH,(all),,,1.0,exact
business_09848,Willy W. Cahn,MATCH,(all),,,1.0,exact
business_09849,Willy Wallach,FIELD_DIFF,original_address,"Pasewalkerstr. 113, Berlin","Pasewalkerstr. 113a, Berlin",0.65,address_differs
business_09850,Willy Wassermann,MATCH,(all),,,1.0,exact
business_09851,Willy Kornblum,MATCH,(all),,,1.0,exact
business_09852,Willy Lachotzki,MATCH,(all),,,1.0,exact_ambiguous_2
business_09853,Willy Lachotzki,FIELD_DIFF,startDate,1914,1936,0.6,founding year mismatch
business_09853,Willy Lachotzki,FIELD_DIFF,endDate,1933,1938,0.6,closing/takeover year mismatch
business_09854,"Willy Lowinsky, Ingenieur",MATCH,(all),,,1.0,exact
business_09855,Willy Mausolf,MATCH,(all),,,1.0,exact
business_09856,Willy Mendelsohn,MATCH,(all),,,1.0,exact
business_09857,Willy Messer Fabrikation von Mützen,FIELD_DIFF,original_address,"Königstr. 61/64, Berlin","Neue Königstr. 61/64, Berlin",0.65,address_differs
business_09858,Willy Moser,MATCH,(all),,,1.0,exact
business_09859,Willy Neißer,MATCH,(all),,,1.0,exact
business_09860,Willy Neumann Lederhandlung,MATCH,(all),,,1.0,exact
business_09861,Willy Weissbart,MATCH,(all),,,1.0,exact
business_09862,Willy Wolffheim,FIELD_DIFF,original_address,"Alexanderstr. 38, Berlin","Alexanderstr. 38a, Berlin",0.65,address_differs
business_09863,Wilmersdorfer Batterie-Hilfe Dipl.-Ing. Hans Baumann,MATCH,(all),,,1.0,exact
business_09864,Wilmersdorfer Schuhreparaturen,MATCH,(all),,,1.0,exact
business_09865,Wilmersdorfer Tabak-Zentrale,MATCH,(all),,,1.0,exact
business_09866,Wima Druck und Verlagsgesellschaft GmbH,MATCH,(all),,,1.0,exact
business_09867,Wima Druck- und Verlagsgesellschaft mbH,MATCH,(all),,,1.0,exact
business_09868,Winkelmann & Krebs,MATCH,(all),,,1.0,exact
business_09869,Winterfeld & Linz,MATCH,(all),,,1.0,exact
business_09870,Winterfeld & Sohn,MATCH,(all),,,1.0,exact
business_09871,"Winterfeld u. Linz, Steppdecken und Daunendeckenfabrik",MATCH,(all),,,1.0,exact
business_09872,Wissotzky Tee-Handelsgesellschaft mbH,MATCH,(all),,,1.0,exact
business_09873,"Wittelsbach-Papierhandlung, Johanna Rosenbaum",MATCH,(all),,,1.0,exact
business_09874,Wittenauer Boden-AG,MATCH,(all),,,1.0,exact
business_09875,Wittenberg & Stern KG,MATCH,(all),,,1.0,exact
business_09876,"Wittenberg, Adolf",MATCH,(all),,,1.0,exact
business_09877,Wittenberg-Apotheke L. Schluckebier,MATCH,(all),,,1.0,exact
business_09878,Wittenberg-Sanatorium GmbH,MATCH,(all),,,1.0,exact
business_09879,Woguna Nahrungsmittel-Industrie-GmbH,MATCH,(all),,,1.0,exact
business_09880,Wohag Wohlfeil Handelsgesellschaft mbH,MATCH,(all),,,1.0,exact
business_09881,Wohl & Berger,MATCH,(all),,,1.0,exact
business_09882,Wohl & Heymann,MATCH,(all),,,1.0,exact
business_09883,Wohlgemuth & Lissner Kunstverlagsgesellschaft mbH,MATCH,(all),,,1.0,exact
business_09884,"Wohlgemuth & Lissner, Grundstücksverwertungsgesellschaft mbH",MATCH,(all),,,1.0,exact
business_09885,Wohlmuth & Weinberger,MATCH,(all),,,1.0,exact
business_09886,Wohnungsbaugesellschaft Charlottenburg Soorstraße 29 mbH,FIELD_DIFF,original_address,"Soorstraße 29, Berlin","Kaiserdamm 80, Berlin",0.65,address_differs
business_09887,"Wohnungsbaugesellschaft Charlottenburg, Brettschneiderstraße mbH",MATCH,(all),,,1.0,exact
business_09888,Wolf & Schlachter,MATCH,(all),,,1.0,exact
business_09889,Wolf Boas,FIELD_DIFF,original_address,"Jakobstr. 18, Berlin","Neue Jakobstr. 18, Berlin",0.65,address_differs
business_09890,Wolf Eckstein,MATCH,(all),,,1.0,exact
business_09891,Wolf Netter & Jacobi,MATCH,(all),,,1.0,exact
business_09892,Wolf Netter & Jacobi Werkshandel GmbH,MATCH,(all),,,1.0,exact
business_09893,Wolf Netter & Jacobi-Werke KGaA,MATCH,(all),,,1.0,exact
business_09894,Wolf Plaut,MATCH,(all),,,1.0,exact
business_09895,Wolf Tscherwonajugoda,MATCH,(all),,,1.0,exact
business_09896,Wolf Wachskerz,MATCH,(all),,,1.0,exact
business_09897,Wolf Zucker,MATCH,(all),,,1.0,exact
business_09898,"Wolf, Charlotte",MATCH,(all),,,1.0,exact
business_09899,Wolff,MATCH,(all),,,1.0,exact
business_09900,Wolff & Bukoszer,MATCH,(all),,,1.0,exact
business_09901,Wolff & Co,MATCH,(all),,,1.0,exact
business_09902,Wolff & Liepmann,MATCH,(all),,,1.0,exact
business_09903,Wolff Eppstein,MATCH,(all),,,1.0,exact
business_09904,Wolff Guttmann,MATCH,(all),,,1.0,exact
business_09905,Wolff Jaffe Posen mit Zweigniederlassung in Berlin-Wilmersdorf,MATCH,(all),,,1.0,exact
business_09906,Wolff Schmul,MATCH,(all),,,1.0,exact
business_09907,Wolff Weitz,MATCH,(all),,,1.0,exact
business_09908,Wolff u. Leonhardt,MATCH,(all),,,1.0,exact
business_09909,Wolffenstein & Horwitz,FIELD_DIFF,original_address,"Königstr. 61/64, Berlin","Neue Königstr. 61/64, Berlin",0.65,address_differs
business_09910,Wolfgang Plessner,MATCH,(all),,,1.0,exact
business_09911,"Wreschner, Siegbert",MATCH,(all),,,1.0,exact
business_09912,Wum Stoffe Jacob & Cohn,MATCH,(all),,,1.0,exact
business_09913,Wyngaard & Ebeling,MATCH,(all),,,1.0,exact
business_09914,Wärmestelle Steine und Erden GmbH,MATCH,(all),,,1.0,exact
business_09915,Wäsche- u. Bettenhaus Salomon Einhorn,MATCH,(all),,,1.0,exact
business_09916,Wäsche-Industrie Berlin vorm. Schloßmann GmbH,FIELD_DIFF,original_address,"Jakobstr. 133, Berlin","Alte Jakobstr. 133, Berlin",0.65,address_differs
business_09917,Wäsche-Verleih-Geschäft Meteor Max Vandsburger,FIELD_DIFF,original_address,"Brückenstr. 10, Berlin","Brückenstr. 10a, Berlin",0.65,address_differs
business_09918,Wäsche-Versand Georg Margulies,MATCH,(all),,,1.0,exact
business_09919,"Wäscheatelier Rado, Anna Sternberg und Susi Rado",MATCH,(all),,,1.0,exact
business_09920,Wäschefabrik Sally Cohn,FIELD_DIFF,original_address,"Friedrichstr. 36, Berlin","Neue Friedrichstr. 36, Berlin",0.65,address_differs
business_09921,Wolfsohn & Müllerheim GmbH,MATCH,(all),,,1.0,exact
business_09922,Wolfsohn & Neumann,MATCH,(all),,,1.0,exact
business_09923,"Wolfson, Betty",MATCH,(all),,,1.0,exact
business_09924,Wollenberg & Rachholz,MATCH,(all),,,1.0,exact
business_09925,"Wollitzer, Wilhelm",MATCH,(all),,,1.0,exact
business_09926,Wollkeller Hirschhaut & Co,MATCH,(all),,,1.0,exact
business_09927,"Wollstein, Textilgeschäft",MATCH,(all),,,1.0,exact
business_09928,Wolpert & Bendix,MATCH,(all),,,1.0,exact
business_09929,Worrmann & Co,MATCH,(all),,,1.0,exact
business_09930,Wrangel-Apotheke und Drogenhandlung Ludwig Peiser,MATCH,(all),,,1.0,exact
business_09931,Wäschefabrikation Centrum Leo Rosenberg,MATCH,(all),,,1.0,exact
business_09932,Wäschefabrikation am Winterfeldplatz Klara Dzialowski,MATCH,(all),,,1.0,exact
business_09933,Wäschehaus R. Kasper,MATCH,(all),,,1.0,exact
business_09934,Wäschemanufaktur Karl Joel,FIELD_DIFF,original_address,"Oudenarderstr. 14/15, Berlin","Hennigsdorfer Str. 29, Berlin Oudenarderstr. 14/15, Berlin",0.65,address_differs
business_09935,Wäscherei Antonius,MATCH,(all),,,1.0,exact
business_09936,Wäscherei Buley,MATCH,(all),,,1.0,exact
business_09937,Wäscherei Frau Knauder,MATCH,(all),,,1.0,exact
business_09938,Wäscherei Frauenlob,MATCH,(all),,,1.0,exact
business_09939,Wäscherei Geisberg,MATCH,(all),,,1.0,exact
business_09940,Wäscherei Gerda,MATCH,(all),,,1.0,exact
business_09941,Wäscherei Gletscher,MATCH,(all),,,1.0,exact
business_09942,Wäscherei Innsbruck,MATCH,(all),,,1.0,exact
business_09943,Wäscherei Kirbs,MATCH,(all),,,1.0,exact
business_09944,Wäscherei Köpke,MATCH,(all),,,1.0,exact
business_09945,Wäscherei Matthes,MATCH,(all),,,1.0,exact
business_09946,Wäscherei Matthey,MATCH,(all),,,1.0,exact
business_09947,Wäscherei Nives,MATCH,(all),,,1.0,exact
business_09948,Wäscherei Roth…,MATCH,(all),,,1.0,exact
business_09949,Wäscherei Schulz,MATCH,(all),,,1.0,exact
business_09950,Wäscherei Selke,MATCH,(all),,,1.0,exact
business_09951,Wäscherei Wiener,MATCH,(all),,,1.0,exact
business_09952,"Wäscherei des Ostens, Lewin",MATCH,(all),,,1.0,exact
business_09953,Wäscheverleih-Geschäft Elite Arno Vandsburger,FIELD_DIFF,original_address,"Brückenstr. 10, Berlin","Brückenstr. 10a, Berlin",0.65,address_differs
business_09954,Wäscheverleihgeschäft Richard Bach,MATCH,(all),,,1.0,exact
business_09955,Wäscheversandhaus Gebr. Weiß,MATCH,(all),,,1.0,exact
business_09956,"Würtenberg, Erich",MATCH,(all),,,1.0,exact
business_09957,XXX Adolf Goldmann,MATCH,(all),,,1.0,exact
business_09958,XXX Marguerite Werkstatt für kunstgewerbliche Erzeugnisse Margarete Zucker,MATCH,(all),,,1.0,exact
business_09959,XXX Paul Hirsch,MATCH,(all),,,1.0,exact
business_09960,"Z. & H. Goldbarge KG, Parfümerie-Fabrikation, Vertrieb, Import und Export",MATCH,(all),,,1.0,exact
business_09961,Zellermayer & Bauer,MATCH,(all),,,1.0,exact
business_09962,Zentra Apparate Vertrieb Regina Weißberger,MATCH,(all),,,1.0,exact
business_09963,Zeppelin-Drogerie Apotheker Arthur Schaefer,MATCH,(all),,,1.0,exact
business_09964,"Zernick, Eugen",MATCH,(all),,,1.0,exact
business_09965,Zettha-Waren-Credit-GmbH,MATCH,(all),,,1.0,exact
business_09966,"Zeug, Jakob",MATCH,(all),,,1.0,exact
business_09967,"Ziegler, Hermann",MATCH,(all),,,1.0,exact
business_09968,Zierler Sara,MATCH,(all),,,1.0,exact
business_09969,Zieten Apotheke Carl Weiß,MATCH,(all),,,1.0,exact
business_09970,Zigaretten- und Tabakfabrik Mossul Wilhelm Sand & Goldstein,MATCH,(all),,,1.0,exact
business_09971,Z. Alexander,MATCH,(all),,,1.0,exact
business_09972,Z. Alter & Co,MATCH,(all),,,1.0,exact
business_09973,Z. Rottenburg,MATCH,(all),,,1.0,exact
business_09974,Zacharias Weinreb,MATCH,(all),,,1.0,exact
business_09975,Zander & Labisch,MATCH,(all),,,1.0,exact
business_09976,"Zappert, Max",MATCH,(all),,,1.0,exact
business_09977,Zefan-GmbH,FIELD_DIFF,original_address,"Kommandantenstr. 5, Berlin","Kommandantenstr. 5a, Berlin",0.65,address_differs
business_09978,Zehl & Koch,MATCH,(all),,,1.0,exact
business_09979,Zeidler & Remak Metallwarenfabrik,MATCH,(all),,,1.0,exact
business_09980,Zelechow's Tabakwarengroßhandlung M. & B. Zelechow,MATCH,(all),,,1.0,exact
business_09981,Zigarettenfabrik Enver Bey GmbH,MATCH,(all),,,1.0,exact
business_09982,Zigarren-Vertrieb Berolina GmbH,MATCH,(all),,,1.0,exact
business_09983,Zigarrenhaus Frohnhausen Gertrud Frohnhausen,MATCH,(all),,,1.0,exact
business_09984,Zigarrenhaus Stein,MATCH,(all),,,1.0,exact
business_09985,Zilkeliski,MATCH,(all),,,1.0,exact
business_09986,Zimmermann GmbH,MATCH,(all),,,1.0,exact
business_09987,Zimmerstrasse 10 Grundstücks-AG,FIELD_DIFF,original_address,"Zimmerstrasse 10, Berlin","Bayerische Str. 15 bei Zech, Berlin",0.65,address_differs
business_09988,Zina Kerner Makler Agent,MATCH,(all),,,1.0,exact
business_09989,Zinkblech-Vertriebs-Gesellschaft mbH,MATCH,(all),,,1.0,exact
business_09990,Zinkraffinerie Oberspree GmbH,MATCH,(all),,,1.0,exact
business_09991,Zions-Apotheke u. Drogerie Isbert Semmel,MATCH,(all),,,1.0,exact
business_09992,Zipa Dlougatsch,MATCH,(all),,,1.0,exact
business_09993,Zobel & Co,MATCH,(all),,,1.0,exact
business_09994,Zoellner Werke AG für Farben und Lackfabrikation vorm. S. H. Cohn,MATCH,(all),,,1.0,exact
business_09995,Zoellner-Werke Gesellschaft für Farben- und Lackfabrikation mbH,MATCH,(all),,,1.0,exact
business_09996,"Zolki, Leopold",MATCH,(all),,,1.0,exact
business_09997,Zollspedition B. Nachmansson & Co,MATCH,(all),,,1.0,exact
business_09998,Zoo-Garagen und Gaststätten Betriebsgesellschaft mbH,MATCH,(all),,,1.0,exact
business_09999,"Zschopauer Motorenwerke Jörgen Skafte Rasmussen, Büro Berlin, GmbH",MATCH,(all),,,1.0,exact
business_10000,Zucker-Maisfutter GmbH,MATCH,(all),,,1.0,exact
business_10001,Ökonom Technische Gesellschaft für Wärmewirtschaft und für selbsttätige Zuregelung für Feuerungsanlagen mbH,MATCH,(all),,,1.0,exact
business_10002,van Bienen & Fischbein,MATCH,(all),,,1.0,exact
business_10003,van Dam & Co,MATCH,(all),,,1.0,exact
business_10004,van Diemen & Co GmbH,MATCH,(all),,,1.0,exact
business_10005,van der Hoeven & Bickenbach AG Darmgroßhandlung und Saitlingssortieranstalt,MATCH,(all),,,1.0,exact
business_10006,van der Hoeven & Bickenbach GmbH,FIELD_DIFF,original_address,"( Trade ) Eingetragen im Handelsregister/ Gründung 1932 Keine Angabe , Berlin","Keine Angabe , Berlin",0.65,address_differs
business_10007,von Arnim & Erfurt GmbH,FIELD_DIFF,cleaned_address,,"Keine Angabe , Berlin",0.65,address_differs
business_10008,von Friedländer-Fuld Central-Verwaltung GmbH,MATCH,(all),,,1.0,exact
business_10009,von Goldschmidt-Rothschild & Co,MATCH,(all),,,1.0,exact
business_10010,von Heyne & Co,MATCH,(all),,,1.0,exact
business_10011,von Terpitz & Wachsmuth GmbH,MATCH,(all),,,1.0,exact
business_10012,Zucker-Vertrieb GmbH,MATCH,(all),,,1.0,exact
business_10013,"Zuckermann, Goldstein & Co GmbH",MATCH,(all),,,1.0,exact
business_10014,Zum Blusenkönig Inh. Richard u. Hedwig Hirschhahn,MATCH,(all),,,1.0,exact
business_10015,Zum Räucherfisch Ernst Neimann,MATCH,(all),,,1.0,exact
business_10016,"Zweig, Margot, geb. Leyser",MATCH,(all),,,1.0,exact
business_10017,Zwiebel & Co Elektrobau GmbH,MATCH,(all),,,1.0,exact
business_10018,Zyka (test maria db cms),MATCH,(all),,,1.0,exact
business_10019,Zymel Tannenbaum,MATCH,(all),,,1.0,exact
business_10020,beli Material Julius Cassel,MATCH,(all),,,1.0,exact
business_10021,in Liq. Chorinerstraße 31 GmbH,FIELD_DIFF,original_address,"Chorinerstraße 31, Berlin","Wilhelmshöhe 10, Berlin",0.65,address_differs
